ts_event,equity
2025-02-03 09:30:00-05:00,0.0
2025-02-03 09:45:00-05:00,0.0
2025-02-03 10:00:00-05:00,0.0
2025-02-03 10:15:00-05:00,0.0
2025-02-03 10:30:00-05:00,0.0
2025-02-03 10:45:00-05:00,0.0
2025-02-03 11:00:00-05:00,0.0
2025-02-03 11:15:00-05:00,0.0
2025-02-03 11:30:00-05:00,0.0
2025-02-03 11:45:00-05:00,0.0
2025-02-03 12:00:00-05:00,0.0
2025-02-03 12:15:00-05:00,0.0
2025-02-03 12:30:00-05:00,0.0
2025-02-03 12:45:00-05:00,0.0
2025-02-03 13:00:00-05:00,0.0
2025-02-03 13:15:00-05:00,0.0
2025-02-03 13:30:00-05:00,0.0
2025-02-03 13:45:00-05:00,0.0
2025-02-03 14:00:00-05:00,0.0
2025-02-03 14:15:00-05:00,0.0
2025-02-03 14:30:00-05:00,0.0
2025-02-03 14:45:00-05:00,0.0
2025-02-03 15:00:00-05:00,0.0
2025-02-03 15:15:00-05:00,0.0
2025-02-03 15:30:00-05:00,0.0
2025-02-03 15:45:00-05:00,0.0
2025-02-04 09:30:00-05:00,-0.5
2025-02-04 09:45:00-05:00,-3.625
2025-02-04 10:00:00-05:00,48.875
2025-02-04 10:15:00-05:00,120.125
2025-02-04 10:30:00-05:00,106.375
2025-02-04 10:45:00-05:00,108.875
2025-02-04 11:00:00-05:00,120.125
2025-02-04 11:15:00-05:00,161.375
2025-02-04 11:30:00-05:00,168.875
2025-02-04 11:45:00-05:00,140.125
2025-02-04 12:00:00-05:00,162.625
2025-02-04 12:15:00-05:00,83.875
2025-02-04 12:30:00-05:00,70.125
2025-02-04 12:45:00-05:00,105.125
2025-02-04 13:00:00-05:00,105.125
2025-02-04 13:15:00-05:00,133.875
2025-02-04 13:30:00-05:00,142.625
2025-02-04 13:45:00-05:00,136.375
2025-02-04 14:00:00-05:00,126.375
2025-02-04 14:15:00-05:00,182.625
2025-02-04 14:30:00-05:00,191.375
2025-02-04 14:45:00-05:00,142.625
2025-02-04 15:00:00-05:00,161.375
2025-02-04 15:15:00-05:00,151.375
2025-02-04 15:30:00-05:00,148.875
2025-02-04 15:45:00-05:00,160.125
2025-02-05 09:30:00-05:00,-0.5
2025-02-05 09:45:00-05:00,-51.0
2025-02-05 10:00:00-05:00,-51.0
2025-02-05 10:15:00-05:00,-51.0
2025-02-05 10:30:00-05:00,-51.0
2025-02-05 10:45:00-05:00,-51.0
2025-02-05 11:00:00-05:00,-51.0
2025-02-05 11:15:00-05:00,-51.0
2025-02-05 11:30:00-05:00,-51.0
2025-02-05 11:45:00-05:00,-51.0
2025-02-05 12:00:00-05:00,-51.5
2025-02-05 12:15:00-05:00,-80.5625
2025-02-05 12:30:00-05:00,-76.8125
2025-02-05 12:45:00-05:00,-79.3125
2025-02-05 13:00:00-05:00,-74.3125
2025-02-05 13:15:00-05:00,-85.5625
2025-02-05 13:30:00-05:00,-75.5625
2025-02-05 13:45:00-05:00,-61.8125
2025-02-05 14:00:00-05:00,-49.3125
2025-02-05 14:15:00-05:00,-33.0625
2025-02-05 14:30:00-05:00,-40.5625
2025-02-05 14:45:00-05:00,-49.3125
2025-02-05 15:00:00-05:00,-43.0625
2025-02-05 15:15:00-05:00,-25.5625
2025-02-05 15:30:00-05:00,-49.3125
2025-02-05 15:45:00-05:00,-54.3125
2025-02-06 09:30:00-05:00,-0.5
2025-02-06 09:45:00-05:00,-39.875
2025-02-06 10:00:00-05:00,-38.625
2025-02-06 10:15:00-05:00,-46.125
2025-02-06 10:30:00-05:00,-51.0
2025-02-06 10:45:00-05:00,-51.5
2025-02-06 11:00:00-05:00,-55.5625
2025-02-06 11:15:00-05:00,-13.0625
2025-02-06 11:30:00-05:00,-35.5625
2025-02-06 11:45:00-05:00,-45.5625
2025-02-06 12:00:00-05:00,-45.5625
2025-02-06 12:15:00-05:00,-46.8125
2025-02-06 12:30:00-05:00,-39.3125
2025-02-06 12:45:00-05:00,-21.8125
2025-02-06 13:00:00-05:00,-19.3125
2025-02-06 13:15:00-05:00,-16.8125
2025-02-06 13:30:00-05:00,-25.5625
2025-02-06 13:45:00-05:00,-31.8125
2025-02-06 14:00:00-05:00,-34.3125
2025-02-06 14:15:00-05:00,-41.0625
2025-02-06 14:30:00-05:00,-41.0625
2025-02-06 14:45:00-05:00,-41.0625
2025-02-06 15:00:00-05:00,-41.0625
2025-02-06 15:15:00-05:00,-41.0625
2025-02-06 15:30:00-05:00,-41.0625
2025-02-06 15:45:00-05:00,-41.0625
2025-02-07 09:30:00-05:00,-0.5
2025-02-07 09:45:00-05:00,13.875
2025-02-07 10:00:00-05:00,-51.0
2025-02-07 10:15:00-05:00,-51.0
2025-02-07 10:30:00-05:00,-51.0
2025-02-07 10:45:00-05:00,-51.0
2025-02-07 11:00:00-05:00,-51.0
2025-02-07 11:15:00-05:00,-51.0
2025-02-07 11:30:00-05:00,-51.0
2025-02-07 11:45:00-05:00,-51.0
2025-02-07 12:00:00-05:00,-51.0
2025-02-07 12:15:00-05:00,-51.0
2025-02-07 12:30:00-05:00,-51.0
2025-02-07 12:45:00-05:00,-51.0
2025-02-07 13:00:00-05:00,-51.0
2025-02-07 13:15:00-05:00,-51.0
2025-02-07 13:30:00-05:00,-51.0
2025-02-07 13:45:00-05:00,-51.0
2025-02-07 14:00:00-05:00,-51.0
2025-02-07 14:15:00-05:00,-51.0
2025-02-07 14:30:00-05:00,-51.0
2025-02-07 14:45:00-05:00,-51.0
2025-02-07 15:00:00-05:00,-51.0
2025-02-07 15:15:00-05:00,-51.0
2025-02-07 15:30:00-05:00,-51.0
2025-02-07 15:45:00-05:00,-51.0
2025-02-10 09:30:00-05:00,0.0
2025-02-10 09:45:00-05:00,0.0
2025-02-10 10:00:00-05:00,0.0
2025-02-10 10:15:00-05:00,0.0
2025-02-10 10:30:00-05:00,0.0
2025-02-10 10:45:00-05:00,0.0
2025-02-10 11:00:00-05:00,0.0
2025-02-10 11:15:00-05:00,0.0
2025-02-10 11:30:00-05:00,0.0
2025-02-10 11:45:00-05:00,0.0
2025-02-10 12:00:00-05:00,0.0
2025-02-10 12:15:00-05:00,0.0
2025-02-10 12:30:00-05:00,0.0
2025-02-10 12:45:00-05:00,0.0
2025-02-10 13:00:00-05:00,0.0
2025-02-10 13:15:00-05:00,0.0
2025-02-10 13:30:00-05:00,0.0
2025-02-10 13:45:00-05:00,0.0
2025-02-10 14:00:00-05:00,0.0
2025-02-10 14:15:00-05:00,0.0
2025-02-10 14:30:00-05:00,0.0
2025-02-10 14:45:00-05:00,0.0
2025-02-10 15:00:00-05:00,0.0
2025-02-10 15:15:00-05:00,0.0
2025-02-10 15:30:00-05:00,0.0
2025-02-10 15:45:00-05:00,0.0
2025-02-11 09:30:00-05:00,-0.5
2025-02-11 09:45:00-05:00,4.1875
2025-02-11 10:00:00-05:00,13.0625
2025-02-11 10:15:00-05:00,13.0625
2025-02-11 10:30:00-05:00,13.0625
2025-02-11 10:45:00-05:00,13.0625
2025-02-11 11:00:00-05:00,13.0625
2025-02-11 11:15:00-05:00,13.0625
2025-02-11 11:30:00-05:00,13.0625
2025-02-11 11:45:00-05:00,13.0625
2025-02-11 12:00:00-05:00,13.0625
2025-02-11 12:15:00-05:00,13.0625
2025-02-11 12:30:00-05:00,13.0625
2025-02-11 12:45:00-05:00,13.0625
2025-02-11 13:00:00-05:00,13.0625
2025-02-11 13:15:00-05:00,13.0625
2025-02-11 13:30:00-05:00,13.0625
2025-02-11 13:45:00-05:00,13.0625
2025-02-11 14:00:00-05:00,13.0625
2025-02-11 14:15:00-05:00,12.5625
2025-02-11 14:30:00-05:00,16.625
2025-02-11 14:45:00-05:00,49.125
2025-02-11 15:00:00-05:00,45.375
2025-02-11 15:15:00-05:00,34.125
2025-02-11 15:30:00-05:00,12.875
2025-02-11 15:45:00-05:00,12.875
2025-02-12 09:30:00-05:00,-0.5
2025-02-12 09:45:00-05:00,60.25
2025-02-12 10:00:00-05:00,60.25
2025-02-12 10:15:00-05:00,60.25
2025-02-12 10:30:00-05:00,60.25
2025-02-12 10:45:00-05:00,60.25
2025-02-12 11:00:00-05:00,60.25
2025-02-12 11:15:00-05:00,60.25
2025-02-12 11:30:00-05:00,60.25
2025-02-12 11:45:00-05:00,60.25
2025-02-12 12:00:00-05:00,60.25
2025-02-12 12:15:00-05:00,60.25
2025-02-12 12:30:00-05:00,60.25
2025-02-12 12:45:00-05:00,60.25
2025-02-12 13:00:00-05:00,60.25
2025-02-12 13:15:00-05:00,59.75
2025-02-12 13:30:00-05:00,18.5
2025-02-12 13:45:00-05:00,18.5
2025-02-12 14:00:00-05:00,9.25
2025-02-12 14:15:00-05:00,8.75
2025-02-12 14:30:00-05:00,13.75
2025-02-12 14:45:00-05:00,37.5
2025-02-12 15:00:00-05:00,46.25
2025-02-12 15:15:00-05:00,26.25
2025-02-12 15:30:00-05:00,-3.75
2025-02-12 15:45:00-05:00,-8.75
2025-02-13 09:30:00-05:00,0.0
2025-02-13 09:45:00-05:00,0.0
2025-02-13 10:00:00-05:00,0.0
2025-02-13 10:15:00-05:00,0.0
2025-02-13 10:30:00-05:00,0.0
2025-02-13 10:45:00-05:00,0.0
2025-02-13 11:00:00-05:00,0.0
2025-02-13 11:15:00-05:00,0.0
2025-02-13 11:30:00-05:00,0.0
2025-02-13 11:45:00-05:00,0.0
2025-02-13 12:00:00-05:00,0.0
2025-02-13 12:15:00-05:00,0.0
2025-02-13 12:30:00-05:00,0.0
2025-02-13 12:45:00-05:00,0.0
2025-02-13 13:00:00-05:00,0.0
2025-02-13 13:15:00-05:00,0.0
2025-02-13 13:30:00-05:00,0.0
2025-02-13 13:45:00-05:00,0.0
2025-02-13 14:00:00-05:00,0.0
2025-02-13 14:15:00-05:00,0.0
2025-02-13 14:30:00-05:00,0.0
2025-02-13 14:45:00-05:00,0.0
2025-02-13 15:00:00-05:00,0.0
2025-02-13 15:15:00-05:00,0.0
2025-02-13 15:30:00-05:00,0.0
2025-02-13 15:45:00-05:00,0.0
2025-02-14 09:30:00-05:00,-0.5
2025-02-14 09:45:00-05:00,6.375
2025-02-14 10:00:00-05:00,-7.375
2025-02-14 10:15:00-05:00,-2.375
2025-02-14 10:30:00-05:00,-23.625
2025-02-14 10:45:00-05:00,-6.125
2025-02-14 11:00:00-05:00,3.875
2025-02-14 11:15:00-05:00,-39.875
2025-02-14 11:30:00-05:00,-28.625
2025-02-14 11:45:00-05:00,-33.625
2025-02-14 12:00:00-05:00,-44.875
2025-02-14 12:15:00-05:00,-47.375
2025-02-14 12:30:00-05:00,-51.0
2025-02-14 12:45:00-05:00,-51.5
2025-02-14 13:00:00-05:00,-38.875
2025-02-14 13:15:00-05:00,-38.875
2025-02-14 13:30:00-05:00,-38.875
2025-02-14 13:45:00-05:00,-38.875
2025-02-14 14:00:00-05:00,-38.875
2025-02-14 14:15:00-05:00,-38.875
2025-02-14 14:30:00-05:00,-38.875
2025-02-14 14:45:00-05:00,-39.375
2025-02-14 15:00:00-05:00,-59.6875
2025-02-14 15:15:00-05:00,-69.6875
2025-02-14 15:30:00-05:00,-61.75
2025-02-14 15:45:00-05:00,-62.25
2025-02-17 09:30:00-05:00,-0.5
2025-02-17 09:45:00-05:00,-18.9375
2025-02-17 10:00:00-05:00,-18.9375
2025-02-17 10:15:00-05:00,-11.4375
2025-02-17 10:30:00-05:00,-3.9375
2025-02-17 10:45:00-05:00,-6.4375
2025-02-17 11:00:00-05:00,-1.4375
2025-02-17 11:15:00-05:00,14.8125
2025-02-17 11:30:00-05:00,18.5625
2025-02-17 11:45:00-05:00,19.8125
2025-02-17 12:00:00-05:00,11.0625
2025-02-17 12:15:00-05:00,13.5625
2025-02-17 12:30:00-05:00,19.8125
2025-02-17 12:45:00-05:00,16.0625
2025-02-18 09:30:00-05:00,0.0
2025-02-18 09:45:00-05:00,0.0
2025-02-18 10:00:00-05:00,0.0
2025-02-18 10:15:00-05:00,0.0
2025-02-18 10:30:00-05:00,0.0
2025-02-18 10:45:00-05:00,0.0
2025-02-18 11:00:00-05:00,0.0
2025-02-18 11:15:00-05:00,0.0
2025-02-18 11:30:00-05:00,0.0
2025-02-18 11:45:00-05:00,0.0
2025-02-18 12:00:00-05:00,0.0
2025-02-18 12:15:00-05:00,0.0
2025-02-18 12:30:00-05:00,0.0
2025-02-18 12:45:00-05:00,0.0
2025-02-18 13:00:00-05:00,0.0
2025-02-18 13:15:00-05:00,0.0
2025-02-18 13:30:00-05:00,0.0
2025-02-18 13:45:00-05:00,0.0
2025-02-18 14:00:00-05:00,0.0
2025-02-18 14:15:00-05:00,0.0
2025-02-18 14:30:00-05:00,0.0
2025-02-18 14:45:00-05:00,0.0
2025-02-18 15:00:00-05:00,0.0
2025-02-18 15:15:00-05:00,0.0
2025-02-18 15:30:00-05:00,0.0
2025-02-18 15:45:00-05:00,0.0
2025-02-19 09:30:00-05:00,0.0
2025-02-19 09:45:00-05:00,0.0
2025-02-19 10:00:00-05:00,0.0
2025-02-19 10:15:00-05:00,-0.5
2025-02-19 10:30:00-05:00,4.5
2025-02-19 10:45:00-05:00,-5.5
2025-02-19 11:00:00-05:00,10.75
2025-02-19 11:15:00-05:00,52.0
2025-02-19 11:30:00-05:00,54.5
2025-02-19 11:45:00-05:00,77.0
2025-02-19 12:00:00-05:00,77.0
2025-02-19 12:15:00-05:00,54.5
2025-02-19 12:30:00-05:00,47.0
2025-02-19 12:45:00-05:00,63.25
2025-02-19 13:00:00-05:00,37.0
2025-02-19 13:15:00-05:00,50.75
2025-02-19 13:30:00-05:00,89.5
2025-02-19 13:45:00-05:00,78.25
2025-02-19 14:00:00-05:00,73.25
2025-02-19 14:15:00-05:00,133.25
2025-02-19 14:30:00-05:00,138.25
2025-02-19 14:45:00-05:00,139.5
2025-02-19 15:00:00-05:00,128.25
2025-02-19 15:15:00-05:00,95.75
2025-02-19 15:30:00-05:00,109.5
2025-02-19 15:45:00-05:00,113.25
2025-02-20 09:30:00-05:00,0.0
2025-02-20 09:45:00-05:00,0.0
2025-02-20 10:00:00-05:00,0.0
2025-02-20 10:15:00-05:00,0.0
2025-02-20 10:30:00-05:00,0.0
2025-02-20 10:45:00-05:00,0.0
2025-02-20 11:00:00-05:00,0.0
2025-02-20 11:15:00-05:00,0.0
2025-02-20 11:30:00-05:00,0.0
2025-02-20 11:45:00-05:00,0.0
2025-02-20 12:00:00-05:00,0.0
2025-02-20 12:15:00-05:00,0.0
2025-02-20 12:30:00-05:00,0.0
2025-02-20 12:45:00-05:00,0.0
2025-02-20 13:00:00-05:00,0.0
2025-02-20 13:15:00-05:00,0.0
2025-02-20 13:30:00-05:00,0.0
2025-02-20 13:45:00-05:00,0.0
2025-02-20 14:00:00-05:00,0.0
2025-02-20 14:15:00-05:00,0.0
2025-02-20 14:30:00-05:00,-0.5
2025-02-20 14:45:00-05:00,-1.125
2025-02-20 15:00:00-05:00,17.625
2025-02-20 15:15:00-05:00,8.875
2025-02-20 15:30:00-05:00,17.625
2025-02-20 15:45:00-05:00,31.375
2025-02-21 09:30:00-05:00,0.0
2025-02-21 09:45:00-05:00,0.0
2025-02-21 10:00:00-05:00,0.0
2025-02-21 10:15:00-05:00,0.0
2025-02-21 10:30:00-05:00,0.0
2025-02-21 10:45:00-05:00,0.0
2025-02-21 11:00:00-05:00,0.0
2025-02-21 11:15:00-05:00,0.0
2025-02-21 11:30:00-05:00,0.0
2025-02-21 11:45:00-05:00,0.0
2025-02-21 12:00:00-05:00,0.0
2025-02-21 12:15:00-05:00,0.0
2025-02-21 12:30:00-05:00,0.0
2025-02-21 12:45:00-05:00,0.0
2025-02-21 13:00:00-05:00,0.0
2025-02-21 13:15:00-05:00,0.0
2025-02-21 13:30:00-05:00,0.0
2025-02-21 13:45:00-05:00,0.0
2025-02-21 14:00:00-05:00,0.0
2025-02-21 14:15:00-05:00,0.0
2025-02-21 14:30:00-05:00,0.0
2025-02-21 14:45:00-05:00,0.0
2025-02-21 15:00:00-05:00,0.0
2025-02-21 15:15:00-05:00,0.0
2025-02-21 15:30:00-05:00,0.0
2025-02-21 15:45:00-05:00,0.0
2025-02-24 09:30:00-05:00,0.0
2025-02-24 09:45:00-05:00,0.0
2025-02-24 10:00:00-05:00,0.0
2025-02-24 10:15:00-05:00,0.0
2025-02-24 10:30:00-05:00,0.0
2025-02-24 10:45:00-05:00,0.0
2025-02-24 11:00:00-05:00,0.0
2025-02-24 11:15:00-05:00,0.0
2025-02-24 11:30:00-05:00,0.0
2025-02-24 11:45:00-05:00,0.0
2025-02-24 12:00:00-05:00,0.0
2025-02-24 12:15:00-05:00,0.0
2025-02-24 12:30:00-05:00,0.0
2025-02-24 12:45:00-05:00,0.0
2025-02-24 13:00:00-05:00,0.0
2025-02-24 13:15:00-05:00,0.0
2025-02-24 13:30:00-05:00,0.0
2025-02-24 13:45:00-05:00,0.0
2025-02-24 14:00:00-05:00,0.0
2025-02-24 14:15:00-05:00,0.0
2025-02-24 14:30:00-05:00,0.0
2025-02-24 14:45:00-05:00,0.0
2025-02-24 15:00:00-05:00,0.0
2025-02-24 15:15:00-05:00,0.0
2025-02-24 15:30:00-05:00,0.0
2025-02-24 15:45:00-05:00,0.0
2025-02-25 09:30:00-05:00,-0.5
2025-02-25 09:45:00-05:00,1.0625
2025-02-25 10:00:00-05:00,83.5625
2025-02-25 10:15:00-05:00,187.3125
2025-02-25 10:30:00-05:00,207.3125
2025-02-25 10:45:00-05:00,174.8125
2025-02-25 11:00:00-05:00,227.3125
2025-02-25 11:15:00-05:00,237.3125
2025-02-25 11:30:00-05:00,279.8125
2025-02-25 11:45:00-05:00,156.0625
2025-02-25 12:00:00-05:00,177.3125
2025-02-25 12:15:00-05:00,162.3125
2025-02-25 12:30:00-05:00,121.0625
2025-02-25 12:45:00-05:00,106.0625
2025-02-25 13:00:00-05:00,37.3125
2025-02-25 13:15:00-05:00,84.8125
2025-02-25 13:30:00-05:00,52.3125
2025-02-25 13:45:00-05:00,84.625
2025-02-25 14:00:00-05:00,84.625
2025-02-25 14:15:00-05:00,84.625
2025-02-25 14:30:00-05:00,84.625
2025-02-25 14:45:00-05:00,84.625
2025-02-25 15:00:00-05:00,84.625
2025-02-25 15:15:00-05:00,84.625
2025-02-25 15:30:00-05:00,84.625
2025-02-25 15:45:00-05:00,84.625
2025-02-26 09:30:00-05:00,0.0
2025-02-26 09:45:00-05:00,0.0
2025-02-26 10:00:00-05:00,0.0
2025-02-26 10:15:00-05:00,0.0
2025-02-26 10:30:00-05:00,0.0
2025-02-26 10:45:00-05:00,0.0
2025-02-26 11:00:00-05:00,0.0
2025-02-26 11:15:00-05:00,0.0
2025-02-26 11:30:00-05:00,0.0
2025-02-26 11:45:00-05:00,0.0
2025-02-26 12:00:00-05:00,0.0
2025-02-26 12:15:00-05:00,0.0
2025-02-26 12:30:00-05:00,0.0
2025-02-26 12:45:00-05:00,0.0
2025-02-26 13:00:00-05:00,0.0
2025-02-26 13:15:00-05:00,0.0
2025-02-26 13:30:00-05:00,-0.5
2025-02-26 13:45:00-05:00,-6.75
2025-02-26 14:00:00-05:00,24.5
2025-02-26 14:15:00-05:00,-4.25
2025-02-26 14:30:00-05:00,-43.0
2025-02-26 14:45:00-05:00,-36.75
2025-02-26 15:00:00-05:00,3.25
2025-02-26 15:15:00-05:00,-9.25
2025-02-26 15:30:00-05:00,-51.0
2025-02-26 15:45:00-05:00,-51.5
2025-02-27 09:30:00-05:00,-0.5
2025-02-27 09:45:00-05:00,-5.1875
2025-02-27 10:00:00-05:00,98.5625
2025-02-27 10:15:00-05:00,-8.9375
2025-02-27 10:30:00-05:00,28.5625
2025-02-27 10:45:00-05:00,32.3125
2025-02-27 11:00:00-05:00,98.0625
2025-02-27 11:15:00-05:00,98.0625
2025-02-27 11:30:00-05:00,98.0625
2025-02-27 11:45:00-05:00,98.0625
2025-02-27 12:00:00-05:00,98.0625
2025-02-27 12:15:00-05:00,98.0625
2025-02-27 12:30:00-05:00,97.5625
2025-02-27 12:45:00-05:00,88.5
2025-02-27 13:00:00-05:00,47.0625
2025-02-27 13:15:00-05:00,46.5625
2025-02-27 13:30:00-05:00,28.75
2025-02-27 13:45:00-05:00,42.5
2025-02-27 14:00:00-05:00,85.0
2025-02-27 14:15:00-05:00,142.5
2025-02-27 14:30:00-05:00,238.75
2025-02-27 14:45:00-05:00,281.25
2025-02-27 15:00:00-05:00,311.25
2025-02-27 15:15:00-05:00,377.5
2025-02-27 15:30:00-05:00,398.75
2025-02-27 15:45:00-05:00,428.75
2025-02-28 09:30:00-05:00,-0.5
2025-02-28 09:45:00-05:00,-43.9375
2025-02-28 10:00:00-05:00,-51.0
2025-02-28 10:15:00-05:00,-51.5
2025-02-28 10:30:00-05:00,-102.0
2025-02-28 10:45:00-05:00,-102.5
2025-02-28 11:00:00-05:00,-150.0
2025-02-28 11:15:00-05:00,-88.75
2025-02-28 11:30:00-05:00,-107.5
2025-02-28 11:45:00-05:00,-115.0
2025-02-28 12:00:00-05:00,-83.75
2025-02-28 12:15:00-05:00,-113.75
2025-02-28 12:30:00-05:00,-57.5
2025-02-28 12:45:00-05:00,21.25
2025-02-28 13:00:00-05:00,63.75
2025-02-28 13:15:00-05:00,63.75
2025-02-28 13:30:00-05:00,-23.75
2025-02-28 13:45:00-05:00,-15.0
2025-02-28 14:00:00-05:00,46.25
2025-02-28 14:15:00-05:00,10.0
2025-02-28 14:30:00-05:00,-82.5
2025-02-28 14:45:00-05:00,-111.25
2025-02-28 15:00:00-05:00,-153.0
2025-02-28 15:15:00-05:00,-153.0
2025-02-28 15:30:00-05:00,-153.0
2025-02-28 15:45:00-05:00,-153.0
2025-03-03 09:30:00-05:00,0.0
2025-03-03 09:45:00-05:00,0.0
2025-03-03 10:00:00-05:00,0.0
2025-03-03 10:15:00-05:00,0.0
2025-03-03 10:30:00-05:00,0.0
2025-03-03 10:45:00-05:00,0.0
2025-03-03 11:00:00-05:00,0.0
2025-03-03 11:15:00-05:00,0.0
2025-03-03 11:30:00-05:00,0.0
2025-03-03 11:45:00-05:00,0.0
2025-03-03 12:00:00-05:00,0.0
2025-03-03 12:15:00-05:00,0.0
2025-03-03 12:30:00-05:00,0.0
2025-03-03 12:45:00-05:00,0.0
2025-03-03 13:00:00-05:00,0.0
2025-03-03 13:15:00-05:00,-0.5
2025-03-03 13:30:00-05:00,4.1875
2025-03-03 13:45:00-05:00,-51.0
2025-03-03 14:00:00-05:00,-51.5
2025-03-03 14:15:00-05:00,-60.25
2025-03-03 14:30:00-05:00,-102.0
2025-03-03 14:45:00-05:00,-102.5
2025-03-03 15:00:00-05:00,-2.5
2025-03-03 15:15:00-05:00,108.75
2025-03-03 15:30:00-05:00,177.5
2025-03-03 15:45:00-05:00,95.0
2025-03-04 09:30:00-05:00,-0.5
2025-03-04 09:45:00-05:00,-34.5625
2025-03-04 10:00:00-05:00,139.1875
2025-03-04 10:15:00-05:00,197.9375
2025-03-04 10:30:00-05:00,144.1875
2025-03-04 10:45:00-05:00,160.4375
2025-03-04 11:00:00-05:00,209.1875
2025-03-04 11:15:00-05:00,192.9375
2025-03-04 11:30:00-05:00,176.6875
2025-03-04 11:45:00-05:00,121.6875
2025-03-04 12:00:00-05:00,112.9375
2025-03-04 12:15:00-05:00,21.6875
2025-03-04 12:30:00-05:00,44.1875
2025-03-04 12:45:00-05:00,40.4375
2025-03-04 13:00:00-05:00,-51.0
2025-03-04 13:15:00-05:00,-51.5
2025-03-04 13:30:00-05:00,-101.1875
2025-03-04 13:45:00-05:00,-102.0
2025-03-04 14:00:00-05:00,-102.0
2025-03-04 14:15:00-05:00,-102.0
2025-03-04 14:30:00-05:00,-102.0
2025-03-04 14:45:00-05:00,-102.0
2025-03-04 15:00:00-05:00,-102.0
2025-03-04 15:15:00-05:00,-102.0
2025-03-04 15:30:00-05:00,-102.0
2025-03-04 15:45:00-05:00,-102.0
2025-03-05 09:30:00-05:00,0.0
2025-03-05 09:45:00-05:00,0.0
2025-03-05 10:00:00-05:00,0.0
2025-03-05 10:15:00-05:00,0.0
2025-03-05 10:30:00-05:00,-0.5
2025-03-05 10:45:00-05:00,-51.0
2025-03-05 11:00:00-05:00,-51.5
2025-03-05 11:15:00-05:00,-28.375
2025-03-05 11:30:00-05:00,-14.625
2025-03-05 11:45:00-05:00,-102.0
2025-03-05 12:00:00-05:00,-102.5
2025-03-05 12:15:00-05:00,-153.0
2025-03-05 12:30:00-05:00,-153.5
2025-03-05 12:45:00-05:00,-204.0
2025-03-05 13:00:00-05:00,-204.5
2025-03-05 13:15:00-05:00,-221.6875
2025-03-05 13:30:00-05:00,-201.6875
2025-03-05 13:45:00-05:00,-255.0
2025-03-05 14:00:00-05:00,-255.0
2025-03-05 14:15:00-05:00,-255.0
2025-03-05 14:30:00-05:00,-255.0
2025-03-05 14:45:00-05:00,-255.0
2025-03-05 15:00:00-05:00,-255.0
2025-03-05 15:15:00-05:00,-255.0
2025-03-05 15:30:00-05:00,-255.0
2025-03-05 15:45:00-05:00,-255.0
2025-03-06 09:30:00-05:00,0.0
2025-03-06 09:45:00-05:00,0.0
2025-03-06 10:00:00-05:00,0.0
2025-03-06 10:15:00-05:00,0.0
2025-03-06 10:30:00-05:00,-0.5
2025-03-06 10:45:00-05:00,-51.0
2025-03-06 11:00:00-05:00,-51.5
2025-03-06 11:15:00-05:00,-73.0625
2025-03-06 11:30:00-05:00,-95.5625
2025-03-06 11:45:00-05:00,51.9375
2025-03-06 12:00:00-05:00,160.6875
2025-03-06 12:15:00-05:00,185.6875
2025-03-06 12:30:00-05:00,224.4375
2025-03-06 12:45:00-05:00,233.1875
2025-03-06 13:00:00-05:00,249.4375
2025-03-06 13:15:00-05:00,204.4375
2025-03-06 13:30:00-05:00,254.4375
2025-03-06 13:45:00-05:00,271.9375
2025-03-06 14:00:00-05:00,291.9375
2025-03-06 14:15:00-05:00,310.6875
2025-03-06 14:30:00-05:00,298.1875
2025-03-06 14:45:00-05:00,163.1875
2025-03-06 15:00:00-05:00,246.9375
2025-03-06 15:15:00-05:00,229.4375
2025-03-06 15:30:00-05:00,196.9375
2025-03-06 15:45:00-05:00,229.4375
2025-03-07 09:30:00-05:00,-0.5
2025-03-07 09:45:00-05:00,-51.0
2025-03-07 10:00:00-05:00,-51.5
2025-03-07 10:15:00-05:00,-4.8125
2025-03-07 10:30:00-05:00,-5.3125
2025-03-07 10:45:00-05:00,-55.8125
2025-03-07 11:00:00-05:00,-56.3125
2025-03-07 11:15:00-05:00,-52.25
2025-03-07 11:30:00-05:00,70.25
2025-03-07 11:45:00-05:00,104.0
2025-03-07 12:00:00-05:00,39.0
2025-03-07 12:15:00-05:00,67.75
2025-03-07 12:30:00-05:00,-93.5
2025-03-07 12:45:00-05:00,-106.8125
2025-03-07 13:00:00-05:00,-107.3125
2025-03-07 13:15:00-05:00,-157.8125
2025-03-07 13:30:00-05:00,-158.3125
2025-03-07 13:45:00-05:00,-208.8125
2025-03-07 14:00:00-05:00,-208.8125
2025-03-07 14:15:00-05:00,-208.8125
2025-03-07 14:30:00-05:00,-208.8125
2025-03-07 14:45:00-05:00,-208.8125
2025-03-07 15:00:00-05:00,-208.8125
2025-03-07 15:15:00-05:00,-208.8125
2025-03-07 15:30:00-05:00,-208.8125
2025-03-07 15:45:00-05:00,-208.8125
2025-03-10 09:30:00-04:00,0.0
2025-03-10 09:45:00-04:00,0.0
2025-03-10 10:00:00-04:00,0.0
2025-03-10 10:15:00-04:00,-0.5
2025-03-10 10:30:00-04:00,-4.875
2025-03-10 10:45:00-04:00,32.625
2025-03-10 11:00:00-04:00,22.625
2025-03-10 11:15:00-04:00,31.375
2025-03-10 11:30:00-04:00,-32.375
2025-03-10 11:45:00-04:00,36.375
2025-03-10 12:00:00-04:00,70.125
2025-03-10 12:15:00-04:00,71.375
2025-03-10 12:30:00-04:00,42.625
2025-03-10 12:45:00-04:00,108.875
2025-03-10 13:00:00-04:00,140.125
2025-03-10 13:15:00-04:00,146.375
2025-03-10 13:30:00-04:00,200.125
2025-03-10 13:45:00-04:00,225.125
2025-03-10 14:00:00-04:00,222.625
2025-03-10 14:15:00-04:00,245.125
2025-03-10 14:30:00-04:00,273.875
2025-03-10 14:45:00-04:00,321.375
2025-03-10 15:00:00-04:00,410.125
2025-03-10 15:15:00-04:00,232.625
2025-03-10 15:30:00-04:00,172.625
2025-03-10 15:45:00-04:00,213.875
2025-03-11 09:30:00-04:00,-0.5
2025-03-11 09:45:00-04:00,-51.0
2025-03-11 10:00:00-04:00,-51.5
2025-03-11 10:15:00-04:00,-48.375
2025-03-11 10:30:00-04:00,37.875
2025-03-11 10:45:00-04:00,47.875
2025-03-11 11:00:00-04:00,-43.375
2025-03-11 11:15:00-04:00,-38.375
2025-03-11 11:30:00-04:00,-102.0
2025-03-11 11:45:00-04:00,-102.5
2025-03-11 12:00:00-04:00,-73.75
2025-03-11 12:15:00-04:00,-22.5
2025-03-11 12:30:00-04:00,-37.5
2025-03-11 12:45:00-04:00,16.25
2025-03-11 13:00:00-04:00,92.5
2025-03-11 13:15:00-04:00,95.0
2025-03-11 13:30:00-04:00,116.25
2025-03-11 13:45:00-04:00,40.0
2025-03-11 14:00:00-04:00,-85.0
2025-03-11 14:15:00-04:00,-153.0
2025-03-11 14:30:00-04:00,-153.0
2025-03-11 14:45:00-04:00,-153.0
2025-03-11 15:00:00-04:00,-153.0
2025-03-11 15:15:00-04:00,-153.0
2025-03-11 15:30:00-04:00,-153.0
2025-03-11 15:45:00-04:00,-153.0
2025-03-12 09:30:00-04:00,0.0
2025-03-12 09:45:00-04:00,0.0
2025-03-12 10:00:00-04:00,0.0
2025-03-12 10:15:00-04:00,0.0
2025-03-12 10:30:00-04:00,0.0
2025-03-12 10:45:00-04:00,0.0
2025-03-12 11:00:00-04:00,0.0
2025-03-12 11:15:00-04:00,0.0
2025-03-12 11:30:00-04:00,0.0
2025-03-12 11:45:00-04:00,0.0
2025-03-12 12:00:00-04:00,0.0
2025-03-12 12:15:00-04:00,0.0
2025-03-12 12:30:00-04:00,0.0
2025-03-12 12:45:00-04:00,0.0
2025-03-12 13:00:00-04:00,0.0
2025-03-12 13:15:00-04:00,0.0
2025-03-12 13:30:00-04:00,0.0
2025-03-12 13:45:00-04:00,0.0
2025-03-12 14:00:00-04:00,0.0
2025-03-12 14:15:00-04:00,0.0
2025-03-12 14:30:00-04:00,0.0
2025-03-12 14:45:00-04:00,0.0
2025-03-12 15:00:00-04:00,0.0
2025-03-12 15:15:00-04:00,0.0
2025-03-12 15:30:00-04:00,0.0
2025-03-12 15:45:00-04:00,0.0
2025-03-13 09:30:00-04:00,0.0
2025-03-13 09:45:00-04:00,-0.5
2025-03-13 10:00:00-04:00,-51.0
2025-03-13 10:15:00-04:00,-51.5
2025-03-13 10:30:00-04:00,-87.125
2025-03-13 10:45:00-04:00,-37.125
2025-03-13 11:00:00-04:00,-15.875
2025-03-13 11:15:00-04:00,62.875
2025-03-13 11:30:00-04:00,76.625
2025-03-13 11:45:00-04:00,104.125
2025-03-13 12:00:00-04:00,127.875
2025-03-13 12:15:00-04:00,167.875
2025-03-13 12:30:00-04:00,102.875
2025-03-13 12:45:00-04:00,162.875
2025-03-13 13:00:00-04:00,165.375
2025-03-13 13:15:00-04:00,254.125
2025-03-13 13:30:00-04:00,272.875
2025-03-13 13:45:00-04:00,287.875
2025-03-13 14:00:00-04:00,171.625
2025-03-13 14:15:00-04:00,180.375
2025-03-13 14:30:00-04:00,124.125
2025-03-13 14:45:00-04:00,119.125
2025-03-13 15:00:00-04:00,102.875
2025-03-13 15:15:00-04:00,167.875
2025-03-13 15:30:00-04:00,230.375
2025-03-13 15:45:00-04:00,250.375
2025-03-14 09:30:00-04:00,0.0
2025-03-14 09:45:00-04:00,0.0
2025-03-14 10:00:00-04:00,0.0
2025-03-14 10:15:00-04:00,0.0
2025-03-14 10:30:00-04:00,0.0
2025-03-14 10:45:00-04:00,0.0
2025-03-14 11:00:00-04:00,0.0
2025-03-14 11:15:00-04:00,0.0
2025-03-14 11:30:00-04:00,0.0
2025-03-14 11:45:00-04:00,0.0
2025-03-14 12:00:00-04:00,0.0
2025-03-14 12:15:00-04:00,0.0
2025-03-14 12:30:00-04:00,0.0
2025-03-14 12:45:00-04:00,0.0
2025-03-14 13:00:00-04:00,0.0
2025-03-14 13:15:00-04:00,0.0
2025-03-14 13:30:00-04:00,0.0
2025-03-14 13:45:00-04:00,0.0
2025-03-14 14:00:00-04:00,0.0
2025-03-14 14:15:00-04:00,0.0
2025-03-14 14:30:00-04:00,0.0
2025-03-14 14:45:00-04:00,0.0
2025-03-14 15:00:00-04:00,0.0
2025-03-14 15:15:00-04:00,0.0
2025-03-14 15:30:00-04:00,0.0
2025-03-14 15:45:00-04:00,0.0
2025-03-17 09:30:00-04:00,0.0
2025-03-17 09:45:00-04:00,0.0
2025-03-17 10:00:00-04:00,0.0
2025-03-17 10:15:00-04:00,0.0
2025-03-17 10:30:00-04:00,0.0
2025-03-17 10:45:00-04:00,0.0
2025-03-17 11:00:00-04:00,0.0
2025-03-17 11:15:00-04:00,0.0
2025-03-17 11:30:00-04:00,0.0
2025-03-17 11:45:00-04:00,0.0
2025-03-17 12:00:00-04:00,0.0
2025-03-17 12:15:00-04:00,0.0
2025-03-17 12:30:00-04:00,0.0
2025-03-17 12:45:00-04:00,0.0
2025-03-17 13:00:00-04:00,0.0
2025-03-17 13:15:00-04:00,0.0
2025-03-17 13:30:00-04:00,0.0
2025-03-17 13:45:00-04:00,0.0
2025-03-17 14:00:00-04:00,0.0
2025-03-17 14:15:00-04:00,0.0
2025-03-17 14:30:00-04:00,0.0
2025-03-17 14:45:00-04:00,0.0
2025-03-17 15:00:00-04:00,0.0
2025-03-17 15:15:00-04:00,0.0
2025-03-17 15:30:00-04:00,0.0
2025-03-17 15:45:00-04:00,0.0
2025-03-18 09:30:00-04:00,0.0
2025-03-18 09:45:00-04:00,0.0
2025-03-18 10:00:00-04:00,0.0
2025-03-18 10:15:00-04:00,0.0
2025-03-18 10:30:00-04:00,0.0
2025-03-18 10:45:00-04:00,0.0
2025-03-18 11:00:00-04:00,0.0
2025-03-18 11:15:00-04:00,0.0
2025-03-18 11:30:00-04:00,0.0
2025-03-18 11:45:00-04:00,0.0
2025-03-18 12:00:00-04:00,0.0
2025-03-18 12:15:00-04:00,0.0
2025-03-18 12:30:00-04:00,0.0
2025-03-18 12:45:00-04:00,0.0
2025-03-18 13:00:00-04:00,0.0
2025-03-18 13:15:00-04:00,0.0
2025-03-18 13:30:00-04:00,0.0
2025-03-18 13:45:00-04:00,0.0
2025-03-18 14:00:00-04:00,0.0
2025-03-18 14:15:00-04:00,0.0
2025-03-18 14:30:00-04:00,0.0
2025-03-18 14:45:00-04:00,0.0
2025-03-18 15:00:00-04:00,0.0
2025-03-18 15:15:00-04:00,0.0
2025-03-18 15:30:00-04:00,0.0
2025-03-18 15:45:00-04:00,0.0
2025-03-19 09:30:00-04:00,0.0
2025-03-19 09:45:00-04:00,0.0
2025-03-19 10:00:00-04:00,0.0
2025-03-19 10:15:00-04:00,0.0
2025-03-19 10:30:00-04:00,0.0
2025-03-19 10:45:00-04:00,0.0
2025-03-19 11:00:00-04:00,0.0
2025-03-19 11:15:00-04:00,0.0
2025-03-19 11:30:00-04:00,0.0
2025-03-19 11:45:00-04:00,0.0
2025-03-19 12:00:00-04:00,0.0
2025-03-19 12:15:00-04:00,0.0
2025-03-19 12:30:00-04:00,0.0
2025-03-19 12:45:00-04:00,0.0
2025-03-19 13:00:00-04:00,0.0
2025-03-19 13:15:00-04:00,0.0
2025-03-19 13:30:00-04:00,0.0
2025-03-19 13:45:00-04:00,0.0
2025-03-19 14:00:00-04:00,0.0
2025-03-19 14:15:00-04:00,0.0
2025-03-19 14:30:00-04:00,0.0
2025-03-19 14:45:00-04:00,0.0
2025-03-19 15:00:00-04:00,0.0
2025-03-19 15:15:00-04:00,0.0
2025-03-19 15:30:00-04:00,0.0
2025-03-19 15:45:00-04:00,0.0
2025-03-20 09:30:00-04:00,0.0
2025-03-20 09:45:00-04:00,0.0
2025-03-20 10:00:00-04:00,0.0
2025-03-20 10:15:00-04:00,0.0
2025-03-20 10:30:00-04:00,0.0
2025-03-20 10:45:00-04:00,0.0
2025-03-20 11:00:00-04:00,0.0
2025-03-20 11:15:00-04:00,0.0
2025-03-20 11:30:00-04:00,0.0
2025-03-20 11:45:00-04:00,0.0
2025-03-20 12:00:00-04:00,0.0
2025-03-20 12:15:00-04:00,0.0
2025-03-20 12:30:00-04:00,0.0
2025-03-20 12:45:00-04:00,0.0
2025-03-20 13:00:00-04:00,0.0
2025-03-20 13:15:00-04:00,0.0
2025-03-20 13:30:00-04:00,0.0
2025-03-20 13:45:00-04:00,0.0
2025-03-20 14:00:00-04:00,0.0
2025-03-20 14:15:00-04:00,0.0
2025-03-20 14:30:00-04:00,0.0
2025-03-20 14:45:00-04:00,0.0
2025-03-20 15:00:00-04:00,0.0
2025-03-20 15:15:00-04:00,0.0
2025-03-20 15:30:00-04:00,0.0
2025-03-20 15:45:00-04:00,0.0
2025-03-21 09:30:00-04:00,0.0
2025-03-21 09:45:00-04:00,0.0
2025-03-21 10:00:00-04:00,0.0
2025-03-21 10:15:00-04:00,0.0
2025-03-21 10:30:00-04:00,0.0
2025-03-21 10:45:00-04:00,0.0
2025-03-21 11:00:00-04:00,0.0
2025-03-21 11:15:00-04:00,0.0
2025-03-21 11:30:00-04:00,0.0
2025-03-21 11:45:00-04:00,0.0
2025-03-21 12:00:00-04:00,0.0
2025-03-21 12:15:00-04:00,0.0
2025-03-21 12:30:00-04:00,0.0
2025-03-21 12:45:00-04:00,0.0
2025-03-21 13:00:00-04:00,0.0
2025-03-21 13:15:00-04:00,0.0
2025-03-21 13:30:00-04:00,0.0
2025-03-21 13:45:00-04:00,0.0
2025-03-21 14:00:00-04:00,0.0
2025-03-21 14:15:00-04:00,0.0
2025-03-21 14:30:00-04:00,0.0
2025-03-21 14:45:00-04:00,0.0
2025-03-21 15:00:00-04:00,0.0
2025-03-21 15:15:00-04:00,0.0
2025-03-21 15:30:00-04:00,0.0
2025-03-21 15:45:00-04:00,0.0
2025-03-24 09:30:00-04:00,0.0
2025-03-24 09:45:00-04:00,0.0
2025-03-24 10:00:00-04:00,0.0
2025-03-24 10:15:00-04:00,0.0
2025-03-24 10:30:00-04:00,0.0
2025-03-24 10:45:00-04:00,0.0
2025-03-24 11:00:00-04:00,0.0
2025-03-24 11:15:00-04:00,0.0
2025-03-24 11:30:00-04:00,0.0
2025-03-24 11:45:00-04:00,0.0
2025-03-24 12:00:00-04:00,0.0
2025-03-24 12:15:00-04:00,0.0
2025-03-24 12:30:00-04:00,0.0
2025-03-24 12:45:00-04:00,0.0
2025-03-24 13:00:00-04:00,0.0
2025-03-24 13:15:00-04:00,0.0
2025-03-24 13:30:00-04:00,0.0
2025-03-24 13:45:00-04:00,0.0
2025-03-24 14:00:00-04:00,0.0
2025-03-24 14:15:00-04:00,0.0
2025-03-24 14:30:00-04:00,0.0
2025-03-24 14:45:00-04:00,0.0
2025-03-24 15:00:00-04:00,0.0
2025-03-24 15:15:00-04:00,0.0
2025-03-24 15:30:00-04:00,0.0
2025-03-24 15:45:00-04:00,0.0
2025-03-25 09:30:00-04:00,0.0
2025-03-25 09:45:00-04:00,0.0
2025-03-25 10:00:00-04:00,0.0
2025-03-25 10:15:00-04:00,0.0
2025-03-25 10:30:00-04:00,0.0
2025-03-25 10:45:00-04:00,0.0
2025-03-25 11:00:00-04:00,0.0
2025-03-25 11:15:00-04:00,0.0
2025-03-25 11:30:00-04:00,0.0
2025-03-25 11:45:00-04:00,0.0
2025-03-25 12:00:00-04:00,0.0
2025-03-25 12:15:00-04:00,0.0
2025-03-25 12:30:00-04:00,0.0
2025-03-25 12:45:00-04:00,0.0
2025-03-25 13:00:00-04:00,0.0
2025-03-25 13:15:00-04:00,0.0
2025-03-25 13:30:00-04:00,0.0
2025-03-25 13:45:00-04:00,0.0
2025-03-25 14:00:00-04:00,0.0
2025-03-25 14:15:00-04:00,0.0
2025-03-25 14:30:00-04:00,0.0
2025-03-25 14:45:00-04:00,0.0
2025-03-25 15:00:00-04:00,0.0
2025-03-25 15:15:00-04:00,0.0
2025-03-25 15:30:00-04:00,0.0
2025-03-25 15:45:00-04:00,0.0
2025-03-26 09:30:00-04:00,0.0
2025-03-26 09:45:00-04:00,0.0
2025-03-26 10:00:00-04:00,0.0
2025-03-26 10:15:00-04:00,0.0
2025-03-26 10:30:00-04:00,0.0
2025-03-26 10:45:00-04:00,0.0
2025-03-26 11:00:00-04:00,0.0
2025-03-26 11:15:00-04:00,0.0
2025-03-26 11:30:00-04:00,0.0
2025-03-26 11:45:00-04:00,0.0
2025-03-26 12:00:00-04:00,0.0
2025-03-26 12:15:00-04:00,0.0
2025-03-26 12:30:00-04:00,0.0
2025-03-26 12:45:00-04:00,0.0
2025-03-26 13:00:00-04:00,0.0
2025-03-26 13:15:00-04:00,0.0
2025-03-26 13:30:00-04:00,0.0
2025-03-26 13:45:00-04:00,0.0
2025-03-26 14:00:00-04:00,0.0
2025-03-26 14:15:00-04:00,0.0
2025-03-26 14:30:00-04:00,0.0
2025-03-26 14:45:00-04:00,0.0
2025-03-26 15:00:00-04:00,0.0
2025-03-26 15:15:00-04:00,0.0
2025-03-26 15:30:00-04:00,0.0
2025-03-26 15:45:00-04:00,0.0
2025-03-27 09:30:00-04:00,-0.5
2025-03-27 09:45:00-04:00,-51.0
2025-03-27 10:00:00-04:00,-51.5
2025-03-27 10:15:00-04:00,-102.0
2025-03-27 10:30:00-04:00,-102.5
2025-03-27 10:45:00-04:00,-128.9375
2025-03-27 11:00:00-04:00,-128.9375
2025-03-27 11:15:00-04:00,-128.9375
2025-03-27 11:30:00-04:00,-128.9375
2025-03-27 11:45:00-04:00,-128.9375
2025-03-27 12:00:00-04:00,-128.9375
2025-03-27 12:15:00-04:00,-128.9375
2025-03-27 12:30:00-04:00,-128.9375
2025-03-27 12:45:00-04:00,-128.9375
2025-03-27 13:00:00-04:00,-128.9375
2025-03-27 13:15:00-04:00,-129.4375
2025-03-27 13:30:00-04:00,-132.875
2025-03-27 13:45:00-04:00,-149.125
2025-03-27 14:00:00-04:00,-179.9375
2025-03-27 14:15:00-04:00,-180.4375
2025-03-27 14:30:00-04:00,-185.9375
2025-03-27 14:45:00-04:00,-186.4375
2025-03-27 15:00:00-04:00,-195.375
2025-03-27 15:15:00-04:00,-195.375
2025-03-27 15:30:00-04:00,-195.375
2025-03-27 15:45:00-04:00,-195.875
2025-03-28 09:30:00-04:00,-0.5
2025-03-28 09:45:00-04:00,-14.25
2025-03-28 10:00:00-04:00,48.25
2025-03-28 10:15:00-04:00,189.5
2025-03-28 10:30:00-04:00,258.25
2025-03-28 10:45:00-04:00,284.5
2025-03-28 11:00:00-04:00,299.5
2025-03-28 11:15:00-04:00,307.0
2025-03-28 11:30:00-04:00,278.25
2025-03-28 11:45:00-04:00,303.25
2025-03-28 12:00:00-04:00,329.5
2025-03-28 12:15:00-04:00,359.5
2025-03-28 12:30:00-04:00,395.75
2025-03-28 12:45:00-04:00,390.75
2025-03-28 13:00:00-04:00,444.5
2025-03-28 13:15:00-04:00,439.5
2025-03-28 13:30:00-04:00,464.5
2025-03-28 13:45:00-04:00,448.25
2025-03-28 14:00:00-04:00,422.0
2025-03-28 14:15:00-04:00,435.75
2025-03-28 14:30:00-04:00,454.5
2025-03-28 14:45:00-04:00,458.25
2025-03-28 15:00:00-04:00,434.5
2025-03-28 15:15:00-04:00,449.5
2025-03-28 15:30:00-04:00,478.25
2025-03-28 15:45:00-04:00,447.0
2025-03-31 09:30:00-04:00,-0.5
2025-03-31 09:45:00-04:00,-51.0
2025-03-31 10:00:00-04:00,-51.5
2025-03-31 10:15:00-04:00,-83.6875
2025-03-31 10:30:00-04:00,-102.0
2025-03-31 10:45:00-04:00,-102.5
2025-03-31 11:00:00-04:00,-153.0
2025-03-31 11:15:00-04:00,-153.5
2025-03-31 11:30:00-04:00,-204.0
2025-03-31 11:45:00-04:00,-204.5
2025-03-31 12:00:00-04:00,-226.375
2025-03-31 12:15:00-04:00,-255.0
2025-03-31 12:30:00-04:00,-255.0
2025-03-31 12:45:00-04:00,-255.0
2025-03-31 13:00:00-04:00,-255.0
2025-03-31 13:15:00-04:00,-255.0
2025-03-31 13:30:00-04:00,-255.0
2025-03-31 13:45:00-04:00,-255.0
2025-03-31 14:00:00-04:00,-255.0
2025-03-31 14:15:00-04:00,-255.0
2025-03-31 14:30:00-04:00,-255.0
2025-03-31 14:45:00-04:00,-255.0
2025-03-31 15:00:00-04:00,-255.0
2025-03-31 15:15:00-04:00,-255.0
2025-03-31 15:30:00-04:00,-255.0
2025-03-31 15:45:00-04:00,-255.0
2025-04-01 09:30:00-04:00,0.0
2025-04-01 09:45:00-04:00,0.0
2025-04-01 10:00:00-04:00,0.0
2025-04-01 10:15:00-04:00,0.0
2025-04-01 10:30:00-04:00,0.0
2025-04-01 10:45:00-04:00,0.0
2025-04-01 11:00:00-04:00,0.0
2025-04-01 11:15:00-04:00,0.0
2025-04-01 11:30:00-04:00,0.0
2025-04-01 11:45:00-04:00,0.0
2025-04-01 12:00:00-04:00,0.0
2025-04-01 12:15:00-04:00,0.0
2025-04-01 12:30:00-04:00,0.0
2025-04-01 12:45:00-04:00,0.0
2025-04-01 13:00:00-04:00,0.0
2025-04-01 13:15:00-04:00,0.0
2025-04-01 13:30:00-04:00,0.0
2025-04-01 13:45:00-04:00,0.0
2025-04-01 14:00:00-04:00,0.0
2025-04-01 14:15:00-04:00,0.0
2025-04-01 14:30:00-04:00,0.0
2025-04-01 14:45:00-04:00,-0.5
2025-04-01 15:00:00-04:00,-51.0
2025-04-01 15:15:00-04:00,-51.5
2025-04-01 15:30:00-04:00,-102.0
2025-04-01 15:45:00-04:00,-102.0
2025-04-02 09:30:00-04:00,0.0
2025-04-02 09:45:00-04:00,0.0
2025-04-02 10:00:00-04:00,0.0
2025-04-02 10:15:00-04:00,0.0
2025-04-02 10:30:00-04:00,0.0
2025-04-02 10:45:00-04:00,0.0
2025-04-02 11:00:00-04:00,0.0
2025-04-02 11:15:00-04:00,0.0
2025-04-02 11:30:00-04:00,0.0
2025-04-02 11:45:00-04:00,0.0
2025-04-02 12:00:00-04:00,0.0
2025-04-02 12:15:00-04:00,0.0
2025-04-02 12:30:00-04:00,0.0
2025-04-02 12:45:00-04:00,0.0
2025-04-02 13:00:00-04:00,0.0
2025-04-02 13:15:00-04:00,0.0
2025-04-02 13:30:00-04:00,0.0
2025-04-02 13:45:00-04:00,0.0
2025-04-02 14:00:00-04:00,0.0
2025-04-02 14:15:00-04:00,0.0
2025-04-02 14:30:00-04:00,0.0
2025-04-02 14:45:00-04:00,0.0
2025-04-02 15:00:00-04:00,0.0
2025-04-02 15:15:00-04:00,0.0
2025-04-02 15:30:00-04:00,0.0
2025-04-02 15:45:00-04:00,0.0
2025-04-03 09:30:00-04:00,0.0
2025-04-03 09:45:00-04:00,0.0
2025-04-03 10:00:00-04:00,0.0
2025-04-03 10:15:00-04:00,0.0
2025-04-03 10:30:00-04:00,0.0
2025-04-03 10:45:00-04:00,0.0
2025-04-03 11:00:00-04:00,0.0
2025-04-03 11:15:00-04:00,0.0
2025-04-03 11:30:00-04:00,0.0
2025-04-03 11:45:00-04:00,0.0
2025-04-03 12:00:00-04:00,0.0
2025-04-03 12:15:00-04:00,0.0
2025-04-03 12:30:00-04:00,0.0
2025-04-03 12:45:00-04:00,0.0
2025-04-03 13:00:00-04:00,0.0
2025-04-03 13:15:00-04:00,0.0
2025-04-03 13:30:00-04:00,0.0
2025-04-03 13:45:00-04:00,0.0
2025-04-03 14:00:00-04:00,0.0
2025-04-03 14:15:00-04:00,0.0
2025-04-03 14:30:00-04:00,0.0
2025-04-03 14:45:00-04:00,0.0
2025-04-03 15:00:00-04:00,0.0
2025-04-03 15:15:00-04:00,0.0
2025-04-03 15:30:00-04:00,0.0
2025-04-03 15:45:00-04:00,0.0
2025-04-04 09:30:00-04:00,-0.5
2025-04-04 09:45:00-04:00,-51.0
2025-04-04 10:00:00-04:00,-51.5
2025-04-04 10:15:00-04:00,11.0
2025-04-04 10:30:00-04:00,109.75
2025-04-04 10:45:00-04:00,167.25
2025-04-04 11:00:00-04:00,-102.0
2025-04-04 11:15:00-04:00,-102.5
2025-04-04 11:30:00-04:00,-53.75
2025-04-04 11:45:00-04:00,-73.75
2025-04-04 12:00:00-04:00,-27.5
2025-04-04 12:15:00-04:00,-6.25
2025-04-04 12:30:00-04:00,127.5
2025-04-04 12:45:00-04:00,191.25
2025-04-04 13:00:00-04:00,167.5
2025-04-04 13:15:00-04:00,246.25
2025-04-04 13:30:00-04:00,146.25
2025-04-04 13:45:00-04:00,115.0
2025-04-04 14:00:00-04:00,55.0
2025-04-04 14:15:00-04:00,270.0
2025-04-04 14:30:00-04:00,386.25
2025-04-04 14:45:00-04:00,405.0
2025-04-04 15:00:00-04:00,320.0
2025-04-04 15:15:00-04:00,248.75
2025-04-04 15:30:00-04:00,152.5
2025-04-04 15:45:00-04:00,190.0
2025-04-07 09:30:00-04:00,-0.5
2025-04-07 09:45:00-04:00,-51.0
2025-04-07 10:00:00-04:00,-51.0
2025-04-07 10:15:00-04:00,-51.0
2025-04-07 10:30:00-04:00,-51.0
2025-04-07 10:45:00-04:00,-51.0
2025-04-07 11:00:00-04:00,-51.0
2025-04-07 11:15:00-04:00,-51.0
2025-04-07 11:30:00-04:00,-51.0
2025-04-07 11:45:00-04:00,-51.0
2025-04-07 12:00:00-04:00,-51.0
2025-04-07 12:15:00-04:00,-51.0
2025-04-07 12:30:00-04:00,-51.0
2025-04-07 12:45:00-04:00,-51.0
2025-04-07 13:00:00-04:00,-51.0
2025-04-07 13:15:00-04:00,-51.0
2025-04-07 13:30:00-04:00,-51.0
2025-04-07 13:45:00-04:00,-51.0
2025-04-07 14:00:00-04:00,-51.0
2025-04-07 14:15:00-04:00,-51.0
2025-04-07 14:30:00-04:00,-51.0
2025-04-07 14:45:00-04:00,-51.0
2025-04-07 15:00:00-04:00,-51.0
2025-04-07 15:15:00-04:00,-51.0
2025-04-07 15:30:00-04:00,-51.0
2025-04-07 15:45:00-04:00,-51.0
2025-04-08 09:30:00-04:00,0.0
2025-04-08 09:45:00-04:00,0.0
2025-04-08 10:00:00-04:00,0.0
2025-04-08 10:15:00-04:00,0.0
2025-04-08 10:30:00-04:00,0.0
2025-04-08 10:45:00-04:00,0.0
2025-04-08 11:00:00-04:00,0.0
2025-04-08 11:15:00-04:00,0.0
2025-04-08 11:30:00-04:00,0.0
2025-04-08 11:45:00-04:00,0.0
2025-04-08 12:00:00-04:00,0.0
2025-04-08 12:15:00-04:00,0.0
2025-04-08 12:30:00-04:00,0.0
2025-04-08 12:45:00-04:00,0.0
2025-04-08 13:00:00-04:00,0.0
2025-04-08 13:15:00-04:00,-0.5
2025-04-08 13:30:00-04:00,-51.0
2025-04-08 13:45:00-04:00,-51.5
2025-04-08 14:00:00-04:00,-74.0
2025-04-08 14:15:00-04:00,-22.75
2025-04-08 14:30:00-04:00,-102.0
2025-04-08 14:45:00-04:00,-102.5
2025-04-08 15:00:00-04:00,-100.625
2025-04-08 15:15:00-04:00,78.125
2025-04-08 15:30:00-04:00,129.375
2025-04-08 15:45:00-04:00,135.625
2025-04-09 09:30:00-04:00,-0.5
2025-04-09 09:45:00-04:00,-51.0
2025-04-09 10:00:00-04:00,-51.5
2025-04-09 10:15:00-04:00,-102.0
2025-04-09 10:30:00-04:00,-102.5
2025-04-09 10:45:00-04:00,-150.9375
2025-04-09 11:00:00-04:00,-47.1875
2025-04-09 11:15:00-04:00,-143.4375
2025-04-09 11:30:00-04:00,-138.4375
2025-04-09 11:45:00-04:00,-110.9375
2025-04-09 12:00:00-04:00,-153.0
2025-04-09 12:15:00-04:00,-153.5
2025-04-09 12:30:00-04:00,-204.0
2025-04-09 12:45:00-04:00,-204.0
2025-04-09 13:00:00-04:00,-204.0
2025-04-09 13:15:00-04:00,-204.0
2025-04-09 13:30:00-04:00,-204.0
2025-04-09 13:45:00-04:00,-204.0
2025-04-09 14:00:00-04:00,-204.0
2025-04-09 14:15:00-04:00,-204.0
2025-04-09 14:30:00-04:00,-204.0
2025-04-09 14:45:00-04:00,-204.0
2025-04-09 15:00:00-04:00,-204.0
2025-04-09 15:15:00-04:00,-204.0
2025-04-09 15:30:00-04:00,-204.0
2025-04-09 15:45:00-04:00,-204.0
2025-04-10 09:30:00-04:00,0.0
2025-04-10 09:45:00-04:00,0.0
2025-04-10 10:00:00-04:00,0.0
2025-04-10 10:15:00-04:00,0.0
2025-04-10 10:30:00-04:00,0.0
2025-04-10 10:45:00-04:00,0.0
2025-04-10 11:00:00-04:00,0.0
2025-04-10 11:15:00-04:00,0.0
2025-04-10 11:30:00-04:00,0.0
2025-04-10 11:45:00-04:00,0.0
2025-04-10 12:00:00-04:00,0.0
2025-04-10 12:15:00-04:00,0.0
2025-04-10 12:30:00-04:00,0.0
2025-04-10 12:45:00-04:00,0.0
2025-04-10 13:00:00-04:00,0.0
2025-04-10 13:15:00-04:00,0.0
2025-04-10 13:30:00-04:00,0.0
2025-04-10 13:45:00-04:00,0.0
2025-04-10 14:00:00-04:00,0.0
2025-04-10 14:15:00-04:00,0.0
2025-04-10 14:30:00-04:00,0.0
2025-04-10 14:45:00-04:00,0.0
2025-04-10 15:00:00-04:00,0.0
2025-04-10 15:15:00-04:00,0.0
2025-04-10 15:30:00-04:00,0.0
2025-04-10 15:45:00-04:00,0.0
2025-04-11 09:30:00-04:00,0.0
2025-04-11 09:45:00-04:00,0.0
2025-04-11 10:00:00-04:00,0.0
2025-04-11 10:15:00-04:00,0.0
2025-04-11 10:30:00-04:00,0.0
2025-04-11 10:45:00-04:00,0.0
2025-04-11 11:00:00-04:00,0.0
2025-04-11 11:15:00-04:00,0.0
2025-04-11 11:30:00-04:00,0.0
2025-04-11 11:45:00-04:00,0.0
2025-04-11 12:00:00-04:00,0.0
2025-04-11 12:15:00-04:00,0.0
2025-04-11 12:30:00-04:00,0.0
2025-04-11 12:45:00-04:00,0.0
2025-04-11 13:00:00-04:00,0.0
2025-04-11 13:15:00-04:00,0.0
2025-04-11 13:30:00-04:00,0.0
2025-04-11 13:45:00-04:00,0.0
2025-04-11 14:00:00-04:00,0.0
2025-04-11 14:15:00-04:00,0.0
2025-04-11 14:30:00-04:00,0.0
2025-04-11 14:45:00-04:00,0.0
2025-04-11 15:00:00-04:00,0.0
2025-04-11 15:15:00-04:00,0.0
2025-04-11 15:30:00-04:00,0.0
2025-04-11 15:45:00-04:00,0.0
2025-04-14 09:30:00-04:00,0.0
2025-04-14 09:45:00-04:00,0.0
2025-04-14 10:00:00-04:00,0.0
2025-04-14 10:15:00-04:00,0.0
2025-04-14 10:30:00-04:00,0.0
2025-04-14 10:45:00-04:00,0.0
2025-04-14 11:00:00-04:00,0.0
2025-04-14 11:15:00-04:00,0.0
2025-04-14 11:30:00-04:00,0.0
2025-04-14 11:45:00-04:00,0.0
2025-04-14 12:00:00-04:00,0.0
2025-04-14 12:15:00-04:00,0.0
2025-04-14 12:30:00-04:00,0.0
2025-04-14 12:45:00-04:00,0.0
2025-04-14 13:00:00-04:00,0.0
2025-04-14 13:15:00-04:00,0.0
2025-04-14 13:30:00-04:00,0.0
2025-04-14 13:45:00-04:00,0.0
2025-04-14 14:00:00-04:00,0.0
2025-04-14 14:15:00-04:00,0.0
2025-04-14 14:30:00-04:00,0.0
2025-04-14 14:45:00-04:00,0.0
2025-04-14 15:00:00-04:00,0.0
2025-04-14 15:15:00-04:00,0.0
2025-04-14 15:30:00-04:00,0.0
2025-04-14 15:45:00-04:00,0.0
2025-04-15 09:30:00-04:00,0.0
2025-04-15 09:45:00-04:00,0.0
2025-04-15 10:00:00-04:00,0.0
2025-04-15 10:15:00-04:00,0.0
2025-04-15 10:30:00-04:00,0.0
2025-04-15 10:45:00-04:00,0.0
2025-04-15 11:00:00-04:00,0.0
2025-04-15 11:15:00-04:00,0.0
2025-04-15 11:30:00-04:00,0.0
2025-04-15 11:45:00-04:00,0.0
2025-04-15 12:00:00-04:00,0.0
2025-04-15 12:15:00-04:00,0.0
2025-04-15 12:30:00-04:00,0.0
2025-04-15 12:45:00-04:00,0.0
2025-04-15 13:00:00-04:00,0.0
2025-04-15 13:15:00-04:00,0.0
2025-04-15 13:30:00-04:00,0.0
2025-04-15 13:45:00-04:00,0.0
2025-04-15 14:00:00-04:00,0.0
2025-04-15 14:15:00-04:00,0.0
2025-04-15 14:30:00-04:00,0.0
2025-04-15 14:45:00-04:00,0.0
2025-04-15 15:00:00-04:00,0.0
2025-04-15 15:15:00-04:00,0.0
2025-04-15 15:30:00-04:00,0.0
2025-04-15 15:45:00-04:00,0.0
2025-04-16 09:30:00-04:00,0.0
2025-04-16 09:45:00-04:00,0.0
2025-04-16 10:00:00-04:00,0.0
2025-04-16 10:15:00-04:00,0.0
2025-04-16 10:30:00-04:00,0.0
2025-04-16 10:45:00-04:00,0.0
2025-04-16 11:00:00-04:00,0.0
2025-04-16 11:15:00-04:00,0.0
2025-04-16 11:30:00-04:00,0.0
2025-04-16 11:45:00-04:00,0.0
2025-04-16 12:00:00-04:00,0.0
2025-04-16 12:15:00-04:00,0.0
2025-04-16 12:30:00-04:00,0.0
2025-04-16 12:45:00-04:00,0.0
2025-04-16 13:00:00-04:00,0.0
2025-04-16 13:15:00-04:00,0.0
2025-04-16 13:30:00-04:00,0.0
2025-04-16 13:45:00-04:00,0.0
2025-04-16 14:00:00-04:00,0.0
2025-04-16 14:15:00-04:00,0.0
2025-04-16 14:30:00-04:00,0.0
2025-04-16 14:45:00-04:00,0.0
2025-04-16 15:00:00-04:00,0.0
2025-04-16 15:15:00-04:00,0.0
2025-04-16 15:30:00-04:00,0.0
2025-04-16 15:45:00-04:00,0.0
2025-04-17 09:30:00-04:00,-0.5
2025-04-17 09:45:00-04:00,-51.0
2025-04-17 10:00:00-04:00,-51.5
2025-04-17 10:15:00-04:00,-34.9375
2025-04-17 10:30:00-04:00,56.3125
2025-04-17 10:45:00-04:00,36.3125
2025-04-17 11:00:00-04:00,14.25
2025-04-17 11:15:00-04:00,14.25
2025-04-17 11:30:00-04:00,14.25
2025-04-17 11:45:00-04:00,14.25
2025-04-17 12:00:00-04:00,14.25
2025-04-17 12:15:00-04:00,14.25
2025-04-17 12:30:00-04:00,14.25
2025-04-17 12:45:00-04:00,14.25
2025-04-17 13:00:00-04:00,14.25
2025-04-17 13:15:00-04:00,14.25
2025-04-17 13:30:00-04:00,14.25
2025-04-17 13:45:00-04:00,14.25
2025-04-17 14:00:00-04:00,14.25
2025-04-17 14:15:00-04:00,14.25
2025-04-17 14:30:00-04:00,14.25
2025-04-17 14:45:00-04:00,14.25
2025-04-17 15:00:00-04:00,14.25
2025-04-17 15:15:00-04:00,14.25
2025-04-17 15:30:00-04:00,14.25
2025-04-17 15:45:00-04:00,14.25
2025-04-21 09:30:00-04:00,-0.5
2025-04-21 09:45:00-04:00,7.9375
2025-04-21 10:00:00-04:00,139.1875
2025-04-21 10:15:00-04:00,170.4375
2025-04-21 10:30:00-04:00,174.1875
2025-04-21 10:45:00-04:00,216.6875
2025-04-21 11:00:00-04:00,266.6875
2025-04-21 11:15:00-04:00,302.9375
2025-04-21 11:30:00-04:00,354.1875
2025-04-21 11:45:00-04:00,425.4375
2025-04-21 12:00:00-04:00,409.1875
2025-04-21 12:15:00-04:00,414.1875
2025-04-21 12:30:00-04:00,359.1875
2025-04-21 12:45:00-04:00,366.6875
2025-04-21 13:00:00-04:00,435.4375
2025-04-21 13:15:00-04:00,486.6875
2025-04-21 13:30:00-04:00,497.9375
2025-04-21 13:45:00-04:00,532.9375
2025-04-21 14:00:00-04:00,564.1875
2025-04-21 14:15:00-04:00,526.6875
2025-04-21 14:30:00-04:00,492.9375
2025-04-21 14:45:00-04:00,544.1875
2025-04-21 15:00:00-04:00,500.4375
2025-04-21 15:15:00-04:00,464.1875
2025-04-21 15:30:00-04:00,396.6875
2025-04-21 15:45:00-04:00,361.5
2025-04-22 09:30:00-04:00,0.0
2025-04-22 09:45:00-04:00,0.0
2025-04-22 10:00:00-04:00,0.0
2025-04-22 10:15:00-04:00,0.0
2025-04-22 10:30:00-04:00,0.0
2025-04-22 10:45:00-04:00,0.0
2025-04-22 11:00:00-04:00,0.0
2025-04-22 11:15:00-04:00,0.0
2025-04-22 11:30:00-04:00,0.0
2025-04-22 11:45:00-04:00,0.0
2025-04-22 12:00:00-04:00,0.0
2025-04-22 12:15:00-04:00,0.0
2025-04-22 12:30:00-04:00,0.0
2025-04-22 12:45:00-04:00,0.0
2025-04-22 13:00:00-04:00,0.0
2025-04-22 13:15:00-04:00,0.0
2025-04-22 13:30:00-04:00,0.0
2025-04-22 13:45:00-04:00,0.0
2025-04-22 14:00:00-04:00,0.0
2025-04-22 14:15:00-04:00,0.0
2025-04-22 14:30:00-04:00,0.0
2025-04-22 14:45:00-04:00,0.0
2025-04-22 15:00:00-04:00,0.0
2025-04-22 15:15:00-04:00,-0.5
2025-04-22 15:30:00-04:00,-51.0
2025-04-22 15:45:00-04:00,-51.5
2025-04-23 09:30:00-04:00,0.0
2025-04-23 09:45:00-04:00,0.0
2025-04-23 10:00:00-04:00,0.0
2025-04-23 10:15:00-04:00,0.0
2025-04-23 10:30:00-04:00,0.0
2025-04-23 10:45:00-04:00,0.0
2025-04-23 11:00:00-04:00,0.0
2025-04-23 11:15:00-04:00,0.0
2025-04-23 11:30:00-04:00,0.0
2025-04-23 11:45:00-04:00,0.0
2025-04-23 12:00:00-04:00,0.0
2025-04-23 12:15:00-04:00,0.0
2025-04-23 12:30:00-04:00,0.0
2025-04-23 12:45:00-04:00,0.0
2025-04-23 13:00:00-04:00,0.0
2025-04-23 13:15:00-04:00,0.0
2025-04-23 13:30:00-04:00,0.0
2025-04-23 13:45:00-04:00,0.0
2025-04-23 14:00:00-04:00,0.0
2025-04-23 14:15:00-04:00,0.0
2025-04-23 14:30:00-04:00,0.0
2025-04-23 14:45:00-04:00,0.0
2025-04-23 15:00:00-04:00,0.0
2025-04-23 15:15:00-04:00,0.0
2025-04-23 15:30:00-04:00,0.0
2025-04-23 15:45:00-04:00,0.0
2025-04-24 09:30:00-04:00,0.0
2025-04-24 09:45:00-04:00,0.0
2025-04-24 10:00:00-04:00,0.0
2025-04-24 10:15:00-04:00,0.0
2025-04-24 10:30:00-04:00,0.0
2025-04-24 10:45:00-04:00,0.0
2025-04-24 11:00:00-04:00,0.0
2025-04-24 11:15:00-04:00,0.0
2025-04-24 11:30:00-04:00,0.0
2025-04-24 11:45:00-04:00,0.0
2025-04-24 12:00:00-04:00,0.0
2025-04-24 12:15:00-04:00,0.0
2025-04-24 12:30:00-04:00,0.0
2025-04-24 12:45:00-04:00,0.0
2025-04-24 13:00:00-04:00,0.0
2025-04-24 13:15:00-04:00,0.0
2025-04-24 13:30:00-04:00,0.0
2025-04-24 13:45:00-04:00,0.0
2025-04-24 14:00:00-04:00,0.0
2025-04-24 14:15:00-04:00,0.0
2025-04-24 14:30:00-04:00,0.0
2025-04-24 14:45:00-04:00,0.0
2025-04-24 15:00:00-04:00,0.0
2025-04-24 15:15:00-04:00,0.0
2025-04-24 15:30:00-04:00,0.0
2025-04-24 15:45:00-04:00,0.0
2025-04-25 09:30:00-04:00,0.0
2025-04-25 09:45:00-04:00,0.0
2025-04-25 10:00:00-04:00,0.0
2025-04-25 10:15:00-04:00,0.0
2025-04-25 10:30:00-04:00,0.0
2025-04-25 10:45:00-04:00,0.0
2025-04-25 11:00:00-04:00,0.0
2025-04-25 11:15:00-04:00,0.0
2025-04-25 11:30:00-04:00,0.0
2025-04-25 11:45:00-04:00,0.0
2025-04-25 12:00:00-04:00,0.0
2025-04-25 12:15:00-04:00,0.0
2025-04-25 12:30:00-04:00,0.0
2025-04-25 12:45:00-04:00,0.0
2025-04-25 13:00:00-04:00,0.0
2025-04-25 13:15:00-04:00,0.0
2025-04-25 13:30:00-04:00,0.0
2025-04-25 13:45:00-04:00,0.0
2025-04-25 14:00:00-04:00,0.0
2025-04-25 14:15:00-04:00,0.0
2025-04-25 14:30:00-04:00,0.0
2025-04-25 14:45:00-04:00,0.0
2025-04-25 15:00:00-04:00,0.0
2025-04-25 15:15:00-04:00,0.0
2025-04-25 15:30:00-04:00,0.0
2025-04-25 15:45:00-04:00,0.0
2025-04-28 09:30:00-04:00,0.0
2025-04-28 09:45:00-04:00,0.0
2025-04-28 10:00:00-04:00,0.0
2025-04-28 10:15:00-04:00,0.0
2025-04-28 10:30:00-04:00,0.0
2025-04-28 10:45:00-04:00,0.0
2025-04-28 11:00:00-04:00,0.0
2025-04-28 11:15:00-04:00,0.0
2025-04-28 11:30:00-04:00,0.0
2025-04-28 11:45:00-04:00,0.0
2025-04-28 12:00:00-04:00,0.0
2025-04-28 12:15:00-04:00,0.0
2025-04-28 12:30:00-04:00,0.0
2025-04-28 12:45:00-04:00,0.0
2025-04-28 13:00:00-04:00,0.0
2025-04-28 13:15:00-04:00,0.0
2025-04-28 13:30:00-04:00,0.0
2025-04-28 13:45:00-04:00,0.0
2025-04-28 14:00:00-04:00,0.0
2025-04-28 14:15:00-04:00,0.0
2025-04-28 14:30:00-04:00,0.0
2025-04-28 14:45:00-04:00,0.0
2025-04-28 15:00:00-04:00,0.0
2025-04-28 15:15:00-04:00,0.0
2025-04-28 15:30:00-04:00,0.0
2025-04-28 15:45:00-04:00,0.0
2025-04-29 09:30:00-04:00,-0.5
2025-04-29 09:45:00-04:00,33.25
2025-04-29 10:00:00-04:00,-4.25
2025-04-29 10:15:00-04:00,-9.25
2025-04-29 10:30:00-04:00,12.0
2025-04-29 10:45:00-04:00,90.75
2025-04-29 11:00:00-04:00,118.25
2025-04-29 11:15:00-04:00,74.5
2025-04-29 11:30:00-04:00,65.75
2025-04-29 11:45:00-04:00,99.5
2025-04-29 12:00:00-04:00,107.0
2025-04-29 12:15:00-04:00,144.5
2025-04-29 12:30:00-04:00,134.5
2025-04-29 12:45:00-04:00,47.0
2025-04-29 13:00:00-04:00,58.25
2025-04-29 13:15:00-04:00,94.5
2025-04-29 13:30:00-04:00,149.5
2025-04-29 13:45:00-04:00,202.0
2025-04-29 14:00:00-04:00,245.75
2025-04-29 14:15:00-04:00,228.25
2025-04-29 14:30:00-04:00,243.25
2025-04-29 14:45:00-04:00,229.5
2025-04-29 15:00:00-04:00,234.5
2025-04-29 15:15:00-04:00,237.0
2025-04-29 15:30:00-04:00,213.25
2025-04-29 15:45:00-04:00,214.5
2025-04-30 09:30:00-04:00,0.0
2025-04-30 09:45:00-04:00,0.0
2025-04-30 10:00:00-04:00,0.0
2025-04-30 10:15:00-04:00,0.0
2025-04-30 10:30:00-04:00,0.0
2025-04-30 10:45:00-04:00,0.0
2025-04-30 11:00:00-04:00,0.0
2025-04-30 11:15:00-04:00,0.0
2025-04-30 11:30:00-04:00,0.0
2025-04-30 11:45:00-04:00,0.0
2025-04-30 12:00:00-04:00,0.0
2025-04-30 12:15:00-04:00,0.0
2025-04-30 12:30:00-04:00,0.0
2025-04-30 12:45:00-04:00,0.0
2025-04-30 13:00:00-04:00,0.0
2025-04-30 13:15:00-04:00,0.0
2025-04-30 13:30:00-04:00,-0.5
2025-04-30 13:45:00-04:00,-11.125
2025-04-30 14:00:00-04:00,-29.875
2025-04-30 14:15:00-04:00,-43.625
2025-04-30 14:30:00-04:00,-51.0
2025-04-30 14:45:00-04:00,-51.5
2025-04-30 15:00:00-04:00,-65.25
2025-04-30 15:15:00-04:00,-62.75
2025-04-30 15:30:00-04:00,-75.25
2025-04-30 15:45:00-04:00,16.0
2025-05-01 09:30:00-04:00,-0.5
2025-05-01 09:45:00-04:00,-51.0
2025-05-01 10:00:00-04:00,-51.5
2025-05-01 10:15:00-04:00,-24.0
2025-05-01 10:30:00-04:00,14.75
2025-05-01 10:45:00-04:00,63.5
2025-05-01 11:00:00-04:00,92.25
2025-05-01 11:15:00-04:00,116.0
2025-05-01 11:30:00-04:00,59.75
2025-05-01 11:45:00-04:00,-59.0
2025-05-01 12:00:00-04:00,-46.5
2025-05-01 12:15:00-04:00,-90.25
2025-05-01 12:30:00-04:00,-55.25
2025-05-01 12:45:00-04:00,-85.25
2025-05-01 13:00:00-04:00,-62.75
2025-05-01 13:15:00-04:00,3.5
2025-05-01 13:30:00-04:00,-42.75
2025-05-01 13:45:00-04:00,-49.0
2025-05-01 14:00:00-04:00,-21.5
2025-05-01 14:15:00-04:00,46.75
2025-05-01 14:30:00-04:00,46.75
2025-05-01 14:45:00-04:00,46.75
2025-05-01 15:00:00-04:00,46.75
2025-05-01 15:15:00-04:00,46.75
2025-05-01 15:30:00-04:00,46.25
2025-05-01 15:45:00-04:00,-4.25
2025-05-02 09:30:00-04:00,-0.5
2025-05-02 09:45:00-04:00,-51.0
2025-05-02 10:00:00-04:00,-51.5
2025-05-02 10:15:00-04:00,-39.3125
2025-05-02 10:30:00-04:00,-21.8125
2025-05-02 10:45:00-04:00,-31.8125
2025-05-02 11:00:00-04:00,-5.5625
2025-05-02 11:15:00-04:00,-44.3125
2025-05-02 11:30:00-04:00,-45.5625
2025-05-02 11:45:00-04:00,10.6875
2025-05-02 12:00:00-04:00,40.6875
2025-05-02 12:15:00-04:00,90.6875
2025-05-02 12:30:00-04:00,91.9375
2025-05-02 12:45:00-04:00,96.9375
2025-05-02 13:00:00-04:00,61.9375
2025-05-02 13:15:00-04:00,49.4375
2025-05-02 13:30:00-04:00,56.9375
2025-05-02 13:45:00-04:00,71.9375
2025-05-02 14:00:00-04:00,90.6875
2025-05-02 14:15:00-04:00,105.6875
2025-05-02 14:30:00-04:00,116.9375
2025-05-02 14:45:00-04:00,55.6875
2025-05-02 15:00:00-04:00,40.6875
2025-05-02 15:15:00-04:00,60.6875
2025-05-02 15:30:00-04:00,84.4375
2025-05-02 15:45:00-04:00,30.6875
2025-05-05 09:30:00-04:00,0.0
2025-05-05 09:45:00-04:00,0.0
2025-05-05 10:00:00-04:00,0.0
2025-05-05 10:15:00-04:00,0.0
2025-05-05 10:30:00-04:00,0.0
2025-05-05 10:45:00-04:00,0.0
2025-05-05 11:00:00-04:00,0.0
2025-05-05 11:15:00-04:00,0.0
2025-05-05 11:30:00-04:00,0.0
2025-05-05 11:45:00-04:00,0.0
2025-05-05 12:00:00-04:00,0.0
2025-05-05 12:15:00-04:00,0.0
2025-05-05 12:30:00-04:00,0.0
2025-05-05 12:45:00-04:00,0.0
2025-05-05 13:00:00-04:00,0.0
2025-05-05 13:15:00-04:00,0.0
2025-05-05 13:30:00-04:00,-0.5
2025-05-05 13:45:00-04:00,2.3125
2025-05-05 14:00:00-04:00,6.0625
2025-05-05 14:15:00-04:00,31.0625
2025-05-05 14:30:00-04:00,33.5625
2025-05-05 14:45:00-04:00,14.8125
2025-05-05 15:00:00-04:00,-16.4375
2025-05-05 15:15:00-04:00,-45.1875
2025-05-05 15:30:00-04:00,-51.0
2025-05-05 15:45:00-04:00,-51.0
2025-05-06 09:30:00-04:00,0.0
2025-05-06 09:45:00-04:00,0.0
2025-05-06 10:00:00-04:00,0.0
2025-05-06 10:15:00-04:00,0.0
2025-05-06 10:30:00-04:00,0.0
2025-05-06 10:45:00-04:00,0.0
2025-05-06 11:00:00-04:00,0.0
2025-05-06 11:15:00-04:00,0.0
2025-05-06 11:30:00-04:00,0.0
2025-05-06 11:45:00-04:00,0.0
2025-05-06 12:00:00-04:00,0.0
2025-05-06 12:15:00-04:00,0.0
2025-05-06 12:30:00-04:00,0.0
2025-05-06 12:45:00-04:00,0.0
2025-05-06 13:00:00-04:00,0.0
2025-05-06 13:15:00-04:00,0.0
2025-05-06 13:30:00-04:00,0.0
2025-05-06 13:45:00-04:00,0.0
2025-05-06 14:00:00-04:00,0.0
2025-05-06 14:15:00-04:00,0.0
2025-05-06 14:30:00-04:00,0.0
2025-05-06 14:45:00-04:00,0.0
2025-05-06 15:00:00-04:00,0.0
2025-05-06 15:15:00-04:00,0.0
2025-05-06 15:30:00-04:00,0.0
2025-05-06 15:45:00-04:00,0.0
2025-05-07 09:30:00-04:00,0.0
2025-05-07 09:45:00-04:00,0.0
2025-05-07 10:00:00-04:00,0.0
2025-05-07 10:15:00-04:00,0.0
2025-05-07 10:30:00-04:00,0.0
2025-05-07 10:45:00-04:00,0.0
2025-05-07 11:00:00-04:00,0.0
2025-05-07 11:15:00-04:00,0.0
2025-05-07 11:30:00-04:00,0.0
2025-05-07 11:45:00-04:00,0.0
2025-05-07 12:00:00-04:00,0.0
2025-05-07 12:15:00-04:00,0.0
2025-05-07 12:30:00-04:00,0.0
2025-05-07 12:45:00-04:00,0.0
2025-05-07 13:00:00-04:00,0.0
2025-05-07 13:15:00-04:00,0.0
2025-05-07 13:30:00-04:00,0.0
2025-05-07 13:45:00-04:00,0.0
2025-05-07 14:00:00-04:00,0.0
2025-05-07 14:15:00-04:00,0.0
2025-05-07 14:30:00-04:00,0.0
2025-05-07 14:45:00-04:00,0.0
2025-05-07 15:00:00-04:00,0.0
2025-05-07 15:15:00-04:00,0.0
2025-05-07 15:30:00-04:00,0.0
2025-05-07 15:45:00-04:00,0.0
2025-05-08 09:30:00-04:00,0.0
2025-05-08 09:45:00-04:00,0.0
2025-05-08 10:00:00-04:00,0.0
2025-05-08 10:15:00-04:00,0.0
2025-05-08 10:30:00-04:00,0.0
2025-05-08 10:45:00-04:00,0.0
2025-05-08 11:00:00-04:00,0.0
2025-05-08 11:15:00-04:00,0.0
2025-05-08 11:30:00-04:00,0.0
2025-05-08 11:45:00-04:00,0.0
2025-05-08 12:00:00-04:00,0.0
2025-05-08 12:15:00-04:00,0.0
2025-05-08 12:30:00-04:00,0.0
2025-05-08 12:45:00-04:00,0.0
2025-05-08 13:00:00-04:00,0.0
2025-05-08 13:15:00-04:00,0.0
2025-05-08 13:30:00-04:00,0.0
2025-05-08 13:45:00-04:00,0.0
2025-05-08 14:00:00-04:00,0.0
2025-05-08 14:15:00-04:00,0.0
2025-05-08 14:30:00-04:00,0.0
2025-05-08 14:45:00-04:00,0.0
2025-05-08 15:00:00-04:00,0.0
2025-05-08 15:15:00-04:00,0.0
2025-05-08 15:30:00-04:00,0.0
2025-05-08 15:45:00-04:00,0.0
2025-05-09 09:30:00-04:00,0.0
2025-05-09 09:45:00-04:00,0.0
2025-05-09 10:00:00-04:00,0.0
2025-05-09 10:15:00-04:00,0.0
2025-05-09 10:30:00-04:00,0.0
2025-05-09 10:45:00-04:00,0.0
2025-05-09 11:00:00-04:00,0.0
2025-05-09 11:15:00-04:00,0.0
2025-05-09 11:30:00-04:00,0.0
2025-05-09 11:45:00-04:00,0.0
2025-05-09 12:00:00-04:00,0.0
2025-05-09 12:15:00-04:00,0.0
2025-05-09 12:30:00-04:00,0.0
2025-05-09 12:45:00-04:00,0.0
2025-05-09 13:00:00-04:00,0.0
2025-05-09 13:15:00-04:00,0.0
2025-05-09 13:30:00-04:00,0.0
2025-05-09 13:45:00-04:00,0.0
2025-05-09 14:00:00-04:00,0.0
2025-05-09 14:15:00-04:00,0.0
2025-05-09 14:30:00-04:00,0.0
2025-05-09 14:45:00-04:00,0.0
2025-05-09 15:00:00-04:00,-0.5
2025-05-09 15:15:00-04:00,-21.75
2025-05-09 15:30:00-04:00,-51.0
2025-05-09 15:45:00-04:00,-51.0
2025-05-12 09:30:00-04:00,-0.5
2025-05-12 09:45:00-04:00,-51.0
2025-05-12 10:00:00-04:00,-51.5
2025-05-12 10:15:00-04:00,-102.0
2025-05-12 10:30:00-04:00,-102.5
2025-05-12 10:45:00-04:00,-80.625
2025-05-12 11:00:00-04:00,-83.125
2025-05-12 11:15:00-04:00,-119.375
2025-05-12 11:30:00-04:00,-116.875
2025-05-12 11:45:00-04:00,-125.625
2025-05-12 12:00:00-04:00,-129.375
2025-05-12 12:15:00-04:00,-85.625
2025-05-12 12:30:00-04:00,-65.625
2025-05-12 12:45:00-04:00,-19.375
2025-05-12 13:00:00-04:00,21.875
2025-05-12 13:15:00-04:00,25.625
2025-05-12 13:30:00-04:00,31.875
2025-05-12 13:45:00-04:00,48.125
2025-05-12 14:00:00-04:00,39.375
2025-05-12 14:15:00-04:00,51.875
2025-05-12 14:30:00-04:00,73.125
2025-05-12 14:45:00-04:00,48.125
2025-05-12 15:00:00-04:00,31.875
2025-05-12 15:15:00-04:00,38.125
2025-05-12 15:30:00-04:00,18.125
2025-05-12 15:45:00-04:00,13.125
2025-05-13 09:30:00-04:00,-0.5
2025-05-13 09:45:00-04:00,7.3125
2025-05-13 10:00:00-04:00,68.5625
2025-05-13 10:15:00-04:00,146.0625
2025-05-13 10:30:00-04:00,114.8125
2025-05-13 10:45:00-04:00,113.5625
2025-05-13 11:00:00-04:00,143.5625
2025-05-13 11:15:00-04:00,156.0625
2025-05-13 11:30:00-04:00,188.5625
2025-05-13 11:45:00-04:00,176.0625
2025-05-13 12:00:00-04:00,156.0625
2025-05-13 12:15:00-04:00,149.8125
2025-05-13 12:30:00-04:00,172.3125
2025-05-13 12:45:00-04:00,204.8125
2025-05-13 13:00:00-04:00,192.3125
2025-05-13 13:15:00-04:00,193.5625
2025-05-13 13:30:00-04:00,224.8125
2025-05-13 13:45:00-04:00,202.3125
2025-05-13 14:00:00-04:00,181.0625
2025-05-13 14:15:00-04:00,201.0625
2025-05-13 14:30:00-04:00,183.5625
2025-05-13 14:45:00-04:00,182.3125
2025-05-13 15:00:00-04:00,219.8125
2025-05-13 15:15:00-04:00,221.0625
2025-05-13 15:30:00-04:00,228.5625
2025-05-13 15:45:00-04:00,141.0625
2025-05-14 09:30:00-04:00,-0.5
2025-05-14 09:45:00-04:00,-51.0
2025-05-14 10:00:00-04:00,-51.0
2025-05-14 10:15:00-04:00,-51.0
2025-05-14 10:30:00-04:00,-51.0
2025-05-14 10:45:00-04:00,-51.0
2025-05-14 11:00:00-04:00,-51.0
2025-05-14 11:15:00-04:00,-51.0
2025-05-14 11:30:00-04:00,-51.0
2025-05-14 11:45:00-04:00,-51.0
2025-05-14 12:00:00-04:00,-51.0
2025-05-14 12:15:00-04:00,-51.0
2025-05-14 12:30:00-04:00,-51.0
2025-05-14 12:45:00-04:00,-51.0
2025-05-14 13:00:00-04:00,-51.0
2025-05-14 13:15:00-04:00,-51.0
2025-05-14 13:30:00-04:00,-51.0
2025-05-14 13:45:00-04:00,-51.0
2025-05-14 14:00:00-04:00,-51.0
2025-05-14 14:15:00-04:00,-51.0
2025-05-14 14:30:00-04:00,-51.0
2025-05-14 14:45:00-04:00,-51.0
2025-05-14 15:00:00-04:00,-51.0
2025-05-14 15:15:00-04:00,-51.0
2025-05-14 15:30:00-04:00,-51.0
2025-05-14 15:45:00-04:00,-51.0
2025-05-15 09:30:00-04:00,0.0
2025-05-15 09:45:00-04:00,0.0
2025-05-15 10:00:00-04:00,0.0
2025-05-15 10:15:00-04:00,0.0
2025-05-15 10:30:00-04:00,0.0
2025-05-15 10:45:00-04:00,0.0
2025-05-15 11:00:00-04:00,0.0
2025-05-15 11:15:00-04:00,0.0
2025-05-15 11:30:00-04:00,-0.5
2025-05-15 11:45:00-04:00,-12.0625
2025-05-15 12:00:00-04:00,-0.8125
2025-05-15 12:15:00-04:00,-5.8125
2025-05-15 12:30:00-04:00,-0.8125
2025-05-15 12:45:00-04:00,34.1875
2025-05-15 13:00:00-04:00,56.6875
2025-05-15 13:15:00-04:00,66.6875
2025-05-15 13:30:00-04:00,46.6875
2025-05-15 13:45:00-04:00,41.6875
2025-05-15 14:00:00-04:00,15.4375
2025-05-15 14:15:00-04:00,-10.8125
2025-05-15 14:30:00-04:00,25.4375
2025-05-15 14:45:00-04:00,35.4375
2025-05-15 15:00:00-04:00,20.4375
2025-05-15 15:15:00-04:00,-28.3125
2025-05-15 15:30:00-04:00,-5.8125
2025-05-15 15:45:00-04:00,7.9375
2025-05-16 09:30:00-04:00,-0.5
2025-05-16 09:45:00-04:00,-25.5
2025-05-16 10:00:00-04:00,-38.0
2025-05-16 10:15:00-04:00,-10.5
2025-05-16 10:30:00-04:00,-51.0
2025-05-16 10:45:00-04:00,-51.5
2025-05-16 11:00:00-04:00,-33.0625
2025-05-16 11:15:00-04:00,-34.3125
2025-05-16 11:30:00-04:00,-9.3125
2025-05-16 11:45:00-04:00,-6.8125
2025-05-16 12:00:00-04:00,-8.0625
2025-05-16 12:15:00-04:00,39.4375
2025-05-16 12:30:00-04:00,40.6875
2025-05-16 12:45:00-04:00,35.6875
2025-05-16 13:00:00-04:00,51.9375
2025-05-16 13:15:00-04:00,83.1875
2025-05-16 13:30:00-04:00,93.1875
2025-05-16 13:45:00-04:00,75.6875
2025-05-16 14:00:00-04:00,80.6875
2025-05-16 14:15:00-04:00,93.1875
2025-05-16 14:30:00-04:00,105.6875
2025-05-16 14:45:00-04:00,124.4375
2025-05-16 15:00:00-04:00,125.6875
2025-05-16 15:15:00-04:00,131.9375
2025-05-16 15:30:00-04:00,111.9375
2025-05-16 15:45:00-04:00,104.4375
2025-05-19 09:30:00-04:00,-0.5
2025-05-19 09:45:00-04:00,42.3125
2025-05-19 10:00:00-04:00,84.8125
2025-05-19 10:15:00-04:00,107.3125
2025-05-19 10:30:00-04:00,149.9375
2025-05-19 10:45:00-04:00,149.9375
2025-05-19 11:00:00-04:00,149.9375
2025-05-19 11:15:00-04:00,149.9375
2025-05-19 11:30:00-04:00,149.9375
2025-05-19 11:45:00-04:00,149.9375
2025-05-19 12:00:00-04:00,149.9375
2025-05-19 12:15:00-04:00,149.9375
2025-05-19 12:30:00-04:00,149.9375
2025-05-19 12:45:00-04:00,149.4375
2025-05-19 13:00:00-04:00,161.9375
2025-05-19 13:15:00-04:00,186.9375
2025-05-19 13:30:00-04:00,178.1875
2025-05-19 13:45:00-04:00,155.6875
2025-05-19 14:00:00-04:00,135.6875
2025-05-19 14:15:00-04:00,105.6875
2025-05-19 14:30:00-04:00,118.1875
2025-05-19 14:45:00-04:00,131.9375
2025-05-19 15:00:00-04:00,128.1875
2025-05-19 15:15:00-04:00,98.9375
2025-05-19 15:30:00-04:00,98.4375
2025-05-19 15:45:00-04:00,95.625
2025-05-20 09:30:00-04:00,-0.5
2025-05-20 09:45:00-04:00,-51.0
2025-05-20 10:00:00-04:00,-51.0
2025-05-20 10:15:00-04:00,-51.0
2025-05-20 10:30:00-04:00,-51.0
2025-05-20 10:45:00-04:00,-51.0
2025-05-20 11:00:00-04:00,-51.0
2025-05-20 11:15:00-04:00,-51.0
2025-05-20 11:30:00-04:00,-51.0
2025-05-20 11:45:00-04:00,-51.0
2025-05-20 12:00:00-04:00,-51.0
2025-05-20 12:15:00-04:00,-51.0
2025-05-20 12:30:00-04:00,-51.0
2025-05-20 12:45:00-04:00,-51.0
2025-05-20 13:00:00-04:00,-51.0
2025-05-20 13:15:00-04:00,-51.0
2025-05-20 13:30:00-04:00,-51.0
2025-05-20 13:45:00-04:00,-51.0
2025-05-20 14:00:00-04:00,-51.0
2025-05-20 14:15:00-04:00,-51.0
2025-05-20 14:30:00-04:00,-51.0
2025-05-20 14:45:00-04:00,-51.0
2025-05-20 15:00:00-04:00,-51.0
2025-05-20 15:15:00-04:00,-51.0
2025-05-20 15:30:00-04:00,-51.0
2025-05-20 15:45:00-04:00,-51.0
2025-05-21 09:30:00-04:00,0.0
2025-05-21 09:45:00-04:00,0.0
2025-05-21 10:00:00-04:00,0.0
2025-05-21 10:15:00-04:00,0.0
2025-05-21 10:30:00-04:00,0.0
2025-05-21 10:45:00-04:00,0.0
2025-05-21 11:00:00-04:00,0.0
2025-05-21 11:15:00-04:00,0.0
2025-05-21 11:30:00-04:00,0.0
2025-05-21 11:45:00-04:00,0.0
2025-05-21 12:00:00-04:00,0.0
2025-05-21 12:15:00-04:00,0.0
2025-05-21 12:30:00-04:00,-0.5
2025-05-21 12:45:00-04:00,-22.0625
2025-05-21 13:00:00-04:00,-51.0
2025-05-21 13:15:00-04:00,-51.0
2025-05-21 13:30:00-04:00,-51.0
2025-05-21 13:45:00-04:00,-51.0
2025-05-21 14:00:00-04:00,-51.0
2025-05-21 14:15:00-04:00,-51.0
2025-05-21 14:30:00-04:00,-51.0
2025-05-21 14:45:00-04:00,-51.0
2025-05-21 15:00:00-04:00,-51.0
2025-05-21 15:15:00-04:00,-51.0
2025-05-21 15:30:00-04:00,-51.0
2025-05-21 15:45:00-04:00,-51.0
2025-05-22 09:30:00-04:00,0.0
2025-05-22 09:45:00-04:00,0.0
2025-05-22 10:00:00-04:00,0.0
2025-05-22 10:15:00-04:00,0.0
2025-05-22 10:30:00-04:00,0.0
2025-05-22 10:45:00-04:00,0.0
2025-05-22 11:00:00-04:00,0.0
2025-05-22 11:15:00-04:00,0.0
2025-05-22 11:30:00-04:00,0.0
2025-05-22 11:45:00-04:00,0.0
2025-05-22 12:00:00-04:00,0.0
2025-05-22 12:15:00-04:00,0.0
2025-05-22 12:30:00-04:00,0.0
2025-05-22 12:45:00-04:00,0.0
2025-05-22 13:00:00-04:00,0.0
2025-05-22 13:15:00-04:00,0.0
2025-05-22 13:30:00-04:00,0.0
2025-05-22 13:45:00-04:00,0.0
2025-05-22 14:00:00-04:00,0.0
2025-05-22 14:15:00-04:00,0.0
2025-05-22 14:30:00-04:00,0.0
2025-05-22 14:45:00-04:00,0.0
2025-05-22 15:00:00-04:00,0.0
2025-05-22 15:15:00-04:00,0.0
2025-05-22 15:30:00-04:00,0.0
2025-05-22 15:45:00-04:00,0.0
2025-05-23 09:30:00-04:00,0.0
2025-05-23 09:45:00-04:00,0.0
2025-05-23 10:00:00-04:00,0.0
2025-05-23 10:15:00-04:00,0.0
2025-05-23 10:30:00-04:00,0.0
2025-05-23 10:45:00-04:00,0.0
2025-05-23 11:00:00-04:00,0.0
2025-05-23 11:15:00-04:00,0.0
2025-05-23 11:30:00-04:00,0.0
2025-05-23 11:45:00-04:00,0.0
2025-05-23 12:00:00-04:00,0.0
2025-05-23 12:15:00-04:00,0.0
2025-05-23 12:30:00-04:00,0.0
2025-05-23 12:45:00-04:00,0.0
2025-05-23 13:00:00-04:00,0.0
2025-05-23 13:15:00-04:00,0.0
2025-05-23 13:30:00-04:00,0.0
2025-05-23 13:45:00-04:00,0.0
2025-05-23 14:00:00-04:00,0.0
2025-05-23 14:15:00-04:00,0.0
2025-05-23 14:30:00-04:00,0.0
2025-05-23 14:45:00-04:00,0.0
2025-05-23 15:00:00-04:00,0.0
2025-05-23 15:15:00-04:00,0.0
2025-05-23 15:30:00-04:00,0.0
2025-05-23 15:45:00-04:00,0.0
2025-05-26 09:30:00-04:00,0.0
2025-05-26 09:45:00-04:00,0.0
2025-05-26 10:00:00-04:00,0.0
2025-05-26 10:15:00-04:00,0.0
2025-05-26 10:30:00-04:00,0.0
2025-05-26 10:45:00-04:00,0.0
2025-05-26 11:00:00-04:00,0.0
2025-05-26 11:15:00-04:00,0.0
2025-05-26 11:30:00-04:00,0.0
2025-05-26 11:45:00-04:00,0.0
2025-05-26 12:00:00-04:00,0.0
2025-05-26 12:15:00-04:00,0.0
2025-05-26 12:30:00-04:00,0.0
2025-05-26 12:45:00-04:00,0.0
2025-05-27 09:30:00-04:00,0.0
2025-05-27 09:45:00-04:00,0.0
2025-05-27 10:00:00-04:00,0.0
2025-05-27 10:15:00-04:00,0.0
2025-05-27 10:30:00-04:00,0.0
2025-05-27 10:45:00-04:00,0.0
2025-05-27 11:00:00-04:00,0.0
2025-05-27 11:15:00-04:00,0.0
2025-05-27 11:30:00-04:00,0.0
2025-05-27 11:45:00-04:00,0.0
2025-05-27 12:00:00-04:00,0.0
2025-05-27 12:15:00-04:00,0.0
2025-05-27 12:30:00-04:00,0.0
2025-05-27 12:45:00-04:00,0.0
2025-05-27 13:00:00-04:00,0.0
2025-05-27 13:15:00-04:00,0.0
2025-05-27 13:30:00-04:00,0.0
2025-05-27 13:45:00-04:00,0.0
2025-05-27 14:00:00-04:00,0.0
2025-05-27 14:15:00-04:00,0.0
2025-05-27 14:30:00-04:00,0.0
2025-05-27 14:45:00-04:00,0.0
2025-05-27 15:00:00-04:00,0.0
2025-05-27 15:15:00-04:00,0.0
2025-05-27 15:30:00-04:00,0.0
2025-05-27 15:45:00-04:00,0.0
2025-05-28 09:30:00-04:00,-0.5
2025-05-28 09:45:00-04:00,-51.0
2025-05-28 10:00:00-04:00,-51.5
2025-05-28 10:15:00-04:00,-90.25
2025-05-28 10:30:00-04:00,-102.0
2025-05-28 10:45:00-04:00,-102.0
2025-05-28 11:00:00-04:00,-102.0
2025-05-28 11:15:00-04:00,-102.0
2025-05-28 11:30:00-04:00,-102.0
2025-05-28 11:45:00-04:00,-102.0
2025-05-28 12:00:00-04:00,-102.0
2025-05-28 12:15:00-04:00,-102.0
2025-05-28 12:30:00-04:00,-102.0
2025-05-28 12:45:00-04:00,-102.0
2025-05-28 13:00:00-04:00,-102.0
2025-05-28 13:15:00-04:00,-102.0
2025-05-28 13:30:00-04:00,-102.0
2025-05-28 13:45:00-04:00,-102.0
2025-05-28 14:00:00-04:00,-102.0
2025-05-28 14:15:00-04:00,-102.0
2025-05-28 14:30:00-04:00,-102.0
2025-05-28 14:45:00-04:00,-102.0
2025-05-28 15:00:00-04:00,-102.0
2025-05-28 15:15:00-04:00,-102.0
2025-05-28 15:30:00-04:00,-102.0
2025-05-28 15:45:00-04:00,-102.0
2025-05-29 09:30:00-04:00,0.0
2025-05-29 09:45:00-04:00,0.0
2025-05-29 10:00:00-04:00,0.0
2025-05-29 10:15:00-04:00,0.0
2025-05-29 10:30:00-04:00,0.0
2025-05-29 10:45:00-04:00,0.0
2025-05-29 11:00:00-04:00,0.0
2025-05-29 11:15:00-04:00,-0.5
2025-05-29 11:30:00-04:00,-51.0
2025-05-29 11:45:00-04:00,-51.0
2025-05-29 12:00:00-04:00,-51.0
2025-05-29 12:15:00-04:00,-51.0
2025-05-29 12:30:00-04:00,-51.0
2025-05-29 12:45:00-04:00,-51.0
2025-05-29 13:00:00-04:00,-51.0
2025-05-29 13:15:00-04:00,-51.0
2025-05-29 13:30:00-04:00,-51.0
2025-05-29 13:45:00-04:00,-51.0
2025-05-29 14:00:00-04:00,-51.0
2025-05-29 14:15:00-04:00,-51.0
2025-05-29 14:30:00-04:00,-51.0
2025-05-29 14:45:00-04:00,-51.0
2025-05-29 15:00:00-04:00,-51.0
2025-05-29 15:15:00-04:00,-51.0
2025-05-29 15:30:00-04:00,-51.0
2025-05-29 15:45:00-04:00,-51.0
2025-05-30 09:30:00-04:00,0.0
2025-05-30 09:45:00-04:00,0.0
2025-05-30 10:00:00-04:00,0.0
2025-05-30 10:15:00-04:00,0.0
2025-05-30 10:30:00-04:00,0.0
2025-05-30 10:45:00-04:00,0.0
2025-05-30 11:00:00-04:00,0.0
2025-05-30 11:15:00-04:00,0.0
2025-05-30 11:30:00-04:00,0.0
2025-05-30 11:45:00-04:00,0.0
2025-05-30 12:00:00-04:00,0.0
2025-05-30 12:15:00-04:00,0.0
2025-05-30 12:30:00-04:00,0.0
2025-05-30 12:45:00-04:00,0.0
2025-05-30 13:00:00-04:00,0.0
2025-05-30 13:15:00-04:00,0.0
2025-05-30 13:30:00-04:00,0.0
2025-05-30 13:45:00-04:00,0.0
2025-05-30 14:00:00-04:00,0.0
2025-05-30 14:15:00-04:00,0.0
2025-05-30 14:30:00-04:00,0.0
2025-05-30 14:45:00-04:00,0.0
2025-05-30 15:00:00-04:00,0.0
2025-05-30 15:15:00-04:00,-0.5
2025-05-30 15:30:00-04:00,-39.875
2025-05-30 15:45:00-04:00,-51.0
2025-06-02 09:30:00-04:00,0.0
2025-06-02 09:45:00-04:00,0.0
2025-06-02 10:00:00-04:00,0.0
2025-06-02 10:15:00-04:00,0.0
2025-06-02 10:30:00-04:00,0.0
2025-06-02 10:45:00-04:00,0.0
2025-06-02 11:00:00-04:00,0.0
2025-06-02 11:15:00-04:00,0.0
2025-06-02 11:30:00-04:00,0.0
2025-06-02 11:45:00-04:00,0.0
2025-06-02 12:00:00-04:00,0.0
2025-06-02 12:15:00-04:00,0.0
2025-06-02 12:30:00-04:00,0.0
2025-06-02 12:45:00-04:00,0.0
2025-06-02 13:00:00-04:00,0.0
2025-06-02 13:15:00-04:00,0.0
2025-06-02 13:30:00-04:00,0.0
2025-06-02 13:45:00-04:00,0.0
2025-06-02 14:00:00-04:00,0.0
2025-06-02 14:15:00-04:00,0.0
2025-06-02 14:30:00-04:00,0.0
2025-06-02 14:45:00-04:00,0.0
2025-06-02 15:00:00-04:00,0.0
2025-06-02 15:15:00-04:00,0.0
2025-06-02 15:30:00-04:00,0.0
2025-06-02 15:45:00-04:00,0.0
2025-06-03 09:30:00-04:00,-0.5
2025-06-03 09:45:00-04:00,-29.25
2025-06-03 10:00:00-04:00,-44.25
2025-06-03 10:15:00-04:00,8.25
2025-06-03 10:30:00-04:00,23.25
2025-06-03 10:45:00-04:00,47.0
2025-06-03 11:00:00-04:00,83.25
2025-06-03 11:15:00-04:00,89.5
2025-06-03 11:30:00-04:00,107.0
2025-06-03 11:45:00-04:00,117.0
2025-06-03 12:00:00-04:00,128.25
2025-06-03 12:15:00-04:00,149.5
2025-06-03 12:30:00-04:00,167.0
2025-06-03 12:45:00-04:00,179.5
2025-06-03 13:00:00-04:00,178.25
2025-06-03 13:15:00-04:00,200.75
2025-06-03 13:30:00-04:00,188.25
2025-06-03 13:45:00-04:00,168.25
2025-06-03 14:00:00-04:00,104.5
2025-06-03 14:15:00-04:00,113.25
2025-06-03 14:30:00-04:00,160.75
2025-06-03 14:45:00-04:00,164.5
2025-06-03 15:00:00-04:00,153.25
2025-06-03 15:15:00-04:00,154.5
2025-06-03 15:30:00-04:00,154.5
2025-06-03 15:45:00-04:00,127.0
2025-06-04 09:30:00-04:00,-0.5
2025-06-04 09:45:00-04:00,-8.0
2025-06-04 10:00:00-04:00,-51.0
2025-06-04 10:15:00-04:00,-51.5
2025-06-04 10:30:00-04:00,-72.4375
2025-06-04 10:45:00-04:00,-82.4375
2025-06-04 11:00:00-04:00,-44.9375
2025-06-04 11:15:00-04:00,-63.6875
2025-06-04 11:30:00-04:00,-92.4375
2025-06-04 11:45:00-04:00,-86.1875
2025-06-04 12:00:00-04:00,-102.0
2025-06-04 12:15:00-04:00,-102.5
2025-06-04 12:30:00-04:00,-110.9375
2025-06-04 12:45:00-04:00,-82.1875
2025-06-04 13:00:00-04:00,-67.1875
2025-06-04 13:15:00-04:00,-49.6875
2025-06-04 13:30:00-04:00,-53.4375
2025-06-04 13:45:00-04:00,-39.6875
2025-06-04 14:00:00-04:00,-35.9375
2025-06-04 14:15:00-04:00,-39.6875
2025-06-04 14:30:00-04:00,-44.6875
2025-06-04 14:45:00-04:00,-63.4375
2025-06-04 15:00:00-04:00,-65.9375
2025-06-04 15:15:00-04:00,-69.6875
2025-06-04 15:30:00-04:00,-83.4375
2025-06-04 15:45:00-04:00,-110.9375
2025-06-05 09:30:00-04:00,0.0
2025-06-05 09:45:00-04:00,0.0
2025-06-05 10:00:00-04:00,0.0
2025-06-05 10:15:00-04:00,0.0
2025-06-05 10:30:00-04:00,0.0
2025-06-05 10:45:00-04:00,0.0
2025-06-05 11:00:00-04:00,0.0
2025-06-05 11:15:00-04:00,0.0
2025-06-05 11:30:00-04:00,0.0
2025-06-05 11:45:00-04:00,-0.5
2025-06-05 12:00:00-04:00,-35.5
2025-06-05 12:15:00-04:00,-51.0
2025-06-05 12:30:00-04:00,-51.5
2025-06-05 12:45:00-04:00,-102.0
2025-06-05 13:00:00-04:00,-102.5
2025-06-05 13:15:00-04:00,-65.0
2025-06-05 13:30:00-04:00,-48.75
2025-06-05 13:45:00-04:00,-86.25
2025-06-05 14:00:00-04:00,-107.6875
2025-06-05 14:15:00-04:00,-107.6875
2025-06-05 14:30:00-04:00,-107.6875
2025-06-05 14:45:00-04:00,-107.6875
2025-06-05 15:00:00-04:00,-107.6875
2025-06-05 15:15:00-04:00,-107.6875
2025-06-05 15:30:00-04:00,-107.6875
2025-06-05 15:45:00-04:00,-107.6875
2025-06-06 09:30:00-04:00,0.0
2025-06-06 09:45:00-04:00,0.0
2025-06-06 10:00:00-04:00,0.0
2025-06-06 10:15:00-04:00,0.0
2025-06-06 10:30:00-04:00,-0.5
2025-06-06 10:45:00-04:00,-12.6875
2025-06-06 11:00:00-04:00,-8.9375
2025-06-06 11:15:00-04:00,-51.0
2025-06-06 11:30:00-04:00,-51.5
2025-06-06 11:45:00-04:00,-57.75
2025-06-06 12:00:00-04:00,-41.5
2025-06-06 12:15:00-04:00,-55.25
2025-06-06 12:30:00-04:00,-99.0
2025-06-06 12:45:00-04:00,-102.0
2025-06-06 13:00:00-04:00,-102.5
2025-06-06 13:15:00-04:00,-107.8125
2025-06-06 13:30:00-04:00,-71.5625
2025-06-06 13:45:00-04:00,-46.5625
2025-06-06 14:00:00-04:00,-34.0625
2025-06-06 14:15:00-04:00,5.4375
2025-06-06 14:30:00-04:00,5.4375
2025-06-06 14:45:00-04:00,5.4375
2025-06-06 15:00:00-04:00,4.9375
2025-06-06 15:15:00-04:00,-25.375
2025-06-06 15:30:00-04:00,-34.125
2025-06-06 15:45:00-04:00,-39.125
2025-06-09 09:30:00-04:00,-0.5
2025-06-09 09:45:00-04:00,-26.75
2025-06-09 10:00:00-04:00,-30.5
2025-06-09 10:15:00-04:00,-0.5
2025-06-09 10:30:00-04:00,0.75
2025-06-09 10:45:00-04:00,-18.0
2025-06-09 11:00:00-04:00,4.5
2025-06-09 11:15:00-04:00,-18.0
2025-06-09 11:30:00-04:00,-10.5
2025-06-09 11:45:00-04:00,7.0
2025-06-09 12:00:00-04:00,-3.0
2025-06-09 12:15:00-04:00,10.75
2025-06-09 12:30:00-04:00,19.5
2025-06-09 12:45:00-04:00,43.25
2025-06-09 13:00:00-04:00,55.75
2025-06-09 13:15:00-04:00,35.75
2025-06-09 13:30:00-04:00,59.5
2025-06-09 13:45:00-04:00,74.5
2025-06-09 14:00:00-04:00,67.0
2025-06-09 14:15:00-04:00,77.0
2025-06-09 14:30:00-04:00,48.25
2025-06-09 14:45:00-04:00,60.75
2025-06-09 15:00:00-04:00,59.5
2025-06-09 15:15:00-04:00,45.75
2025-06-09 15:30:00-04:00,34.5
2025-06-09 15:45:00-04:00,-3.0
2025-06-10 09:30:00-04:00,-0.5
2025-06-10 09:45:00-04:00,-8.9375
2025-06-10 10:00:00-04:00,-0.1875
2025-06-10 10:15:00-04:00,18.5625
2025-06-10 10:30:00-04:00,26.0625
2025-06-10 10:45:00-04:00,27.3125
2025-06-10 11:00:00-04:00,17.3125
2025-06-10 11:15:00-04:00,28.5625
2025-06-10 11:30:00-04:00,-51.0
2025-06-10 11:45:00-04:00,-51.5
2025-06-10 12:00:00-04:00,-41.8125
2025-06-10 12:15:00-04:00,-29.3125
2025-06-10 12:30:00-04:00,-15.5625
2025-06-10 12:45:00-04:00,-14.3125
2025-06-10 13:00:00-04:00,-16.8125
2025-06-10 13:15:00-04:00,-10.5625
2025-06-10 13:30:00-04:00,-24.3125
2025-06-10 13:45:00-04:00,-39.3125
2025-06-10 14:00:00-04:00,-98.0625
2025-06-10 14:15:00-04:00,-68.0625
2025-06-10 14:30:00-04:00,-60.5625
2025-06-10 14:45:00-04:00,-38.0625
2025-06-10 15:00:00-04:00,18.1875
2025-06-10 15:15:00-04:00,14.4375
2025-06-10 15:30:00-04:00,-23.0625
2025-06-10 15:45:00-04:00,-14.3125
2025-06-11 09:30:00-04:00,-0.5
2025-06-11 09:45:00-04:00,-51.0
2025-06-11 10:00:00-04:00,-51.5
2025-06-11 10:15:00-04:00,-43.6875
2025-06-11 10:30:00-04:00,-22.4375
2025-06-11 10:45:00-04:00,-9.9375
2025-06-11 11:00:00-04:00,-68.6875
2025-06-11 11:15:00-04:00,-34.9375
2025-06-11 11:30:00-04:00,-57.4375
2025-06-11 11:45:00-04:00,-79.9375
2025-06-11 12:00:00-04:00,-102.0
2025-06-11 12:15:00-04:00,-102.5
2025-06-11 12:30:00-04:00,-107.1875
2025-06-11 12:45:00-04:00,-98.4375
2025-06-11 13:00:00-04:00,-80.9375
2025-06-11 13:15:00-04:00,-55.9375
2025-06-11 13:30:00-04:00,-85.9375
2025-06-11 13:45:00-04:00,-91.4375
2025-06-11 14:00:00-04:00,-91.4375
2025-06-11 14:15:00-04:00,-91.4375
2025-06-11 14:30:00-04:00,-91.4375
2025-06-11 14:45:00-04:00,-91.4375
2025-06-11 15:00:00-04:00,-91.4375
2025-06-11 15:15:00-04:00,-91.4375
2025-06-11 15:30:00-04:00,-91.4375
2025-06-11 15:45:00-04:00,-91.4375
2025-06-12 09:30:00-04:00,0.0
2025-06-12 09:45:00-04:00,0.0
2025-06-12 10:00:00-04:00,0.0
2025-06-12 10:15:00-04:00,0.0
2025-06-12 10:30:00-04:00,0.0
2025-06-12 10:45:00-04:00,0.0
2025-06-12 11:00:00-04:00,0.0
2025-06-12 11:15:00-04:00,0.0
2025-06-12 11:30:00-04:00,-0.5
2025-06-12 11:45:00-04:00,-32.6875
2025-06-12 12:00:00-04:00,-23.9375
2025-06-12 12:15:00-04:00,-11.4375
2025-06-12 12:30:00-04:00,-18.9375
2025-06-12 12:45:00-04:00,-1.4375
2025-06-12 13:00:00-04:00,-1.4375
2025-06-12 13:15:00-04:00,18.5625
2025-06-12 13:30:00-04:00,27.3125
2025-06-12 13:45:00-04:00,28.5625
2025-06-12 14:00:00-04:00,31.0625
2025-06-12 14:15:00-04:00,2.3125
2025-06-12 14:30:00-04:00,3.5625
2025-06-12 14:45:00-04:00,12.3125
2025-06-12 15:00:00-04:00,41.0625
2025-06-12 15:15:00-04:00,34.8125
2025-06-12 15:30:00-04:00,16.0625
2025-06-12 15:45:00-04:00,-0.1875
2025-06-13 09:30:00-04:00,0.0
2025-06-13 09:45:00-04:00,0.0
2025-06-13 10:00:00-04:00,0.0
2025-06-13 10:15:00-04:00,0.0
2025-06-13 10:30:00-04:00,0.0
2025-06-13 10:45:00-04:00,0.0
2025-06-13 11:00:00-04:00,0.0
2025-06-13 11:15:00-04:00,0.0
2025-06-13 11:30:00-04:00,0.0
2025-06-13 11:45:00-04:00,0.0
2025-06-13 12:00:00-04:00,0.0
2025-06-13 12:15:00-04:00,0.0
2025-06-13 12:30:00-04:00,0.0
2025-06-13 12:45:00-04:00,0.0
2025-06-13 13:00:00-04:00,0.0
2025-06-13 13:15:00-04:00,0.0
2025-06-13 13:30:00-04:00,0.0
2025-06-13 13:45:00-04:00,0.0
2025-06-13 14:00:00-04:00,0.0
2025-06-13 14:15:00-04:00,0.0
2025-06-13 14:30:00-04:00,0.0
2025-06-13 14:45:00-04:00,0.0
2025-06-13 15:00:00-04:00,0.0
2025-06-13 15:15:00-04:00,0.0
2025-06-13 15:30:00-04:00,0.0
2025-06-13 15:45:00-04:00,0.0
2025-06-16 09:30:00-04:00,0.0
2025-06-16 09:45:00-04:00,0.0
2025-06-16 10:00:00-04:00,0.0
2025-06-16 10:15:00-04:00,0.0
2025-06-16 10:30:00-04:00,0.0
2025-06-16 10:45:00-04:00,0.0
2025-06-16 11:00:00-04:00,0.0
2025-06-16 11:15:00-04:00,0.0
2025-06-16 11:30:00-04:00,0.0
2025-06-16 11:45:00-04:00,0.0
2025-06-16 12:00:00-04:00,0.0
2025-06-16 12:15:00-04:00,0.0
2025-06-16 12:30:00-04:00,0.0
2025-06-16 12:45:00-04:00,0.0
2025-06-16 13:00:00-04:00,0.0
2025-06-16 13:15:00-04:00,0.0
2025-06-16 13:30:00-04:00,0.0
2025-06-16 13:45:00-04:00,0.0
2025-06-16 14:00:00-04:00,0.0
2025-06-16 14:15:00-04:00,0.0
2025-06-16 14:30:00-04:00,0.0
2025-06-16 14:45:00-04:00,0.0
2025-06-16 15:00:00-04:00,0.0
2025-06-16 15:15:00-04:00,0.0
2025-06-16 15:30:00-04:00,0.0
2025-06-16 15:45:00-04:00,0.0
2025-06-17 09:30:00-04:00,0.0
2025-06-17 09:45:00-04:00,0.0
2025-06-17 10:00:00-04:00,0.0
2025-06-17 10:15:00-04:00,0.0
2025-06-17 10:30:00-04:00,0.0
2025-06-17 10:45:00-04:00,0.0
2025-06-17 11:00:00-04:00,0.0
2025-06-17 11:15:00-04:00,0.0
2025-06-17 11:30:00-04:00,0.0
2025-06-17 11:45:00-04:00,0.0
2025-06-17 12:00:00-04:00,0.0
2025-06-17 12:15:00-04:00,0.0
2025-06-17 12:30:00-04:00,0.0
2025-06-17 12:45:00-04:00,0.0
2025-06-17 13:00:00-04:00,0.0
2025-06-17 13:15:00-04:00,0.0
2025-06-17 13:30:00-04:00,0.0
2025-06-17 13:45:00-04:00,0.0
2025-06-17 14:00:00-04:00,0.0
2025-06-17 14:15:00-04:00,0.0
2025-06-17 14:30:00-04:00,0.0
2025-06-17 14:45:00-04:00,0.0
2025-06-17 15:00:00-04:00,0.0
2025-06-17 15:15:00-04:00,0.0
2025-06-17 15:30:00-04:00,0.0
2025-06-17 15:45:00-04:00,0.0
2025-06-18 09:30:00-04:00,0.0
2025-06-18 09:45:00-04:00,0.0
2025-06-18 10:00:00-04:00,0.0
2025-06-18 10:15:00-04:00,0.0
2025-06-18 10:30:00-04:00,0.0
2025-06-18 10:45:00-04:00,0.0
2025-06-18 11:00:00-04:00,0.0
2025-06-18 11:15:00-04:00,0.0
2025-06-18 11:30:00-04:00,0.0
2025-06-18 11:45:00-04:00,0.0
2025-06-18 12:00:00-04:00,0.0
2025-06-18 12:15:00-04:00,0.0
2025-06-18 12:30:00-04:00,0.0
2025-06-18 12:45:00-04:00,0.0
2025-06-18 13:00:00-04:00,0.0
2025-06-18 13:15:00-04:00,0.0
2025-06-18 13:30:00-04:00,0.0
2025-06-18 13:45:00-04:00,0.0
2025-06-18 14:00:00-04:00,0.0
2025-06-18 14:15:00-04:00,0.0
2025-06-18 14:30:00-04:00,0.0
2025-06-18 14:45:00-04:00,0.0
2025-06-18 15:00:00-04:00,0.0
2025-06-18 15:15:00-04:00,0.0
2025-06-18 15:30:00-04:00,0.0
2025-06-18 15:45:00-04:00,0.0
2025-06-19 09:30:00-04:00,0.0
2025-06-19 09:45:00-04:00,0.0
2025-06-19 10:00:00-04:00,0.0
2025-06-19 10:15:00-04:00,0.0
2025-06-19 10:30:00-04:00,0.0
2025-06-19 10:45:00-04:00,0.0
2025-06-19 11:00:00-04:00,0.0
2025-06-19 11:15:00-04:00,0.0
2025-06-19 11:30:00-04:00,0.0
2025-06-19 11:45:00-04:00,0.0
2025-06-19 12:00:00-04:00,0.0
2025-06-19 12:15:00-04:00,0.0
2025-06-19 12:30:00-04:00,0.0
2025-06-19 12:45:00-04:00,0.0
2025-06-20 09:30:00-04:00,0.0
2025-06-20 09:45:00-04:00,0.0
2025-06-20 10:00:00-04:00,0.0
2025-06-20 10:15:00-04:00,0.0
2025-06-20 10:30:00-04:00,0.0
2025-06-20 10:45:00-04:00,0.0
2025-06-20 11:00:00-04:00,0.0
2025-06-20 11:15:00-04:00,0.0
2025-06-20 11:30:00-04:00,0.0
2025-06-20 11:45:00-04:00,0.0
2025-06-20 12:00:00-04:00,0.0
2025-06-20 12:15:00-04:00,0.0
2025-06-20 12:30:00-04:00,0.0
2025-06-20 12:45:00-04:00,0.0
2025-06-20 13:00:00-04:00,0.0
2025-06-20 13:15:00-04:00,0.0
2025-06-20 13:30:00-04:00,0.0
2025-06-20 13:45:00-04:00,0.0
2025-06-20 14:00:00-04:00,0.0
2025-06-20 14:15:00-04:00,0.0
2025-06-20 14:30:00-04:00,0.0
2025-06-20 14:45:00-04:00,0.0
2025-06-20 15:00:00-04:00,0.0
2025-06-20 15:15:00-04:00,0.0
2025-06-20 15:30:00-04:00,0.0
2025-06-20 15:45:00-04:00,0.0
2025-06-23 09:30:00-04:00,0.0
2025-06-23 09:45:00-04:00,0.0
2025-06-23 10:00:00-04:00,0.0
2025-06-23 10:15:00-04:00,0.0
2025-06-23 10:30:00-04:00,0.0
2025-06-23 10:45:00-04:00,0.0
2025-06-23 11:00:00-04:00,0.0
2025-06-23 11:15:00-04:00,0.0
2025-06-23 11:30:00-04:00,0.0
2025-06-23 11:45:00-04:00,0.0
2025-06-23 12:00:00-04:00,0.0
2025-06-23 12:15:00-04:00,0.0
2025-06-23 12:30:00-04:00,0.0
2025-06-23 12:45:00-04:00,0.0
2025-06-23 13:00:00-04:00,0.0
2025-06-23 13:15:00-04:00,0.0
2025-06-23 13:30:00-04:00,0.0
2025-06-23 13:45:00-04:00,0.0
2025-06-23 14:00:00-04:00,0.0
2025-06-23 14:15:00-04:00,0.0
2025-06-23 14:30:00-04:00,0.0
2025-06-23 14:45:00-04:00,0.0
2025-06-23 15:00:00-04:00,0.0
2025-06-23 15:15:00-04:00,0.0
2025-06-23 15:30:00-04:00,0.0
2025-06-23 15:45:00-04:00,0.0
2025-06-24 09:30:00-04:00,-0.5
2025-06-24 09:45:00-04:00,-51.0
2025-06-24 10:00:00-04:00,-51.5
2025-06-24 10:15:00-04:00,-49.3125
2025-06-24 10:30:00-04:00,-25.5625
2025-06-24 10:45:00-04:00,-21.8125
2025-06-24 11:00:00-04:00,-5.5625
2025-06-24 11:15:00-04:00,14.4375
2025-06-24 11:30:00-04:00,33.1875
2025-06-24 11:45:00-04:00,35.6875
2025-06-24 12:00:00-04:00,34.4375
2025-06-24 12:15:00-04:00,54.4375
2025-06-24 12:30:00-04:00,76.9375
2025-06-24 12:45:00-04:00,69.4375
2025-06-24 13:00:00-04:00,80.6875
2025-06-24 13:15:00-04:00,66.9375
2025-06-24 13:30:00-04:00,69.4375
2025-06-24 13:45:00-04:00,90.6875
2025-06-24 14:00:00-04:00,100.6875
2025-06-24 14:15:00-04:00,100.6875
2025-06-24 14:30:00-04:00,95.6875
2025-06-24 14:45:00-04:00,103.1875
2025-06-24 15:00:00-04:00,116.9375
2025-06-24 15:15:00-04:00,125.6875
2025-06-24 15:30:00-04:00,123.1875
2025-06-24 15:45:00-04:00,89.4375
2025-06-25 09:30:00-04:00,-0.5
2025-06-25 09:45:00-04:00,-36.125
2025-06-25 10:00:00-04:00,-43.625
2025-06-25 10:15:00-04:00,-43.625
2025-06-25 10:30:00-04:00,-32.375
2025-06-25 10:45:00-04:00,-28.625
2025-06-25 11:00:00-04:00,-51.0
2025-06-25 11:15:00-04:00,-51.5
2025-06-25 11:30:00-04:00,-86.8125
2025-06-25 11:45:00-04:00,-74.3125
2025-06-25 12:00:00-04:00,-60.125
2025-06-25 12:15:00-04:00,-60.125
2025-06-25 12:30:00-04:00,-60.125
2025-06-25 12:45:00-04:00,-60.125
2025-06-25 13:00:00-04:00,-60.125
2025-06-25 13:15:00-04:00,-60.125
2025-06-25 13:30:00-04:00,-60.125
2025-06-25 13:45:00-04:00,-60.125
2025-06-25 14:00:00-04:00,-60.125
2025-06-25 14:15:00-04:00,-60.125
2025-06-25 14:30:00-04:00,-60.125
2025-06-25 14:45:00-04:00,-60.125
2025-06-25 15:00:00-04:00,-60.125
2025-06-25 15:15:00-04:00,-60.125
2025-06-25 15:30:00-04:00,-60.125
2025-06-25 15:45:00-04:00,-60.125
2025-06-26 09:30:00-04:00,-0.5
2025-06-26 09:45:00-04:00,-37.6875
2025-06-26 10:00:00-04:00,-1.4375
2025-06-26 10:15:00-04:00,8.5625
2025-06-26 10:30:00-04:00,41.0625
2025-06-26 10:45:00-04:00,43.5625
2025-06-26 11:00:00-04:00,62.3125
2025-06-26 11:15:00-04:00,48.5625
2025-06-26 11:30:00-04:00,36.0625
2025-06-26 11:45:00-04:00,59.8125
2025-06-26 12:00:00-04:00,69.8125
2025-06-26 12:15:00-04:00,88.5625
2025-06-26 12:30:00-04:00,84.8125
2025-06-26 12:45:00-04:00,81.0625
2025-06-26 13:00:00-04:00,77.3125
2025-06-26 13:15:00-04:00,91.0625
2025-06-26 13:30:00-04:00,107.3125
2025-06-26 13:45:00-04:00,109.8125
2025-06-26 14:00:00-04:00,104.8125
2025-06-26 14:15:00-04:00,133.5625
2025-06-26 14:30:00-04:00,121.0625
2025-06-26 14:45:00-04:00,102.3125
2025-06-26 15:00:00-04:00,117.3125
2025-06-26 15:15:00-04:00,109.8125
2025-06-26 15:30:00-04:00,112.3125
2025-06-26 15:45:00-04:00,108.5625
2025-06-27 09:30:00-04:00,-0.5
2025-06-27 09:45:00-04:00,16.375
2025-06-27 10:00:00-04:00,55.125
2025-06-27 10:15:00-04:00,62.625
2025-06-27 10:30:00-04:00,65.125
2025-06-27 10:45:00-04:00,66.375
2025-06-27 11:00:00-04:00,65.125
2025-06-27 11:15:00-04:00,77.625
2025-06-27 11:30:00-04:00,101.375
2025-06-27 11:45:00-04:00,127.625
2025-06-27 12:00:00-04:00,121.375
2025-06-27 12:15:00-04:00,130.125
2025-06-27 12:30:00-04:00,131.375
2025-06-27 12:45:00-04:00,118.875
2025-06-27 13:00:00-04:00,112.625
2025-06-27 13:15:00-04:00,100.125
2025-06-27 13:30:00-04:00,50.125
2025-06-27 13:45:00-04:00,-2.375
2025-06-27 14:00:00-04:00,29.625
2025-06-27 14:15:00-04:00,29.625
2025-06-27 14:30:00-04:00,29.625
2025-06-27 14:45:00-04:00,29.625
2025-06-27 15:00:00-04:00,29.625
2025-06-27 15:15:00-04:00,29.625
2025-06-27 15:30:00-04:00,29.625
2025-06-27 15:45:00-04:00,29.625
2025-06-30 09:30:00-04:00,0.0
2025-06-30 09:45:00-04:00,0.0
2025-06-30 10:00:00-04:00,0.0
2025-06-30 10:15:00-04:00,0.0
2025-06-30 10:30:00-04:00,-0.5
2025-06-30 10:45:00-04:00,-29.5625
2025-06-30 11:00:00-04:00,-24.5625
2025-06-30 11:15:00-04:00,-29.5625
2025-06-30 11:30:00-04:00,-9.5625
2025-06-30 11:45:00-04:00,4.1875
2025-06-30 12:00:00-04:00,7.9375
2025-06-30 12:15:00-04:00,-9.5625
2025-06-30 12:30:00-04:00,-5.8125
2025-06-30 12:45:00-04:00,12.9375
2025-06-30 13:00:00-04:00,1.6875
2025-06-30 13:15:00-04:00,-5.8125
2025-06-30 13:30:00-04:00,-19.5625
2025-06-30 13:45:00-04:00,-51.0
2025-06-30 14:00:00-04:00,-51.5
2025-06-30 14:15:00-04:00,-48.875
2025-06-30 14:30:00-04:00,-48.875
2025-06-30 14:45:00-04:00,-48.875
2025-06-30 15:00:00-04:00,-49.375
2025-06-30 15:15:00-04:00,-60.9375
2025-06-30 15:30:00-04:00,-42.1875
2025-06-30 15:45:00-04:00,-25.9375
2025-07-01 09:30:00-04:00,-0.5
2025-07-01 09:45:00-04:00,2.0
2025-07-01 10:00:00-04:00,-9.25
2025-07-01 10:15:00-04:00,7.0
2025-07-01 10:30:00-04:00,-1.75
2025-07-01 10:45:00-04:00,-21.75
2025-07-01 11:00:00-04:00,-51.0
2025-07-01 11:15:00-04:00,-51.5
2025-07-01 11:30:00-04:00,-41.0625
2025-07-01 11:45:00-04:00,-41.5625
2025-07-01 12:00:00-04:00,-38.75
2025-07-01 12:15:00-04:00,-12.5
2025-07-01 12:30:00-04:00,-18.75
2025-07-01 12:45:00-04:00,-2.6875
2025-07-01 13:00:00-04:00,-2.6875
2025-07-01 13:15:00-04:00,-3.1875
2025-07-01 13:30:00-04:00,-14.4375
2025-07-01 13:45:00-04:00,1.8125
2025-07-01 14:00:00-04:00,8.0625
2025-07-01 14:15:00-04:00,-5.6875
2025-07-01 14:30:00-04:00,-4.4375
2025-07-01 14:45:00-04:00,-4.4375
2025-07-01 15:00:00-04:00,-53.6875
2025-07-01 15:15:00-04:00,-54.1875
2025-07-01 15:30:00-04:00,-72.9375
2025-07-01 15:45:00-04:00,-80.4375
2025-07-02 09:30:00-04:00,-0.5
2025-07-02 09:45:00-04:00,-5.1875
2025-07-02 10:00:00-04:00,4.8125
2025-07-02 10:15:00-04:00,28.5625
2025-07-02 10:30:00-04:00,52.3125
2025-07-02 10:45:00-04:00,49.8125
2025-07-02 11:00:00-04:00,68.5625
2025-07-02 11:15:00-04:00,73.5625
2025-07-02 11:30:00-04:00,77.3125
2025-07-02 11:45:00-04:00,92.3125
2025-07-02 12:00:00-04:00,83.5625
2025-07-02 12:15:00-04:00,86.0625
2025-07-02 12:30:00-04:00,89.8125
2025-07-02 12:45:00-04:00,108.5625
2025-07-02 13:00:00-04:00,104.8125
2025-07-02 13:15:00-04:00,96.0625
2025-07-02 13:30:00-04:00,104.8125
2025-07-02 13:45:00-04:00,103.5625
2025-07-02 14:00:00-04:00,101.0625
2025-07-02 14:15:00-04:00,108.5625
2025-07-02 14:30:00-04:00,119.8125
2025-07-02 14:45:00-04:00,123.5625
2025-07-02 15:00:00-04:00,132.3125
2025-07-02 15:15:00-04:00,127.3125
2025-07-02 15:30:00-04:00,121.0625
2025-07-02 15:45:00-04:00,124.8125
2025-07-03 09:30:00-04:00,-0.5
2025-07-03 09:45:00-04:00,22.3125
2025-07-03 10:00:00-04:00,53.5625
2025-07-03 10:15:00-04:00,79.8125
2025-07-03 10:30:00-04:00,92.3125
2025-07-03 10:45:00-04:00,113.5625
2025-07-03 11:00:00-04:00,117.3125
2025-07-03 11:15:00-04:00,114.8125
2025-07-03 11:30:00-04:00,124.8125
2025-07-03 11:45:00-04:00,142.3125
2025-07-03 12:00:00-04:00,148.5625
2025-07-03 12:15:00-04:00,132.3125
2025-07-03 12:30:00-04:00,136.0625
2025-07-03 12:45:00-04:00,98.5625
2025-07-03 13:00:00-04:00,104.8125
2025-07-04 09:30:00-04:00,-0.5
2025-07-04 09:45:00-04:00,-20.5
2025-07-04 10:00:00-04:00,-0.5
2025-07-04 10:15:00-04:00,12.75
2025-07-04 10:30:00-04:00,12.75
2025-07-04 10:45:00-04:00,12.75
2025-07-04 11:00:00-04:00,12.75
2025-07-04 11:15:00-04:00,12.75
2025-07-04 11:30:00-04:00,12.75
2025-07-04 11:45:00-04:00,12.75
2025-07-04 12:00:00-04:00,12.75
2025-07-04 12:15:00-04:00,12.75
2025-07-04 12:30:00-04:00,12.75
2025-07-04 12:45:00-04:00,12.75
2025-07-07 09:30:00-04:00,0.0
2025-07-07 09:45:00-04:00,0.0
2025-07-07 10:00:00-04:00,0.0
2025-07-07 10:15:00-04:00,0.0
2025-07-07 10:30:00-04:00,0.0
2025-07-07 10:45:00-04:00,-0.5
2025-07-07 11:00:00-04:00,-31.125
2025-07-07 11:15:00-04:00,-46.125
2025-07-07 11:30:00-04:00,-43.625
2025-07-07 11:45:00-04:00,-51.0
2025-07-07 12:00:00-04:00,-51.0
2025-07-07 12:15:00-04:00,-51.0
2025-07-07 12:30:00-04:00,-51.0
2025-07-07 12:45:00-04:00,-51.0
2025-07-07 13:00:00-04:00,-51.0
2025-07-07 13:15:00-04:00,-51.0
2025-07-07 13:30:00-04:00,-51.0
2025-07-07 13:45:00-04:00,-51.0
2025-07-07 14:00:00-04:00,-51.0
2025-07-07 14:15:00-04:00,-51.0
2025-07-07 14:30:00-04:00,-51.0
2025-07-07 14:45:00-04:00,-51.0
2025-07-07 15:00:00-04:00,-51.0
2025-07-07 15:15:00-04:00,-51.0
2025-07-07 15:30:00-04:00,-51.0
2025-07-07 15:45:00-04:00,-51.0
2025-07-08 09:30:00-04:00,0.0
2025-07-08 09:45:00-04:00,0.0
2025-07-08 10:00:00-04:00,0.0
2025-07-08 10:15:00-04:00,0.0
2025-07-08 10:30:00-04:00,-0.5
2025-07-08 10:45:00-04:00,-51.0
2025-07-08 11:00:00-04:00,-51.5
2025-07-08 11:15:00-04:00,-69.5
2025-07-08 11:30:00-04:00,-69.5
2025-07-08 11:45:00-04:00,-70.0
2025-07-08 12:00:00-04:00,-88.4375
2025-07-08 12:15:00-04:00,-73.4375
2025-07-08 12:30:00-04:00,-94.6875
2025-07-08 12:45:00-04:00,-78.4375
2025-07-08 13:00:00-04:00,-81.4375
2025-07-08 13:15:00-04:00,-81.9375
2025-07-08 13:30:00-04:00,-79.9375
2025-07-08 13:45:00-04:00,-80.4375
2025-07-08 14:00:00-04:00,-78.875
2025-07-08 14:15:00-04:00,-78.125
2025-07-08 14:30:00-04:00,-78.125
2025-07-08 14:45:00-04:00,-78.125
2025-07-08 15:00:00-04:00,-78.125
2025-07-08 15:15:00-04:00,-78.125
2025-07-08 15:30:00-04:00,-78.125
2025-07-08 15:45:00-04:00,-78.125
2025-07-09 09:30:00-04:00,0.0
2025-07-09 09:45:00-04:00,0.0
2025-07-09 10:00:00-04:00,0.0
2025-07-09 10:15:00-04:00,0.0
2025-07-09 10:30:00-04:00,0.0
2025-07-09 10:45:00-04:00,0.0
2025-07-09 11:00:00-04:00,0.0
2025-07-09 11:15:00-04:00,0.0
2025-07-09 11:30:00-04:00,0.0
2025-07-09 11:45:00-04:00,0.0
2025-07-09 12:00:00-04:00,0.0
2025-07-09 12:15:00-04:00,0.0
2025-07-09 12:30:00-04:00,0.0
2025-07-09 12:45:00-04:00,0.0
2025-07-09 13:00:00-04:00,0.0
2025-07-09 13:15:00-04:00,0.0
2025-07-09 13:30:00-04:00,0.0
2025-07-09 13:45:00-04:00,0.0
2025-07-09 14:00:00-04:00,0.0
2025-07-09 14:15:00-04:00,0.0
2025-07-09 14:30:00-04:00,0.0
2025-07-09 14:45:00-04:00,0.0
2025-07-09 15:00:00-04:00,0.0
2025-07-09 15:15:00-04:00,0.0
2025-07-09 15:30:00-04:00,0.0
2025-07-09 15:45:00-04:00,0.0
2025-07-10 09:30:00-04:00,0.0
2025-07-10 09:45:00-04:00,0.0
2025-07-10 10:00:00-04:00,-0.5
2025-07-10 10:15:00-04:00,-11.75
2025-07-10 10:30:00-04:00,10.75
2025-07-10 10:45:00-04:00,54.5
2025-07-10 11:00:00-04:00,67.0
2025-07-10 11:15:00-04:00,74.5
2025-07-10 11:30:00-04:00,94.5
2025-07-10 11:45:00-04:00,104.5
2025-07-10 12:00:00-04:00,82.0
2025-07-10 12:15:00-04:00,77.0
2025-07-10 12:30:00-04:00,88.25
2025-07-10 12:45:00-04:00,99.5
2025-07-10 13:00:00-04:00,103.25
2025-07-10 13:15:00-04:00,115.75
2025-07-10 13:30:00-04:00,130.75
2025-07-10 13:45:00-04:00,137.0
2025-07-10 14:00:00-04:00,150.75
2025-07-10 14:15:00-04:00,157.0
2025-07-10 14:30:00-04:00,143.25
2025-07-10 14:45:00-04:00,132.0
2025-07-10 15:00:00-04:00,137.0
2025-07-10 15:15:00-04:00,132.0
2025-07-10 15:30:00-04:00,133.25
2025-07-10 15:45:00-04:00,87.0
2025-07-11 09:30:00-04:00,0.0
2025-07-11 09:45:00-04:00,0.0
2025-07-11 10:00:00-04:00,0.0
2025-07-11 10:15:00-04:00,0.0
2025-07-11 10:30:00-04:00,0.0
2025-07-11 10:45:00-04:00,0.0
2025-07-11 11:00:00-04:00,0.0
2025-07-11 11:15:00-04:00,0.0
2025-07-11 11:30:00-04:00,0.0
2025-07-11 11:45:00-04:00,0.0
2025-07-11 12:00:00-04:00,0.0
2025-07-11 12:15:00-04:00,0.0
2025-07-11 12:30:00-04:00,0.0
2025-07-11 12:45:00-04:00,0.0
2025-07-11 13:00:00-04:00,0.0
2025-07-11 13:15:00-04:00,0.0
2025-07-11 13:30:00-04:00,0.0
2025-07-11 13:45:00-04:00,0.0
2025-07-11 14:00:00-04:00,-0.5
2025-07-11 14:15:00-04:00,-22.0625
2025-07-11 14:30:00-04:00,-17.0625
2025-07-11 14:45:00-04:00,-14.5625
2025-07-11 15:00:00-04:00,-51.0
2025-07-11 15:15:00-04:00,-51.5
2025-07-11 15:30:00-04:00,-62.4375
2025-07-11 15:45:00-04:00,-75.75
2025-07-14 09:30:00-04:00,0.0
2025-07-14 09:45:00-04:00,0.0
2025-07-14 10:00:00-04:00,0.0
2025-07-14 10:15:00-04:00,0.0
2025-07-14 10:30:00-04:00,0.0
2025-07-14 10:45:00-04:00,0.0
2025-07-14 11:00:00-04:00,0.0
2025-07-14 11:15:00-04:00,0.0
2025-07-14 11:30:00-04:00,0.0
2025-07-14 11:45:00-04:00,0.0
2025-07-14 12:00:00-04:00,0.0
2025-07-14 12:15:00-04:00,0.0
2025-07-14 12:30:00-04:00,0.0
2025-07-14 12:45:00-04:00,0.0
2025-07-14 13:00:00-04:00,-0.5
2025-07-14 13:15:00-04:00,3.5625
2025-07-14 13:30:00-04:00,6.0625
2025-07-14 13:45:00-04:00,-5.1875
2025-07-14 14:00:00-04:00,3.5625
2025-07-14 14:15:00-04:00,8.5625
2025-07-14 14:30:00-04:00,19.8125
2025-07-14 14:45:00-04:00,21.0625
2025-07-14 15:00:00-04:00,12.3125
2025-07-14 15:15:00-04:00,-1.4375
2025-07-14 15:30:00-04:00,-5.1875
2025-07-14 15:45:00-04:00,-10.1875
2025-07-15 09:30:00-04:00,-0.5
2025-07-15 09:45:00-04:00,-51.0
2025-07-15 10:00:00-04:00,-51.5
2025-07-15 10:15:00-04:00,-76.8125
2025-07-15 10:30:00-04:00,-102.0
2025-07-15 10:45:00-04:00,-102.0
2025-07-15 11:00:00-04:00,-102.0
2025-07-15 11:15:00-04:00,-102.0
2025-07-15 11:30:00-04:00,-102.0
2025-07-15 11:45:00-04:00,-102.0
2025-07-15 12:00:00-04:00,-102.0
2025-07-15 12:15:00-04:00,-102.0
2025-07-15 12:30:00-04:00,-102.0
2025-07-15 12:45:00-04:00,-102.0
2025-07-15 13:00:00-04:00,-102.0
2025-07-15 13:15:00-04:00,-102.0
2025-07-15 13:30:00-04:00,-102.0
2025-07-15 13:45:00-04:00,-102.0
2025-07-15 14:00:00-04:00,-102.0
2025-07-15 14:15:00-04:00,-102.0
2025-07-15 14:30:00-04:00,-102.0
2025-07-15 14:45:00-04:00,-102.0
2025-07-15 15:00:00-04:00,-102.0
2025-07-15 15:15:00-04:00,-102.0
2025-07-15 15:30:00-04:00,-102.0
2025-07-15 15:45:00-04:00,-102.0
2025-07-16 09:30:00-04:00,0.0
2025-07-16 09:45:00-04:00,0.0
2025-07-16 10:00:00-04:00,0.0
2025-07-16 10:15:00-04:00,0.0
2025-07-16 10:30:00-04:00,0.0
2025-07-16 10:45:00-04:00,0.0
2025-07-16 11:00:00-04:00,0.0
2025-07-16 11:15:00-04:00,0.0
2025-07-16 11:30:00-04:00,0.0
2025-07-16 11:45:00-04:00,0.0
2025-07-16 12:00:00-04:00,0.0
2025-07-16 12:15:00-04:00,0.0
2025-07-16 12:30:00-04:00,0.0
2025-07-16 12:45:00-04:00,0.0
2025-07-16 13:00:00-04:00,0.0
2025-07-16 13:15:00-04:00,0.0
2025-07-16 13:30:00-04:00,0.0
2025-07-16 13:45:00-04:00,0.0
2025-07-16 14:00:00-04:00,0.0
2025-07-16 14:15:00-04:00,0.0
2025-07-16 14:30:00-04:00,0.0
2025-07-16 14:45:00-04:00,0.0
2025-07-16 15:00:00-04:00,0.0
2025-07-16 15:15:00-04:00,0.0
2025-07-16 15:30:00-04:00,0.0
2025-07-16 15:45:00-04:00,0.0
2025-07-17 09:30:00-04:00,0.0
2025-07-17 09:45:00-04:00,0.0
2025-07-17 10:00:00-04:00,0.0
2025-07-17 10:15:00-04:00,0.0
2025-07-17 10:30:00-04:00,0.0
2025-07-17 10:45:00-04:00,0.0
2025-07-17 11:00:00-04:00,0.0
2025-07-17 11:15:00-04:00,0.0
2025-07-17 11:30:00-04:00,0.0
2025-07-17 11:45:00-04:00,0.0
2025-07-17 12:00:00-04:00,0.0
2025-07-17 12:15:00-04:00,0.0
2025-07-17 12:30:00-04:00,0.0
2025-07-17 12:45:00-04:00,0.0
2025-07-17 13:00:00-04:00,0.0
2025-07-17 13:15:00-04:00,0.0
2025-07-17 13:30:00-04:00,0.0
2025-07-17 13:45:00-04:00,0.0
2025-07-17 14:00:00-04:00,0.0
2025-07-17 14:15:00-04:00,0.0
2025-07-17 14:30:00-04:00,0.0
2025-07-17 14:45:00-04:00,0.0
2025-07-17 15:00:00-04:00,0.0
2025-07-17 15:15:00-04:00,0.0
2025-07-17 15:30:00-04:00,0.0
2025-07-17 15:45:00-04:00,0.0
2025-07-18 09:30:00-04:00,-0.5
2025-07-18 09:45:00-04:00,-31.125
2025-07-18 10:00:00-04:00,-51.0
2025-07-18 10:15:00-04:00,-51.0
2025-07-18 10:30:00-04:00,-51.0
2025-07-18 10:45:00-04:00,-51.0
2025-07-18 11:00:00-04:00,-51.0
2025-07-18 11:15:00-04:00,-51.0
2025-07-18 11:30:00-04:00,-51.0
2025-07-18 11:45:00-04:00,-51.0
2025-07-18 12:00:00-04:00,-51.0
2025-07-18 12:15:00-04:00,-51.0
2025-07-18 12:30:00-04:00,-51.0
2025-07-18 12:45:00-04:00,-51.0
2025-07-18 13:00:00-04:00,-51.0
2025-07-18 13:15:00-04:00,-51.0
2025-07-18 13:30:00-04:00,-51.0
2025-07-18 13:45:00-04:00,-51.0
2025-07-18 14:00:00-04:00,-51.0
2025-07-18 14:15:00-04:00,-51.0
2025-07-18 14:30:00-04:00,-51.0
2025-07-18 14:45:00-04:00,-51.0
2025-07-18 15:00:00-04:00,-51.0
2025-07-18 15:15:00-04:00,-51.0
2025-07-18 15:30:00-04:00,-51.0
2025-07-18 15:45:00-04:00,-51.0
2025-07-21 09:30:00-04:00,-0.5
2025-07-21 09:45:00-04:00,16.6875
2025-07-21 10:00:00-04:00,64.1875
2025-07-21 10:15:00-04:00,66.6875
2025-07-21 10:30:00-04:00,84.1875
2025-07-21 10:45:00-04:00,76.6875
2025-07-21 11:00:00-04:00,87.9375
2025-07-21 11:15:00-04:00,91.6875
2025-07-21 11:30:00-04:00,107.9375
2025-07-21 11:45:00-04:00,100.4375
2025-07-21 12:00:00-04:00,79.1875
2025-07-21 12:15:00-04:00,70.4375
2025-07-21 12:30:00-04:00,80.4375
2025-07-21 12:45:00-04:00,87.9375
2025-07-21 13:00:00-04:00,105.4375
2025-07-21 13:15:00-04:00,107.9375
2025-07-21 13:30:00-04:00,104.1875
2025-07-21 13:45:00-04:00,99.1875
2025-07-21 14:00:00-04:00,95.4375
2025-07-21 14:15:00-04:00,97.9375
2025-07-21 14:30:00-04:00,81.6875
2025-07-21 14:45:00-04:00,71.8125
2025-07-21 15:00:00-04:00,71.8125
2025-07-21 15:15:00-04:00,71.8125
2025-07-21 15:30:00-04:00,71.8125
2025-07-21 15:45:00-04:00,71.8125
2025-07-22 09:30:00-04:00,0.0
2025-07-22 09:45:00-04:00,0.0
2025-07-22 10:00:00-04:00,0.0
2025-07-22 10:15:00-04:00,0.0
2025-07-22 10:30:00-04:00,0.0
2025-07-22 10:45:00-04:00,0.0
2025-07-22 11:00:00-04:00,0.0
2025-07-22 11:15:00-04:00,0.0
2025-07-22 11:30:00-04:00,0.0
2025-07-22 11:45:00-04:00,0.0
2025-07-22 12:00:00-04:00,0.0
2025-07-22 12:15:00-04:00,0.0
2025-07-22 12:30:00-04:00,0.0
2025-07-22 12:45:00-04:00,0.0
2025-07-22 13:00:00-04:00,0.0
2025-07-22 13:15:00-04:00,0.0
2025-07-22 13:30:00-04:00,0.0
2025-07-22 13:45:00-04:00,-0.5
2025-07-22 14:00:00-04:00,-9.25
2025-07-22 14:15:00-04:00,-51.0
2025-07-22 14:30:00-04:00,-51.5
2025-07-22 14:45:00-04:00,-45.25
2025-07-22 15:00:00-04:00,-41.5
2025-07-22 15:15:00-04:00,-45.25
2025-07-22 15:30:00-04:00,-41.5
2025-07-22 15:45:00-04:00,-57.75
2025-07-23 09:30:00-04:00,-0.5
2025-07-23 09:45:00-04:00,-51.0
2025-07-23 10:00:00-04:00,-51.5
2025-07-23 10:15:00-04:00,-59.0
2025-07-23 10:30:00-04:00,-50.25
2025-07-23 10:45:00-04:00,-41.5
2025-07-23 11:00:00-04:00,-34.0
2025-07-23 11:15:00-04:00,-39.0
2025-07-23 11:30:00-04:00,-31.5
2025-07-23 11:45:00-04:00,-24.0
2025-07-23 12:00:00-04:00,34.75
2025-07-23 12:15:00-04:00,16.0
2025-07-23 12:30:00-04:00,13.5
2025-07-23 12:45:00-04:00,32.25
2025-07-23 13:00:00-04:00,29.75
2025-07-23 13:15:00-04:00,22.25
2025-07-23 13:30:00-04:00,49.75
2025-07-23 13:45:00-04:00,34.75
2025-07-23 14:00:00-04:00,74.75
2025-07-23 14:15:00-04:00,102.25
2025-07-23 14:30:00-04:00,103.5
2025-07-23 14:45:00-04:00,108.5
2025-07-23 15:00:00-04:00,96.0
2025-07-23 15:15:00-04:00,103.5
2025-07-23 15:30:00-04:00,96.0
2025-07-23 15:45:00-04:00,96.0
2025-07-24 09:30:00-04:00,-0.5
2025-07-24 09:45:00-04:00,-2.6875
2025-07-24 10:00:00-04:00,-16.4375
2025-07-24 10:15:00-04:00,-25.1875
2025-07-24 10:30:00-04:00,8.5625
2025-07-24 10:45:00-04:00,29.8125
2025-07-24 11:00:00-04:00,48.5625
2025-07-24 11:15:00-04:00,43.5625
2025-07-24 11:30:00-04:00,37.3125
2025-07-24 11:45:00-04:00,38.5625
2025-07-24 12:00:00-04:00,11.0625
2025-07-24 12:15:00-04:00,-13.9375
2025-07-24 12:30:00-04:00,-5.1875
2025-07-24 12:45:00-04:00,4.8125
2025-07-24 13:00:00-04:00,11.0625
2025-07-24 13:15:00-04:00,43.5625
2025-07-24 13:30:00-04:00,36.0625
2025-07-24 13:45:00-04:00,31.0625
2025-07-24 14:00:00-04:00,37.3125
2025-07-24 14:15:00-04:00,53.5625
2025-07-24 14:30:00-04:00,43.5625
2025-07-24 14:45:00-04:00,9.8125
2025-07-24 15:00:00-04:00,32.3125
2025-07-24 15:15:00-04:00,41.0625
2025-07-24 15:30:00-04:00,18.5625
2025-07-24 15:45:00-04:00,12.4375
2025-07-25 09:30:00-04:00,-0.5
2025-07-25 09:45:00-04:00,4.0
2025-07-25 10:00:00-04:00,4.0
2025-07-25 10:15:00-04:00,3.5
2025-07-25 10:30:00-04:00,-4.0
2025-07-25 10:45:00-04:00,25.8125
2025-07-25 11:00:00-04:00,25.8125
2025-07-25 11:15:00-04:00,25.8125
2025-07-25 11:30:00-04:00,25.3125
2025-07-25 11:45:00-04:00,12.1875
2025-07-25 12:00:00-04:00,20.9375
2025-07-25 12:15:00-04:00,42.1875
2025-07-25 12:30:00-04:00,63.4375
2025-07-25 12:45:00-04:00,67.1875
2025-07-25 13:00:00-04:00,69.6875
2025-07-25 13:15:00-04:00,67.1875
2025-07-25 13:30:00-04:00,87.1875
2025-07-25 13:45:00-04:00,90.9375
2025-07-25 14:00:00-04:00,83.4375
2025-07-25 14:15:00-04:00,97.1875
2025-07-25 14:30:00-04:00,99.6875
2025-07-25 14:45:00-04:00,94.6875
2025-07-25 15:00:00-04:00,94.6875
2025-07-25 15:15:00-04:00,98.4375
2025-07-25 15:30:00-04:00,95.9375
2025-07-25 15:45:00-04:00,65.9375
2025-07-28 09:30:00-04:00,-0.5
2025-07-28 09:45:00-04:00,-18.625
2025-07-28 10:00:00-04:00,-11.125
2025-07-28 10:15:00-04:00,-9.875
2025-07-28 10:30:00-04:00,-4.875
2025-07-28 10:45:00-04:00,-14.875
2025-07-28 11:00:00-04:00,-14.875
2025-07-28 11:15:00-04:00,-51.0
2025-07-28 11:30:00-04:00,-51.5
2025-07-28 11:45:00-04:00,-45.75
2025-07-28 12:00:00-04:00,-45.75
2025-07-28 12:15:00-04:00,-45.75
2025-07-28 12:30:00-04:00,-45.75
2025-07-28 12:45:00-04:00,-45.75
2025-07-28 13:00:00-04:00,-45.75
2025-07-28 13:15:00-04:00,-45.75
2025-07-28 13:30:00-04:00,-45.75
2025-07-28 13:45:00-04:00,-45.75
2025-07-28 14:00:00-04:00,-45.75
2025-07-28 14:15:00-04:00,-45.75
2025-07-28 14:30:00-04:00,-45.75
2025-07-28 14:45:00-04:00,-45.75
2025-07-28 15:00:00-04:00,-45.75
2025-07-28 15:15:00-04:00,-45.75
2025-07-28 15:30:00-04:00,-45.75
2025-07-28 15:45:00-04:00,-45.75
2025-07-29 09:30:00-04:00,0.0
2025-07-29 09:45:00-04:00,0.0
2025-07-29 10:00:00-04:00,-0.5
2025-07-29 10:15:00-04:00,-26.4375
2025-07-29 10:30:00-04:00,-37.6875
2025-07-29 10:45:00-04:00,-51.0
2025-07-29 11:00:00-04:00,-51.5
2025-07-29 11:15:00-04:00,-102.0
2025-07-29 11:30:00-04:00,-102.0
2025-07-29 11:45:00-04:00,-102.0
2025-07-29 12:00:00-04:00,-102.0
2025-07-29 12:15:00-04:00,-102.0
2025-07-29 12:30:00-04:00,-102.0
2025-07-29 12:45:00-04:00,-102.0
2025-07-29 13:00:00-04:00,-102.0
2025-07-29 13:15:00-04:00,-102.0
2025-07-29 13:30:00-04:00,-102.0
2025-07-29 13:45:00-04:00,-102.0
2025-07-29 14:00:00-04:00,-102.0
2025-07-29 14:15:00-04:00,-102.0
2025-07-29 14:30:00-04:00,-102.0
2025-07-29 14:45:00-04:00,-102.0
2025-07-29 15:00:00-04:00,-102.0
2025-07-29 15:15:00-04:00,-102.0
2025-07-29 15:30:00-04:00,-102.0
2025-07-29 15:45:00-04:00,-102.0
2025-07-30 09:30:00-04:00,0.0
2025-07-30 09:45:00-04:00,0.0
2025-07-30 10:00:00-04:00,0.0
2025-07-30 10:15:00-04:00,0.0
2025-07-30 10:30:00-04:00,0.0
2025-07-30 10:45:00-04:00,0.0
2025-07-30 11:00:00-04:00,0.0
2025-07-30 11:15:00-04:00,0.0
2025-07-30 11:30:00-04:00,0.0
2025-07-30 11:45:00-04:00,-0.5
2025-07-30 12:00:00-04:00,2.9375
2025-07-30 12:15:00-04:00,16.6875
2025-07-30 12:30:00-04:00,16.6875
2025-07-30 12:45:00-04:00,20.4375
2025-07-30 13:00:00-04:00,17.9375
2025-07-30 13:15:00-04:00,12.9375
2025-07-30 13:30:00-04:00,10.4375
2025-07-30 13:45:00-04:00,26.6875
2025-07-30 14:00:00-04:00,2.9375
2025-07-30 14:15:00-04:00,10.4375
2025-07-30 14:30:00-04:00,-19.5625
2025-07-30 14:45:00-04:00,-51.0
2025-07-30 15:00:00-04:00,-51.0
2025-07-30 15:15:00-04:00,-51.0
2025-07-30 15:30:00-04:00,-51.0
2025-07-30 15:45:00-04:00,-51.0
2025-07-31 09:30:00-04:00,0.0
2025-07-31 09:45:00-04:00,0.0
2025-07-31 10:00:00-04:00,0.0
2025-07-31 10:15:00-04:00,0.0
2025-07-31 10:30:00-04:00,0.0
2025-07-31 10:45:00-04:00,0.0
2025-07-31 11:00:00-04:00,0.0
2025-07-31 11:15:00-04:00,0.0
2025-07-31 11:30:00-04:00,0.0
2025-07-31 11:45:00-04:00,0.0
2025-07-31 12:00:00-04:00,0.0
2025-07-31 12:15:00-04:00,0.0
2025-07-31 12:30:00-04:00,0.0
2025-07-31 12:45:00-04:00,0.0
2025-07-31 13:00:00-04:00,0.0
2025-07-31 13:15:00-04:00,0.0
2025-07-31 13:30:00-04:00,0.0
2025-07-31 13:45:00-04:00,0.0
2025-07-31 14:00:00-04:00,0.0
2025-07-31 14:15:00-04:00,0.0
2025-07-31 14:30:00-04:00,0.0
2025-07-31 14:45:00-04:00,0.0
2025-07-31 15:00:00-04:00,0.0
2025-07-31 15:15:00-04:00,0.0
2025-07-31 15:30:00-04:00,0.0
2025-07-31 15:45:00-04:00,0.0
