ts_event,equity
2025-02-03 09:30:00-05:00,0.0
2025-02-03 09:45:00-05:00,0.0
2025-02-03 10:00:00-05:00,-0.5
2025-02-03 10:15:00-05:00,-51.0
2025-02-03 10:30:00-05:00,-51.5
2025-02-03 10:45:00-05:00,-68.0625
2025-02-03 11:00:00-05:00,-102.0
2025-02-03 11:15:00-05:00,-102.5
2025-02-03 11:30:00-05:00,-105.8125
2025-02-03 11:45:00-05:00,-105.8125
2025-02-03 12:00:00-05:00,-105.8125
2025-02-03 12:15:00-05:00,-105.8125
2025-02-03 12:30:00-05:00,-105.8125
2025-02-03 12:45:00-05:00,-105.8125
2025-02-03 13:00:00-05:00,-105.8125
2025-02-03 13:15:00-05:00,-105.8125
2025-02-03 13:30:00-05:00,-105.8125
2025-02-03 13:45:00-05:00,-105.8125
2025-02-03 14:00:00-05:00,-105.8125
2025-02-03 14:15:00-05:00,-105.8125
2025-02-03 14:30:00-05:00,-105.8125
2025-02-03 14:45:00-05:00,-105.8125
2025-02-03 15:00:00-05:00,-105.8125
2025-02-03 15:15:00-05:00,-105.8125
2025-02-03 15:30:00-05:00,-105.8125
2025-02-03 15:45:00-05:00,-105.8125
2025-02-04 09:30:00-05:00,0.0
2025-02-04 09:45:00-05:00,0.0
2025-02-04 10:00:00-05:00,-0.5
2025-02-04 10:15:00-05:00,26.0625
2025-02-04 10:30:00-05:00,12.3125
2025-02-04 10:45:00-05:00,14.8125
2025-02-04 11:00:00-05:00,26.0625
2025-02-04 11:15:00-05:00,67.3125
2025-02-04 11:30:00-05:00,92.75
2025-02-04 11:45:00-05:00,92.75
2025-02-04 12:00:00-05:00,92.75
2025-02-04 12:15:00-05:00,92.75
2025-02-04 12:30:00-05:00,92.75
2025-02-04 12:45:00-05:00,92.75
2025-02-04 13:00:00-05:00,92.75
2025-02-04 13:15:00-05:00,92.75
2025-02-04 13:30:00-05:00,92.75
2025-02-04 13:45:00-05:00,92.75
2025-02-04 14:00:00-05:00,92.75
2025-02-04 14:15:00-05:00,92.75
2025-02-04 14:30:00-05:00,92.75
2025-02-04 14:45:00-05:00,92.75
2025-02-04 15:00:00-05:00,92.75
2025-02-04 15:15:00-05:00,92.75
2025-02-04 15:30:00-05:00,92.75
2025-02-04 15:45:00-05:00,92.75
2025-02-05 09:30:00-05:00,0.0
2025-02-05 09:45:00-05:00,0.0
2025-02-05 10:00:00-05:00,-0.5
2025-02-05 10:15:00-05:00,-37.6875
2025-02-05 10:30:00-05:00,-10.1875
2025-02-05 10:45:00-05:00,13.5625
2025-02-05 11:00:00-05:00,17.3125
2025-02-05 11:15:00-05:00,7.3125
2025-02-05 11:30:00-05:00,77.125
2025-02-05 11:45:00-05:00,77.125
2025-02-05 12:00:00-05:00,77.125
2025-02-05 12:15:00-05:00,77.125
2025-02-05 12:30:00-05:00,77.125
2025-02-05 12:45:00-05:00,77.125
2025-02-05 13:00:00-05:00,77.125
2025-02-05 13:15:00-05:00,77.125
2025-02-05 13:30:00-05:00,77.125
2025-02-05 13:45:00-05:00,77.125
2025-02-05 14:00:00-05:00,77.125
2025-02-05 14:15:00-05:00,77.125
2025-02-05 14:30:00-05:00,77.125
2025-02-05 14:45:00-05:00,77.125
2025-02-05 15:00:00-05:00,77.125
2025-02-05 15:15:00-05:00,77.125
2025-02-05 15:30:00-05:00,77.125
2025-02-05 15:45:00-05:00,77.125
2025-02-06 09:30:00-05:00,0.0
2025-02-06 09:45:00-05:00,0.0
2025-02-06 10:00:00-05:00,-0.5
2025-02-06 10:15:00-05:00,-32.6875
2025-02-06 10:30:00-05:00,-51.0
2025-02-06 10:45:00-05:00,-51.5
2025-02-06 11:00:00-05:00,-55.5625
2025-02-06 11:15:00-05:00,-13.0625
2025-02-06 11:30:00-05:00,-20.125
2025-02-06 11:45:00-05:00,-20.125
2025-02-06 12:00:00-05:00,-20.125
2025-02-06 12:15:00-05:00,-20.125
2025-02-06 12:30:00-05:00,-20.125
2025-02-06 12:45:00-05:00,-20.125
2025-02-06 13:00:00-05:00,-20.125
2025-02-06 13:15:00-05:00,-20.125
2025-02-06 13:30:00-05:00,-20.125
2025-02-06 13:45:00-05:00,-20.125
2025-02-06 14:00:00-05:00,-20.125
2025-02-06 14:15:00-05:00,-20.125
2025-02-06 14:30:00-05:00,-20.125
2025-02-06 14:45:00-05:00,-20.125
2025-02-06 15:00:00-05:00,-20.125
2025-02-06 15:15:00-05:00,-20.125
2025-02-06 15:30:00-05:00,-20.125
2025-02-06 15:45:00-05:00,-20.125
2025-02-07 09:30:00-05:00,0.0
2025-02-07 09:45:00-05:00,0.0
2025-02-07 10:00:00-05:00,0.0
2025-02-07 10:15:00-05:00,0.0
2025-02-07 10:30:00-05:00,-0.5
2025-02-07 10:45:00-05:00,-38.3125
2025-02-07 11:00:00-05:00,50.4375
2025-02-07 11:15:00-05:00,6.6875
2025-02-07 11:30:00-05:00,124.0
2025-02-07 11:45:00-05:00,124.0
2025-02-07 12:00:00-05:00,124.0
2025-02-07 12:15:00-05:00,124.0
2025-02-07 12:30:00-05:00,124.0
2025-02-07 12:45:00-05:00,124.0
2025-02-07 13:00:00-05:00,124.0
2025-02-07 13:15:00-05:00,124.0
2025-02-07 13:30:00-05:00,124.0
2025-02-07 13:45:00-05:00,124.0
2025-02-07 14:00:00-05:00,124.0
2025-02-07 14:15:00-05:00,124.0
2025-02-07 14:30:00-05:00,124.0
2025-02-07 14:45:00-05:00,124.0
2025-02-07 15:00:00-05:00,124.0
2025-02-07 15:15:00-05:00,124.0
2025-02-07 15:30:00-05:00,124.0
2025-02-07 15:45:00-05:00,124.0
2025-02-10 09:30:00-05:00,0.0
2025-02-10 09:45:00-05:00,0.0
2025-02-10 10:00:00-05:00,0.0
2025-02-10 10:15:00-05:00,0.0
2025-02-10 10:30:00-05:00,-0.5
2025-02-10 10:45:00-05:00,-0.1875
2025-02-10 11:00:00-05:00,-13.9375
2025-02-10 11:15:00-05:00,-38.9375
2025-02-10 11:30:00-05:00,-34.125
2025-02-10 11:45:00-05:00,-34.125
2025-02-10 12:00:00-05:00,-34.125
2025-02-10 12:15:00-05:00,-34.125
2025-02-10 12:30:00-05:00,-34.125
2025-02-10 12:45:00-05:00,-34.125
2025-02-10 13:00:00-05:00,-34.125
2025-02-10 13:15:00-05:00,-34.125
2025-02-10 13:30:00-05:00,-34.125
2025-02-10 13:45:00-05:00,-34.125
2025-02-10 14:00:00-05:00,-34.125
2025-02-10 14:15:00-05:00,-34.125
2025-02-10 14:30:00-05:00,-34.125
2025-02-10 14:45:00-05:00,-34.125
2025-02-10 15:00:00-05:00,-34.125
2025-02-10 15:15:00-05:00,-34.125
2025-02-10 15:30:00-05:00,-34.125
2025-02-10 15:45:00-05:00,-34.125
2025-02-11 09:30:00-05:00,0.0
2025-02-11 09:45:00-05:00,0.0
2025-02-11 10:00:00-05:00,-0.5
2025-02-11 10:15:00-05:00,-48.625
2025-02-11 10:30:00-05:00,-51.0
2025-02-11 10:45:00-05:00,-51.5
2025-02-11 11:00:00-05:00,-63.0625
2025-02-11 11:15:00-05:00,-68.0625
2025-02-11 11:30:00-05:00,-52.9375
2025-02-11 11:45:00-05:00,-52.9375
2025-02-11 12:00:00-05:00,-52.9375
2025-02-11 12:15:00-05:00,-52.9375
2025-02-11 12:30:00-05:00,-52.9375
2025-02-11 12:45:00-05:00,-52.9375
2025-02-11 13:00:00-05:00,-52.9375
2025-02-11 13:15:00-05:00,-52.9375
2025-02-11 13:30:00-05:00,-52.9375
2025-02-11 13:45:00-05:00,-52.9375
2025-02-11 14:00:00-05:00,-52.9375
2025-02-11 14:15:00-05:00,-52.9375
2025-02-11 14:30:00-05:00,-52.9375
2025-02-11 14:45:00-05:00,-52.9375
2025-02-11 15:00:00-05:00,-52.9375
2025-02-11 15:15:00-05:00,-52.9375
2025-02-11 15:30:00-05:00,-52.9375
2025-02-11 15:45:00-05:00,-52.9375
2025-02-12 09:30:00-05:00,0.0
2025-02-12 09:45:00-05:00,0.0
2025-02-12 10:00:00-05:00,-0.5
2025-02-12 10:15:00-05:00,-51.0
2025-02-12 10:30:00-05:00,-51.5
2025-02-12 10:45:00-05:00,-74.9375
2025-02-12 11:00:00-05:00,-67.4375
2025-02-12 11:15:00-05:00,0.0625
2025-02-12 11:30:00-05:00,-13.25
2025-02-12 11:45:00-05:00,-13.25
2025-02-12 12:00:00-05:00,-13.25
2025-02-12 12:15:00-05:00,-13.25
2025-02-12 12:30:00-05:00,-13.25
2025-02-12 12:45:00-05:00,-13.25
2025-02-12 13:00:00-05:00,-13.25
2025-02-12 13:15:00-05:00,-13.25
2025-02-12 13:30:00-05:00,-13.25
2025-02-12 13:45:00-05:00,-13.25
2025-02-12 14:00:00-05:00,-13.25
2025-02-12 14:15:00-05:00,-13.25
2025-02-12 14:30:00-05:00,-13.25
2025-02-12 14:45:00-05:00,-13.25
2025-02-12 15:00:00-05:00,-13.25
2025-02-12 15:15:00-05:00,-13.25
2025-02-12 15:30:00-05:00,-13.25
2025-02-12 15:45:00-05:00,-13.25
2025-02-13 09:30:00-05:00,0.0
2025-02-13 09:45:00-05:00,0.0
2025-02-13 10:00:00-05:00,-0.5
2025-02-13 10:15:00-05:00,9.5
2025-02-13 10:30:00-05:00,44.5
2025-02-13 10:45:00-05:00,80.75
2025-02-13 11:00:00-05:00,94.5
2025-02-13 11:15:00-05:00,78.25
2025-02-13 11:30:00-05:00,79.9375
2025-02-13 11:45:00-05:00,79.9375
2025-02-13 12:00:00-05:00,79.9375
2025-02-13 12:15:00-05:00,79.9375
2025-02-13 12:30:00-05:00,79.9375
2025-02-13 12:45:00-05:00,79.9375
2025-02-13 13:00:00-05:00,79.9375
2025-02-13 13:15:00-05:00,79.9375
2025-02-13 13:30:00-05:00,79.9375
2025-02-13 13:45:00-05:00,79.9375
2025-02-13 14:00:00-05:00,79.9375
2025-02-13 14:15:00-05:00,79.9375
2025-02-13 14:30:00-05:00,79.9375
2025-02-13 14:45:00-05:00,79.9375
2025-02-13 15:00:00-05:00,79.9375
2025-02-13 15:15:00-05:00,79.9375
2025-02-13 15:30:00-05:00,79.9375
2025-02-13 15:45:00-05:00,79.9375
2025-02-14 09:30:00-05:00,0.0
2025-02-14 09:45:00-05:00,0.0
2025-02-14 10:00:00-05:00,-0.5
2025-02-14 10:15:00-05:00,-22.6875
2025-02-14 10:30:00-05:00,-43.9375
2025-02-14 10:45:00-05:00,-26.4375
2025-02-14 11:00:00-05:00,-16.4375
2025-02-14 11:15:00-05:00,-51.0
2025-02-14 11:30:00-05:00,-51.0
2025-02-14 11:45:00-05:00,-51.0
2025-02-14 12:00:00-05:00,-51.0
2025-02-14 12:15:00-05:00,-51.0
2025-02-14 12:30:00-05:00,-51.0
2025-02-14 12:45:00-05:00,-51.0
2025-02-14 13:00:00-05:00,-51.0
2025-02-14 13:15:00-05:00,-51.0
2025-02-14 13:30:00-05:00,-51.0
2025-02-14 13:45:00-05:00,-51.0
2025-02-14 14:00:00-05:00,-51.0
2025-02-14 14:15:00-05:00,-51.0
2025-02-14 14:30:00-05:00,-51.0
2025-02-14 14:45:00-05:00,-51.0
2025-02-14 15:00:00-05:00,-51.0
2025-02-14 15:15:00-05:00,-51.0
2025-02-14 15:30:00-05:00,-51.0
2025-02-14 15:45:00-05:00,-51.0
2025-02-17 09:30:00-05:00,0.0
2025-02-17 09:45:00-05:00,0.0
2025-02-17 10:00:00-05:00,-0.5
2025-02-17 10:15:00-05:00,-1.75
2025-02-17 10:30:00-05:00,5.75
2025-02-17 10:45:00-05:00,3.25
2025-02-17 11:00:00-05:00,8.25
2025-02-17 11:15:00-05:00,24.5
2025-02-17 11:30:00-05:00,34.3125
2025-02-17 11:45:00-05:00,34.3125
2025-02-17 12:00:00-05:00,34.3125
2025-02-17 12:15:00-05:00,34.3125
2025-02-17 12:30:00-05:00,34.3125
2025-02-17 12:45:00-05:00,34.3125
2025-02-18 09:30:00-05:00,0.0
2025-02-18 09:45:00-05:00,0.0
2025-02-18 10:00:00-05:00,-0.5
2025-02-18 10:15:00-05:00,-13.9375
2025-02-18 10:30:00-05:00,-15.1875
2025-02-18 10:45:00-05:00,-33.9375
2025-02-18 11:00:00-05:00,-40.1875
2025-02-18 11:15:00-05:00,-30.1875
2025-02-18 11:30:00-05:00,-19.125
2025-02-18 11:45:00-05:00,-19.125
2025-02-18 12:00:00-05:00,-19.125
2025-02-18 12:15:00-05:00,-19.125
2025-02-18 12:30:00-05:00,-19.125
2025-02-18 12:45:00-05:00,-19.125
2025-02-18 13:00:00-05:00,-19.125
2025-02-18 13:15:00-05:00,-19.125
2025-02-18 13:30:00-05:00,-19.125
2025-02-18 13:45:00-05:00,-19.125
2025-02-18 14:00:00-05:00,-19.125
2025-02-18 14:15:00-05:00,-19.125
2025-02-18 14:30:00-05:00,-19.125
2025-02-18 14:45:00-05:00,-19.125
2025-02-18 15:00:00-05:00,-19.125
2025-02-18 15:15:00-05:00,-19.125
2025-02-18 15:30:00-05:00,-19.125
2025-02-18 15:45:00-05:00,-19.125
2025-02-19 09:30:00-05:00,0.0
2025-02-19 09:45:00-05:00,0.0
2025-02-19 10:00:00-05:00,-0.5
2025-02-19 10:15:00-05:00,-13.0
2025-02-19 10:30:00-05:00,7.0
2025-02-19 10:45:00-05:00,-3.0
2025-02-19 11:00:00-05:00,13.25
2025-02-19 11:15:00-05:00,54.5
2025-02-19 11:30:00-05:00,74.625
2025-02-19 11:45:00-05:00,74.625
2025-02-19 12:00:00-05:00,74.625
2025-02-19 12:15:00-05:00,74.625
2025-02-19 12:30:00-05:00,74.625
2025-02-19 12:45:00-05:00,74.625
2025-02-19 13:00:00-05:00,74.625
2025-02-19 13:15:00-05:00,74.625
2025-02-19 13:30:00-05:00,74.625
2025-02-19 13:45:00-05:00,74.625
2025-02-19 14:00:00-05:00,74.625
2025-02-19 14:15:00-05:00,74.625
2025-02-19 14:30:00-05:00,74.625
2025-02-19 14:45:00-05:00,74.625
2025-02-19 15:00:00-05:00,74.625
2025-02-19 15:15:00-05:00,74.625
2025-02-19 15:30:00-05:00,74.625
2025-02-19 15:45:00-05:00,74.625
2025-02-20 09:30:00-05:00,0.0
2025-02-20 09:45:00-05:00,0.0
2025-02-20 10:00:00-05:00,-0.5
2025-02-20 10:15:00-05:00,-51.0
2025-02-20 10:30:00-05:00,-51.5
2025-02-20 10:45:00-05:00,-40.875
2025-02-20 11:00:00-05:00,-33.375
2025-02-20 11:15:00-05:00,-25.875
2025-02-20 11:30:00-05:00,-7.9375
2025-02-20 11:45:00-05:00,-7.9375
2025-02-20 12:00:00-05:00,-7.9375
2025-02-20 12:15:00-05:00,-7.9375
2025-02-20 12:30:00-05:00,-7.9375
2025-02-20 12:45:00-05:00,-7.9375
2025-02-20 13:00:00-05:00,-7.9375
2025-02-20 13:15:00-05:00,-7.9375
2025-02-20 13:30:00-05:00,-7.9375
2025-02-20 13:45:00-05:00,-7.9375
2025-02-20 14:00:00-05:00,-7.9375
2025-02-20 14:15:00-05:00,-7.9375
2025-02-20 14:30:00-05:00,-7.9375
2025-02-20 14:45:00-05:00,-7.9375
2025-02-20 15:00:00-05:00,-7.9375
2025-02-20 15:15:00-05:00,-7.9375
2025-02-20 15:30:00-05:00,-7.9375
2025-02-20 15:45:00-05:00,-7.9375
2025-02-21 09:30:00-05:00,0.0
2025-02-21 09:45:00-05:00,0.0
2025-02-21 10:00:00-05:00,-0.5
2025-02-21 10:15:00-05:00,-9.5625
2025-02-21 10:30:00-05:00,51.6875
2025-02-21 10:45:00-05:00,64.1875
2025-02-21 11:00:00-05:00,45.4375
2025-02-21 11:15:00-05:00,32.9375
2025-02-21 11:30:00-05:00,53.6875
2025-02-21 11:45:00-05:00,53.6875
2025-02-21 12:00:00-05:00,53.6875
2025-02-21 12:15:00-05:00,53.6875
2025-02-21 12:30:00-05:00,53.6875
2025-02-21 12:45:00-05:00,53.6875
2025-02-21 13:00:00-05:00,53.6875
2025-02-21 13:15:00-05:00,53.6875
2025-02-21 13:30:00-05:00,53.6875
2025-02-21 13:45:00-05:00,53.6875
2025-02-21 14:00:00-05:00,53.6875
2025-02-21 14:15:00-05:00,53.6875
2025-02-21 14:30:00-05:00,53.6875
2025-02-21 14:45:00-05:00,53.6875
2025-02-21 15:00:00-05:00,53.6875
2025-02-21 15:15:00-05:00,53.6875
2025-02-21 15:30:00-05:00,53.6875
2025-02-21 15:45:00-05:00,53.6875
2025-02-24 09:30:00-05:00,0.0
2025-02-24 09:45:00-05:00,0.0
2025-02-24 10:00:00-05:00,-0.5
2025-02-24 10:15:00-05:00,-51.0
2025-02-24 10:30:00-05:00,-51.5
2025-02-24 10:45:00-05:00,-73.6875
2025-02-24 11:00:00-05:00,-91.1875
2025-02-24 11:15:00-05:00,-102.0
2025-02-24 11:30:00-05:00,-102.0
2025-02-24 11:45:00-05:00,-102.0
2025-02-24 12:00:00-05:00,-102.0
2025-02-24 12:15:00-05:00,-102.0
2025-02-24 12:30:00-05:00,-102.0
2025-02-24 12:45:00-05:00,-102.0
2025-02-24 13:00:00-05:00,-102.0
2025-02-24 13:15:00-05:00,-102.0
2025-02-24 13:30:00-05:00,-102.0
2025-02-24 13:45:00-05:00,-102.0
2025-02-24 14:00:00-05:00,-102.0
2025-02-24 14:15:00-05:00,-102.0
2025-02-24 14:30:00-05:00,-102.0
2025-02-24 14:45:00-05:00,-102.0
2025-02-24 15:00:00-05:00,-102.0
2025-02-24 15:15:00-05:00,-102.0
2025-02-24 15:30:00-05:00,-102.0
2025-02-24 15:45:00-05:00,-102.0
2025-02-25 09:30:00-05:00,0.0
2025-02-25 09:45:00-05:00,0.0
2025-02-25 10:00:00-05:00,-0.5
2025-02-25 10:15:00-05:00,33.25
2025-02-25 10:30:00-05:00,53.25
2025-02-25 10:45:00-05:00,20.75
2025-02-25 11:00:00-05:00,73.25
2025-02-25 11:15:00-05:00,83.25
2025-02-25 11:30:00-05:00,155.875
2025-02-25 11:45:00-05:00,155.875
2025-02-25 12:00:00-05:00,155.875
2025-02-25 12:15:00-05:00,155.875
2025-02-25 12:30:00-05:00,155.875
2025-02-25 12:45:00-05:00,155.875
2025-02-25 13:00:00-05:00,155.875
2025-02-25 13:15:00-05:00,155.875
2025-02-25 13:30:00-05:00,155.875
2025-02-25 13:45:00-05:00,155.875
2025-02-25 14:00:00-05:00,155.875
2025-02-25 14:15:00-05:00,155.875
2025-02-25 14:30:00-05:00,155.875
2025-02-25 14:45:00-05:00,155.875
2025-02-25 15:00:00-05:00,155.875
2025-02-25 15:15:00-05:00,155.875
2025-02-25 15:30:00-05:00,155.875
2025-02-25 15:45:00-05:00,155.875
2025-02-26 09:30:00-05:00,0.0
2025-02-26 09:45:00-05:00,0.0
2025-02-26 10:00:00-05:00,0.0
2025-02-26 10:15:00-05:00,-0.5
2025-02-26 10:30:00-05:00,-24.25
2025-02-26 10:45:00-05:00,-6.75
2025-02-26 11:00:00-05:00,23.25
2025-02-26 11:15:00-05:00,12.0
2025-02-26 11:30:00-05:00,17.125
2025-02-26 11:45:00-05:00,17.125
2025-02-26 12:00:00-05:00,17.125
2025-02-26 12:15:00-05:00,17.125
2025-02-26 12:30:00-05:00,17.125
2025-02-26 12:45:00-05:00,17.125
2025-02-26 13:00:00-05:00,17.125
2025-02-26 13:15:00-05:00,17.125
2025-02-26 13:30:00-05:00,17.125
2025-02-26 13:45:00-05:00,17.125
2025-02-26 14:00:00-05:00,17.125
2025-02-26 14:15:00-05:00,17.125
2025-02-26 14:30:00-05:00,17.125
2025-02-26 14:45:00-05:00,17.125
2025-02-26 15:00:00-05:00,17.125
2025-02-26 15:15:00-05:00,17.125
2025-02-26 15:30:00-05:00,17.125
2025-02-26 15:45:00-05:00,17.125
2025-02-27 09:30:00-05:00,0.0
2025-02-27 09:45:00-05:00,0.0
2025-02-27 10:00:00-05:00,-0.5
2025-02-27 10:15:00-05:00,-51.0
2025-02-27 10:30:00-05:00,-51.5
2025-02-27 10:45:00-05:00,-88.6875
2025-02-27 11:00:00-05:00,-71.1875
2025-02-27 11:15:00-05:00,-102.0
2025-02-27 11:30:00-05:00,-102.0
2025-02-27 11:45:00-05:00,-102.0
2025-02-27 12:00:00-05:00,-102.0
2025-02-27 12:15:00-05:00,-102.0
2025-02-27 12:30:00-05:00,-102.0
2025-02-27 12:45:00-05:00,-102.0
2025-02-27 13:00:00-05:00,-102.0
2025-02-27 13:15:00-05:00,-102.0
2025-02-27 13:30:00-05:00,-102.0
2025-02-27 13:45:00-05:00,-102.0
2025-02-27 14:00:00-05:00,-102.0
2025-02-27 14:15:00-05:00,-102.0
2025-02-27 14:30:00-05:00,-102.0
2025-02-27 14:45:00-05:00,-102.0
2025-02-27 15:00:00-05:00,-102.0
2025-02-27 15:15:00-05:00,-102.0
2025-02-27 15:30:00-05:00,-102.0
2025-02-27 15:45:00-05:00,-102.0
2025-02-28 09:30:00-05:00,0.0
2025-02-28 09:45:00-05:00,0.0
2025-02-28 10:00:00-05:00,-0.5
2025-02-28 10:15:00-05:00,-51.0
2025-02-28 10:30:00-05:00,-51.5
2025-02-28 10:45:00-05:00,-102.0
2025-02-28 11:00:00-05:00,-102.5
2025-02-28 11:15:00-05:00,-83.75
2025-02-28 11:30:00-05:00,-43.9375
2025-02-28 11:45:00-05:00,-43.9375
2025-02-28 12:00:00-05:00,-43.9375
2025-02-28 12:15:00-05:00,-43.9375
2025-02-28 12:30:00-05:00,-43.9375
2025-02-28 12:45:00-05:00,-43.9375
2025-02-28 13:00:00-05:00,-43.9375
2025-02-28 13:15:00-05:00,-43.9375
2025-02-28 13:30:00-05:00,-43.9375
2025-02-28 13:45:00-05:00,-43.9375
2025-02-28 14:00:00-05:00,-43.9375
2025-02-28 14:15:00-05:00,-43.9375
2025-02-28 14:30:00-05:00,-43.9375
2025-02-28 14:45:00-05:00,-43.9375
2025-02-28 15:00:00-05:00,-43.9375
2025-02-28 15:15:00-05:00,-43.9375
2025-02-28 15:30:00-05:00,-43.9375
2025-02-28 15:45:00-05:00,-43.9375
2025-03-03 09:30:00-05:00,0.0
2025-03-03 09:45:00-05:00,0.0
2025-03-03 10:00:00-05:00,-0.5
2025-03-03 10:15:00-05:00,-41.75
2025-03-03 10:30:00-05:00,20.75
2025-03-03 10:45:00-05:00,-4.25
2025-03-03 11:00:00-05:00,-0.5
2025-03-03 11:15:00-05:00,4.5
2025-03-03 11:30:00-05:00,-51.0
2025-03-03 11:45:00-05:00,-51.0
2025-03-03 12:00:00-05:00,-51.0
2025-03-03 12:15:00-05:00,-51.0
2025-03-03 12:30:00-05:00,-51.0
2025-03-03 12:45:00-05:00,-51.0
2025-03-03 13:00:00-05:00,-51.0
2025-03-03 13:15:00-05:00,-51.0
2025-03-03 13:30:00-05:00,-51.0
2025-03-03 13:45:00-05:00,-51.0
2025-03-03 14:00:00-05:00,-51.0
2025-03-03 14:15:00-05:00,-51.0
2025-03-03 14:30:00-05:00,-51.0
2025-03-03 14:45:00-05:00,-51.0
2025-03-03 15:00:00-05:00,-51.0
2025-03-03 15:15:00-05:00,-51.0
2025-03-03 15:30:00-05:00,-51.0
2025-03-03 15:45:00-05:00,-51.0
2025-03-04 09:30:00-05:00,0.0
2025-03-04 09:45:00-05:00,0.0
2025-03-04 10:00:00-05:00,-0.5
2025-03-04 10:15:00-05:00,4.5
2025-03-04 10:30:00-05:00,-49.25
2025-03-04 10:45:00-05:00,-33.0
2025-03-04 11:00:00-05:00,15.75
2025-03-04 11:15:00-05:00,-0.5
2025-03-04 11:30:00-05:00,47.4375
2025-03-04 11:45:00-05:00,47.4375
2025-03-04 12:00:00-05:00,47.4375
2025-03-04 12:15:00-05:00,47.4375
2025-03-04 12:30:00-05:00,47.4375
2025-03-04 12:45:00-05:00,47.4375
2025-03-04 13:00:00-05:00,47.4375
2025-03-04 13:15:00-05:00,47.4375
2025-03-04 13:30:00-05:00,47.4375
2025-03-04 13:45:00-05:00,47.4375
2025-03-04 14:00:00-05:00,47.4375
2025-03-04 14:15:00-05:00,47.4375
2025-03-04 14:30:00-05:00,47.4375
2025-03-04 14:45:00-05:00,47.4375
2025-03-04 15:00:00-05:00,47.4375
2025-03-04 15:15:00-05:00,47.4375
2025-03-04 15:30:00-05:00,47.4375
2025-03-04 15:45:00-05:00,47.4375
2025-03-05 09:30:00-05:00,0.0
2025-03-05 09:45:00-05:00,0.0
2025-03-05 10:00:00-05:00,-0.5
2025-03-05 10:15:00-05:00,-51.0
2025-03-05 10:30:00-05:00,-51.5
2025-03-05 10:45:00-05:00,-102.0
2025-03-05 11:00:00-05:00,-102.5
2025-03-05 11:15:00-05:00,-79.375
2025-03-05 11:30:00-05:00,-29.25
2025-03-05 11:45:00-05:00,-29.25
2025-03-05 12:00:00-05:00,-29.25
2025-03-05 12:15:00-05:00,-29.25
2025-03-05 12:30:00-05:00,-29.25
2025-03-05 12:45:00-05:00,-29.25
2025-03-05 13:00:00-05:00,-29.25
2025-03-05 13:15:00-05:00,-29.25
2025-03-05 13:30:00-05:00,-29.25
2025-03-05 13:45:00-05:00,-29.25
2025-03-05 14:00:00-05:00,-29.25
2025-03-05 14:15:00-05:00,-29.25
2025-03-05 14:30:00-05:00,-29.25
2025-03-05 14:45:00-05:00,-29.25
2025-03-05 15:00:00-05:00,-29.25
2025-03-05 15:15:00-05:00,-29.25
2025-03-05 15:30:00-05:00,-29.25
2025-03-05 15:45:00-05:00,-29.25
2025-03-06 09:30:00-05:00,0.0
2025-03-06 09:45:00-05:00,0.0
2025-03-06 10:00:00-05:00,-0.5
2025-03-06 10:15:00-05:00,-51.0
2025-03-06 10:30:00-05:00,-51.5
2025-03-06 10:45:00-05:00,-102.0
2025-03-06 11:00:00-05:00,-102.5
2025-03-06 11:15:00-05:00,-124.0625
2025-03-06 11:30:00-05:00,-38.3125
2025-03-06 11:45:00-05:00,-38.3125
2025-03-06 12:00:00-05:00,-38.3125
2025-03-06 12:15:00-05:00,-38.3125
2025-03-06 12:30:00-05:00,-38.3125
2025-03-06 12:45:00-05:00,-38.3125
2025-03-06 13:00:00-05:00,-38.3125
2025-03-06 13:15:00-05:00,-38.3125
2025-03-06 13:30:00-05:00,-38.3125
2025-03-06 13:45:00-05:00,-38.3125
2025-03-06 14:00:00-05:00,-38.3125
2025-03-06 14:15:00-05:00,-38.3125
2025-03-06 14:30:00-05:00,-38.3125
2025-03-06 14:45:00-05:00,-38.3125
2025-03-06 15:00:00-05:00,-38.3125
2025-03-06 15:15:00-05:00,-38.3125
2025-03-06 15:30:00-05:00,-38.3125
2025-03-06 15:45:00-05:00,-38.3125
2025-03-07 09:30:00-05:00,0.0
2025-03-07 09:45:00-05:00,0.0
2025-03-07 10:00:00-05:00,-0.5
2025-03-07 10:15:00-05:00,3.875
2025-03-07 10:30:00-05:00,66.375
2025-03-07 10:45:00-05:00,26.375
2025-03-07 11:00:00-05:00,121.375
2025-03-07 11:15:00-05:00,161.375
2025-03-07 11:30:00-05:00,320.5625
2025-03-07 11:45:00-05:00,320.5625
2025-03-07 12:00:00-05:00,320.5625
2025-03-07 12:15:00-05:00,320.5625
2025-03-07 12:30:00-05:00,320.5625
2025-03-07 12:45:00-05:00,320.5625
2025-03-07 13:00:00-05:00,320.5625
2025-03-07 13:15:00-05:00,320.5625
2025-03-07 13:30:00-05:00,320.5625
2025-03-07 13:45:00-05:00,320.5625
2025-03-07 14:00:00-05:00,320.5625
2025-03-07 14:15:00-05:00,320.5625
2025-03-07 14:30:00-05:00,320.5625
2025-03-07 14:45:00-05:00,320.5625
2025-03-07 15:00:00-05:00,320.5625
2025-03-07 15:15:00-05:00,320.5625
2025-03-07 15:30:00-05:00,320.5625
2025-03-07 15:45:00-05:00,320.5625
2025-03-10 09:30:00-04:00,0.0
2025-03-10 09:45:00-04:00,0.0
2025-03-10 10:00:00-04:00,-0.5
2025-03-10 10:15:00-04:00,-23.625
2025-03-10 10:30:00-04:00,23.875
2025-03-10 10:45:00-04:00,61.375
2025-03-10 11:00:00-04:00,51.375
2025-03-10 11:15:00-04:00,60.125
2025-03-10 11:30:00-04:00,83.375
2025-03-10 11:45:00-04:00,83.375
2025-03-10 12:00:00-04:00,83.375
2025-03-10 12:15:00-04:00,83.375
2025-03-10 12:30:00-04:00,83.375
2025-03-10 12:45:00-04:00,83.375
2025-03-10 13:00:00-04:00,83.375
2025-03-10 13:15:00-04:00,83.375
2025-03-10 13:30:00-04:00,83.375
2025-03-10 13:45:00-04:00,83.375
2025-03-10 14:00:00-04:00,83.375
2025-03-10 14:15:00-04:00,83.375
2025-03-10 14:30:00-04:00,83.375
2025-03-10 14:45:00-04:00,83.375
2025-03-10 15:00:00-04:00,83.375
2025-03-10 15:15:00-04:00,83.375
2025-03-10 15:30:00-04:00,83.375
2025-03-10 15:45:00-04:00,83.375
2025-03-11 09:30:00-04:00,0.0
2025-03-11 09:45:00-04:00,0.0
2025-03-11 10:00:00-04:00,-0.5
2025-03-11 10:15:00-04:00,2.625
2025-03-11 10:30:00-04:00,88.875
2025-03-11 10:45:00-04:00,98.875
2025-03-11 11:00:00-04:00,7.625
2025-03-11 11:15:00-04:00,12.625
2025-03-11 11:30:00-04:00,-51.0
2025-03-11 11:45:00-04:00,-51.0
2025-03-11 12:00:00-04:00,-51.0
2025-03-11 12:15:00-04:00,-51.0
2025-03-11 12:30:00-04:00,-51.0
2025-03-11 12:45:00-04:00,-51.0
2025-03-11 13:00:00-04:00,-51.0
2025-03-11 13:15:00-04:00,-51.0
2025-03-11 13:30:00-04:00,-51.0
2025-03-11 13:45:00-04:00,-51.0
2025-03-11 14:00:00-04:00,-51.0
2025-03-11 14:15:00-04:00,-51.0
2025-03-11 14:30:00-04:00,-51.0
2025-03-11 14:45:00-04:00,-51.0
2025-03-11 15:00:00-04:00,-51.0
2025-03-11 15:15:00-04:00,-51.0
2025-03-11 15:30:00-04:00,-51.0
2025-03-11 15:45:00-04:00,-51.0
2025-03-12 09:30:00-04:00,0.0
2025-03-12 09:45:00-04:00,0.0
2025-03-12 10:00:00-04:00,-0.5
2025-03-12 10:15:00-04:00,-51.0
2025-03-12 10:30:00-04:00,-51.5
2025-03-12 10:45:00-04:00,-102.0
2025-03-12 11:00:00-04:00,-102.5
2025-03-12 11:15:00-04:00,-137.1875
2025-03-12 11:30:00-04:00,13.25
2025-03-12 11:45:00-04:00,13.25
2025-03-12 12:00:00-04:00,13.25
2025-03-12 12:15:00-04:00,13.25
2025-03-12 12:30:00-04:00,13.25
2025-03-12 12:45:00-04:00,13.25
2025-03-12 13:00:00-04:00,13.25
2025-03-12 13:15:00-04:00,13.25
2025-03-12 13:30:00-04:00,13.25
2025-03-12 13:45:00-04:00,13.25
2025-03-12 14:00:00-04:00,13.25
2025-03-12 14:15:00-04:00,13.25
2025-03-12 14:30:00-04:00,13.25
2025-03-12 14:45:00-04:00,13.25
2025-03-12 15:00:00-04:00,13.25
2025-03-12 15:15:00-04:00,13.25
2025-03-12 15:30:00-04:00,13.25
2025-03-12 15:45:00-04:00,13.25
2025-03-13 09:30:00-04:00,0.0
2025-03-13 09:45:00-04:00,0.0
2025-03-13 10:00:00-04:00,0.0
2025-03-13 10:15:00-04:00,-0.5
2025-03-13 10:30:00-04:00,-36.125
2025-03-13 10:45:00-04:00,13.875
2025-03-13 11:00:00-04:00,35.125
2025-03-13 11:15:00-04:00,113.875
2025-03-13 11:30:00-04:00,180.25
2025-03-13 11:45:00-04:00,180.25
2025-03-13 12:00:00-04:00,180.25
2025-03-13 12:15:00-04:00,180.25
2025-03-13 12:30:00-04:00,180.25
2025-03-13 12:45:00-04:00,180.25
2025-03-13 13:00:00-04:00,180.25
2025-03-13 13:15:00-04:00,180.25
2025-03-13 13:30:00-04:00,180.25
2025-03-13 13:45:00-04:00,180.25
2025-03-13 14:00:00-04:00,180.25
2025-03-13 14:15:00-04:00,180.25
2025-03-13 14:30:00-04:00,180.25
2025-03-13 14:45:00-04:00,180.25
2025-03-13 15:00:00-04:00,180.25
2025-03-13 15:15:00-04:00,180.25
2025-03-13 15:30:00-04:00,180.25
2025-03-13 15:45:00-04:00,180.25
2025-03-14 09:30:00-04:00,0.0
2025-03-14 09:45:00-04:00,0.0
2025-03-14 10:00:00-04:00,-0.5
2025-03-14 10:15:00-04:00,-51.0
2025-03-14 10:30:00-04:00,-51.5
2025-03-14 10:45:00-04:00,-14.9375
2025-03-14 11:00:00-04:00,51.3125
2025-03-14 11:15:00-04:00,71.3125
2025-03-14 11:30:00-04:00,137.375
2025-03-14 11:45:00-04:00,137.375
2025-03-14 12:00:00-04:00,137.375
2025-03-14 12:15:00-04:00,137.375
2025-03-14 12:30:00-04:00,137.375
2025-03-14 12:45:00-04:00,137.375
2025-03-14 13:00:00-04:00,137.375
2025-03-14 13:15:00-04:00,137.375
2025-03-14 13:30:00-04:00,137.375
2025-03-14 13:45:00-04:00,137.375
2025-03-14 14:00:00-04:00,137.375
2025-03-14 14:15:00-04:00,137.375
2025-03-14 14:30:00-04:00,137.375
2025-03-14 14:45:00-04:00,137.375
2025-03-14 15:00:00-04:00,137.375
2025-03-14 15:15:00-04:00,137.375
2025-03-14 15:30:00-04:00,137.375
2025-03-14 15:45:00-04:00,137.375
2025-03-17 09:30:00-04:00,0.0
2025-03-17 09:45:00-04:00,0.0
2025-03-17 10:00:00-04:00,-0.5
2025-03-17 10:15:00-04:00,-51.0
2025-03-17 10:30:00-04:00,-51.5
2025-03-17 10:45:00-04:00,-102.0
2025-03-17 11:00:00-04:00,-102.5
2025-03-17 11:15:00-04:00,-111.875
2025-03-17 11:30:00-04:00,-153.0
2025-03-17 11:45:00-04:00,-153.0
2025-03-17 12:00:00-04:00,-153.0
2025-03-17 12:15:00-04:00,-153.0
2025-03-17 12:30:00-04:00,-153.0
2025-03-17 12:45:00-04:00,-153.0
2025-03-17 13:00:00-04:00,-153.0
2025-03-17 13:15:00-04:00,-153.0
2025-03-17 13:30:00-04:00,-153.0
2025-03-17 13:45:00-04:00,-153.0
2025-03-17 14:00:00-04:00,-153.0
2025-03-17 14:15:00-04:00,-153.0
2025-03-17 14:30:00-04:00,-153.0
2025-03-17 14:45:00-04:00,-153.0
2025-03-17 15:00:00-04:00,-153.0
2025-03-17 15:15:00-04:00,-153.0
2025-03-17 15:30:00-04:00,-153.0
2025-03-17 15:45:00-04:00,-153.0
2025-03-18 09:30:00-04:00,0.0
2025-03-18 09:45:00-04:00,0.0
2025-03-18 10:00:00-04:00,-0.5
2025-03-18 10:15:00-04:00,-37.6875
2025-03-18 10:30:00-04:00,-51.0
2025-03-18 10:45:00-04:00,-51.5
2025-03-18 11:00:00-04:00,-51.8125
2025-03-18 11:15:00-04:00,-36.8125
2025-03-18 11:30:00-04:00,-16.0625
2025-03-18 11:45:00-04:00,-16.0625
2025-03-18 12:00:00-04:00,-16.0625
2025-03-18 12:15:00-04:00,-16.0625
2025-03-18 12:30:00-04:00,-16.0625
2025-03-18 12:45:00-04:00,-16.0625
2025-03-18 13:00:00-04:00,-16.0625
2025-03-18 13:15:00-04:00,-16.0625
2025-03-18 13:30:00-04:00,-16.0625
2025-03-18 13:45:00-04:00,-16.0625
2025-03-18 14:00:00-04:00,-16.0625
2025-03-18 14:15:00-04:00,-16.0625
2025-03-18 14:30:00-04:00,-16.0625
2025-03-18 14:45:00-04:00,-16.0625
2025-03-18 15:00:00-04:00,-16.0625
2025-03-18 15:15:00-04:00,-16.0625
2025-03-18 15:30:00-04:00,-16.0625
2025-03-18 15:45:00-04:00,-16.0625
2025-03-19 09:30:00-04:00,0.0
2025-03-19 09:45:00-04:00,0.0
2025-03-19 10:00:00-04:00,-0.5
2025-03-19 10:15:00-04:00,-10.1875
2025-03-19 10:30:00-04:00,-43.9375
2025-03-19 10:45:00-04:00,-51.0
2025-03-19 11:00:00-04:00,-51.5
2025-03-19 11:15:00-04:00,-76.5
2025-03-19 11:30:00-04:00,-14.8125
2025-03-19 11:45:00-04:00,-14.8125
2025-03-19 12:00:00-04:00,-14.8125
2025-03-19 12:15:00-04:00,-14.8125
2025-03-19 12:30:00-04:00,-14.8125
2025-03-19 12:45:00-04:00,-14.8125
2025-03-19 13:00:00-04:00,-14.8125
2025-03-19 13:15:00-04:00,-14.8125
2025-03-19 13:30:00-04:00,-14.8125
2025-03-19 13:45:00-04:00,-14.8125
2025-03-19 14:00:00-04:00,-14.8125
2025-03-19 14:15:00-04:00,-14.8125
2025-03-19 14:30:00-04:00,-14.8125
2025-03-19 14:45:00-04:00,-14.8125
2025-03-19 15:00:00-04:00,-14.8125
2025-03-19 15:15:00-04:00,-14.8125
2025-03-19 15:30:00-04:00,-14.8125
2025-03-19 15:45:00-04:00,-14.8125
2025-03-20 09:30:00-04:00,0.0
2025-03-20 09:45:00-04:00,0.0
2025-03-20 10:00:00-04:00,-0.5
2025-03-20 10:15:00-04:00,3.5625
2025-03-20 10:30:00-04:00,63.5625
2025-03-20 10:45:00-04:00,82.3125
2025-03-20 11:00:00-04:00,63.5625
2025-03-20 11:15:00-04:00,56.0625
2025-03-20 11:30:00-04:00,56.1875
2025-03-20 11:45:00-04:00,56.1875
2025-03-20 12:00:00-04:00,56.1875
2025-03-20 12:15:00-04:00,56.1875
2025-03-20 12:30:00-04:00,56.1875
2025-03-20 12:45:00-04:00,56.1875
2025-03-20 13:00:00-04:00,56.1875
2025-03-20 13:15:00-04:00,56.1875
2025-03-20 13:30:00-04:00,56.1875
2025-03-20 13:45:00-04:00,56.1875
2025-03-20 14:00:00-04:00,56.1875
2025-03-20 14:15:00-04:00,56.1875
2025-03-20 14:30:00-04:00,56.1875
2025-03-20 14:45:00-04:00,56.1875
2025-03-20 15:00:00-04:00,56.1875
2025-03-20 15:15:00-04:00,56.1875
2025-03-20 15:30:00-04:00,56.1875
2025-03-20 15:45:00-04:00,56.1875
2025-03-21 09:30:00-04:00,0.0
2025-03-21 09:45:00-04:00,0.0
2025-03-21 10:00:00-04:00,-0.5
2025-03-21 10:15:00-04:00,-51.0
2025-03-21 10:30:00-04:00,-51.5
2025-03-21 10:45:00-04:00,-102.0
2025-03-21 11:00:00-04:00,-102.5
2025-03-21 11:15:00-04:00,-88.4375
2025-03-21 11:30:00-04:00,-29.25
2025-03-21 11:45:00-04:00,-29.25
2025-03-21 12:00:00-04:00,-29.25
2025-03-21 12:15:00-04:00,-29.25
2025-03-21 12:30:00-04:00,-29.25
2025-03-21 12:45:00-04:00,-29.25
2025-03-21 13:00:00-04:00,-29.25
2025-03-21 13:15:00-04:00,-29.25
2025-03-21 13:30:00-04:00,-29.25
2025-03-21 13:45:00-04:00,-29.25
2025-03-21 14:00:00-04:00,-29.25
2025-03-21 14:15:00-04:00,-29.25
2025-03-21 14:30:00-04:00,-29.25
2025-03-21 14:45:00-04:00,-29.25
2025-03-21 15:00:00-04:00,-29.25
2025-03-21 15:15:00-04:00,-29.25
2025-03-21 15:30:00-04:00,-29.25
2025-03-21 15:45:00-04:00,-29.25
2025-03-24 09:30:00-04:00,0.0
2025-03-24 09:45:00-04:00,0.0
2025-03-24 10:00:00-04:00,-0.5
2025-03-24 10:15:00-04:00,1.6875
2025-03-24 10:30:00-04:00,-0.8125
2025-03-24 10:45:00-04:00,6.6875
2025-03-24 11:00:00-04:00,21.6875
2025-03-24 11:15:00-04:00,41.6875
2025-03-24 11:30:00-04:00,42.4375
2025-03-24 11:45:00-04:00,42.4375
2025-03-24 12:00:00-04:00,42.4375
2025-03-24 12:15:00-04:00,42.4375
2025-03-24 12:30:00-04:00,42.4375
2025-03-24 12:45:00-04:00,42.4375
2025-03-24 13:00:00-04:00,42.4375
2025-03-24 13:15:00-04:00,42.4375
2025-03-24 13:30:00-04:00,42.4375
2025-03-24 13:45:00-04:00,42.4375
2025-03-24 14:00:00-04:00,42.4375
2025-03-24 14:15:00-04:00,42.4375
2025-03-24 14:30:00-04:00,42.4375
2025-03-24 14:45:00-04:00,42.4375
2025-03-24 15:00:00-04:00,42.4375
2025-03-24 15:15:00-04:00,42.4375
2025-03-24 15:30:00-04:00,42.4375
2025-03-24 15:45:00-04:00,42.4375
2025-03-25 09:30:00-04:00,0.0
2025-03-25 09:45:00-04:00,0.0
2025-03-25 10:00:00-04:00,-0.5
2025-03-25 10:15:00-04:00,3.25
2025-03-25 10:30:00-04:00,28.25
2025-03-25 10:45:00-04:00,49.5
2025-03-25 11:00:00-04:00,52.0
2025-03-25 11:15:00-04:00,39.5
2025-03-25 11:30:00-04:00,38.6875
2025-03-25 11:45:00-04:00,38.6875
2025-03-25 12:00:00-04:00,38.6875
2025-03-25 12:15:00-04:00,38.6875
2025-03-25 12:30:00-04:00,38.6875
2025-03-25 12:45:00-04:00,38.6875
2025-03-25 13:00:00-04:00,38.6875
2025-03-25 13:15:00-04:00,38.6875
2025-03-25 13:30:00-04:00,38.6875
2025-03-25 13:45:00-04:00,38.6875
2025-03-25 14:00:00-04:00,38.6875
2025-03-25 14:15:00-04:00,38.6875
2025-03-25 14:30:00-04:00,38.6875
2025-03-25 14:45:00-04:00,38.6875
2025-03-25 15:00:00-04:00,38.6875
2025-03-25 15:15:00-04:00,38.6875
2025-03-25 15:30:00-04:00,38.6875
2025-03-25 15:45:00-04:00,38.6875
2025-03-26 09:30:00-04:00,0.0
2025-03-26 09:45:00-04:00,0.0
2025-03-26 10:00:00-04:00,-0.5
2025-03-26 10:15:00-04:00,-51.0
2025-03-26 10:30:00-04:00,-51.0
2025-03-26 10:45:00-04:00,-51.5
2025-03-26 11:00:00-04:00,-75.5625
2025-03-26 11:15:00-04:00,-61.8125
2025-03-26 11:30:00-04:00,2.0625
2025-03-26 11:45:00-04:00,2.0625
2025-03-26 12:00:00-04:00,2.0625
2025-03-26 12:15:00-04:00,2.0625
2025-03-26 12:30:00-04:00,2.0625
2025-03-26 12:45:00-04:00,2.0625
2025-03-26 13:00:00-04:00,2.0625
2025-03-26 13:15:00-04:00,2.0625
2025-03-26 13:30:00-04:00,2.0625
2025-03-26 13:45:00-04:00,2.0625
2025-03-26 14:00:00-04:00,2.0625
2025-03-26 14:15:00-04:00,2.0625
2025-03-26 14:30:00-04:00,2.0625
2025-03-26 14:45:00-04:00,2.0625
2025-03-26 15:00:00-04:00,2.0625
2025-03-26 15:15:00-04:00,2.0625
2025-03-26 15:30:00-04:00,2.0625
2025-03-26 15:45:00-04:00,2.0625
2025-03-27 09:30:00-04:00,0.0
2025-03-27 09:45:00-04:00,0.0
2025-03-27 10:00:00-04:00,-0.5
2025-03-27 10:15:00-04:00,-51.0
2025-03-27 10:30:00-04:00,-51.5
2025-03-27 10:45:00-04:00,-77.9375
2025-03-27 11:00:00-04:00,-77.9375
2025-03-27 11:15:00-04:00,-78.4375
2025-03-27 11:30:00-04:00,-128.9375
2025-03-27 11:45:00-04:00,-128.9375
2025-03-27 12:00:00-04:00,-128.9375
2025-03-27 12:15:00-04:00,-128.9375
2025-03-27 12:30:00-04:00,-128.9375
2025-03-27 12:45:00-04:00,-128.9375
2025-03-27 13:00:00-04:00,-128.9375
2025-03-27 13:15:00-04:00,-128.9375
2025-03-27 13:30:00-04:00,-128.9375
2025-03-27 13:45:00-04:00,-128.9375
2025-03-27 14:00:00-04:00,-128.9375
2025-03-27 14:15:00-04:00,-128.9375
2025-03-27 14:30:00-04:00,-128.9375
2025-03-27 14:45:00-04:00,-128.9375
2025-03-27 15:00:00-04:00,-128.9375
2025-03-27 15:15:00-04:00,-128.9375
2025-03-27 15:30:00-04:00,-128.9375
2025-03-27 15:45:00-04:00,-128.9375
2025-03-28 09:30:00-04:00,0.0
2025-03-28 09:45:00-04:00,0.0
2025-03-28 10:00:00-04:00,-0.5
2025-03-28 10:15:00-04:00,56.6875
2025-03-28 10:30:00-04:00,125.4375
2025-03-28 10:45:00-04:00,151.6875
2025-03-28 11:00:00-04:00,166.6875
2025-03-28 11:15:00-04:00,174.1875
2025-03-28 11:30:00-04:00,179.625
2025-03-28 11:45:00-04:00,179.625
2025-03-28 12:00:00-04:00,179.625
2025-03-28 12:15:00-04:00,179.625
2025-03-28 12:30:00-04:00,179.625
2025-03-28 12:45:00-04:00,179.625
2025-03-28 13:00:00-04:00,179.625
2025-03-28 13:15:00-04:00,179.625
2025-03-28 13:30:00-04:00,179.625
2025-03-28 13:45:00-04:00,179.625
2025-03-28 14:00:00-04:00,179.625
2025-03-28 14:15:00-04:00,179.625
2025-03-28 14:30:00-04:00,179.625
2025-03-28 14:45:00-04:00,179.625
2025-03-28 15:00:00-04:00,179.625
2025-03-28 15:15:00-04:00,179.625
2025-03-28 15:30:00-04:00,179.625
2025-03-28 15:45:00-04:00,179.625
2025-03-31 09:30:00-04:00,0.0
2025-03-31 09:45:00-04:00,0.0
2025-03-31 10:00:00-04:00,-0.5
2025-03-31 10:15:00-04:00,-32.6875
2025-03-31 10:30:00-04:00,-51.0
2025-03-31 10:45:00-04:00,-51.5
2025-03-31 11:00:00-04:00,-102.0
2025-03-31 11:15:00-04:00,-102.5
2025-03-31 11:30:00-04:00,-153.0
2025-03-31 11:45:00-04:00,-153.0
2025-03-31 12:00:00-04:00,-153.0
2025-03-31 12:15:00-04:00,-153.0
2025-03-31 12:30:00-04:00,-153.0
2025-03-31 12:45:00-04:00,-153.0
2025-03-31 13:00:00-04:00,-153.0
2025-03-31 13:15:00-04:00,-153.0
2025-03-31 13:30:00-04:00,-153.0
2025-03-31 13:45:00-04:00,-153.0
2025-03-31 14:00:00-04:00,-153.0
2025-03-31 14:15:00-04:00,-153.0
2025-03-31 14:30:00-04:00,-153.0
2025-03-31 14:45:00-04:00,-153.0
2025-03-31 15:00:00-04:00,-153.0
2025-03-31 15:15:00-04:00,-153.0
2025-03-31 15:30:00-04:00,-153.0
2025-03-31 15:45:00-04:00,-153.0
2025-04-01 09:30:00-04:00,0.0
2025-04-01 09:45:00-04:00,0.0
2025-04-01 10:00:00-04:00,-0.5
2025-04-01 10:15:00-04:00,-51.0
2025-04-01 10:30:00-04:00,-51.5
2025-04-01 10:45:00-04:00,-13.6875
2025-04-01 11:00:00-04:00,83.8125
2025-04-01 11:15:00-04:00,146.3125
2025-04-01 11:30:00-04:00,158.625
2025-04-01 11:45:00-04:00,158.625
2025-04-01 12:00:00-04:00,158.625
2025-04-01 12:15:00-04:00,158.625
2025-04-01 12:30:00-04:00,158.625
2025-04-01 12:45:00-04:00,158.625
2025-04-01 13:00:00-04:00,158.625
2025-04-01 13:15:00-04:00,158.625
2025-04-01 13:30:00-04:00,158.625
2025-04-01 13:45:00-04:00,158.625
2025-04-01 14:00:00-04:00,158.625
2025-04-01 14:15:00-04:00,158.625
2025-04-01 14:30:00-04:00,158.625
2025-04-01 14:45:00-04:00,158.625
2025-04-01 15:00:00-04:00,158.625
2025-04-01 15:15:00-04:00,158.625
2025-04-01 15:30:00-04:00,158.625
2025-04-01 15:45:00-04:00,158.625
2025-04-02 09:30:00-04:00,0.0
2025-04-02 09:45:00-04:00,0.0
2025-04-02 10:00:00-04:00,-0.5
2025-04-02 10:15:00-04:00,-16.125
2025-04-02 10:30:00-04:00,57.625
2025-04-02 10:45:00-04:00,76.375
2025-04-02 11:00:00-04:00,96.375
2025-04-02 11:15:00-04:00,85.125
2025-04-02 11:30:00-04:00,188.0625
2025-04-02 11:45:00-04:00,188.0625
2025-04-02 12:00:00-04:00,188.0625
2025-04-02 12:15:00-04:00,188.0625
2025-04-02 12:30:00-04:00,188.0625
2025-04-02 12:45:00-04:00,188.0625
2025-04-02 13:00:00-04:00,188.0625
2025-04-02 13:15:00-04:00,188.0625
2025-04-02 13:30:00-04:00,188.0625
2025-04-02 13:45:00-04:00,188.0625
2025-04-02 14:00:00-04:00,188.0625
2025-04-02 14:15:00-04:00,188.0625
2025-04-02 14:30:00-04:00,188.0625
2025-04-02 14:45:00-04:00,188.0625
2025-04-02 15:00:00-04:00,188.0625
2025-04-02 15:15:00-04:00,188.0625
2025-04-02 15:30:00-04:00,188.0625
2025-04-02 15:45:00-04:00,188.0625
2025-04-03 09:30:00-04:00,0.0
2025-04-03 09:45:00-04:00,0.0
2025-04-03 10:00:00-04:00,-0.5
2025-04-03 10:15:00-04:00,-1.75
2025-04-03 10:30:00-04:00,-10.5
2025-04-03 10:45:00-04:00,73.25
2025-04-03 11:00:00-04:00,74.5
2025-04-03 11:15:00-04:00,47.0
2025-04-03 11:30:00-04:00,39.0
2025-04-03 11:45:00-04:00,39.0
2025-04-03 12:00:00-04:00,39.0
2025-04-03 12:15:00-04:00,39.0
2025-04-03 12:30:00-04:00,39.0
2025-04-03 12:45:00-04:00,39.0
2025-04-03 13:00:00-04:00,39.0
2025-04-03 13:15:00-04:00,39.0
2025-04-03 13:30:00-04:00,39.0
2025-04-03 13:45:00-04:00,39.0
2025-04-03 14:00:00-04:00,39.0
2025-04-03 14:15:00-04:00,39.0
2025-04-03 14:30:00-04:00,39.0
2025-04-03 14:45:00-04:00,39.0
2025-04-03 15:00:00-04:00,39.0
2025-04-03 15:15:00-04:00,39.0
2025-04-03 15:30:00-04:00,39.0
2025-04-03 15:45:00-04:00,39.0
2025-04-04 09:30:00-04:00,0.0
2025-04-04 09:45:00-04:00,0.0
2025-04-04 10:00:00-04:00,-0.5
2025-04-04 10:15:00-04:00,62.0
2025-04-04 10:30:00-04:00,160.75
2025-04-04 10:45:00-04:00,218.25
2025-04-04 11:00:00-04:00,-51.0
2025-04-04 11:15:00-04:00,-51.5
2025-04-04 11:30:00-04:00,93.3125
2025-04-04 11:45:00-04:00,93.3125
2025-04-04 12:00:00-04:00,93.3125
2025-04-04 12:15:00-04:00,93.3125
2025-04-04 12:30:00-04:00,93.3125
2025-04-04 12:45:00-04:00,93.3125
2025-04-04 13:00:00-04:00,93.3125
2025-04-04 13:15:00-04:00,93.3125
2025-04-04 13:30:00-04:00,93.3125
2025-04-04 13:45:00-04:00,93.3125
2025-04-04 14:00:00-04:00,93.3125
2025-04-04 14:15:00-04:00,93.3125
2025-04-04 14:30:00-04:00,93.3125
2025-04-04 14:45:00-04:00,93.3125
2025-04-04 15:00:00-04:00,93.3125
2025-04-04 15:15:00-04:00,93.3125
2025-04-04 15:30:00-04:00,93.3125
2025-04-04 15:45:00-04:00,93.3125
2025-04-07 09:30:00-04:00,0.0
2025-04-07 09:45:00-04:00,0.0
2025-04-07 10:00:00-04:00,0.0
2025-04-07 10:15:00-04:00,0.0
2025-04-07 10:30:00-04:00,-0.5
2025-04-07 10:45:00-04:00,-51.0
2025-04-07 11:00:00-04:00,-51.5
2025-04-07 11:15:00-04:00,-102.0
2025-04-07 11:30:00-04:00,-102.0
2025-04-07 11:45:00-04:00,-102.0
2025-04-07 12:00:00-04:00,-102.0
2025-04-07 12:15:00-04:00,-102.0
2025-04-07 12:30:00-04:00,-102.0
2025-04-07 12:45:00-04:00,-102.0
2025-04-07 13:00:00-04:00,-102.0
2025-04-07 13:15:00-04:00,-102.0
2025-04-07 13:30:00-04:00,-102.0
2025-04-07 13:45:00-04:00,-102.0
2025-04-07 14:00:00-04:00,-102.0
2025-04-07 14:15:00-04:00,-102.0
2025-04-07 14:30:00-04:00,-102.0
2025-04-07 14:45:00-04:00,-102.0
2025-04-07 15:00:00-04:00,-102.0
2025-04-07 15:15:00-04:00,-102.0
2025-04-07 15:30:00-04:00,-102.0
2025-04-07 15:45:00-04:00,-102.0
2025-04-08 09:30:00-04:00,0.0
2025-04-08 09:45:00-04:00,0.0
2025-04-08 10:00:00-04:00,-0.5
2025-04-08 10:15:00-04:00,-27.375
2025-04-08 10:30:00-04:00,-51.0
2025-04-08 10:45:00-04:00,-51.5
2025-04-08 11:00:00-04:00,-102.0
2025-04-08 11:15:00-04:00,-102.5
2025-04-08 11:30:00-04:00,-153.0
2025-04-08 11:45:00-04:00,-153.0
2025-04-08 12:00:00-04:00,-153.0
2025-04-08 12:15:00-04:00,-153.0
2025-04-08 12:30:00-04:00,-153.0
2025-04-08 12:45:00-04:00,-153.0
2025-04-08 13:00:00-04:00,-153.0
2025-04-08 13:15:00-04:00,-153.0
2025-04-08 13:30:00-04:00,-153.0
2025-04-08 13:45:00-04:00,-153.0
2025-04-08 14:00:00-04:00,-153.0
2025-04-08 14:15:00-04:00,-153.0
2025-04-08 14:30:00-04:00,-153.0
2025-04-08 14:45:00-04:00,-153.0
2025-04-08 15:00:00-04:00,-153.0
2025-04-08 15:15:00-04:00,-153.0
2025-04-08 15:30:00-04:00,-153.0
2025-04-08 15:45:00-04:00,-153.0
2025-04-09 09:30:00-04:00,0.0
2025-04-09 09:45:00-04:00,0.0
2025-04-09 10:00:00-04:00,-0.5
2025-04-09 10:15:00-04:00,-51.0
2025-04-09 10:30:00-04:00,-51.5
2025-04-09 10:45:00-04:00,-99.9375
2025-04-09 11:00:00-04:00,3.8125
2025-04-09 11:15:00-04:00,-92.4375
2025-04-09 11:30:00-04:00,43.625
2025-04-09 11:45:00-04:00,43.625
2025-04-09 12:00:00-04:00,43.625
2025-04-09 12:15:00-04:00,43.625
2025-04-09 12:30:00-04:00,43.625
2025-04-09 12:45:00-04:00,43.625
2025-04-09 13:00:00-04:00,43.625
2025-04-09 13:15:00-04:00,43.625
2025-04-09 13:30:00-04:00,43.625
2025-04-09 13:45:00-04:00,43.625
2025-04-09 14:00:00-04:00,43.625
2025-04-09 14:15:00-04:00,43.625
2025-04-09 14:30:00-04:00,43.625
2025-04-09 14:45:00-04:00,43.625
2025-04-09 15:00:00-04:00,43.625
2025-04-09 15:15:00-04:00,43.625
2025-04-09 15:30:00-04:00,43.625
2025-04-09 15:45:00-04:00,43.625
2025-04-10 09:30:00-04:00,0.0
2025-04-10 09:45:00-04:00,0.0
2025-04-10 10:00:00-04:00,-0.5
2025-04-10 10:15:00-04:00,-51.0
2025-04-10 10:30:00-04:00,-51.5
2025-04-10 10:45:00-04:00,-102.0
2025-04-10 11:00:00-04:00,-102.5
2025-04-10 11:15:00-04:00,-153.0
2025-04-10 11:30:00-04:00,-153.0
2025-04-10 11:45:00-04:00,-153.0
2025-04-10 12:00:00-04:00,-153.0
2025-04-10 12:15:00-04:00,-153.0
2025-04-10 12:30:00-04:00,-153.0
2025-04-10 12:45:00-04:00,-153.0
2025-04-10 13:00:00-04:00,-153.0
2025-04-10 13:15:00-04:00,-153.0
2025-04-10 13:30:00-04:00,-153.0
2025-04-10 13:45:00-04:00,-153.0
2025-04-10 14:00:00-04:00,-153.0
2025-04-10 14:15:00-04:00,-153.0
2025-04-10 14:30:00-04:00,-153.0
2025-04-10 14:45:00-04:00,-153.0
2025-04-10 15:00:00-04:00,-153.0
2025-04-10 15:15:00-04:00,-153.0
2025-04-10 15:30:00-04:00,-153.0
2025-04-10 15:45:00-04:00,-153.0
2025-04-11 09:30:00-04:00,0.0
2025-04-11 09:45:00-04:00,0.0
2025-04-11 10:00:00-04:00,-0.5
2025-04-11 10:15:00-04:00,-51.0
2025-04-11 10:30:00-04:00,-51.5
2025-04-11 10:45:00-04:00,-54.625
2025-04-11 11:00:00-04:00,-102.0
2025-04-11 11:15:00-04:00,-102.5
2025-04-11 11:30:00-04:00,-11.125
2025-04-11 11:45:00-04:00,-11.125
2025-04-11 12:00:00-04:00,-11.125
2025-04-11 12:15:00-04:00,-11.125
2025-04-11 12:30:00-04:00,-11.125
2025-04-11 12:45:00-04:00,-11.125
2025-04-11 13:00:00-04:00,-11.125
2025-04-11 13:15:00-04:00,-11.125
2025-04-11 13:30:00-04:00,-11.125
2025-04-11 13:45:00-04:00,-11.125
2025-04-11 14:00:00-04:00,-11.125
2025-04-11 14:15:00-04:00,-11.125
2025-04-11 14:30:00-04:00,-11.125
2025-04-11 14:45:00-04:00,-11.125
2025-04-11 15:00:00-04:00,-11.125
2025-04-11 15:15:00-04:00,-11.125
2025-04-11 15:30:00-04:00,-11.125
2025-04-11 15:45:00-04:00,-11.125
2025-04-14 09:30:00-04:00,0.0
2025-04-14 09:45:00-04:00,0.0
2025-04-14 10:00:00-04:00,-0.5
2025-04-14 10:15:00-04:00,-51.0
2025-04-14 10:30:00-04:00,-51.5
2025-04-14 10:45:00-04:00,-72.75
2025-04-14 11:00:00-04:00,-102.0
2025-04-14 11:15:00-04:00,-102.5
2025-04-14 11:30:00-04:00,-153.0
2025-04-14 11:45:00-04:00,-153.0
2025-04-14 12:00:00-04:00,-153.0
2025-04-14 12:15:00-04:00,-153.0
2025-04-14 12:30:00-04:00,-153.0
2025-04-14 12:45:00-04:00,-153.0
2025-04-14 13:00:00-04:00,-153.0
2025-04-14 13:15:00-04:00,-153.0
2025-04-14 13:30:00-04:00,-153.0
2025-04-14 13:45:00-04:00,-153.0
2025-04-14 14:00:00-04:00,-153.0
2025-04-14 14:15:00-04:00,-153.0
2025-04-14 14:30:00-04:00,-153.0
2025-04-14 14:45:00-04:00,-153.0
2025-04-14 15:00:00-04:00,-153.0
2025-04-14 15:15:00-04:00,-153.0
2025-04-14 15:30:00-04:00,-153.0
2025-04-14 15:45:00-04:00,-153.0
2025-04-15 09:30:00-04:00,0.0
2025-04-15 09:45:00-04:00,0.0
2025-04-15 10:00:00-04:00,-0.5
2025-04-15 10:15:00-04:00,-51.0
2025-04-15 10:30:00-04:00,-51.5
2025-04-15 10:45:00-04:00,-102.0
2025-04-15 11:00:00-04:00,-102.5
2025-04-15 11:15:00-04:00,-149.6875
2025-04-15 11:30:00-04:00,-153.0
2025-04-15 11:45:00-04:00,-153.0
2025-04-15 12:00:00-04:00,-153.0
2025-04-15 12:15:00-04:00,-153.0
2025-04-15 12:30:00-04:00,-153.0
2025-04-15 12:45:00-04:00,-153.0
2025-04-15 13:00:00-04:00,-153.0
2025-04-15 13:15:00-04:00,-153.0
2025-04-15 13:30:00-04:00,-153.0
2025-04-15 13:45:00-04:00,-153.0
2025-04-15 14:00:00-04:00,-153.0
2025-04-15 14:15:00-04:00,-153.0
2025-04-15 14:30:00-04:00,-153.0
2025-04-15 14:45:00-04:00,-153.0
2025-04-15 15:00:00-04:00,-153.0
2025-04-15 15:15:00-04:00,-153.0
2025-04-15 15:30:00-04:00,-153.0
2025-04-15 15:45:00-04:00,-153.0
2025-04-16 09:30:00-04:00,0.0
2025-04-16 09:45:00-04:00,0.0
2025-04-16 10:00:00-04:00,-0.5
2025-04-16 10:15:00-04:00,-51.0
2025-04-16 10:30:00-04:00,-51.5
2025-04-16 10:45:00-04:00,-81.1875
2025-04-16 11:00:00-04:00,-101.1875
2025-04-16 11:15:00-04:00,-102.0
2025-04-16 11:30:00-04:00,-102.0
2025-04-16 11:45:00-04:00,-102.0
2025-04-16 12:00:00-04:00,-102.0
2025-04-16 12:15:00-04:00,-102.0
2025-04-16 12:30:00-04:00,-102.0
2025-04-16 12:45:00-04:00,-102.0
2025-04-16 13:00:00-04:00,-102.0
2025-04-16 13:15:00-04:00,-102.0
2025-04-16 13:30:00-04:00,-102.0
2025-04-16 13:45:00-04:00,-102.0
2025-04-16 14:00:00-04:00,-102.0
2025-04-16 14:15:00-04:00,-102.0
2025-04-16 14:30:00-04:00,-102.0
2025-04-16 14:45:00-04:00,-102.0
2025-04-16 15:00:00-04:00,-102.0
2025-04-16 15:15:00-04:00,-102.0
2025-04-16 15:30:00-04:00,-102.0
2025-04-16 15:45:00-04:00,-102.0
2025-04-17 09:30:00-04:00,0.0
2025-04-17 09:45:00-04:00,0.0
2025-04-17 10:00:00-04:00,0.0
2025-04-17 10:15:00-04:00,-0.5
2025-04-17 10:30:00-04:00,-51.0
2025-04-17 10:45:00-04:00,-51.5
2025-04-17 11:00:00-04:00,-77.75
2025-04-17 11:15:00-04:00,-2.75
2025-04-17 11:30:00-04:00,34.5625
2025-04-17 11:45:00-04:00,34.5625
2025-04-17 12:00:00-04:00,34.5625
2025-04-17 12:15:00-04:00,34.5625
2025-04-17 12:30:00-04:00,34.5625
2025-04-17 12:45:00-04:00,34.5625
2025-04-17 13:00:00-04:00,34.5625
2025-04-17 13:15:00-04:00,34.5625
2025-04-17 13:30:00-04:00,34.5625
2025-04-17 13:45:00-04:00,34.5625
2025-04-17 14:00:00-04:00,34.5625
2025-04-17 14:15:00-04:00,34.5625
2025-04-17 14:30:00-04:00,34.5625
2025-04-17 14:45:00-04:00,34.5625
2025-04-17 15:00:00-04:00,34.5625
2025-04-17 15:15:00-04:00,34.5625
2025-04-17 15:30:00-04:00,34.5625
2025-04-17 15:45:00-04:00,34.5625
2025-04-21 09:30:00-04:00,0.0
2025-04-21 09:45:00-04:00,0.0
2025-04-21 10:00:00-04:00,-0.5
2025-04-21 10:15:00-04:00,2.9375
2025-04-21 10:30:00-04:00,6.6875
2025-04-21 10:45:00-04:00,49.1875
2025-04-21 11:00:00-04:00,99.1875
2025-04-21 11:15:00-04:00,135.4375
2025-04-21 11:30:00-04:00,227.4375
2025-04-21 11:45:00-04:00,227.4375
2025-04-21 12:00:00-04:00,227.4375
2025-04-21 12:15:00-04:00,227.4375
2025-04-21 12:30:00-04:00,227.4375
2025-04-21 12:45:00-04:00,227.4375
2025-04-21 13:00:00-04:00,227.4375
2025-04-21 13:15:00-04:00,227.4375
2025-04-21 13:30:00-04:00,227.4375
2025-04-21 13:45:00-04:00,227.4375
2025-04-21 14:00:00-04:00,227.4375
2025-04-21 14:15:00-04:00,227.4375
2025-04-21 14:30:00-04:00,227.4375
2025-04-21 14:45:00-04:00,227.4375
2025-04-21 15:00:00-04:00,227.4375
2025-04-21 15:15:00-04:00,227.4375
2025-04-21 15:30:00-04:00,227.4375
2025-04-21 15:45:00-04:00,227.4375
2025-04-22 09:30:00-04:00,0.0
2025-04-22 09:45:00-04:00,0.0
2025-04-22 10:00:00-04:00,-0.5
2025-04-22 10:15:00-04:00,-21.125
2025-04-22 10:30:00-04:00,-13.625
2025-04-22 10:45:00-04:00,41.375
2025-04-22 11:00:00-04:00,105.125
2025-04-22 11:15:00-04:00,121.375
2025-04-22 11:30:00-04:00,99.0
2025-04-22 11:45:00-04:00,99.0
2025-04-22 12:00:00-04:00,99.0
2025-04-22 12:15:00-04:00,99.0
2025-04-22 12:30:00-04:00,99.0
2025-04-22 12:45:00-04:00,99.0
2025-04-22 13:00:00-04:00,99.0
2025-04-22 13:15:00-04:00,99.0
2025-04-22 13:30:00-04:00,99.0
2025-04-22 13:45:00-04:00,99.0
2025-04-22 14:00:00-04:00,99.0
2025-04-22 14:15:00-04:00,99.0
2025-04-22 14:30:00-04:00,99.0
2025-04-22 14:45:00-04:00,99.0
2025-04-22 15:00:00-04:00,99.0
2025-04-22 15:15:00-04:00,99.0
2025-04-22 15:30:00-04:00,99.0
2025-04-22 15:45:00-04:00,99.0
2025-04-23 09:30:00-04:00,0.0
2025-04-23 09:45:00-04:00,0.0
2025-04-23 10:00:00-04:00,-0.5
2025-04-23 10:15:00-04:00,-51.0
2025-04-23 10:30:00-04:00,-51.5
2025-04-23 10:45:00-04:00,-102.0
2025-04-23 11:00:00-04:00,-102.5
2025-04-23 11:15:00-04:00,-153.0
2025-04-23 11:30:00-04:00,-153.0
2025-04-23 11:45:00-04:00,-153.0
2025-04-23 12:00:00-04:00,-153.0
2025-04-23 12:15:00-04:00,-153.0
2025-04-23 12:30:00-04:00,-153.0
2025-04-23 12:45:00-04:00,-153.0
2025-04-23 13:00:00-04:00,-153.0
2025-04-23 13:15:00-04:00,-153.0
2025-04-23 13:30:00-04:00,-153.0
2025-04-23 13:45:00-04:00,-153.0
2025-04-23 14:00:00-04:00,-153.0
2025-04-23 14:15:00-04:00,-153.0
2025-04-23 14:30:00-04:00,-153.0
2025-04-23 14:45:00-04:00,-153.0
2025-04-23 15:00:00-04:00,-153.0
2025-04-23 15:15:00-04:00,-153.0
2025-04-23 15:30:00-04:00,-153.0
2025-04-23 15:45:00-04:00,-153.0
2025-04-24 09:30:00-04:00,0.0
2025-04-24 09:45:00-04:00,0.0
2025-04-24 10:00:00-04:00,-0.5
2025-04-24 10:15:00-04:00,-12.0625
2025-04-24 10:30:00-04:00,97.9375
2025-04-24 10:45:00-04:00,67.9375
2025-04-24 11:00:00-04:00,111.6875
2025-04-24 11:15:00-04:00,119.1875
2025-04-24 11:30:00-04:00,138.375
2025-04-24 11:45:00-04:00,138.375
2025-04-24 12:00:00-04:00,138.375
2025-04-24 12:15:00-04:00,138.375
2025-04-24 12:30:00-04:00,138.375
2025-04-24 12:45:00-04:00,138.375
2025-04-24 13:00:00-04:00,138.375
2025-04-24 13:15:00-04:00,138.375
2025-04-24 13:30:00-04:00,138.375
2025-04-24 13:45:00-04:00,138.375
2025-04-24 14:00:00-04:00,138.375
2025-04-24 14:15:00-04:00,138.375
2025-04-24 14:30:00-04:00,138.375
2025-04-24 14:45:00-04:00,138.375
2025-04-24 15:00:00-04:00,138.375
2025-04-24 15:15:00-04:00,138.375
2025-04-24 15:30:00-04:00,138.375
2025-04-24 15:45:00-04:00,138.375
2025-04-25 09:30:00-04:00,0.0
2025-04-25 09:45:00-04:00,0.0
2025-04-25 10:00:00-04:00,-0.5
2025-04-25 10:15:00-04:00,-51.0
2025-04-25 10:30:00-04:00,-51.5
2025-04-25 10:45:00-04:00,-51.5
2025-04-25 11:00:00-04:00,-34.0
2025-04-25 11:15:00-04:00,-16.5
2025-04-25 11:30:00-04:00,-16.375
2025-04-25 11:45:00-04:00,-16.375
2025-04-25 12:00:00-04:00,-16.375
2025-04-25 12:15:00-04:00,-16.375
2025-04-25 12:30:00-04:00,-16.375
2025-04-25 12:45:00-04:00,-16.375
2025-04-25 13:00:00-04:00,-16.375
2025-04-25 13:15:00-04:00,-16.375
2025-04-25 13:30:00-04:00,-16.375
2025-04-25 13:45:00-04:00,-16.375
2025-04-25 14:00:00-04:00,-16.375
2025-04-25 14:15:00-04:00,-16.375
2025-04-25 14:30:00-04:00,-16.375
2025-04-25 14:45:00-04:00,-16.375
2025-04-25 15:00:00-04:00,-16.375
2025-04-25 15:15:00-04:00,-16.375
2025-04-25 15:30:00-04:00,-16.375
2025-04-25 15:45:00-04:00,-16.375
2025-04-28 09:30:00-04:00,0.0
2025-04-28 09:45:00-04:00,0.0
2025-04-28 10:00:00-04:00,-0.5
2025-04-28 10:15:00-04:00,8.25
2025-04-28 10:30:00-04:00,-44.25
2025-04-28 10:45:00-04:00,-9.25
2025-04-28 11:00:00-04:00,-51.0
2025-04-28 11:15:00-04:00,-51.0
2025-04-28 11:30:00-04:00,-51.0
2025-04-28 11:45:00-04:00,-51.0
2025-04-28 12:00:00-04:00,-51.0
2025-04-28 12:15:00-04:00,-51.0
2025-04-28 12:30:00-04:00,-51.0
2025-04-28 12:45:00-04:00,-51.0
2025-04-28 13:00:00-04:00,-51.0
2025-04-28 13:15:00-04:00,-51.0
2025-04-28 13:30:00-04:00,-51.0
2025-04-28 13:45:00-04:00,-51.0
2025-04-28 14:00:00-04:00,-51.0
2025-04-28 14:15:00-04:00,-51.0
2025-04-28 14:30:00-04:00,-51.0
2025-04-28 14:45:00-04:00,-51.0
2025-04-28 15:00:00-04:00,-51.0
2025-04-28 15:15:00-04:00,-51.0
2025-04-28 15:30:00-04:00,-51.0
2025-04-28 15:45:00-04:00,-51.0
2025-04-29 09:30:00-04:00,0.0
2025-04-29 09:45:00-04:00,0.0
2025-04-29 10:00:00-04:00,-0.5
2025-04-29 10:15:00-04:00,-51.0
2025-04-29 10:30:00-04:00,-51.5
2025-04-29 10:45:00-04:00,-25.5625
2025-04-29 11:00:00-04:00,1.9375
2025-04-29 11:15:00-04:00,-41.8125
2025-04-29 11:30:00-04:00,12.0625
2025-04-29 11:45:00-04:00,12.0625
2025-04-29 12:00:00-04:00,12.0625
2025-04-29 12:15:00-04:00,12.0625
2025-04-29 12:30:00-04:00,12.0625
2025-04-29 12:45:00-04:00,12.0625
2025-04-29 13:00:00-04:00,12.0625
2025-04-29 13:15:00-04:00,12.0625
2025-04-29 13:30:00-04:00,12.0625
2025-04-29 13:45:00-04:00,12.0625
2025-04-29 14:00:00-04:00,12.0625
2025-04-29 14:15:00-04:00,12.0625
2025-04-29 14:30:00-04:00,12.0625
2025-04-29 14:45:00-04:00,12.0625
2025-04-29 15:00:00-04:00,12.0625
2025-04-29 15:15:00-04:00,12.0625
2025-04-29 15:30:00-04:00,12.0625
2025-04-29 15:45:00-04:00,12.0625
2025-04-30 09:30:00-04:00,0.0
2025-04-30 09:45:00-04:00,0.0
2025-04-30 10:00:00-04:00,-0.5
2025-04-30 10:15:00-04:00,-51.0
2025-04-30 10:30:00-04:00,-51.5
2025-04-30 10:45:00-04:00,-102.0
2025-04-30 11:00:00-04:00,-102.5
2025-04-30 11:15:00-04:00,-153.0
2025-04-30 11:30:00-04:00,-153.0
2025-04-30 11:45:00-04:00,-153.0
2025-04-30 12:00:00-04:00,-153.0
2025-04-30 12:15:00-04:00,-153.0
2025-04-30 12:30:00-04:00,-153.0
2025-04-30 12:45:00-04:00,-153.0
2025-04-30 13:00:00-04:00,-153.0
2025-04-30 13:15:00-04:00,-153.0
2025-04-30 13:30:00-04:00,-153.0
2025-04-30 13:45:00-04:00,-153.0
2025-04-30 14:00:00-04:00,-153.0
2025-04-30 14:15:00-04:00,-153.0
2025-04-30 14:30:00-04:00,-153.0
2025-04-30 14:45:00-04:00,-153.0
2025-04-30 15:00:00-04:00,-153.0
2025-04-30 15:15:00-04:00,-153.0
2025-04-30 15:30:00-04:00,-153.0
2025-04-30 15:45:00-04:00,-153.0
2025-05-01 09:30:00-04:00,0.0
2025-05-01 09:45:00-04:00,0.0
2025-05-01 10:00:00-04:00,-0.5
2025-05-01 10:15:00-04:00,27.0
2025-05-01 10:30:00-04:00,65.75
2025-05-01 10:45:00-04:00,114.5
2025-05-01 11:00:00-04:00,143.25
2025-05-01 11:15:00-04:00,167.0
2025-05-01 11:30:00-04:00,143.0625
2025-05-01 11:45:00-04:00,143.0625
2025-05-01 12:00:00-04:00,143.0625
2025-05-01 12:15:00-04:00,143.0625
2025-05-01 12:30:00-04:00,143.0625
2025-05-01 12:45:00-04:00,143.0625
2025-05-01 13:00:00-04:00,143.0625
2025-05-01 13:15:00-04:00,143.0625
2025-05-01 13:30:00-04:00,143.0625
2025-05-01 13:45:00-04:00,143.0625
2025-05-01 14:00:00-04:00,143.0625
2025-05-01 14:15:00-04:00,143.0625
2025-05-01 14:30:00-04:00,143.0625
2025-05-01 14:45:00-04:00,143.0625
2025-05-01 15:00:00-04:00,143.0625
2025-05-01 15:15:00-04:00,143.0625
2025-05-01 15:30:00-04:00,143.0625
2025-05-01 15:45:00-04:00,143.0625
2025-05-02 09:30:00-04:00,0.0
2025-05-02 09:45:00-04:00,0.0
2025-05-02 10:00:00-04:00,-0.5
2025-05-02 10:15:00-04:00,11.6875
2025-05-02 10:30:00-04:00,29.1875
2025-05-02 10:45:00-04:00,19.1875
2025-05-02 11:00:00-04:00,45.4375
2025-05-02 11:15:00-04:00,6.6875
2025-05-02 11:30:00-04:00,42.75
2025-05-02 11:45:00-04:00,42.75
2025-05-02 12:00:00-04:00,42.75
2025-05-02 12:15:00-04:00,42.75
2025-05-02 12:30:00-04:00,42.75
2025-05-02 12:45:00-04:00,42.75
2025-05-02 13:00:00-04:00,42.75
2025-05-02 13:15:00-04:00,42.75
2025-05-02 13:30:00-04:00,42.75
2025-05-02 13:45:00-04:00,42.75
2025-05-02 14:00:00-04:00,42.75
2025-05-02 14:15:00-04:00,42.75
2025-05-02 14:30:00-04:00,42.75
2025-05-02 14:45:00-04:00,42.75
2025-05-02 15:00:00-04:00,42.75
2025-05-02 15:15:00-04:00,42.75
2025-05-02 15:30:00-04:00,42.75
2025-05-02 15:45:00-04:00,42.75
2025-05-05 09:30:00-04:00,0.0
2025-05-05 09:45:00-04:00,0.0
2025-05-05 10:00:00-04:00,-0.5
2025-05-05 10:15:00-04:00,-48.9375
2025-05-05 10:30:00-04:00,-51.0
2025-05-05 10:45:00-04:00,-51.5
2025-05-05 11:00:00-04:00,-78.6875
2025-05-05 11:15:00-04:00,-82.4375
2025-05-05 11:30:00-04:00,-44.5
2025-05-05 11:45:00-04:00,-44.5
2025-05-05 12:00:00-04:00,-44.5
2025-05-05 12:15:00-04:00,-44.5
2025-05-05 12:30:00-04:00,-44.5
2025-05-05 12:45:00-04:00,-44.5
2025-05-05 13:00:00-04:00,-44.5
2025-05-05 13:15:00-04:00,-44.5
2025-05-05 13:30:00-04:00,-44.5
2025-05-05 13:45:00-04:00,-44.5
2025-05-05 14:00:00-04:00,-44.5
2025-05-05 14:15:00-04:00,-44.5
2025-05-05 14:30:00-04:00,-44.5
2025-05-05 14:45:00-04:00,-44.5
2025-05-05 15:00:00-04:00,-44.5
2025-05-05 15:15:00-04:00,-44.5
2025-05-05 15:30:00-04:00,-44.5
2025-05-05 15:45:00-04:00,-44.5
2025-05-06 09:30:00-04:00,0.0
2025-05-06 09:45:00-04:00,0.0
2025-05-06 10:00:00-04:00,-0.5
2025-05-06 10:15:00-04:00,-51.0
2025-05-06 10:30:00-04:00,-51.5
2025-05-06 10:45:00-04:00,-87.75
2025-05-06 11:00:00-04:00,-84.0
2025-05-06 11:15:00-04:00,-102.0
2025-05-06 11:30:00-04:00,-102.0
2025-05-06 11:45:00-04:00,-102.0
2025-05-06 12:00:00-04:00,-102.0
2025-05-06 12:15:00-04:00,-102.0
2025-05-06 12:30:00-04:00,-102.0
2025-05-06 12:45:00-04:00,-102.0
2025-05-06 13:00:00-04:00,-102.0
2025-05-06 13:15:00-04:00,-102.0
2025-05-06 13:30:00-04:00,-102.0
2025-05-06 13:45:00-04:00,-102.0
2025-05-06 14:00:00-04:00,-102.0
2025-05-06 14:15:00-04:00,-102.0
2025-05-06 14:30:00-04:00,-102.0
2025-05-06 14:45:00-04:00,-102.0
2025-05-06 15:00:00-04:00,-102.0
2025-05-06 15:15:00-04:00,-102.0
2025-05-06 15:30:00-04:00,-102.0
2025-05-06 15:45:00-04:00,-102.0
2025-05-07 09:30:00-04:00,0.0
2025-05-07 09:45:00-04:00,0.0
2025-05-07 10:00:00-04:00,-0.5
2025-05-07 10:15:00-04:00,-23.0
2025-05-07 10:30:00-04:00,-4.25
2025-05-07 10:45:00-04:00,-51.0
2025-05-07 11:00:00-04:00,-51.5
2025-05-07 11:15:00-04:00,-75.5625
2025-05-07 11:30:00-04:00,-28.25
2025-05-07 11:45:00-04:00,-28.25
2025-05-07 12:00:00-04:00,-28.25
2025-05-07 12:15:00-04:00,-28.25
2025-05-07 12:30:00-04:00,-28.25
2025-05-07 12:45:00-04:00,-28.25
2025-05-07 13:00:00-04:00,-28.25
2025-05-07 13:15:00-04:00,-28.25
2025-05-07 13:30:00-04:00,-28.25
2025-05-07 13:45:00-04:00,-28.25
2025-05-07 14:00:00-04:00,-28.25
2025-05-07 14:15:00-04:00,-28.25
2025-05-07 14:30:00-04:00,-28.25
2025-05-07 14:45:00-04:00,-28.25
2025-05-07 15:00:00-04:00,-28.25
2025-05-07 15:15:00-04:00,-28.25
2025-05-07 15:30:00-04:00,-28.25
2025-05-07 15:45:00-04:00,-28.25
2025-05-08 09:30:00-04:00,0.0
2025-05-08 09:45:00-04:00,0.0
2025-05-08 10:00:00-04:00,-0.5
2025-05-08 10:15:00-04:00,-45.5
2025-05-08 10:30:00-04:00,-15.5
2025-05-08 10:45:00-04:00,-51.0
2025-05-08 11:00:00-04:00,-51.5
2025-05-08 11:15:00-04:00,-13.375
2025-05-08 11:30:00-04:00,158.625
2025-05-08 11:45:00-04:00,158.625
2025-05-08 12:00:00-04:00,158.625
2025-05-08 12:15:00-04:00,158.625
2025-05-08 12:30:00-04:00,158.625
2025-05-08 12:45:00-04:00,158.625
2025-05-08 13:00:00-04:00,158.625
2025-05-08 13:15:00-04:00,158.625
2025-05-08 13:30:00-04:00,158.625
2025-05-08 13:45:00-04:00,158.625
2025-05-08 14:00:00-04:00,158.625
2025-05-08 14:15:00-04:00,158.625
2025-05-08 14:30:00-04:00,158.625
2025-05-08 14:45:00-04:00,158.625
2025-05-08 15:00:00-04:00,158.625
2025-05-08 15:15:00-04:00,158.625
2025-05-08 15:30:00-04:00,158.625
2025-05-08 15:45:00-04:00,158.625
2025-05-09 09:30:00-04:00,0.0
2025-05-09 09:45:00-04:00,0.0
2025-05-09 10:00:00-04:00,-0.5
2025-05-09 10:15:00-04:00,5.125
2025-05-09 10:30:00-04:00,103.875
2025-05-09 10:45:00-04:00,102.625
2025-05-09 11:00:00-04:00,78.875
2025-05-09 11:15:00-04:00,85.125
2025-05-09 11:30:00-04:00,113.0625
2025-05-09 11:45:00-04:00,113.0625
2025-05-09 12:00:00-04:00,113.0625
2025-05-09 12:15:00-04:00,113.0625
2025-05-09 12:30:00-04:00,113.0625
2025-05-09 12:45:00-04:00,113.0625
2025-05-09 13:00:00-04:00,113.0625
2025-05-09 13:15:00-04:00,113.0625
2025-05-09 13:30:00-04:00,113.0625
2025-05-09 13:45:00-04:00,113.0625
2025-05-09 14:00:00-04:00,113.0625
2025-05-09 14:15:00-04:00,113.0625
2025-05-09 14:30:00-04:00,113.0625
2025-05-09 14:45:00-04:00,113.0625
2025-05-09 15:00:00-04:00,113.0625
2025-05-09 15:15:00-04:00,113.0625
2025-05-09 15:30:00-04:00,113.0625
2025-05-09 15:45:00-04:00,113.0625
2025-05-12 09:30:00-04:00,0.0
2025-05-12 09:45:00-04:00,0.0
2025-05-12 10:00:00-04:00,-0.5
2025-05-12 10:15:00-04:00,-51.0
2025-05-12 10:30:00-04:00,-51.5
2025-05-12 10:45:00-04:00,-29.625
2025-05-12 11:00:00-04:00,-32.125
2025-05-12 11:15:00-04:00,-68.375
2025-05-12 11:30:00-04:00,-41.375
2025-05-12 11:45:00-04:00,-41.375
2025-05-12 12:00:00-04:00,-41.375
2025-05-12 12:15:00-04:00,-41.375
2025-05-12 12:30:00-04:00,-41.375
2025-05-12 12:45:00-04:00,-41.375
2025-05-12 13:00:00-04:00,-41.375
2025-05-12 13:15:00-04:00,-41.375
2025-05-12 13:30:00-04:00,-41.375
2025-05-12 13:45:00-04:00,-41.375
2025-05-12 14:00:00-04:00,-41.375
2025-05-12 14:15:00-04:00,-41.375
2025-05-12 14:30:00-04:00,-41.375
2025-05-12 14:45:00-04:00,-41.375
2025-05-12 15:00:00-04:00,-41.375
2025-05-12 15:15:00-04:00,-41.375
2025-05-12 15:30:00-04:00,-41.375
2025-05-12 15:45:00-04:00,-41.375
2025-05-13 09:30:00-04:00,0.0
2025-05-13 09:45:00-04:00,0.0
2025-05-13 10:00:00-04:00,-0.5
2025-05-13 10:15:00-04:00,23.25
2025-05-13 10:30:00-04:00,-8.0
2025-05-13 10:45:00-04:00,-9.25
2025-05-13 11:00:00-04:00,20.75
2025-05-13 11:15:00-04:00,33.25
2025-05-13 11:30:00-04:00,79.3125
2025-05-13 11:45:00-04:00,79.3125
2025-05-13 12:00:00-04:00,79.3125
2025-05-13 12:15:00-04:00,79.3125
2025-05-13 12:30:00-04:00,79.3125
2025-05-13 12:45:00-04:00,79.3125
2025-05-13 13:00:00-04:00,79.3125
2025-05-13 13:15:00-04:00,79.3125
2025-05-13 13:30:00-04:00,79.3125
2025-05-13 13:45:00-04:00,79.3125
2025-05-13 14:00:00-04:00,79.3125
2025-05-13 14:15:00-04:00,79.3125
2025-05-13 14:30:00-04:00,79.3125
2025-05-13 14:45:00-04:00,79.3125
2025-05-13 15:00:00-04:00,79.3125
2025-05-13 15:15:00-04:00,79.3125
2025-05-13 15:30:00-04:00,79.3125
2025-05-13 15:45:00-04:00,79.3125
2025-05-14 09:30:00-04:00,0.0
2025-05-14 09:45:00-04:00,0.0
2025-05-14 10:00:00-04:00,-0.5
2025-05-14 10:15:00-04:00,-28.9375
2025-05-14 10:30:00-04:00,-13.9375
2025-05-14 10:45:00-04:00,-21.4375
2025-05-14 11:00:00-04:00,-51.0
2025-05-14 11:15:00-04:00,-51.5
2025-05-14 11:30:00-04:00,-26.375
2025-05-14 11:45:00-04:00,-26.375
2025-05-14 12:00:00-04:00,-26.375
2025-05-14 12:15:00-04:00,-26.375
2025-05-14 12:30:00-04:00,-26.375
2025-05-14 12:45:00-04:00,-26.375
2025-05-14 13:00:00-04:00,-26.375
2025-05-14 13:15:00-04:00,-26.375
2025-05-14 13:30:00-04:00,-26.375
2025-05-14 13:45:00-04:00,-26.375
2025-05-14 14:00:00-04:00,-26.375
2025-05-14 14:15:00-04:00,-26.375
2025-05-14 14:30:00-04:00,-26.375
2025-05-14 14:45:00-04:00,-26.375
2025-05-14 15:00:00-04:00,-26.375
2025-05-14 15:15:00-04:00,-26.375
2025-05-14 15:30:00-04:00,-26.375
2025-05-14 15:45:00-04:00,-26.375
2025-05-15 09:30:00-04:00,0.0
2025-05-15 09:45:00-04:00,0.0
2025-05-15 10:00:00-04:00,-0.5
2025-05-15 10:15:00-04:00,-23.9375
2025-05-15 10:30:00-04:00,-1.4375
2025-05-15 10:45:00-04:00,-22.6875
2025-05-15 11:00:00-04:00,-51.0
2025-05-15 11:15:00-04:00,-51.5
2025-05-15 11:30:00-04:00,-102.0
2025-05-15 11:45:00-04:00,-102.0
2025-05-15 12:00:00-04:00,-102.0
2025-05-15 12:15:00-04:00,-102.0
2025-05-15 12:30:00-04:00,-102.0
2025-05-15 12:45:00-04:00,-102.0
2025-05-15 13:00:00-04:00,-102.0
2025-05-15 13:15:00-04:00,-102.0
2025-05-15 13:30:00-04:00,-102.0
2025-05-15 13:45:00-04:00,-102.0
2025-05-15 14:00:00-04:00,-102.0
2025-05-15 14:15:00-04:00,-102.0
2025-05-15 14:30:00-04:00,-102.0
2025-05-15 14:45:00-04:00,-102.0
2025-05-15 15:00:00-04:00,-102.0
2025-05-15 15:15:00-04:00,-102.0
2025-05-15 15:30:00-04:00,-102.0
2025-05-15 15:45:00-04:00,-102.0
2025-05-16 09:30:00-04:00,0.0
2025-05-16 09:45:00-04:00,0.0
2025-05-16 10:00:00-04:00,-0.5
2025-05-16 10:15:00-04:00,-17.6875
2025-05-16 10:30:00-04:00,-51.0
2025-05-16 10:45:00-04:00,-51.5
2025-05-16 11:00:00-04:00,-33.0625
2025-05-16 11:15:00-04:00,-34.3125
2025-05-16 11:30:00-04:00,6.125
2025-05-16 11:45:00-04:00,6.125
2025-05-16 12:00:00-04:00,6.125
2025-05-16 12:15:00-04:00,6.125
2025-05-16 12:30:00-04:00,6.125
2025-05-16 12:45:00-04:00,6.125
2025-05-16 13:00:00-04:00,6.125
2025-05-16 13:15:00-04:00,6.125
2025-05-16 13:30:00-04:00,6.125
2025-05-16 13:45:00-04:00,6.125
2025-05-16 14:00:00-04:00,6.125
2025-05-16 14:15:00-04:00,6.125
2025-05-16 14:30:00-04:00,6.125
2025-05-16 14:45:00-04:00,6.125
2025-05-16 15:00:00-04:00,6.125
2025-05-16 15:15:00-04:00,6.125
2025-05-16 15:30:00-04:00,6.125
2025-05-16 15:45:00-04:00,6.125
2025-05-19 09:30:00-04:00,0.0
2025-05-19 09:45:00-04:00,0.0
2025-05-19 10:00:00-04:00,-0.5
2025-05-19 10:15:00-04:00,-51.0
2025-05-19 10:30:00-04:00,-51.5
2025-05-19 10:45:00-04:00,-74.625
2025-05-19 11:00:00-04:00,-73.375
2025-05-19 11:15:00-04:00,-77.125
2025-05-19 11:30:00-04:00,-102.0
2025-05-19 11:45:00-04:00,-102.0
2025-05-19 12:00:00-04:00,-102.0
2025-05-19 12:15:00-04:00,-102.0
2025-05-19 12:30:00-04:00,-102.0
2025-05-19 12:45:00-04:00,-102.0
2025-05-19 13:00:00-04:00,-102.0
2025-05-19 13:15:00-04:00,-102.0
2025-05-19 13:30:00-04:00,-102.0
2025-05-19 13:45:00-04:00,-102.0
2025-05-19 14:00:00-04:00,-102.0
2025-05-19 14:15:00-04:00,-102.0
2025-05-19 14:30:00-04:00,-102.0
2025-05-19 14:45:00-04:00,-102.0
2025-05-19 15:00:00-04:00,-102.0
2025-05-19 15:15:00-04:00,-102.0
2025-05-19 15:30:00-04:00,-102.0
2025-05-19 15:45:00-04:00,-102.0
2025-05-20 09:30:00-04:00,0.0
2025-05-20 09:45:00-04:00,0.0
2025-05-20 10:00:00-04:00,-0.5
2025-05-20 10:15:00-04:00,-16.125
2025-05-20 10:30:00-04:00,-13.625
2025-05-20 10:45:00-04:00,0.125
2025-05-20 11:00:00-04:00,-19.875
2025-05-20 11:15:00-04:00,7.625
2025-05-20 11:30:00-04:00,8.6875
2025-05-20 11:45:00-04:00,8.6875
2025-05-20 12:00:00-04:00,8.6875
2025-05-20 12:15:00-04:00,8.6875
2025-05-20 12:30:00-04:00,8.6875
2025-05-20 12:45:00-04:00,8.6875
2025-05-20 13:00:00-04:00,8.6875
2025-05-20 13:15:00-04:00,8.6875
2025-05-20 13:30:00-04:00,8.6875
2025-05-20 13:45:00-04:00,8.6875
2025-05-20 14:00:00-04:00,8.6875
2025-05-20 14:15:00-04:00,8.6875
2025-05-20 14:30:00-04:00,8.6875
2025-05-20 14:45:00-04:00,8.6875
2025-05-20 15:00:00-04:00,8.6875
2025-05-20 15:15:00-04:00,8.6875
2025-05-20 15:30:00-04:00,8.6875
2025-05-20 15:45:00-04:00,8.6875
2025-05-21 09:30:00-04:00,0.0
2025-05-21 09:45:00-04:00,0.0
2025-05-21 10:00:00-04:00,-0.5
2025-05-21 10:15:00-04:00,-17.6875
2025-05-21 10:30:00-04:00,3.5625
2025-05-21 10:45:00-04:00,-23.9375
2025-05-21 11:00:00-04:00,-51.0
2025-05-21 11:15:00-04:00,-51.5
2025-05-21 11:30:00-04:00,-44.1875
2025-05-21 11:45:00-04:00,-44.1875
2025-05-21 12:00:00-04:00,-44.1875
2025-05-21 12:15:00-04:00,-44.1875
2025-05-21 12:30:00-04:00,-44.1875
2025-05-21 12:45:00-04:00,-44.1875
2025-05-21 13:00:00-04:00,-44.1875
2025-05-21 13:15:00-04:00,-44.1875
2025-05-21 13:30:00-04:00,-44.1875
2025-05-21 13:45:00-04:00,-44.1875
2025-05-21 14:00:00-04:00,-44.1875
2025-05-21 14:15:00-04:00,-44.1875
2025-05-21 14:30:00-04:00,-44.1875
2025-05-21 14:45:00-04:00,-44.1875
2025-05-21 15:00:00-04:00,-44.1875
2025-05-21 15:15:00-04:00,-44.1875
2025-05-21 15:30:00-04:00,-44.1875
2025-05-21 15:45:00-04:00,-44.1875
2025-05-22 09:30:00-04:00,0.0
2025-05-22 09:45:00-04:00,0.0
2025-05-22 10:00:00-04:00,-0.5
2025-05-22 10:15:00-04:00,-0.8125
2025-05-22 10:30:00-04:00,40.4375
2025-05-22 10:45:00-04:00,54.1875
2025-05-22 11:00:00-04:00,24.1875
2025-05-22 11:15:00-04:00,17.9375
2025-05-22 11:30:00-04:00,44.625
2025-05-22 11:45:00-04:00,44.625
2025-05-22 12:00:00-04:00,44.625
2025-05-22 12:15:00-04:00,44.625
2025-05-22 12:30:00-04:00,44.625
2025-05-22 12:45:00-04:00,44.625
2025-05-22 13:00:00-04:00,44.625
2025-05-22 13:15:00-04:00,44.625
2025-05-22 13:30:00-04:00,44.625
2025-05-22 13:45:00-04:00,44.625
2025-05-22 14:00:00-04:00,44.625
2025-05-22 14:15:00-04:00,44.625
2025-05-22 14:30:00-04:00,44.625
2025-05-22 14:45:00-04:00,44.625
2025-05-22 15:00:00-04:00,44.625
2025-05-22 15:15:00-04:00,44.625
2025-05-22 15:30:00-04:00,44.625
2025-05-22 15:45:00-04:00,44.625
2025-05-23 09:30:00-04:00,0.0
2025-05-23 09:45:00-04:00,0.0
2025-05-23 10:00:00-04:00,-0.5
2025-05-23 10:15:00-04:00,-49.875
2025-05-23 10:30:00-04:00,-51.0
2025-05-23 10:45:00-04:00,-51.5
2025-05-23 11:00:00-04:00,-61.8125
2025-05-23 11:15:00-04:00,-86.8125
2025-05-23 11:30:00-04:00,-102.0
2025-05-23 11:45:00-04:00,-102.0
2025-05-23 12:00:00-04:00,-102.0
2025-05-23 12:15:00-04:00,-102.0
2025-05-23 12:30:00-04:00,-102.0
2025-05-23 12:45:00-04:00,-102.0
2025-05-23 13:00:00-04:00,-102.0
2025-05-23 13:15:00-04:00,-102.0
2025-05-23 13:30:00-04:00,-102.0
2025-05-23 13:45:00-04:00,-102.0
2025-05-23 14:00:00-04:00,-102.0
2025-05-23 14:15:00-04:00,-102.0
2025-05-23 14:30:00-04:00,-102.0
2025-05-23 14:45:00-04:00,-102.0
2025-05-23 15:00:00-04:00,-102.0
2025-05-23 15:15:00-04:00,-102.0
2025-05-23 15:30:00-04:00,-102.0
2025-05-23 15:45:00-04:00,-102.0
2025-05-26 09:30:00-04:00,0.0
2025-05-26 09:45:00-04:00,0.0
2025-05-26 10:00:00-04:00,-0.5
2025-05-26 10:15:00-04:00,-17.375
2025-05-26 10:30:00-04:00,-37.375
2025-05-26 10:45:00-04:00,-51.0
2025-05-26 11:00:00-04:00,-51.5
2025-05-26 11:15:00-04:00,-54.3125
2025-05-26 11:30:00-04:00,-10.75
2025-05-26 11:45:00-04:00,-10.75
2025-05-26 12:00:00-04:00,-10.75
2025-05-26 12:15:00-04:00,-10.75
2025-05-26 12:30:00-04:00,-10.75
2025-05-26 12:45:00-04:00,-10.75
2025-05-27 09:30:00-04:00,0.0
2025-05-27 09:45:00-04:00,0.0
2025-05-27 10:00:00-04:00,-0.5
2025-05-27 10:15:00-04:00,13.5625
2025-05-27 10:30:00-04:00,48.5625
2025-05-27 10:45:00-04:00,63.5625
2025-05-27 11:00:00-04:00,66.0625
2025-05-27 11:15:00-04:00,72.3125
2025-05-27 11:30:00-04:00,105.875
2025-05-27 11:45:00-04:00,105.875
2025-05-27 12:00:00-04:00,105.875
2025-05-27 12:15:00-04:00,105.875
2025-05-27 12:30:00-04:00,105.875
2025-05-27 12:45:00-04:00,105.875
2025-05-27 13:00:00-04:00,105.875
2025-05-27 13:15:00-04:00,105.875
2025-05-27 13:30:00-04:00,105.875
2025-05-27 13:45:00-04:00,105.875
2025-05-27 14:00:00-04:00,105.875
2025-05-27 14:15:00-04:00,105.875
2025-05-27 14:30:00-04:00,105.875
2025-05-27 14:45:00-04:00,105.875
2025-05-27 15:00:00-04:00,105.875
2025-05-27 15:15:00-04:00,105.875
2025-05-27 15:30:00-04:00,105.875
2025-05-27 15:45:00-04:00,105.875
2025-05-28 09:30:00-04:00,0.0
2025-05-28 09:45:00-04:00,0.0
2025-05-28 10:00:00-04:00,-0.5
2025-05-28 10:15:00-04:00,-39.25
2025-05-28 10:30:00-04:00,-51.0
2025-05-28 10:45:00-04:00,-51.0
2025-05-28 11:00:00-04:00,-51.0
2025-05-28 11:15:00-04:00,-51.5
2025-05-28 11:30:00-04:00,-47.625
2025-05-28 11:45:00-04:00,-47.625
2025-05-28 12:00:00-04:00,-47.625
2025-05-28 12:15:00-04:00,-47.625
2025-05-28 12:30:00-04:00,-47.625
2025-05-28 12:45:00-04:00,-47.625
2025-05-28 13:00:00-04:00,-47.625
2025-05-28 13:15:00-04:00,-47.625
2025-05-28 13:30:00-04:00,-47.625
2025-05-28 13:45:00-04:00,-47.625
2025-05-28 14:00:00-04:00,-47.625
2025-05-28 14:15:00-04:00,-47.625
2025-05-28 14:30:00-04:00,-47.625
2025-05-28 14:45:00-04:00,-47.625
2025-05-28 15:00:00-04:00,-47.625
2025-05-28 15:15:00-04:00,-47.625
2025-05-28 15:30:00-04:00,-47.625
2025-05-28 15:45:00-04:00,-47.625
2025-05-29 09:30:00-04:00,0.0
2025-05-29 09:45:00-04:00,0.0
2025-05-29 10:00:00-04:00,-0.5
2025-05-29 10:15:00-04:00,3.25
2025-05-29 10:30:00-04:00,-9.25
2025-05-29 10:45:00-04:00,-39.25
2025-05-29 11:00:00-04:00,-34.25
2025-05-29 11:15:00-04:00,-28.0
2025-05-29 11:30:00-04:00,20.5625
2025-05-29 11:45:00-04:00,20.5625
2025-05-29 12:00:00-04:00,20.5625
2025-05-29 12:15:00-04:00,20.5625
2025-05-29 12:30:00-04:00,20.5625
2025-05-29 12:45:00-04:00,20.5625
2025-05-29 13:00:00-04:00,20.5625
2025-05-29 13:15:00-04:00,20.5625
2025-05-29 13:30:00-04:00,20.5625
2025-05-29 13:45:00-04:00,20.5625
2025-05-29 14:00:00-04:00,20.5625
2025-05-29 14:15:00-04:00,20.5625
2025-05-29 14:30:00-04:00,20.5625
2025-05-29 14:45:00-04:00,20.5625
2025-05-29 15:00:00-04:00,20.5625
2025-05-29 15:15:00-04:00,20.5625
2025-05-29 15:30:00-04:00,20.5625
2025-05-29 15:45:00-04:00,20.5625
2025-05-30 09:30:00-04:00,0.0
2025-05-30 09:45:00-04:00,0.0
2025-05-30 10:00:00-04:00,-0.5
2025-05-30 10:15:00-04:00,-51.0
2025-05-30 10:30:00-04:00,-51.5
2025-05-30 10:45:00-04:00,-53.0625
2025-05-30 11:00:00-04:00,-41.8125
2025-05-30 11:15:00-04:00,-50.5625
2025-05-30 11:30:00-04:00,-2.0
2025-05-30 11:45:00-04:00,-2.0
2025-05-30 12:00:00-04:00,-2.0
2025-05-30 12:15:00-04:00,-2.0
2025-05-30 12:30:00-04:00,-2.0
2025-05-30 12:45:00-04:00,-2.0
2025-05-30 13:00:00-04:00,-2.0
2025-05-30 13:15:00-04:00,-2.0
2025-05-30 13:30:00-04:00,-2.0
2025-05-30 13:45:00-04:00,-2.0
2025-05-30 14:00:00-04:00,-2.0
2025-05-30 14:15:00-04:00,-2.0
2025-05-30 14:30:00-04:00,-2.0
2025-05-30 14:45:00-04:00,-2.0
2025-05-30 15:00:00-04:00,-2.0
2025-05-30 15:15:00-04:00,-2.0
2025-05-30 15:30:00-04:00,-2.0
2025-05-30 15:45:00-04:00,-2.0
2025-06-02 09:30:00-04:00,0.0
2025-06-02 09:45:00-04:00,0.0
2025-06-02 10:00:00-04:00,-0.5
2025-06-02 10:15:00-04:00,10.75
2025-06-02 10:30:00-04:00,80.75
2025-06-02 10:45:00-04:00,100.75
2025-06-02 11:00:00-04:00,99.5
2025-06-02 11:15:00-04:00,92.0
2025-06-02 11:30:00-04:00,110.5625
2025-06-02 11:45:00-04:00,110.5625
2025-06-02 12:00:00-04:00,110.5625
2025-06-02 12:15:00-04:00,110.5625
2025-06-02 12:30:00-04:00,110.5625
2025-06-02 12:45:00-04:00,110.5625
2025-06-02 13:00:00-04:00,110.5625
2025-06-02 13:15:00-04:00,110.5625
2025-06-02 13:30:00-04:00,110.5625
2025-06-02 13:45:00-04:00,110.5625
2025-06-02 14:00:00-04:00,110.5625
2025-06-02 14:15:00-04:00,110.5625
2025-06-02 14:30:00-04:00,110.5625
2025-06-02 14:45:00-04:00,110.5625
2025-06-02 15:00:00-04:00,110.5625
2025-06-02 15:15:00-04:00,110.5625
2025-06-02 15:30:00-04:00,110.5625
2025-06-02 15:45:00-04:00,110.5625
2025-06-03 09:30:00-04:00,0.0
2025-06-03 09:45:00-04:00,0.0
2025-06-03 10:00:00-04:00,-0.5
2025-06-03 10:15:00-04:00,7.3125
2025-06-03 10:30:00-04:00,22.3125
2025-06-03 10:45:00-04:00,46.0625
2025-06-03 11:00:00-04:00,82.3125
2025-06-03 11:15:00-04:00,88.5625
2025-06-03 11:30:00-04:00,120.5625
2025-06-03 11:45:00-04:00,120.5625
2025-06-03 12:00:00-04:00,120.5625
2025-06-03 12:15:00-04:00,120.5625
2025-06-03 12:30:00-04:00,120.5625
2025-06-03 12:45:00-04:00,120.5625
2025-06-03 13:00:00-04:00,120.5625
2025-06-03 13:15:00-04:00,120.5625
2025-06-03 13:30:00-04:00,120.5625
2025-06-03 13:45:00-04:00,120.5625
2025-06-03 14:00:00-04:00,120.5625
2025-06-03 14:15:00-04:00,120.5625
2025-06-03 14:30:00-04:00,120.5625
2025-06-03 14:45:00-04:00,120.5625
2025-06-03 15:00:00-04:00,120.5625
2025-06-03 15:15:00-04:00,120.5625
2025-06-03 15:30:00-04:00,120.5625
2025-06-03 15:45:00-04:00,120.5625
2025-06-04 09:30:00-04:00,0.0
2025-06-04 09:45:00-04:00,0.0
2025-06-04 10:00:00-04:00,0.0
2025-06-04 10:15:00-04:00,-0.5
2025-06-04 10:30:00-04:00,-21.4375
2025-06-04 10:45:00-04:00,-31.4375
2025-06-04 11:00:00-04:00,6.0625
2025-06-04 11:15:00-04:00,-12.6875
2025-06-04 11:30:00-04:00,-20.375
2025-06-04 11:45:00-04:00,-20.375
2025-06-04 12:00:00-04:00,-20.375
2025-06-04 12:15:00-04:00,-20.375
2025-06-04 12:30:00-04:00,-20.375
2025-06-04 12:45:00-04:00,-20.375
2025-06-04 13:00:00-04:00,-20.375
2025-06-04 13:15:00-04:00,-20.375
2025-06-04 13:30:00-04:00,-20.375
2025-06-04 13:45:00-04:00,-20.375
2025-06-04 14:00:00-04:00,-20.375
2025-06-04 14:15:00-04:00,-20.375
2025-06-04 14:30:00-04:00,-20.375
2025-06-04 14:45:00-04:00,-20.375
2025-06-04 15:00:00-04:00,-20.375
2025-06-04 15:15:00-04:00,-20.375
2025-06-04 15:30:00-04:00,-20.375
2025-06-04 15:45:00-04:00,-20.375
2025-06-05 09:30:00-04:00,0.0
2025-06-05 09:45:00-04:00,0.0
2025-06-05 10:00:00-04:00,-0.5
2025-06-05 10:15:00-04:00,-51.0
2025-06-05 10:30:00-04:00,-51.5
2025-06-05 10:45:00-04:00,-102.0
2025-06-05 11:00:00-04:00,-102.5
2025-06-05 11:15:00-04:00,-153.0
2025-06-05 11:30:00-04:00,-153.0
2025-06-05 11:45:00-04:00,-153.0
2025-06-05 12:00:00-04:00,-153.0
2025-06-05 12:15:00-04:00,-153.0
2025-06-05 12:30:00-04:00,-153.0
2025-06-05 12:45:00-04:00,-153.0
2025-06-05 13:00:00-04:00,-153.0
2025-06-05 13:15:00-04:00,-153.0
2025-06-05 13:30:00-04:00,-153.0
2025-06-05 13:45:00-04:00,-153.0
2025-06-05 14:00:00-04:00,-153.0
2025-06-05 14:15:00-04:00,-153.0
2025-06-05 14:30:00-04:00,-153.0
2025-06-05 14:45:00-04:00,-153.0
2025-06-05 15:00:00-04:00,-153.0
2025-06-05 15:15:00-04:00,-153.0
2025-06-05 15:30:00-04:00,-153.0
2025-06-05 15:45:00-04:00,-153.0
2025-06-06 09:30:00-04:00,0.0
2025-06-06 09:45:00-04:00,0.0
2025-06-06 10:00:00-04:00,-0.5
2025-06-06 10:15:00-04:00,-51.0
2025-06-06 10:30:00-04:00,-51.5
2025-06-06 10:45:00-04:00,-63.6875
2025-06-06 11:00:00-04:00,-59.9375
2025-06-06 11:15:00-04:00,-102.0
2025-06-06 11:30:00-04:00,-102.0
2025-06-06 11:45:00-04:00,-102.0
2025-06-06 12:00:00-04:00,-102.0
2025-06-06 12:15:00-04:00,-102.0
2025-06-06 12:30:00-04:00,-102.0
2025-06-06 12:45:00-04:00,-102.0
2025-06-06 13:00:00-04:00,-102.0
2025-06-06 13:15:00-04:00,-102.0
2025-06-06 13:30:00-04:00,-102.0
2025-06-06 13:45:00-04:00,-102.0
2025-06-06 14:00:00-04:00,-102.0
2025-06-06 14:15:00-04:00,-102.0
2025-06-06 14:30:00-04:00,-102.0
2025-06-06 14:45:00-04:00,-102.0
2025-06-06 15:00:00-04:00,-102.0
2025-06-06 15:15:00-04:00,-102.0
2025-06-06 15:30:00-04:00,-102.0
2025-06-06 15:45:00-04:00,-102.0
2025-06-09 09:30:00-04:00,0.0
2025-06-09 09:45:00-04:00,0.0
2025-06-09 10:00:00-04:00,-0.5
2025-06-09 10:15:00-04:00,4.5
2025-06-09 10:30:00-04:00,5.75
2025-06-09 10:45:00-04:00,-13.0
2025-06-09 11:00:00-04:00,9.5
2025-06-09 11:15:00-04:00,-13.0
2025-06-09 11:30:00-04:00,6.5
2025-06-09 11:45:00-04:00,6.5
2025-06-09 12:00:00-04:00,6.5
2025-06-09 12:15:00-04:00,6.5
2025-06-09 12:30:00-04:00,6.5
2025-06-09 12:45:00-04:00,6.5
2025-06-09 13:00:00-04:00,6.5
2025-06-09 13:15:00-04:00,6.5
2025-06-09 13:30:00-04:00,6.5
2025-06-09 13:45:00-04:00,6.5
2025-06-09 14:00:00-04:00,6.5
2025-06-09 14:15:00-04:00,6.5
2025-06-09 14:30:00-04:00,6.5
2025-06-09 14:45:00-04:00,6.5
2025-06-09 15:00:00-04:00,6.5
2025-06-09 15:15:00-04:00,6.5
2025-06-09 15:30:00-04:00,6.5
2025-06-09 15:45:00-04:00,6.5
2025-06-10 09:30:00-04:00,0.0
2025-06-10 09:45:00-04:00,0.0
2025-06-10 10:00:00-04:00,-0.5
2025-06-10 10:15:00-04:00,2.3125
2025-06-10 10:30:00-04:00,9.8125
2025-06-10 10:45:00-04:00,11.0625
2025-06-10 11:00:00-04:00,1.0625
2025-06-10 11:15:00-04:00,12.3125
2025-06-10 11:30:00-04:00,-51.0
2025-06-10 11:45:00-04:00,-51.0
2025-06-10 12:00:00-04:00,-51.0
2025-06-10 12:15:00-04:00,-51.0
2025-06-10 12:30:00-04:00,-51.0
2025-06-10 12:45:00-04:00,-51.0
2025-06-10 13:00:00-04:00,-51.0
2025-06-10 13:15:00-04:00,-51.0
2025-06-10 13:30:00-04:00,-51.0
2025-06-10 13:45:00-04:00,-51.0
2025-06-10 14:00:00-04:00,-51.0
2025-06-10 14:15:00-04:00,-51.0
2025-06-10 14:30:00-04:00,-51.0
2025-06-10 14:45:00-04:00,-51.0
2025-06-10 15:00:00-04:00,-51.0
2025-06-10 15:15:00-04:00,-51.0
2025-06-10 15:30:00-04:00,-51.0
2025-06-10 15:45:00-04:00,-51.0
2025-06-11 09:30:00-04:00,0.0
2025-06-11 09:45:00-04:00,0.0
2025-06-11 10:00:00-04:00,-0.5
2025-06-11 10:15:00-04:00,7.3125
2025-06-11 10:30:00-04:00,28.5625
2025-06-11 10:45:00-04:00,41.0625
2025-06-11 11:00:00-04:00,-17.6875
2025-06-11 11:15:00-04:00,16.0625
2025-06-11 11:30:00-04:00,9.9375
2025-06-11 11:45:00-04:00,9.9375
2025-06-11 12:00:00-04:00,9.9375
2025-06-11 12:15:00-04:00,9.9375
2025-06-11 12:30:00-04:00,9.9375
2025-06-11 12:45:00-04:00,9.9375
2025-06-11 13:00:00-04:00,9.9375
2025-06-11 13:15:00-04:00,9.9375
2025-06-11 13:30:00-04:00,9.9375
2025-06-11 13:45:00-04:00,9.9375
2025-06-11 14:00:00-04:00,9.9375
2025-06-11 14:15:00-04:00,9.9375
2025-06-11 14:30:00-04:00,9.9375
2025-06-11 14:45:00-04:00,9.9375
2025-06-11 15:00:00-04:00,9.9375
2025-06-11 15:15:00-04:00,9.9375
2025-06-11 15:30:00-04:00,9.9375
2025-06-11 15:45:00-04:00,9.9375
2025-06-12 09:30:00-04:00,0.0
2025-06-12 09:45:00-04:00,0.0
2025-06-12 10:00:00-04:00,-0.5
2025-06-12 10:15:00-04:00,-51.0
2025-06-12 10:30:00-04:00,-51.5
2025-06-12 10:45:00-04:00,-72.4375
2025-06-12 11:00:00-04:00,-97.4375
2025-06-12 11:15:00-04:00,-81.1875
2025-06-12 11:30:00-04:00,-33.875
2025-06-12 11:45:00-04:00,-33.875
2025-06-12 12:00:00-04:00,-33.875
2025-06-12 12:15:00-04:00,-33.875
2025-06-12 12:30:00-04:00,-33.875
2025-06-12 12:45:00-04:00,-33.875
2025-06-12 13:00:00-04:00,-33.875
2025-06-12 13:15:00-04:00,-33.875
2025-06-12 13:30:00-04:00,-33.875
2025-06-12 13:45:00-04:00,-33.875
2025-06-12 14:00:00-04:00,-33.875
2025-06-12 14:15:00-04:00,-33.875
2025-06-12 14:30:00-04:00,-33.875
2025-06-12 14:45:00-04:00,-33.875
2025-06-12 15:00:00-04:00,-33.875
2025-06-12 15:15:00-04:00,-33.875
2025-06-12 15:30:00-04:00,-33.875
2025-06-12 15:45:00-04:00,-33.875
2025-06-13 09:30:00-04:00,0.0
2025-06-13 09:45:00-04:00,0.0
2025-06-13 10:00:00-04:00,-0.5
2025-06-13 10:15:00-04:00,-3.9375
2025-06-13 10:30:00-04:00,-42.6875
2025-06-13 10:45:00-04:00,-51.0
2025-06-13 11:00:00-04:00,-51.5
2025-06-13 11:15:00-04:00,-102.0
2025-06-13 11:30:00-04:00,-102.0
2025-06-13 11:45:00-04:00,-102.0
2025-06-13 12:00:00-04:00,-102.0
2025-06-13 12:15:00-04:00,-102.0
2025-06-13 12:30:00-04:00,-102.0
2025-06-13 12:45:00-04:00,-102.0
2025-06-13 13:00:00-04:00,-102.0
2025-06-13 13:15:00-04:00,-102.0
2025-06-13 13:30:00-04:00,-102.0
2025-06-13 13:45:00-04:00,-102.0
2025-06-13 14:00:00-04:00,-102.0
2025-06-13 14:15:00-04:00,-102.0
2025-06-13 14:30:00-04:00,-102.0
2025-06-13 14:45:00-04:00,-102.0
2025-06-13 15:00:00-04:00,-102.0
2025-06-13 15:15:00-04:00,-102.0
2025-06-13 15:30:00-04:00,-102.0
2025-06-13 15:45:00-04:00,-102.0
2025-06-16 09:30:00-04:00,0.0
2025-06-16 09:45:00-04:00,0.0
2025-06-16 10:00:00-04:00,-0.5
2025-06-16 10:15:00-04:00,4.1875
2025-06-16 10:30:00-04:00,16.6875
2025-06-16 10:45:00-04:00,15.4375
2025-06-16 11:00:00-04:00,1.6875
2025-06-16 11:15:00-04:00,-7.0625
2025-06-16 11:30:00-04:00,1.1875
2025-06-16 11:45:00-04:00,1.1875
2025-06-16 12:00:00-04:00,1.1875
2025-06-16 12:15:00-04:00,1.1875
2025-06-16 12:30:00-04:00,1.1875
2025-06-16 12:45:00-04:00,1.1875
2025-06-16 13:00:00-04:00,1.1875
2025-06-16 13:15:00-04:00,1.1875
2025-06-16 13:30:00-04:00,1.1875
2025-06-16 13:45:00-04:00,1.1875
2025-06-16 14:00:00-04:00,1.1875
2025-06-16 14:15:00-04:00,1.1875
2025-06-16 14:30:00-04:00,1.1875
2025-06-16 14:45:00-04:00,1.1875
2025-06-16 15:00:00-04:00,1.1875
2025-06-16 15:15:00-04:00,1.1875
2025-06-16 15:30:00-04:00,1.1875
2025-06-16 15:45:00-04:00,1.1875
2025-06-17 09:30:00-04:00,0.0
2025-06-17 09:45:00-04:00,0.0
2025-06-17 10:00:00-04:00,-0.5
2025-06-17 10:15:00-04:00,-28.3125
2025-06-17 10:30:00-04:00,-17.0625
2025-06-17 10:45:00-04:00,-7.0625
2025-06-17 11:00:00-04:00,-38.3125
2025-06-17 11:15:00-04:00,-33.3125
2025-06-17 11:30:00-04:00,15.5625
2025-06-17 11:45:00-04:00,15.5625
2025-06-17 12:00:00-04:00,15.5625
2025-06-17 12:15:00-04:00,15.5625
2025-06-17 12:30:00-04:00,15.5625
2025-06-17 12:45:00-04:00,15.5625
2025-06-17 13:00:00-04:00,15.5625
2025-06-17 13:15:00-04:00,15.5625
2025-06-17 13:30:00-04:00,15.5625
2025-06-17 13:45:00-04:00,15.5625
2025-06-17 14:00:00-04:00,15.5625
2025-06-17 14:15:00-04:00,15.5625
2025-06-17 14:30:00-04:00,15.5625
2025-06-17 14:45:00-04:00,15.5625
2025-06-17 15:00:00-04:00,15.5625
2025-06-17 15:15:00-04:00,15.5625
2025-06-17 15:30:00-04:00,15.5625
2025-06-17 15:45:00-04:00,15.5625
2025-06-18 09:30:00-04:00,0.0
2025-06-18 09:45:00-04:00,0.0
2025-06-18 10:00:00-04:00,-0.5
2025-06-18 10:15:00-04:00,22.625
2025-06-18 10:30:00-04:00,52.625
2025-06-18 10:45:00-04:00,48.875
2025-06-18 11:00:00-04:00,37.625
2025-06-18 11:15:00-04:00,16.375
2025-06-18 11:30:00-04:00,23.0625
2025-06-18 11:45:00-04:00,23.0625
2025-06-18 12:00:00-04:00,23.0625
2025-06-18 12:15:00-04:00,23.0625
2025-06-18 12:30:00-04:00,23.0625
2025-06-18 12:45:00-04:00,23.0625
2025-06-18 13:00:00-04:00,23.0625
2025-06-18 13:15:00-04:00,23.0625
2025-06-18 13:30:00-04:00,23.0625
2025-06-18 13:45:00-04:00,23.0625
2025-06-18 14:00:00-04:00,23.0625
2025-06-18 14:15:00-04:00,23.0625
2025-06-18 14:30:00-04:00,23.0625
2025-06-18 14:45:00-04:00,23.0625
2025-06-18 15:00:00-04:00,23.0625
2025-06-18 15:15:00-04:00,23.0625
2025-06-18 15:30:00-04:00,23.0625
2025-06-18 15:45:00-04:00,23.0625
2025-06-19 09:30:00-04:00,0.0
2025-06-19 09:45:00-04:00,0.0
2025-06-19 10:00:00-04:00,-0.5
2025-06-19 10:15:00-04:00,-28.9375
2025-06-19 10:30:00-04:00,-21.4375
2025-06-19 10:45:00-04:00,-37.6875
2025-06-19 11:00:00-04:00,-50.1875
2025-06-19 11:15:00-04:00,-42.6875
2025-06-19 11:30:00-04:00,-7.25
2025-06-19 11:45:00-04:00,-7.25
2025-06-19 12:00:00-04:00,-7.25
2025-06-19 12:15:00-04:00,-7.25
2025-06-19 12:30:00-04:00,-7.25
2025-06-19 12:45:00-04:00,-7.25
2025-06-20 09:30:00-04:00,0.0
2025-06-20 09:45:00-04:00,0.0
2025-06-20 10:00:00-04:00,-0.5
2025-06-20 10:15:00-04:00,-51.0
2025-06-20 10:30:00-04:00,-51.5
2025-06-20 10:45:00-04:00,-102.0
2025-06-20 11:00:00-04:00,-102.5
2025-06-20 11:15:00-04:00,-83.75
2025-06-20 11:30:00-04:00,-45.1875
2025-06-20 11:45:00-04:00,-45.1875
2025-06-20 12:00:00-04:00,-45.1875
2025-06-20 12:15:00-04:00,-45.1875
2025-06-20 12:30:00-04:00,-45.1875
2025-06-20 12:45:00-04:00,-45.1875
2025-06-20 13:00:00-04:00,-45.1875
2025-06-20 13:15:00-04:00,-45.1875
2025-06-20 13:30:00-04:00,-45.1875
2025-06-20 13:45:00-04:00,-45.1875
2025-06-20 14:00:00-04:00,-45.1875
2025-06-20 14:15:00-04:00,-45.1875
2025-06-20 14:30:00-04:00,-45.1875
2025-06-20 14:45:00-04:00,-45.1875
2025-06-20 15:00:00-04:00,-45.1875
2025-06-20 15:15:00-04:00,-45.1875
2025-06-20 15:30:00-04:00,-45.1875
2025-06-20 15:45:00-04:00,-45.1875
2025-06-23 09:30:00-04:00,0.0
2025-06-23 09:45:00-04:00,0.0
2025-06-23 10:00:00-04:00,0.0
2025-06-23 10:15:00-04:00,0.0
2025-06-23 10:30:00-04:00,-0.5
2025-06-23 10:45:00-04:00,-51.0
2025-06-23 11:00:00-04:00,-51.5
2025-06-23 11:15:00-04:00,-86.1875
2025-06-23 11:30:00-04:00,-102.0
2025-06-23 11:45:00-04:00,-102.0
2025-06-23 12:00:00-04:00,-102.0
2025-06-23 12:15:00-04:00,-102.0
2025-06-23 12:30:00-04:00,-102.0
2025-06-23 12:45:00-04:00,-102.0
2025-06-23 13:00:00-04:00,-102.0
2025-06-23 13:15:00-04:00,-102.0
2025-06-23 13:30:00-04:00,-102.0
2025-06-23 13:45:00-04:00,-102.0
2025-06-23 14:00:00-04:00,-102.0
2025-06-23 14:15:00-04:00,-102.0
2025-06-23 14:30:00-04:00,-102.0
2025-06-23 14:45:00-04:00,-102.0
2025-06-23 15:00:00-04:00,-102.0
2025-06-23 15:15:00-04:00,-102.0
2025-06-23 15:30:00-04:00,-102.0
2025-06-23 15:45:00-04:00,-102.0
2025-06-24 09:30:00-04:00,0.0
2025-06-24 09:45:00-04:00,0.0
2025-06-24 10:00:00-04:00,-0.5
2025-06-24 10:15:00-04:00,1.6875
2025-06-24 10:30:00-04:00,25.4375
2025-06-24 10:45:00-04:00,29.1875
2025-06-24 11:00:00-04:00,45.4375
2025-06-24 11:15:00-04:00,65.4375
2025-06-24 11:30:00-04:00,94.625
2025-06-24 11:45:00-04:00,94.625
2025-06-24 12:00:00-04:00,94.625
2025-06-24 12:15:00-04:00,94.625
2025-06-24 12:30:00-04:00,94.625
2025-06-24 12:45:00-04:00,94.625
2025-06-24 13:00:00-04:00,94.625
2025-06-24 13:15:00-04:00,94.625
2025-06-24 13:30:00-04:00,94.625
2025-06-24 13:45:00-04:00,94.625
2025-06-24 14:00:00-04:00,94.625
2025-06-24 14:15:00-04:00,94.625
2025-06-24 14:30:00-04:00,94.625
2025-06-24 14:45:00-04:00,94.625
2025-06-24 15:00:00-04:00,94.625
2025-06-24 15:15:00-04:00,94.625
2025-06-24 15:30:00-04:00,94.625
2025-06-24 15:45:00-04:00,94.625
2025-06-25 09:30:00-04:00,0.0
2025-06-25 09:45:00-04:00,0.0
2025-06-25 10:00:00-04:00,-0.5
2025-06-25 10:15:00-04:00,-28.625
2025-06-25 10:30:00-04:00,-17.375
2025-06-25 10:45:00-04:00,-13.625
2025-06-25 11:00:00-04:00,-49.875
2025-06-25 11:15:00-04:00,-47.375
2025-06-25 11:30:00-04:00,-51.0
2025-06-25 11:45:00-04:00,-51.0
2025-06-25 12:00:00-04:00,-51.0
2025-06-25 12:15:00-04:00,-51.0
2025-06-25 12:30:00-04:00,-51.0
2025-06-25 12:45:00-04:00,-51.0
2025-06-25 13:00:00-04:00,-51.0
2025-06-25 13:15:00-04:00,-51.0
2025-06-25 13:30:00-04:00,-51.0
2025-06-25 13:45:00-04:00,-51.0
2025-06-25 14:00:00-04:00,-51.0
2025-06-25 14:15:00-04:00,-51.0
2025-06-25 14:30:00-04:00,-51.0
2025-06-25 14:45:00-04:00,-51.0
2025-06-25 15:00:00-04:00,-51.0
2025-06-25 15:15:00-04:00,-51.0
2025-06-25 15:30:00-04:00,-51.0
2025-06-25 15:45:00-04:00,-51.0
2025-06-26 09:30:00-04:00,0.0
2025-06-26 09:45:00-04:00,0.0
2025-06-26 10:00:00-04:00,-0.5
2025-06-26 10:15:00-04:00,-6.4375
2025-06-26 10:30:00-04:00,26.0625
2025-06-26 10:45:00-04:00,28.5625
2025-06-26 11:00:00-04:00,47.3125
2025-06-26 11:15:00-04:00,33.5625
2025-06-26 11:30:00-04:00,39.9375
2025-06-26 11:45:00-04:00,39.9375
2025-06-26 12:00:00-04:00,39.9375
2025-06-26 12:15:00-04:00,39.9375
2025-06-26 12:30:00-04:00,39.9375
2025-06-26 12:45:00-04:00,39.9375
2025-06-26 13:00:00-04:00,39.9375
2025-06-26 13:15:00-04:00,39.9375
2025-06-26 13:30:00-04:00,39.9375
2025-06-26 13:45:00-04:00,39.9375
2025-06-26 14:00:00-04:00,39.9375
2025-06-26 14:15:00-04:00,39.9375
2025-06-26 14:30:00-04:00,39.9375
2025-06-26 14:45:00-04:00,39.9375
2025-06-26 15:00:00-04:00,39.9375
2025-06-26 15:15:00-04:00,39.9375
2025-06-26 15:30:00-04:00,39.9375
2025-06-26 15:45:00-04:00,39.9375
2025-06-27 09:30:00-04:00,0.0
2025-06-27 09:45:00-04:00,0.0
2025-06-27 10:00:00-04:00,-0.5
2025-06-27 10:15:00-04:00,-17.6875
2025-06-27 10:30:00-04:00,-15.1875
2025-06-27 10:45:00-04:00,-13.9375
2025-06-27 11:00:00-04:00,-15.1875
2025-06-27 11:15:00-04:00,-2.6875
2025-06-27 11:30:00-04:00,39.3125
2025-06-27 11:45:00-04:00,39.3125
2025-06-27 12:00:00-04:00,39.3125
2025-06-27 12:15:00-04:00,39.3125
2025-06-27 12:30:00-04:00,39.3125
2025-06-27 12:45:00-04:00,39.3125
2025-06-27 13:00:00-04:00,39.3125
2025-06-27 13:15:00-04:00,39.3125
2025-06-27 13:30:00-04:00,39.3125
2025-06-27 13:45:00-04:00,39.3125
2025-06-27 14:00:00-04:00,39.3125
2025-06-27 14:15:00-04:00,39.3125
2025-06-27 14:30:00-04:00,39.3125
2025-06-27 14:45:00-04:00,39.3125
2025-06-27 15:00:00-04:00,39.3125
2025-06-27 15:15:00-04:00,39.3125
2025-06-27 15:30:00-04:00,39.3125
2025-06-27 15:45:00-04:00,39.3125
2025-06-30 09:30:00-04:00,0.0
2025-06-30 09:45:00-04:00,0.0
2025-06-30 10:00:00-04:00,-0.5
2025-06-30 10:15:00-04:00,-30.5
2025-06-30 10:30:00-04:00,-44.25
2025-06-30 10:45:00-04:00,-40.5
2025-06-30 11:00:00-04:00,-35.5
2025-06-30 11:15:00-04:00,-40.5
2025-06-30 11:30:00-04:00,-2.5625
2025-06-30 11:45:00-04:00,-2.5625
2025-06-30 12:00:00-04:00,-2.5625
2025-06-30 12:15:00-04:00,-2.5625
2025-06-30 12:30:00-04:00,-2.5625
2025-06-30 12:45:00-04:00,-2.5625
2025-06-30 13:00:00-04:00,-2.5625
2025-06-30 13:15:00-04:00,-2.5625
2025-06-30 13:30:00-04:00,-2.5625
2025-06-30 13:45:00-04:00,-2.5625
2025-06-30 14:00:00-04:00,-2.5625
2025-06-30 14:15:00-04:00,-2.5625
2025-06-30 14:30:00-04:00,-2.5625
2025-06-30 14:45:00-04:00,-2.5625
2025-06-30 15:00:00-04:00,-2.5625
2025-06-30 15:15:00-04:00,-2.5625
2025-06-30 15:30:00-04:00,-2.5625
2025-06-30 15:45:00-04:00,-2.5625
2025-07-01 09:30:00-04:00,0.0
2025-07-01 09:45:00-04:00,0.0
2025-07-01 10:00:00-04:00,-0.5
2025-07-01 10:15:00-04:00,-30.5
2025-07-01 10:30:00-04:00,-39.25
2025-07-01 10:45:00-04:00,-51.0
2025-07-01 11:00:00-04:00,-51.5
2025-07-01 11:15:00-04:00,-86.8125
2025-07-01 11:30:00-04:00,-27.0
2025-07-01 11:45:00-04:00,-27.0
2025-07-01 12:00:00-04:00,-27.0
2025-07-01 12:15:00-04:00,-27.0
2025-07-01 12:30:00-04:00,-27.0
2025-07-01 12:45:00-04:00,-27.0
2025-07-01 13:00:00-04:00,-27.0
2025-07-01 13:15:00-04:00,-27.0
2025-07-01 13:30:00-04:00,-27.0
2025-07-01 13:45:00-04:00,-27.0
2025-07-01 14:00:00-04:00,-27.0
2025-07-01 14:15:00-04:00,-27.0
2025-07-01 14:30:00-04:00,-27.0
2025-07-01 14:45:00-04:00,-27.0
2025-07-01 15:00:00-04:00,-27.0
2025-07-01 15:15:00-04:00,-27.0
2025-07-01 15:30:00-04:00,-27.0
2025-07-01 15:45:00-04:00,-27.0
2025-07-02 09:30:00-04:00,0.0
2025-07-02 09:45:00-04:00,0.0
2025-07-02 10:00:00-04:00,-0.5
2025-07-02 10:15:00-04:00,4.5
2025-07-02 10:30:00-04:00,28.25
2025-07-02 10:45:00-04:00,25.75
2025-07-02 11:00:00-04:00,44.5
2025-07-02 11:15:00-04:00,49.5
2025-07-02 11:30:00-04:00,65.5625
2025-07-02 11:45:00-04:00,65.5625
2025-07-02 12:00:00-04:00,65.5625
2025-07-02 12:15:00-04:00,65.5625
2025-07-02 12:30:00-04:00,65.5625
2025-07-02 12:45:00-04:00,65.5625
2025-07-02 13:00:00-04:00,65.5625
2025-07-02 13:15:00-04:00,65.5625
2025-07-02 13:30:00-04:00,65.5625
2025-07-02 13:45:00-04:00,65.5625
2025-07-02 14:00:00-04:00,65.5625
2025-07-02 14:15:00-04:00,65.5625
2025-07-02 14:30:00-04:00,65.5625
2025-07-02 14:45:00-04:00,65.5625
2025-07-02 15:00:00-04:00,65.5625
2025-07-02 15:15:00-04:00,65.5625
2025-07-02 15:30:00-04:00,65.5625
2025-07-02 15:45:00-04:00,65.5625
2025-07-03 09:30:00-04:00,0.0
2025-07-03 09:45:00-04:00,0.0
2025-07-03 10:00:00-04:00,-0.5
2025-07-03 10:15:00-04:00,2.625
2025-07-03 10:30:00-04:00,15.125
2025-07-03 10:45:00-04:00,36.375
2025-07-03 11:00:00-04:00,40.125
2025-07-03 11:15:00-04:00,37.625
2025-07-03 11:30:00-04:00,63.6875
2025-07-03 11:45:00-04:00,63.6875
2025-07-03 12:00:00-04:00,63.6875
2025-07-03 12:15:00-04:00,63.6875
2025-07-03 12:30:00-04:00,63.6875
2025-07-03 12:45:00-04:00,63.6875
2025-07-03 13:00:00-04:00,63.6875
2025-07-04 09:30:00-04:00,0.0
2025-07-04 09:45:00-04:00,0.0
2025-07-04 10:00:00-04:00,-0.5
2025-07-04 10:15:00-04:00,-16.75
2025-07-04 10:30:00-04:00,-30.5
2025-07-04 10:45:00-04:00,-30.5
2025-07-04 11:00:00-04:00,-29.25
2025-07-04 11:15:00-04:00,-11.75
2025-07-04 11:30:00-04:00,-11.625
2025-07-04 11:45:00-04:00,-11.625
2025-07-04 12:00:00-04:00,-11.625
2025-07-04 12:15:00-04:00,-11.625
2025-07-04 12:30:00-04:00,-11.625
2025-07-04 12:45:00-04:00,-11.625
2025-07-07 09:30:00-04:00,0.0
2025-07-07 09:45:00-04:00,0.0
2025-07-07 10:00:00-04:00,-0.5
2025-07-07 10:15:00-04:00,-37.6875
2025-07-07 10:30:00-04:00,-38.9375
2025-07-07 10:45:00-04:00,-51.0
2025-07-07 11:00:00-04:00,-51.5
2025-07-07 11:15:00-04:00,-79.625
2025-07-07 11:30:00-04:00,-64.1875
2025-07-07 11:45:00-04:00,-64.1875
2025-07-07 12:00:00-04:00,-64.1875
2025-07-07 12:15:00-04:00,-64.1875
2025-07-07 12:30:00-04:00,-64.1875
2025-07-07 12:45:00-04:00,-64.1875
2025-07-07 13:00:00-04:00,-64.1875
2025-07-07 13:15:00-04:00,-64.1875
2025-07-07 13:30:00-04:00,-64.1875
2025-07-07 13:45:00-04:00,-64.1875
2025-07-07 14:00:00-04:00,-64.1875
2025-07-07 14:15:00-04:00,-64.1875
2025-07-07 14:30:00-04:00,-64.1875
2025-07-07 14:45:00-04:00,-64.1875
2025-07-07 15:00:00-04:00,-64.1875
2025-07-07 15:15:00-04:00,-64.1875
2025-07-07 15:30:00-04:00,-64.1875
2025-07-07 15:45:00-04:00,-64.1875
2025-07-08 09:30:00-04:00,0.0
2025-07-08 09:45:00-04:00,0.0
2025-07-08 10:00:00-04:00,-0.5
2025-07-08 10:15:00-04:00,-13.9375
2025-07-08 10:30:00-04:00,-51.0
2025-07-08 10:45:00-04:00,-51.5
2025-07-08 11:00:00-04:00,-83.0625
2025-07-08 11:15:00-04:00,-71.8125
2025-07-08 11:30:00-04:00,-42.625
2025-07-08 11:45:00-04:00,-42.625
2025-07-08 12:00:00-04:00,-42.625
2025-07-08 12:15:00-04:00,-42.625
2025-07-08 12:30:00-04:00,-42.625
2025-07-08 12:45:00-04:00,-42.625
2025-07-08 13:00:00-04:00,-42.625
2025-07-08 13:15:00-04:00,-42.625
2025-07-08 13:30:00-04:00,-42.625
2025-07-08 13:45:00-04:00,-42.625
2025-07-08 14:00:00-04:00,-42.625
2025-07-08 14:15:00-04:00,-42.625
2025-07-08 14:30:00-04:00,-42.625
2025-07-08 14:45:00-04:00,-42.625
2025-07-08 15:00:00-04:00,-42.625
2025-07-08 15:15:00-04:00,-42.625
2025-07-08 15:30:00-04:00,-42.625
2025-07-08 15:45:00-04:00,-42.625
2025-07-09 09:30:00-04:00,0.0
2025-07-09 09:45:00-04:00,0.0
2025-07-09 10:00:00-04:00,-0.5
2025-07-09 10:15:00-04:00,-51.0
2025-07-09 10:30:00-04:00,-51.5
2025-07-09 10:45:00-04:00,-102.0
2025-07-09 11:00:00-04:00,-102.0
2025-07-09 11:15:00-04:00,-102.5
2025-07-09 11:30:00-04:00,-126.125
2025-07-09 11:45:00-04:00,-126.125
2025-07-09 12:00:00-04:00,-126.125
2025-07-09 12:15:00-04:00,-126.125
2025-07-09 12:30:00-04:00,-126.125
2025-07-09 12:45:00-04:00,-126.125
2025-07-09 13:00:00-04:00,-126.125
2025-07-09 13:15:00-04:00,-126.125
2025-07-09 13:30:00-04:00,-126.125
2025-07-09 13:45:00-04:00,-126.125
2025-07-09 14:00:00-04:00,-126.125
2025-07-09 14:15:00-04:00,-126.125
2025-07-09 14:30:00-04:00,-126.125
2025-07-09 14:45:00-04:00,-126.125
2025-07-09 15:00:00-04:00,-126.125
2025-07-09 15:15:00-04:00,-126.125
2025-07-09 15:30:00-04:00,-126.125
2025-07-09 15:45:00-04:00,-126.125
2025-07-10 09:30:00-04:00,0.0
2025-07-10 09:45:00-04:00,0.0
2025-07-10 10:00:00-04:00,-0.5
2025-07-10 10:15:00-04:00,-40.5
2025-07-10 10:30:00-04:00,-51.0
2025-07-10 10:45:00-04:00,-51.0
2025-07-10 11:00:00-04:00,-51.5
2025-07-10 11:15:00-04:00,-55.25
2025-07-10 11:30:00-04:00,-24.5
2025-07-10 11:45:00-04:00,-24.5
2025-07-10 12:00:00-04:00,-24.5
2025-07-10 12:15:00-04:00,-24.5
2025-07-10 12:30:00-04:00,-24.5
2025-07-10 12:45:00-04:00,-24.5
2025-07-10 13:00:00-04:00,-24.5
2025-07-10 13:15:00-04:00,-24.5
2025-07-10 13:30:00-04:00,-24.5
2025-07-10 13:45:00-04:00,-24.5
2025-07-10 14:00:00-04:00,-24.5
2025-07-10 14:15:00-04:00,-24.5
2025-07-10 14:30:00-04:00,-24.5
2025-07-10 14:45:00-04:00,-24.5
2025-07-10 15:00:00-04:00,-24.5
2025-07-10 15:15:00-04:00,-24.5
2025-07-10 15:30:00-04:00,-24.5
2025-07-10 15:45:00-04:00,-24.5
2025-07-11 09:30:00-04:00,0.0
2025-07-11 09:45:00-04:00,0.0
2025-07-11 10:00:00-04:00,-0.5
2025-07-11 10:15:00-04:00,-47.375
2025-07-11 10:30:00-04:00,-51.0
2025-07-11 10:45:00-04:00,-51.5
2025-07-11 11:00:00-04:00,-59.3125
2025-07-11 11:15:00-04:00,-55.5625
2025-07-11 11:30:00-04:00,-63.875
2025-07-11 11:45:00-04:00,-63.875
2025-07-11 12:00:00-04:00,-63.875
2025-07-11 12:15:00-04:00,-63.875
2025-07-11 12:30:00-04:00,-63.875
2025-07-11 12:45:00-04:00,-63.875
2025-07-11 13:00:00-04:00,-63.875
2025-07-11 13:15:00-04:00,-63.875
2025-07-11 13:30:00-04:00,-63.875
2025-07-11 13:45:00-04:00,-63.875
2025-07-11 14:00:00-04:00,-63.875
2025-07-11 14:15:00-04:00,-63.875
2025-07-11 14:30:00-04:00,-63.875
2025-07-11 14:45:00-04:00,-63.875
2025-07-11 15:00:00-04:00,-63.875
2025-07-11 15:15:00-04:00,-63.875
2025-07-11 15:30:00-04:00,-63.875
2025-07-11 15:45:00-04:00,-63.875
2025-07-14 09:30:00-04:00,0.0
2025-07-14 09:45:00-04:00,0.0
2025-07-14 10:00:00-04:00,-0.5
2025-07-14 10:15:00-04:00,-51.0
2025-07-14 10:30:00-04:00,-51.5
2025-07-14 10:45:00-04:00,-91.5
2025-07-14 11:00:00-04:00,-102.0
2025-07-14 11:15:00-04:00,-102.5
2025-07-14 11:30:00-04:00,-120.5
2025-07-14 11:45:00-04:00,-120.5
2025-07-14 12:00:00-04:00,-120.5
2025-07-14 12:15:00-04:00,-120.5
2025-07-14 12:30:00-04:00,-120.5
2025-07-14 12:45:00-04:00,-120.5
2025-07-14 13:00:00-04:00,-120.5
2025-07-14 13:15:00-04:00,-120.5
2025-07-14 13:30:00-04:00,-120.5
2025-07-14 13:45:00-04:00,-120.5
2025-07-14 14:00:00-04:00,-120.5
2025-07-14 14:15:00-04:00,-120.5
2025-07-14 14:30:00-04:00,-120.5
2025-07-14 14:45:00-04:00,-120.5
2025-07-14 15:00:00-04:00,-120.5
2025-07-14 15:15:00-04:00,-120.5
2025-07-14 15:30:00-04:00,-120.5
2025-07-14 15:45:00-04:00,-120.5
2025-07-15 09:30:00-04:00,0.0
2025-07-15 09:45:00-04:00,0.0
2025-07-15 10:00:00-04:00,-0.5
2025-07-15 10:15:00-04:00,-25.8125
2025-07-15 10:30:00-04:00,-51.0
2025-07-15 10:45:00-04:00,-51.0
2025-07-15 11:00:00-04:00,-51.5
2025-07-15 11:15:00-04:00,-102.0
2025-07-15 11:30:00-04:00,-102.0
2025-07-15 11:45:00-04:00,-102.0
2025-07-15 12:00:00-04:00,-102.0
2025-07-15 12:15:00-04:00,-102.0
2025-07-15 12:30:00-04:00,-102.0
2025-07-15 12:45:00-04:00,-102.0
2025-07-15 13:00:00-04:00,-102.0
2025-07-15 13:15:00-04:00,-102.0
2025-07-15 13:30:00-04:00,-102.0
2025-07-15 13:45:00-04:00,-102.0
2025-07-15 14:00:00-04:00,-102.0
2025-07-15 14:15:00-04:00,-102.0
2025-07-15 14:30:00-04:00,-102.0
2025-07-15 14:45:00-04:00,-102.0
2025-07-15 15:00:00-04:00,-102.0
2025-07-15 15:15:00-04:00,-102.0
2025-07-15 15:30:00-04:00,-102.0
2025-07-15 15:45:00-04:00,-102.0
2025-07-16 09:30:00-04:00,0.0
2025-07-16 09:45:00-04:00,0.0
2025-07-16 10:00:00-04:00,-0.5
2025-07-16 10:15:00-04:00,-35.1875
2025-07-16 10:30:00-04:00,-43.9375
2025-07-16 10:45:00-04:00,-51.0
2025-07-16 11:00:00-04:00,-51.5
2025-07-16 11:15:00-04:00,-85.25
2025-07-16 11:30:00-04:00,69.25
2025-07-16 11:45:00-04:00,69.25
2025-07-16 12:00:00-04:00,69.25
2025-07-16 12:15:00-04:00,69.25
2025-07-16 12:30:00-04:00,69.25
2025-07-16 12:45:00-04:00,69.25
2025-07-16 13:00:00-04:00,69.25
2025-07-16 13:15:00-04:00,69.25
2025-07-16 13:30:00-04:00,69.25
2025-07-16 13:45:00-04:00,69.25
2025-07-16 14:00:00-04:00,69.25
2025-07-16 14:15:00-04:00,69.25
2025-07-16 14:30:00-04:00,69.25
2025-07-16 14:45:00-04:00,69.25
2025-07-16 15:00:00-04:00,69.25
2025-07-16 15:15:00-04:00,69.25
2025-07-16 15:30:00-04:00,69.25
2025-07-16 15:45:00-04:00,69.25
2025-07-17 09:30:00-04:00,0.0
2025-07-17 09:45:00-04:00,0.0
2025-07-17 10:00:00-04:00,-0.5
2025-07-17 10:15:00-04:00,-51.0
2025-07-17 10:30:00-04:00,-51.5
2025-07-17 10:45:00-04:00,-60.5625
2025-07-17 11:00:00-04:00,-34.3125
2025-07-17 11:15:00-04:00,-14.3125
2025-07-17 11:30:00-04:00,19.5625
2025-07-17 11:45:00-04:00,19.5625
2025-07-17 12:00:00-04:00,19.5625
2025-07-17 12:15:00-04:00,19.5625
2025-07-17 12:30:00-04:00,19.5625
2025-07-17 12:45:00-04:00,19.5625
2025-07-17 13:00:00-04:00,19.5625
2025-07-17 13:15:00-04:00,19.5625
2025-07-17 13:30:00-04:00,19.5625
2025-07-17 13:45:00-04:00,19.5625
2025-07-17 14:00:00-04:00,19.5625
2025-07-17 14:15:00-04:00,19.5625
2025-07-17 14:30:00-04:00,19.5625
2025-07-17 14:45:00-04:00,19.5625
2025-07-17 15:00:00-04:00,19.5625
2025-07-17 15:15:00-04:00,19.5625
2025-07-17 15:30:00-04:00,19.5625
2025-07-17 15:45:00-04:00,19.5625
2025-07-18 09:30:00-04:00,0.0
2025-07-18 09:45:00-04:00,0.0
2025-07-18 10:00:00-04:00,-0.5
2025-07-18 10:15:00-04:00,-51.0
2025-07-18 10:30:00-04:00,-51.0
2025-07-18 10:45:00-04:00,-51.5
2025-07-18 11:00:00-04:00,-71.1875
2025-07-18 11:15:00-04:00,-72.4375
2025-07-18 11:30:00-04:00,-75.75
2025-07-18 11:45:00-04:00,-75.75
2025-07-18 12:00:00-04:00,-75.75
2025-07-18 12:15:00-04:00,-75.75
2025-07-18 12:30:00-04:00,-75.75
2025-07-18 12:45:00-04:00,-75.75
2025-07-18 13:00:00-04:00,-75.75
2025-07-18 13:15:00-04:00,-75.75
2025-07-18 13:30:00-04:00,-75.75
2025-07-18 13:45:00-04:00,-75.75
2025-07-18 14:00:00-04:00,-75.75
2025-07-18 14:15:00-04:00,-75.75
2025-07-18 14:30:00-04:00,-75.75
2025-07-18 14:45:00-04:00,-75.75
2025-07-18 15:00:00-04:00,-75.75
2025-07-18 15:15:00-04:00,-75.75
2025-07-18 15:30:00-04:00,-75.75
2025-07-18 15:45:00-04:00,-75.75
2025-07-21 09:30:00-04:00,0.0
2025-07-21 09:45:00-04:00,0.0
2025-07-21 10:00:00-04:00,-0.5
2025-07-21 10:15:00-04:00,-13.625
2025-07-21 10:30:00-04:00,3.875
2025-07-21 10:45:00-04:00,-3.625
2025-07-21 11:00:00-04:00,7.625
2025-07-21 11:15:00-04:00,11.375
2025-07-21 11:30:00-04:00,31.5
2025-07-21 11:45:00-04:00,31.5
2025-07-21 12:00:00-04:00,31.5
2025-07-21 12:15:00-04:00,31.5
2025-07-21 12:30:00-04:00,31.5
2025-07-21 12:45:00-04:00,31.5
2025-07-21 13:00:00-04:00,31.5
2025-07-21 13:15:00-04:00,31.5
2025-07-21 13:30:00-04:00,31.5
2025-07-21 13:45:00-04:00,31.5
2025-07-21 14:00:00-04:00,31.5
2025-07-21 14:15:00-04:00,31.5
2025-07-21 14:30:00-04:00,31.5
2025-07-21 14:45:00-04:00,31.5
2025-07-21 15:00:00-04:00,31.5
2025-07-21 15:15:00-04:00,31.5
2025-07-21 15:30:00-04:00,31.5
2025-07-21 15:45:00-04:00,31.5
2025-07-22 09:30:00-04:00,0.0
2025-07-22 09:45:00-04:00,0.0
2025-07-22 10:00:00-04:00,-0.5
2025-07-22 10:15:00-04:00,-28.9375
2025-07-22 10:30:00-04:00,-51.0
2025-07-22 10:45:00-04:00,-51.5
2025-07-22 11:00:00-04:00,-73.0625
2025-07-22 11:15:00-04:00,-65.5625
2025-07-22 11:30:00-04:00,-51.0625
2025-07-22 11:45:00-04:00,-51.0625
2025-07-22 12:00:00-04:00,-51.0625
2025-07-22 12:15:00-04:00,-51.0625
2025-07-22 12:30:00-04:00,-51.0625
2025-07-22 12:45:00-04:00,-51.0625
2025-07-22 13:00:00-04:00,-51.0625
2025-07-22 13:15:00-04:00,-51.0625
2025-07-22 13:30:00-04:00,-51.0625
2025-07-22 13:45:00-04:00,-51.0625
2025-07-22 14:00:00-04:00,-51.0625
2025-07-22 14:15:00-04:00,-51.0625
2025-07-22 14:30:00-04:00,-51.0625
2025-07-22 14:45:00-04:00,-51.0625
2025-07-22 15:00:00-04:00,-51.0625
2025-07-22 15:15:00-04:00,-51.0625
2025-07-22 15:30:00-04:00,-51.0625
2025-07-22 15:45:00-04:00,-51.0625
2025-07-23 09:30:00-04:00,0.0
2025-07-23 09:45:00-04:00,0.0
2025-07-23 10:00:00-04:00,-0.5
2025-07-23 10:15:00-04:00,-8.0
2025-07-23 10:30:00-04:00,0.75
2025-07-23 10:45:00-04:00,9.5
2025-07-23 11:00:00-04:00,17.0
2025-07-23 11:15:00-04:00,12.0
2025-07-23 11:30:00-04:00,32.4375
2025-07-23 11:45:00-04:00,32.4375
2025-07-23 12:00:00-04:00,32.4375
2025-07-23 12:15:00-04:00,32.4375
2025-07-23 12:30:00-04:00,32.4375
2025-07-23 12:45:00-04:00,32.4375
2025-07-23 13:00:00-04:00,32.4375
2025-07-23 13:15:00-04:00,32.4375
2025-07-23 13:30:00-04:00,32.4375
2025-07-23 13:45:00-04:00,32.4375
2025-07-23 14:00:00-04:00,32.4375
2025-07-23 14:15:00-04:00,32.4375
2025-07-23 14:30:00-04:00,32.4375
2025-07-23 14:45:00-04:00,32.4375
2025-07-23 15:00:00-04:00,32.4375
2025-07-23 15:15:00-04:00,32.4375
2025-07-23 15:30:00-04:00,32.4375
2025-07-23 15:45:00-04:00,32.4375
2025-07-24 09:30:00-04:00,0.0
2025-07-24 09:45:00-04:00,0.0
2025-07-24 10:00:00-04:00,-0.5
2025-07-24 10:15:00-04:00,-36.75
2025-07-24 10:30:00-04:00,-3.0
2025-07-24 10:45:00-04:00,18.25
2025-07-24 11:00:00-04:00,37.0
2025-07-24 11:15:00-04:00,32.0
2025-07-24 11:30:00-04:00,34.3125
2025-07-24 11:45:00-04:00,34.3125
2025-07-24 12:00:00-04:00,34.3125
2025-07-24 12:15:00-04:00,34.3125
2025-07-24 12:30:00-04:00,34.3125
2025-07-24 12:45:00-04:00,34.3125
2025-07-24 13:00:00-04:00,34.3125
2025-07-24 13:15:00-04:00,34.3125
2025-07-24 13:30:00-04:00,34.3125
2025-07-24 13:45:00-04:00,34.3125
2025-07-24 14:00:00-04:00,34.3125
2025-07-24 14:15:00-04:00,34.3125
2025-07-24 14:30:00-04:00,34.3125
2025-07-24 14:45:00-04:00,34.3125
2025-07-24 15:00:00-04:00,34.3125
2025-07-24 15:15:00-04:00,34.3125
2025-07-24 15:30:00-04:00,34.3125
2025-07-24 15:45:00-04:00,34.3125
2025-07-25 09:30:00-04:00,0.0
2025-07-25 09:45:00-04:00,0.0
2025-07-25 10:00:00-04:00,-0.5
2025-07-25 10:15:00-04:00,-6.75
2025-07-25 10:30:00-04:00,-0.5
2025-07-25 10:45:00-04:00,18.25
2025-07-25 11:00:00-04:00,20.75
2025-07-25 11:15:00-04:00,22.0
2025-07-25 11:30:00-04:00,27.125
2025-07-25 11:45:00-04:00,27.125
2025-07-25 12:00:00-04:00,27.125
2025-07-25 12:15:00-04:00,27.125
2025-07-25 12:30:00-04:00,27.125
2025-07-25 12:45:00-04:00,27.125
2025-07-25 13:00:00-04:00,27.125
2025-07-25 13:15:00-04:00,27.125
2025-07-25 13:30:00-04:00,27.125
2025-07-25 13:45:00-04:00,27.125
2025-07-25 14:00:00-04:00,27.125
2025-07-25 14:15:00-04:00,27.125
2025-07-25 14:30:00-04:00,27.125
2025-07-25 14:45:00-04:00,27.125
2025-07-25 15:00:00-04:00,27.125
2025-07-25 15:15:00-04:00,27.125
2025-07-25 15:30:00-04:00,27.125
2025-07-25 15:45:00-04:00,27.125
2025-07-28 09:30:00-04:00,0.0
2025-07-28 09:45:00-04:00,0.0
2025-07-28 10:00:00-04:00,-0.5
2025-07-28 10:15:00-04:00,-20.8125
2025-07-28 10:30:00-04:00,-15.8125
2025-07-28 10:45:00-04:00,-25.8125
2025-07-28 11:00:00-04:00,-25.8125
2025-07-28 11:15:00-04:00,-51.0
2025-07-28 11:30:00-04:00,-51.0
2025-07-28 11:45:00-04:00,-51.0
2025-07-28 12:00:00-04:00,-51.0
2025-07-28 12:15:00-04:00,-51.0
2025-07-28 12:30:00-04:00,-51.0
2025-07-28 12:45:00-04:00,-51.0
2025-07-28 13:00:00-04:00,-51.0
2025-07-28 13:15:00-04:00,-51.0
2025-07-28 13:30:00-04:00,-51.0
2025-07-28 13:45:00-04:00,-51.0
2025-07-28 14:00:00-04:00,-51.0
2025-07-28 14:15:00-04:00,-51.0
2025-07-28 14:30:00-04:00,-51.0
2025-07-28 14:45:00-04:00,-51.0
2025-07-28 15:00:00-04:00,-51.0
2025-07-28 15:15:00-04:00,-51.0
2025-07-28 15:30:00-04:00,-51.0
2025-07-28 15:45:00-04:00,-51.0
2025-07-29 09:30:00-04:00,0.0
2025-07-29 09:45:00-04:00,0.0
2025-07-29 10:00:00-04:00,-0.5
2025-07-29 10:15:00-04:00,-26.4375
2025-07-29 10:30:00-04:00,-37.6875
2025-07-29 10:45:00-04:00,-51.0
2025-07-29 11:00:00-04:00,-51.5
2025-07-29 11:15:00-04:00,-102.0
2025-07-29 11:30:00-04:00,-102.0
2025-07-29 11:45:00-04:00,-102.0
2025-07-29 12:00:00-04:00,-102.0
2025-07-29 12:15:00-04:00,-102.0
2025-07-29 12:30:00-04:00,-102.0
2025-07-29 12:45:00-04:00,-102.0
2025-07-29 13:00:00-04:00,-102.0
2025-07-29 13:15:00-04:00,-102.0
2025-07-29 13:30:00-04:00,-102.0
2025-07-29 13:45:00-04:00,-102.0
2025-07-29 14:00:00-04:00,-102.0
2025-07-29 14:15:00-04:00,-102.0
2025-07-29 14:30:00-04:00,-102.0
2025-07-29 14:45:00-04:00,-102.0
2025-07-29 15:00:00-04:00,-102.0
2025-07-29 15:15:00-04:00,-102.0
2025-07-29 15:30:00-04:00,-102.0
2025-07-29 15:45:00-04:00,-102.0
2025-07-30 09:30:00-04:00,0.0
2025-07-30 09:45:00-04:00,0.0
2025-07-30 10:00:00-04:00,-0.5
2025-07-30 10:15:00-04:00,-51.0
2025-07-30 10:30:00-04:00,-51.5
2025-07-30 10:45:00-04:00,-59.0
2025-07-30 11:00:00-04:00,-46.5
2025-07-30 11:15:00-04:00,-10.25
2025-07-30 11:30:00-04:00,-0.4375
2025-07-30 11:45:00-04:00,-0.4375
2025-07-30 12:00:00-04:00,-0.4375
2025-07-30 12:15:00-04:00,-0.4375
2025-07-30 12:30:00-04:00,-0.4375
2025-07-30 12:45:00-04:00,-0.4375
2025-07-30 13:00:00-04:00,-0.4375
2025-07-30 13:15:00-04:00,-0.4375
2025-07-30 13:30:00-04:00,-0.4375
2025-07-30 13:45:00-04:00,-0.4375
2025-07-30 14:00:00-04:00,-0.4375
2025-07-30 14:15:00-04:00,-0.4375
2025-07-30 14:30:00-04:00,-0.4375
2025-07-30 14:45:00-04:00,-0.4375
2025-07-30 15:00:00-04:00,-0.4375
2025-07-30 15:15:00-04:00,-0.4375
2025-07-30 15:30:00-04:00,-0.4375
2025-07-30 15:45:00-04:00,-0.4375
2025-07-31 09:30:00-04:00,0.0
2025-07-31 09:45:00-04:00,0.0
2025-07-31 10:00:00-04:00,-0.5
2025-07-31 10:15:00-04:00,-42.6875
2025-07-31 10:30:00-04:00,-51.0
2025-07-31 10:45:00-04:00,-51.5
2025-07-31 11:00:00-04:00,-102.0
2025-07-31 11:15:00-04:00,-102.5
2025-07-31 11:30:00-04:00,-55.8125
2025-07-31 11:45:00-04:00,-55.8125
2025-07-31 12:00:00-04:00,-55.8125
2025-07-31 12:15:00-04:00,-55.8125
2025-07-31 12:30:00-04:00,-55.8125
2025-07-31 12:45:00-04:00,-55.8125
2025-07-31 13:00:00-04:00,-55.8125
2025-07-31 13:15:00-04:00,-55.8125
2025-07-31 13:30:00-04:00,-55.8125
2025-07-31 13:45:00-04:00,-55.8125
2025-07-31 14:00:00-04:00,-55.8125
2025-07-31 14:15:00-04:00,-55.8125
2025-07-31 14:30:00-04:00,-55.8125
2025-07-31 14:45:00-04:00,-55.8125
2025-07-31 15:00:00-04:00,-55.8125
2025-07-31 15:15:00-04:00,-55.8125
2025-07-31 15:30:00-04:00,-55.8125
2025-07-31 15:45:00-04:00,-55.8125
