ts_event,equity
2025-02-03 09:30:00-05:00,0.0
2025-02-03 09:35:00-05:00,0.0
2025-02-03 09:40:00-05:00,0.0
2025-02-03 09:45:00-05:00,0.0
2025-02-03 09:50:00-05:00,0.0
2025-02-03 09:55:00-05:00,0.0
2025-02-03 10:00:00-05:00,0.0
2025-02-03 10:05:00-05:00,0.0
2025-02-03 10:10:00-05:00,0.0
2025-02-03 10:15:00-05:00,0.0
2025-02-03 10:20:00-05:00,0.0
2025-02-03 10:25:00-05:00,0.0
2025-02-03 10:30:00-05:00,0.0
2025-02-03 10:35:00-05:00,0.0
2025-02-03 10:40:00-05:00,0.0
2025-02-03 10:45:00-05:00,0.0
2025-02-03 10:50:00-05:00,0.0
2025-02-03 10:55:00-05:00,0.0
2025-02-03 11:00:00-05:00,0.0
2025-02-03 11:05:00-05:00,0.0
2025-02-03 11:10:00-05:00,0.0
2025-02-03 11:15:00-05:00,0.0
2025-02-03 11:20:00-05:00,0.0
2025-02-03 11:25:00-05:00,0.0
2025-02-03 11:30:00-05:00,0.0
2025-02-03 11:35:00-05:00,0.0
2025-02-03 11:40:00-05:00,0.0
2025-02-03 11:45:00-05:00,0.0
2025-02-03 11:50:00-05:00,0.0
2025-02-03 11:55:00-05:00,0.0
2025-02-03 12:00:00-05:00,0.0
2025-02-03 12:05:00-05:00,0.0
2025-02-03 12:10:00-05:00,0.0
2025-02-03 12:15:00-05:00,0.0
2025-02-03 12:20:00-05:00,0.0
2025-02-03 12:25:00-05:00,0.0
2025-02-03 12:30:00-05:00,0.0
2025-02-03 12:35:00-05:00,0.0
2025-02-03 12:40:00-05:00,0.0
2025-02-03 12:45:00-05:00,0.0
2025-02-03 12:50:00-05:00,0.0
2025-02-03 12:55:00-05:00,0.0
2025-02-03 13:00:00-05:00,0.0
2025-02-03 13:05:00-05:00,0.0
2025-02-03 13:10:00-05:00,0.0
2025-02-03 13:15:00-05:00,0.0
2025-02-03 13:20:00-05:00,0.0
2025-02-03 13:25:00-05:00,0.0
2025-02-03 13:30:00-05:00,0.0
2025-02-03 13:35:00-05:00,0.0
2025-02-03 13:40:00-05:00,0.0
2025-02-03 13:45:00-05:00,0.0
2025-02-03 13:50:00-05:00,0.0
2025-02-03 13:55:00-05:00,0.0
2025-02-03 14:00:00-05:00,0.0
2025-02-03 14:05:00-05:00,0.0
2025-02-03 14:10:00-05:00,0.0
2025-02-03 14:15:00-05:00,0.0
2025-02-03 14:20:00-05:00,0.0
2025-02-03 14:25:00-05:00,0.0
2025-02-03 14:30:00-05:00,0.0
2025-02-03 14:35:00-05:00,0.0
2025-02-03 14:40:00-05:00,0.0
2025-02-03 14:45:00-05:00,0.0
2025-02-03 14:50:00-05:00,0.0
2025-02-03 14:55:00-05:00,0.0
2025-02-03 15:00:00-05:00,0.0
2025-02-03 15:05:00-05:00,0.0
2025-02-03 15:10:00-05:00,0.0
2025-02-03 15:15:00-05:00,0.0
2025-02-03 15:20:00-05:00,0.0
2025-02-03 15:25:00-05:00,0.0
2025-02-03 15:30:00-05:00,0.0
2025-02-03 15:35:00-05:00,0.0
2025-02-03 15:40:00-05:00,0.0
2025-02-03 15:45:00-05:00,0.0
2025-02-03 15:50:00-05:00,0.0
2025-02-03 15:55:00-05:00,0.0
2025-02-04 09:30:00-05:00,0.0
2025-02-04 09:35:00-05:00,0.0
2025-02-04 09:40:00-05:00,0.0
2025-02-04 09:45:00-05:00,0.0
2025-02-04 09:50:00-05:00,0.0
2025-02-04 09:55:00-05:00,0.0
2025-02-04 10:00:00-05:00,0.0
2025-02-04 10:05:00-05:00,0.0
2025-02-04 10:10:00-05:00,0.0
2025-02-04 10:15:00-05:00,0.0
2025-02-04 10:20:00-05:00,0.0
2025-02-04 10:25:00-05:00,0.0
2025-02-04 10:30:00-05:00,0.0
2025-02-04 10:35:00-05:00,0.0
2025-02-04 10:40:00-05:00,0.0
2025-02-04 10:45:00-05:00,0.0
2025-02-04 10:50:00-05:00,0.0
2025-02-04 10:55:00-05:00,0.0
2025-02-04 11:00:00-05:00,0.0
2025-02-04 11:05:00-05:00,0.0
2025-02-04 11:10:00-05:00,0.0
2025-02-04 11:15:00-05:00,0.0
2025-02-04 11:20:00-05:00,0.0
2025-02-04 11:25:00-05:00,0.0
2025-02-04 11:30:00-05:00,0.0
2025-02-04 11:35:00-05:00,0.0
2025-02-04 11:40:00-05:00,0.0
2025-02-04 11:45:00-05:00,0.0
2025-02-04 11:50:00-05:00,0.0
2025-02-04 11:55:00-05:00,0.0
2025-02-04 12:00:00-05:00,0.0
2025-02-04 12:05:00-05:00,0.0
2025-02-04 12:10:00-05:00,0.0
2025-02-04 12:15:00-05:00,0.0
2025-02-04 12:20:00-05:00,0.0
2025-02-04 12:25:00-05:00,0.0
2025-02-04 12:30:00-05:00,0.0
2025-02-04 12:35:00-05:00,0.0
2025-02-04 12:40:00-05:00,0.0
2025-02-04 12:45:00-05:00,0.0
2025-02-04 12:50:00-05:00,0.0
2025-02-04 12:55:00-05:00,0.0
2025-02-04 13:00:00-05:00,0.0
2025-02-04 13:05:00-05:00,0.0
2025-02-04 13:10:00-05:00,0.0
2025-02-04 13:15:00-05:00,0.0
2025-02-04 13:20:00-05:00,0.0
2025-02-04 13:25:00-05:00,0.0
2025-02-04 13:30:00-05:00,0.0
2025-02-04 13:35:00-05:00,0.0
2025-02-04 13:40:00-05:00,0.0
2025-02-04 13:45:00-05:00,0.0
2025-02-04 13:50:00-05:00,0.0
2025-02-04 13:55:00-05:00,0.0
2025-02-04 14:00:00-05:00,0.0
2025-02-04 14:05:00-05:00,0.0
2025-02-04 14:10:00-05:00,0.0
2025-02-04 14:15:00-05:00,0.0
2025-02-04 14:20:00-05:00,0.0
2025-02-04 14:25:00-05:00,0.0
2025-02-04 14:30:00-05:00,0.0
2025-02-04 14:35:00-05:00,0.0
2025-02-04 14:40:00-05:00,0.0
2025-02-04 14:45:00-05:00,0.0
2025-02-04 14:50:00-05:00,0.0
2025-02-04 14:55:00-05:00,0.0
2025-02-04 15:00:00-05:00,0.0
2025-02-04 15:05:00-05:00,0.0
2025-02-04 15:10:00-05:00,0.0
2025-02-04 15:15:00-05:00,0.0
2025-02-04 15:20:00-05:00,0.0
2025-02-04 15:25:00-05:00,0.0
2025-02-04 15:30:00-05:00,0.0
2025-02-04 15:35:00-05:00,0.0
2025-02-04 15:40:00-05:00,0.0
2025-02-04 15:45:00-05:00,0.0
2025-02-04 15:50:00-05:00,0.0
2025-02-04 15:55:00-05:00,0.0
2025-02-05 09:30:00-05:00,0.0
2025-02-05 09:35:00-05:00,0.0
2025-02-05 09:40:00-05:00,0.0
2025-02-05 09:45:00-05:00,0.0
2025-02-05 09:50:00-05:00,0.0
2025-02-05 09:55:00-05:00,0.0
2025-02-05 10:00:00-05:00,0.0
2025-02-05 10:05:00-05:00,0.0
2025-02-05 10:10:00-05:00,0.0
2025-02-05 10:15:00-05:00,0.0
2025-02-05 10:20:00-05:00,0.0
2025-02-05 10:25:00-05:00,0.0
2025-02-05 10:30:00-05:00,0.0
2025-02-05 10:35:00-05:00,0.0
2025-02-05 10:40:00-05:00,0.0
2025-02-05 10:45:00-05:00,0.0
2025-02-05 10:50:00-05:00,0.0
2025-02-05 10:55:00-05:00,0.0
2025-02-05 11:00:00-05:00,0.0
2025-02-05 11:05:00-05:00,0.0
2025-02-05 11:10:00-05:00,0.0
2025-02-05 11:15:00-05:00,0.0
2025-02-05 11:20:00-05:00,0.0
2025-02-05 11:25:00-05:00,0.0
2025-02-05 11:30:00-05:00,0.0
2025-02-05 11:35:00-05:00,0.0
2025-02-05 11:40:00-05:00,0.0
2025-02-05 11:45:00-05:00,0.0
2025-02-05 11:50:00-05:00,0.0
2025-02-05 11:55:00-05:00,0.0
2025-02-05 12:00:00-05:00,0.0
2025-02-05 12:05:00-05:00,0.0
2025-02-05 12:10:00-05:00,0.0
2025-02-05 12:15:00-05:00,0.0
2025-02-05 12:20:00-05:00,0.0
2025-02-05 12:25:00-05:00,0.0
2025-02-05 12:30:00-05:00,0.0
2025-02-05 12:35:00-05:00,0.0
2025-02-05 12:40:00-05:00,0.0
2025-02-05 12:45:00-05:00,0.0
2025-02-05 12:50:00-05:00,0.0
2025-02-05 12:55:00-05:00,0.0
2025-02-05 13:00:00-05:00,0.0
2025-02-05 13:05:00-05:00,0.0
2025-02-05 13:10:00-05:00,0.0
2025-02-05 13:15:00-05:00,0.0
2025-02-05 13:20:00-05:00,0.0
2025-02-05 13:25:00-05:00,0.0
2025-02-05 13:30:00-05:00,0.0
2025-02-05 13:35:00-05:00,0.0
2025-02-05 13:40:00-05:00,0.0
2025-02-05 13:45:00-05:00,0.0
2025-02-05 13:50:00-05:00,0.0
2025-02-05 13:55:00-05:00,0.0
2025-02-05 14:00:00-05:00,0.0
2025-02-05 14:05:00-05:00,0.0
2025-02-05 14:10:00-05:00,0.0
2025-02-05 14:15:00-05:00,0.0
2025-02-05 14:20:00-05:00,0.0
2025-02-05 14:25:00-05:00,0.0
2025-02-05 14:30:00-05:00,0.0
2025-02-05 14:35:00-05:00,0.0
2025-02-05 14:40:00-05:00,0.0
2025-02-05 14:45:00-05:00,0.0
2025-02-05 14:50:00-05:00,0.0
2025-02-05 14:55:00-05:00,0.0
2025-02-05 15:00:00-05:00,0.0
2025-02-05 15:05:00-05:00,0.0
2025-02-05 15:10:00-05:00,0.0
2025-02-05 15:15:00-05:00,0.0
2025-02-05 15:20:00-05:00,0.0
2025-02-05 15:25:00-05:00,0.0
2025-02-05 15:30:00-05:00,0.0
2025-02-05 15:35:00-05:00,0.0
2025-02-05 15:40:00-05:00,0.0
2025-02-05 15:45:00-05:00,0.0
2025-02-05 15:50:00-05:00,0.0
2025-02-05 15:55:00-05:00,0.0
2025-02-06 09:30:00-05:00,0.0
2025-02-06 09:35:00-05:00,0.0
2025-02-06 09:40:00-05:00,0.0
2025-02-06 09:45:00-05:00,0.0
2025-02-06 09:50:00-05:00,0.0
2025-02-06 09:55:00-05:00,0.0
2025-02-06 10:00:00-05:00,-0.5
2025-02-06 10:05:00-05:00,-10.8125
2025-02-06 10:10:00-05:00,11.6875
2025-02-06 10:15:00-05:00,22.9375
2025-02-06 10:20:00-05:00,-8.3125
2025-02-06 10:25:00-05:00,-18.3125
2025-02-06 10:30:00-05:00,-23.3125
2025-02-06 10:35:00-05:00,-31.0
2025-02-06 10:40:00-05:00,-31.5
2025-02-06 10:45:00-05:00,-62.0
2025-02-06 10:50:00-05:00,-62.5
2025-02-06 10:55:00-05:00,-70.625
2025-02-06 11:00:00-05:00,-69.375
2025-02-06 11:05:00-05:00,-58.125
2025-02-06 11:10:00-05:00,-40.625
2025-02-06 11:15:00-05:00,-24.375
2025-02-06 11:20:00-05:00,-26.875
2025-02-06 11:25:00-05:00,-20.625
2025-02-06 11:30:00-05:00,-25.8125
2025-02-06 11:35:00-05:00,-25.8125
2025-02-06 11:40:00-05:00,-25.8125
2025-02-06 11:45:00-05:00,-25.8125
2025-02-06 11:50:00-05:00,-25.8125
2025-02-06 11:55:00-05:00,-25.8125
2025-02-06 12:00:00-05:00,-25.8125
2025-02-06 12:05:00-05:00,-25.8125
2025-02-06 12:10:00-05:00,-25.8125
2025-02-06 12:15:00-05:00,-25.8125
2025-02-06 12:20:00-05:00,-25.8125
2025-02-06 12:25:00-05:00,-25.8125
2025-02-06 12:30:00-05:00,-25.8125
2025-02-06 12:35:00-05:00,-25.8125
2025-02-06 12:40:00-05:00,-25.8125
2025-02-06 12:45:00-05:00,-25.8125
2025-02-06 12:50:00-05:00,-25.8125
2025-02-06 12:55:00-05:00,-25.8125
2025-02-06 13:00:00-05:00,-25.8125
2025-02-06 13:05:00-05:00,-25.8125
2025-02-06 13:10:00-05:00,-25.8125
2025-02-06 13:15:00-05:00,-25.8125
2025-02-06 13:20:00-05:00,-25.8125
2025-02-06 13:25:00-05:00,-25.8125
2025-02-06 13:30:00-05:00,-25.8125
2025-02-06 13:35:00-05:00,-25.8125
2025-02-06 13:40:00-05:00,-25.8125
2025-02-06 13:45:00-05:00,-25.8125
2025-02-06 13:50:00-05:00,-25.8125
2025-02-06 13:55:00-05:00,-25.8125
2025-02-06 14:00:00-05:00,-25.8125
2025-02-06 14:05:00-05:00,-25.8125
2025-02-06 14:10:00-05:00,-25.8125
2025-02-06 14:15:00-05:00,-25.8125
2025-02-06 14:20:00-05:00,-25.8125
2025-02-06 14:25:00-05:00,-25.8125
2025-02-06 14:30:00-05:00,-25.8125
2025-02-06 14:35:00-05:00,-25.8125
2025-02-06 14:40:00-05:00,-25.8125
2025-02-06 14:45:00-05:00,-25.8125
2025-02-06 14:50:00-05:00,-25.8125
2025-02-06 14:55:00-05:00,-25.8125
2025-02-06 15:00:00-05:00,-25.8125
2025-02-06 15:05:00-05:00,-25.8125
2025-02-06 15:10:00-05:00,-25.8125
2025-02-06 15:15:00-05:00,-25.8125
2025-02-06 15:20:00-05:00,-25.8125
2025-02-06 15:25:00-05:00,-25.8125
2025-02-06 15:30:00-05:00,-25.8125
2025-02-06 15:35:00-05:00,-25.8125
2025-02-06 15:40:00-05:00,-25.8125
2025-02-06 15:45:00-05:00,-25.8125
2025-02-06 15:50:00-05:00,-25.8125
2025-02-06 15:55:00-05:00,-25.8125
2025-02-07 09:30:00-05:00,0.0
2025-02-07 09:35:00-05:00,0.0
2025-02-07 09:40:00-05:00,0.0
2025-02-07 09:45:00-05:00,0.0
2025-02-07 09:50:00-05:00,0.0
2025-02-07 09:55:00-05:00,0.0
2025-02-07 10:00:00-05:00,0.0
2025-02-07 10:05:00-05:00,0.0
2025-02-07 10:10:00-05:00,0.0
2025-02-07 10:15:00-05:00,0.0
2025-02-07 10:20:00-05:00,0.0
2025-02-07 10:25:00-05:00,0.0
2025-02-07 10:30:00-05:00,0.0
2025-02-07 10:35:00-05:00,0.0
2025-02-07 10:40:00-05:00,0.0
2025-02-07 10:45:00-05:00,0.0
2025-02-07 10:50:00-05:00,0.0
2025-02-07 10:55:00-05:00,0.0
2025-02-07 11:00:00-05:00,0.0
2025-02-07 11:05:00-05:00,0.0
2025-02-07 11:10:00-05:00,0.0
2025-02-07 11:15:00-05:00,0.0
2025-02-07 11:20:00-05:00,0.0
2025-02-07 11:25:00-05:00,0.0
2025-02-07 11:30:00-05:00,0.0
2025-02-07 11:35:00-05:00,0.0
2025-02-07 11:40:00-05:00,0.0
2025-02-07 11:45:00-05:00,0.0
2025-02-07 11:50:00-05:00,0.0
2025-02-07 11:55:00-05:00,0.0
2025-02-07 12:00:00-05:00,0.0
2025-02-07 12:05:00-05:00,0.0
2025-02-07 12:10:00-05:00,0.0
2025-02-07 12:15:00-05:00,0.0
2025-02-07 12:20:00-05:00,0.0
2025-02-07 12:25:00-05:00,0.0
2025-02-07 12:30:00-05:00,0.0
2025-02-07 12:35:00-05:00,0.0
2025-02-07 12:40:00-05:00,0.0
2025-02-07 12:45:00-05:00,0.0
2025-02-07 12:50:00-05:00,0.0
2025-02-07 12:55:00-05:00,0.0
2025-02-07 13:00:00-05:00,0.0
2025-02-07 13:05:00-05:00,0.0
2025-02-07 13:10:00-05:00,0.0
2025-02-07 13:15:00-05:00,0.0
2025-02-07 13:20:00-05:00,0.0
2025-02-07 13:25:00-05:00,0.0
2025-02-07 13:30:00-05:00,0.0
2025-02-07 13:35:00-05:00,0.0
2025-02-07 13:40:00-05:00,0.0
2025-02-07 13:45:00-05:00,0.0
2025-02-07 13:50:00-05:00,0.0
2025-02-07 13:55:00-05:00,0.0
2025-02-07 14:00:00-05:00,0.0
2025-02-07 14:05:00-05:00,0.0
2025-02-07 14:10:00-05:00,0.0
2025-02-07 14:15:00-05:00,0.0
2025-02-07 14:20:00-05:00,0.0
2025-02-07 14:25:00-05:00,0.0
2025-02-07 14:30:00-05:00,0.0
2025-02-07 14:35:00-05:00,0.0
2025-02-07 14:40:00-05:00,0.0
2025-02-07 14:45:00-05:00,0.0
2025-02-07 14:50:00-05:00,0.0
2025-02-07 14:55:00-05:00,0.0
2025-02-07 15:00:00-05:00,0.0
2025-02-07 15:05:00-05:00,0.0
2025-02-07 15:10:00-05:00,0.0
2025-02-07 15:15:00-05:00,0.0
2025-02-07 15:20:00-05:00,0.0
2025-02-07 15:25:00-05:00,0.0
2025-02-07 15:30:00-05:00,0.0
2025-02-07 15:35:00-05:00,0.0
2025-02-07 15:40:00-05:00,0.0
2025-02-07 15:45:00-05:00,0.0
2025-02-07 15:50:00-05:00,0.0
2025-02-07 15:55:00-05:00,0.0
2025-02-10 09:30:00-05:00,0.0
2025-02-10 09:35:00-05:00,0.0
2025-02-10 09:40:00-05:00,0.0
2025-02-10 09:45:00-05:00,0.0
2025-02-10 09:50:00-05:00,0.0
2025-02-10 09:55:00-05:00,0.0
2025-02-10 10:00:00-05:00,0.0
2025-02-10 10:05:00-05:00,0.0
2025-02-10 10:10:00-05:00,0.0
2025-02-10 10:15:00-05:00,0.0
2025-02-10 10:20:00-05:00,0.0
2025-02-10 10:25:00-05:00,0.0
2025-02-10 10:30:00-05:00,0.0
2025-02-10 10:35:00-05:00,0.0
2025-02-10 10:40:00-05:00,0.0
2025-02-10 10:45:00-05:00,0.0
2025-02-10 10:50:00-05:00,0.0
2025-02-10 10:55:00-05:00,0.0
2025-02-10 11:00:00-05:00,0.0
2025-02-10 11:05:00-05:00,0.0
2025-02-10 11:10:00-05:00,0.0
2025-02-10 11:15:00-05:00,0.0
2025-02-10 11:20:00-05:00,0.0
2025-02-10 11:25:00-05:00,0.0
2025-02-10 11:30:00-05:00,0.0
2025-02-10 11:35:00-05:00,0.0
2025-02-10 11:40:00-05:00,0.0
2025-02-10 11:45:00-05:00,0.0
2025-02-10 11:50:00-05:00,0.0
2025-02-10 11:55:00-05:00,0.0
2025-02-10 12:00:00-05:00,0.0
2025-02-10 12:05:00-05:00,0.0
2025-02-10 12:10:00-05:00,0.0
2025-02-10 12:15:00-05:00,0.0
2025-02-10 12:20:00-05:00,0.0
2025-02-10 12:25:00-05:00,0.0
2025-02-10 12:30:00-05:00,0.0
2025-02-10 12:35:00-05:00,0.0
2025-02-10 12:40:00-05:00,0.0
2025-02-10 12:45:00-05:00,0.0
2025-02-10 12:50:00-05:00,0.0
2025-02-10 12:55:00-05:00,0.0
2025-02-10 13:00:00-05:00,0.0
2025-02-10 13:05:00-05:00,0.0
2025-02-10 13:10:00-05:00,0.0
2025-02-10 13:15:00-05:00,0.0
2025-02-10 13:20:00-05:00,0.0
2025-02-10 13:25:00-05:00,0.0
2025-02-10 13:30:00-05:00,0.0
2025-02-10 13:35:00-05:00,0.0
2025-02-10 13:40:00-05:00,0.0
2025-02-10 13:45:00-05:00,0.0
2025-02-10 13:50:00-05:00,0.0
2025-02-10 13:55:00-05:00,0.0
2025-02-10 14:00:00-05:00,0.0
2025-02-10 14:05:00-05:00,0.0
2025-02-10 14:10:00-05:00,0.0
2025-02-10 14:15:00-05:00,0.0
2025-02-10 14:20:00-05:00,0.0
2025-02-10 14:25:00-05:00,0.0
2025-02-10 14:30:00-05:00,0.0
2025-02-10 14:35:00-05:00,0.0
2025-02-10 14:40:00-05:00,0.0
2025-02-10 14:45:00-05:00,0.0
2025-02-10 14:50:00-05:00,0.0
2025-02-10 14:55:00-05:00,0.0
2025-02-10 15:00:00-05:00,0.0
2025-02-10 15:05:00-05:00,0.0
2025-02-10 15:10:00-05:00,0.0
2025-02-10 15:15:00-05:00,0.0
2025-02-10 15:20:00-05:00,0.0
2025-02-10 15:25:00-05:00,0.0
2025-02-10 15:30:00-05:00,0.0
2025-02-10 15:35:00-05:00,0.0
2025-02-10 15:40:00-05:00,0.0
2025-02-10 15:45:00-05:00,0.0
2025-02-10 15:50:00-05:00,0.0
2025-02-10 15:55:00-05:00,0.0
2025-02-11 09:30:00-05:00,0.0
2025-02-11 09:35:00-05:00,0.0
2025-02-11 09:40:00-05:00,0.0
2025-02-11 09:45:00-05:00,0.0
2025-02-11 09:50:00-05:00,0.0
2025-02-11 09:55:00-05:00,0.0
2025-02-11 10:00:00-05:00,0.0
2025-02-11 10:05:00-05:00,0.0
2025-02-11 10:10:00-05:00,0.0
2025-02-11 10:15:00-05:00,0.0
2025-02-11 10:20:00-05:00,0.0
2025-02-11 10:25:00-05:00,0.0
2025-02-11 10:30:00-05:00,0.0
2025-02-11 10:35:00-05:00,0.0
2025-02-11 10:40:00-05:00,0.0
2025-02-11 10:45:00-05:00,0.0
2025-02-11 10:50:00-05:00,0.0
2025-02-11 10:55:00-05:00,0.0
2025-02-11 11:00:00-05:00,0.0
2025-02-11 11:05:00-05:00,0.0
2025-02-11 11:10:00-05:00,0.0
2025-02-11 11:15:00-05:00,0.0
2025-02-11 11:20:00-05:00,0.0
2025-02-11 11:25:00-05:00,0.0
2025-02-11 11:30:00-05:00,0.0
2025-02-11 11:35:00-05:00,0.0
2025-02-11 11:40:00-05:00,0.0
2025-02-11 11:45:00-05:00,0.0
2025-02-11 11:50:00-05:00,0.0
2025-02-11 11:55:00-05:00,0.0
2025-02-11 12:00:00-05:00,0.0
2025-02-11 12:05:00-05:00,0.0
2025-02-11 12:10:00-05:00,0.0
2025-02-11 12:15:00-05:00,0.0
2025-02-11 12:20:00-05:00,0.0
2025-02-11 12:25:00-05:00,0.0
2025-02-11 12:30:00-05:00,0.0
2025-02-11 12:35:00-05:00,0.0
2025-02-11 12:40:00-05:00,0.0
2025-02-11 12:45:00-05:00,0.0
2025-02-11 12:50:00-05:00,0.0
2025-02-11 12:55:00-05:00,0.0
2025-02-11 13:00:00-05:00,0.0
2025-02-11 13:05:00-05:00,0.0
2025-02-11 13:10:00-05:00,0.0
2025-02-11 13:15:00-05:00,0.0
2025-02-11 13:20:00-05:00,0.0
2025-02-11 13:25:00-05:00,0.0
2025-02-11 13:30:00-05:00,0.0
2025-02-11 13:35:00-05:00,0.0
2025-02-11 13:40:00-05:00,0.0
2025-02-11 13:45:00-05:00,0.0
2025-02-11 13:50:00-05:00,0.0
2025-02-11 13:55:00-05:00,0.0
2025-02-11 14:00:00-05:00,0.0
2025-02-11 14:05:00-05:00,0.0
2025-02-11 14:10:00-05:00,0.0
2025-02-11 14:15:00-05:00,0.0
2025-02-11 14:20:00-05:00,0.0
2025-02-11 14:25:00-05:00,0.0
2025-02-11 14:30:00-05:00,0.0
2025-02-11 14:35:00-05:00,0.0
2025-02-11 14:40:00-05:00,0.0
2025-02-11 14:45:00-05:00,0.0
2025-02-11 14:50:00-05:00,0.0
2025-02-11 14:55:00-05:00,0.0
2025-02-11 15:00:00-05:00,0.0
2025-02-11 15:05:00-05:00,0.0
2025-02-11 15:10:00-05:00,0.0
2025-02-11 15:15:00-05:00,0.0
2025-02-11 15:20:00-05:00,0.0
2025-02-11 15:25:00-05:00,0.0
2025-02-11 15:30:00-05:00,0.0
2025-02-11 15:35:00-05:00,0.0
2025-02-11 15:40:00-05:00,0.0
2025-02-11 15:45:00-05:00,0.0
2025-02-11 15:50:00-05:00,0.0
2025-02-11 15:55:00-05:00,0.0
2025-02-12 09:30:00-05:00,0.0
2025-02-12 09:35:00-05:00,0.0
2025-02-12 09:40:00-05:00,0.0
2025-02-12 09:45:00-05:00,0.0
2025-02-12 09:50:00-05:00,0.0
2025-02-12 09:55:00-05:00,0.0
2025-02-12 10:00:00-05:00,0.0
2025-02-12 10:05:00-05:00,0.0
2025-02-12 10:10:00-05:00,0.0
2025-02-12 10:15:00-05:00,-0.5
2025-02-12 10:20:00-05:00,-31.0
2025-02-12 10:25:00-05:00,-31.5
2025-02-12 10:30:00-05:00,-43.375
2025-02-12 10:35:00-05:00,-62.0
2025-02-12 10:40:00-05:00,-62.5
2025-02-12 10:45:00-05:00,-65.625
2025-02-12 10:50:00-05:00,-56.875
2025-02-12 10:55:00-05:00,-63.125
2025-02-12 11:00:00-05:00,-58.125
2025-02-12 11:05:00-05:00,-38.125
2025-02-12 11:10:00-05:00,-25.625
2025-02-12 11:15:00-05:00,9.375
2025-02-12 11:20:00-05:00,9.375
2025-02-12 11:25:00-05:00,31.875
2025-02-12 11:30:00-05:00,24.8125
2025-02-12 11:35:00-05:00,24.8125
2025-02-12 11:40:00-05:00,24.8125
2025-02-12 11:45:00-05:00,24.8125
2025-02-12 11:50:00-05:00,24.8125
2025-02-12 11:55:00-05:00,24.8125
2025-02-12 12:00:00-05:00,24.8125
2025-02-12 12:05:00-05:00,24.8125
2025-02-12 12:10:00-05:00,24.8125
2025-02-12 12:15:00-05:00,24.8125
2025-02-12 12:20:00-05:00,24.8125
2025-02-12 12:25:00-05:00,24.8125
2025-02-12 12:30:00-05:00,24.8125
2025-02-12 12:35:00-05:00,24.8125
2025-02-12 12:40:00-05:00,24.8125
2025-02-12 12:45:00-05:00,24.8125
2025-02-12 12:50:00-05:00,24.8125
2025-02-12 12:55:00-05:00,24.8125
2025-02-12 13:00:00-05:00,24.8125
2025-02-12 13:05:00-05:00,24.8125
2025-02-12 13:10:00-05:00,24.8125
2025-02-12 13:15:00-05:00,24.8125
2025-02-12 13:20:00-05:00,24.8125
2025-02-12 13:25:00-05:00,24.8125
2025-02-12 13:30:00-05:00,24.8125
2025-02-12 13:35:00-05:00,24.8125
2025-02-12 13:40:00-05:00,24.8125
2025-02-12 13:45:00-05:00,24.8125
2025-02-12 13:50:00-05:00,24.8125
2025-02-12 13:55:00-05:00,24.8125
2025-02-12 14:00:00-05:00,24.8125
2025-02-12 14:05:00-05:00,24.8125
2025-02-12 14:10:00-05:00,24.8125
2025-02-12 14:15:00-05:00,24.8125
2025-02-12 14:20:00-05:00,24.8125
2025-02-12 14:25:00-05:00,24.8125
2025-02-12 14:30:00-05:00,24.8125
2025-02-12 14:35:00-05:00,24.8125
2025-02-12 14:40:00-05:00,24.8125
2025-02-12 14:45:00-05:00,24.8125
2025-02-12 14:50:00-05:00,24.8125
2025-02-12 14:55:00-05:00,24.8125
2025-02-12 15:00:00-05:00,24.8125
2025-02-12 15:05:00-05:00,24.8125
2025-02-12 15:10:00-05:00,24.8125
2025-02-12 15:15:00-05:00,24.8125
2025-02-12 15:20:00-05:00,24.8125
2025-02-12 15:25:00-05:00,24.8125
2025-02-12 15:30:00-05:00,24.8125
2025-02-12 15:35:00-05:00,24.8125
2025-02-12 15:40:00-05:00,24.8125
2025-02-12 15:45:00-05:00,24.8125
2025-02-12 15:50:00-05:00,24.8125
2025-02-12 15:55:00-05:00,24.8125
2025-02-13 09:30:00-05:00,0.0
2025-02-13 09:35:00-05:00,0.0
2025-02-13 09:40:00-05:00,0.0
2025-02-13 09:45:00-05:00,0.0
2025-02-13 09:50:00-05:00,0.0
2025-02-13 09:55:00-05:00,0.0
2025-02-13 10:00:00-05:00,0.0
2025-02-13 10:05:00-05:00,0.0
2025-02-13 10:10:00-05:00,0.0
2025-02-13 10:15:00-05:00,0.0
2025-02-13 10:20:00-05:00,0.0
2025-02-13 10:25:00-05:00,0.0
2025-02-13 10:30:00-05:00,0.0
2025-02-13 10:35:00-05:00,0.0
2025-02-13 10:40:00-05:00,0.0
2025-02-13 10:45:00-05:00,0.0
2025-02-13 10:50:00-05:00,0.0
2025-02-13 10:55:00-05:00,0.0
2025-02-13 11:00:00-05:00,0.0
2025-02-13 11:05:00-05:00,0.0
2025-02-13 11:10:00-05:00,0.0
2025-02-13 11:15:00-05:00,0.0
2025-02-13 11:20:00-05:00,0.0
2025-02-13 11:25:00-05:00,0.0
2025-02-13 11:30:00-05:00,0.0
2025-02-13 11:35:00-05:00,0.0
2025-02-13 11:40:00-05:00,0.0
2025-02-13 11:45:00-05:00,0.0
2025-02-13 11:50:00-05:00,0.0
2025-02-13 11:55:00-05:00,0.0
2025-02-13 12:00:00-05:00,0.0
2025-02-13 12:05:00-05:00,0.0
2025-02-13 12:10:00-05:00,0.0
2025-02-13 12:15:00-05:00,0.0
2025-02-13 12:20:00-05:00,0.0
2025-02-13 12:25:00-05:00,0.0
2025-02-13 12:30:00-05:00,0.0
2025-02-13 12:35:00-05:00,0.0
2025-02-13 12:40:00-05:00,0.0
2025-02-13 12:45:00-05:00,0.0
2025-02-13 12:50:00-05:00,0.0
2025-02-13 12:55:00-05:00,0.0
2025-02-13 13:00:00-05:00,0.0
2025-02-13 13:05:00-05:00,0.0
2025-02-13 13:10:00-05:00,0.0
2025-02-13 13:15:00-05:00,0.0
2025-02-13 13:20:00-05:00,0.0
2025-02-13 13:25:00-05:00,0.0
2025-02-13 13:30:00-05:00,0.0
2025-02-13 13:35:00-05:00,0.0
2025-02-13 13:40:00-05:00,0.0
2025-02-13 13:45:00-05:00,0.0
2025-02-13 13:50:00-05:00,0.0
2025-02-13 13:55:00-05:00,0.0
2025-02-13 14:00:00-05:00,0.0
2025-02-13 14:05:00-05:00,0.0
2025-02-13 14:10:00-05:00,0.0
2025-02-13 14:15:00-05:00,0.0
2025-02-13 14:20:00-05:00,0.0
2025-02-13 14:25:00-05:00,0.0
2025-02-13 14:30:00-05:00,0.0
2025-02-13 14:35:00-05:00,0.0
2025-02-13 14:40:00-05:00,0.0
2025-02-13 14:45:00-05:00,0.0
2025-02-13 14:50:00-05:00,0.0
2025-02-13 14:55:00-05:00,0.0
2025-02-13 15:00:00-05:00,0.0
2025-02-13 15:05:00-05:00,0.0
2025-02-13 15:10:00-05:00,0.0
2025-02-13 15:15:00-05:00,0.0
2025-02-13 15:20:00-05:00,0.0
2025-02-13 15:25:00-05:00,0.0
2025-02-13 15:30:00-05:00,0.0
2025-02-13 15:35:00-05:00,0.0
2025-02-13 15:40:00-05:00,0.0
2025-02-13 15:45:00-05:00,0.0
2025-02-13 15:50:00-05:00,0.0
2025-02-13 15:55:00-05:00,0.0
2025-02-14 09:30:00-05:00,0.0
2025-02-14 09:35:00-05:00,0.0
2025-02-14 09:40:00-05:00,0.0
2025-02-14 09:45:00-05:00,0.0
2025-02-14 09:50:00-05:00,0.0
2025-02-14 09:55:00-05:00,0.0
2025-02-14 10:00:00-05:00,0.0
2025-02-14 10:05:00-05:00,0.0
2025-02-14 10:10:00-05:00,0.0
2025-02-14 10:15:00-05:00,-0.5
2025-02-14 10:20:00-05:00,-19.25
2025-02-14 10:25:00-05:00,-16.75
2025-02-14 10:30:00-05:00,-23.0
2025-02-14 10:35:00-05:00,-31.0
2025-02-14 10:40:00-05:00,-31.5
2025-02-14 10:45:00-05:00,-29.0
2025-02-14 10:50:00-05:00,-19.0
2025-02-14 10:55:00-05:00,-10.25
2025-02-14 11:00:00-05:00,-19.0
2025-02-14 11:05:00-05:00,-7.75
2025-02-14 11:10:00-05:00,-14.0
2025-02-14 11:15:00-05:00,-39.0
2025-02-14 11:20:00-05:00,-62.0
2025-02-14 11:25:00-05:00,-62.5
2025-02-14 11:30:00-05:00,-65.8125
2025-02-14 11:35:00-05:00,-65.8125
2025-02-14 11:40:00-05:00,-65.8125
2025-02-14 11:45:00-05:00,-65.8125
2025-02-14 11:50:00-05:00,-65.8125
2025-02-14 11:55:00-05:00,-65.8125
2025-02-14 12:00:00-05:00,-65.8125
2025-02-14 12:05:00-05:00,-65.8125
2025-02-14 12:10:00-05:00,-65.8125
2025-02-14 12:15:00-05:00,-65.8125
2025-02-14 12:20:00-05:00,-65.8125
2025-02-14 12:25:00-05:00,-65.8125
2025-02-14 12:30:00-05:00,-65.8125
2025-02-14 12:35:00-05:00,-65.8125
2025-02-14 12:40:00-05:00,-65.8125
2025-02-14 12:45:00-05:00,-65.8125
2025-02-14 12:50:00-05:00,-65.8125
2025-02-14 12:55:00-05:00,-65.8125
2025-02-14 13:00:00-05:00,-65.8125
2025-02-14 13:05:00-05:00,-65.8125
2025-02-14 13:10:00-05:00,-65.8125
2025-02-14 13:15:00-05:00,-65.8125
2025-02-14 13:20:00-05:00,-65.8125
2025-02-14 13:25:00-05:00,-65.8125
2025-02-14 13:30:00-05:00,-65.8125
2025-02-14 13:35:00-05:00,-65.8125
2025-02-14 13:40:00-05:00,-65.8125
2025-02-14 13:45:00-05:00,-65.8125
2025-02-14 13:50:00-05:00,-65.8125
2025-02-14 13:55:00-05:00,-65.8125
2025-02-14 14:00:00-05:00,-65.8125
2025-02-14 14:05:00-05:00,-65.8125
2025-02-14 14:10:00-05:00,-65.8125
2025-02-14 14:15:00-05:00,-65.8125
2025-02-14 14:20:00-05:00,-65.8125
2025-02-14 14:25:00-05:00,-65.8125
2025-02-14 14:30:00-05:00,-65.8125
2025-02-14 14:35:00-05:00,-65.8125
2025-02-14 14:40:00-05:00,-65.8125
2025-02-14 14:45:00-05:00,-65.8125
2025-02-14 14:50:00-05:00,-65.8125
2025-02-14 14:55:00-05:00,-65.8125
2025-02-14 15:00:00-05:00,-65.8125
2025-02-14 15:05:00-05:00,-65.8125
2025-02-14 15:10:00-05:00,-65.8125
2025-02-14 15:15:00-05:00,-65.8125
2025-02-14 15:20:00-05:00,-65.8125
2025-02-14 15:25:00-05:00,-65.8125
2025-02-14 15:30:00-05:00,-65.8125
2025-02-14 15:35:00-05:00,-65.8125
2025-02-14 15:40:00-05:00,-65.8125
2025-02-14 15:45:00-05:00,-65.8125
2025-02-14 15:50:00-05:00,-65.8125
2025-02-14 15:55:00-05:00,-65.8125
2025-02-17 09:30:00-05:00,0.0
2025-02-17 09:35:00-05:00,0.0
2025-02-17 09:40:00-05:00,0.0
2025-02-17 09:45:00-05:00,0.0
2025-02-17 09:50:00-05:00,0.0
2025-02-17 09:55:00-05:00,0.0
2025-02-17 10:00:00-05:00,-0.5
2025-02-17 10:05:00-05:00,-2.375
2025-02-17 10:10:00-05:00,-6.125
2025-02-17 10:15:00-05:00,-1.125
2025-02-17 10:20:00-05:00,2.625
2025-02-17 10:25:00-05:00,2.625
2025-02-17 10:30:00-05:00,6.375
2025-02-17 10:35:00-05:00,8.875
2025-02-17 10:40:00-05:00,8.875
2025-02-17 10:45:00-05:00,7.625
2025-02-17 10:50:00-05:00,6.375
2025-02-17 10:55:00-05:00,3.875
2025-02-17 11:00:00-05:00,8.875
2025-02-17 11:05:00-05:00,20.125
2025-02-17 11:10:00-05:00,21.375
2025-02-17 11:15:00-05:00,25.125
2025-02-17 11:20:00-05:00,31.375
2025-02-17 11:25:00-05:00,33.875
2025-02-17 11:30:00-05:00,32.75
2025-02-17 11:35:00-05:00,32.75
2025-02-17 11:40:00-05:00,32.75
2025-02-17 11:45:00-05:00,32.75
2025-02-17 11:50:00-05:00,32.75
2025-02-17 11:55:00-05:00,32.75
2025-02-17 12:00:00-05:00,32.75
2025-02-17 12:05:00-05:00,32.75
2025-02-17 12:10:00-05:00,32.75
2025-02-17 12:15:00-05:00,32.75
2025-02-17 12:20:00-05:00,32.75
2025-02-17 12:25:00-05:00,32.75
2025-02-17 12:30:00-05:00,32.75
2025-02-17 12:35:00-05:00,32.75
2025-02-17 12:40:00-05:00,32.75
2025-02-17 12:45:00-05:00,32.75
2025-02-17 12:50:00-05:00,32.75
2025-02-17 12:55:00-05:00,32.75
2025-02-18 09:30:00-05:00,0.0
2025-02-18 09:35:00-05:00,0.0
2025-02-18 09:40:00-05:00,0.0
2025-02-18 09:45:00-05:00,0.0
2025-02-18 09:50:00-05:00,0.0
2025-02-18 09:55:00-05:00,0.0
2025-02-18 10:00:00-05:00,0.0
2025-02-18 10:05:00-05:00,0.0
2025-02-18 10:10:00-05:00,0.0
2025-02-18 10:15:00-05:00,0.0
2025-02-18 10:20:00-05:00,0.0
2025-02-18 10:25:00-05:00,0.0
2025-02-18 10:30:00-05:00,0.0
2025-02-18 10:35:00-05:00,0.0
2025-02-18 10:40:00-05:00,0.0
2025-02-18 10:45:00-05:00,0.0
2025-02-18 10:50:00-05:00,0.0
2025-02-18 10:55:00-05:00,0.0
2025-02-18 11:00:00-05:00,0.0
2025-02-18 11:05:00-05:00,0.0
2025-02-18 11:10:00-05:00,0.0
2025-02-18 11:15:00-05:00,0.0
2025-02-18 11:20:00-05:00,0.0
2025-02-18 11:25:00-05:00,0.0
2025-02-18 11:30:00-05:00,0.0
2025-02-18 11:35:00-05:00,0.0
2025-02-18 11:40:00-05:00,0.0
2025-02-18 11:45:00-05:00,0.0
2025-02-18 11:50:00-05:00,0.0
2025-02-18 11:55:00-05:00,0.0
2025-02-18 12:00:00-05:00,0.0
2025-02-18 12:05:00-05:00,0.0
2025-02-18 12:10:00-05:00,0.0
2025-02-18 12:15:00-05:00,0.0
2025-02-18 12:20:00-05:00,0.0
2025-02-18 12:25:00-05:00,0.0
2025-02-18 12:30:00-05:00,0.0
2025-02-18 12:35:00-05:00,0.0
2025-02-18 12:40:00-05:00,0.0
2025-02-18 12:45:00-05:00,0.0
2025-02-18 12:50:00-05:00,0.0
2025-02-18 12:55:00-05:00,0.0
2025-02-18 13:00:00-05:00,0.0
2025-02-18 13:05:00-05:00,0.0
2025-02-18 13:10:00-05:00,0.0
2025-02-18 13:15:00-05:00,0.0
2025-02-18 13:20:00-05:00,0.0
2025-02-18 13:25:00-05:00,0.0
2025-02-18 13:30:00-05:00,0.0
2025-02-18 13:35:00-05:00,0.0
2025-02-18 13:40:00-05:00,0.0
2025-02-18 13:45:00-05:00,0.0
2025-02-18 13:50:00-05:00,0.0
2025-02-18 13:55:00-05:00,0.0
2025-02-18 14:00:00-05:00,0.0
2025-02-18 14:05:00-05:00,0.0
2025-02-18 14:10:00-05:00,0.0
2025-02-18 14:15:00-05:00,0.0
2025-02-18 14:20:00-05:00,0.0
2025-02-18 14:25:00-05:00,0.0
2025-02-18 14:30:00-05:00,0.0
2025-02-18 14:35:00-05:00,0.0
2025-02-18 14:40:00-05:00,0.0
2025-02-18 14:45:00-05:00,0.0
2025-02-18 14:50:00-05:00,0.0
2025-02-18 14:55:00-05:00,0.0
2025-02-18 15:00:00-05:00,0.0
2025-02-18 15:05:00-05:00,0.0
2025-02-18 15:10:00-05:00,0.0
2025-02-18 15:15:00-05:00,0.0
2025-02-18 15:20:00-05:00,0.0
2025-02-18 15:25:00-05:00,0.0
2025-02-18 15:30:00-05:00,0.0
2025-02-18 15:35:00-05:00,0.0
2025-02-18 15:40:00-05:00,0.0
2025-02-18 15:45:00-05:00,0.0
2025-02-18 15:50:00-05:00,0.0
2025-02-18 15:55:00-05:00,0.0
2025-02-19 09:30:00-05:00,0.0
2025-02-19 09:35:00-05:00,0.0
2025-02-19 09:40:00-05:00,0.0
2025-02-19 09:45:00-05:00,0.0
2025-02-19 09:50:00-05:00,0.0
2025-02-19 09:55:00-05:00,0.0
2025-02-19 10:00:00-05:00,0.0
2025-02-19 10:05:00-05:00,0.0
2025-02-19 10:10:00-05:00,0.0
2025-02-19 10:15:00-05:00,0.0
2025-02-19 10:20:00-05:00,0.0
2025-02-19 10:25:00-05:00,0.0
2025-02-19 10:30:00-05:00,0.0
2025-02-19 10:35:00-05:00,0.0
2025-02-19 10:40:00-05:00,0.0
2025-02-19 10:45:00-05:00,0.0
2025-02-19 10:50:00-05:00,0.0
2025-02-19 10:55:00-05:00,0.0
2025-02-19 11:00:00-05:00,0.0
2025-02-19 11:05:00-05:00,0.0
2025-02-19 11:10:00-05:00,0.0
2025-02-19 11:15:00-05:00,0.0
2025-02-19 11:20:00-05:00,0.0
2025-02-19 11:25:00-05:00,0.0
2025-02-19 11:30:00-05:00,0.0
2025-02-19 11:35:00-05:00,0.0
2025-02-19 11:40:00-05:00,0.0
2025-02-19 11:45:00-05:00,0.0
2025-02-19 11:50:00-05:00,0.0
2025-02-19 11:55:00-05:00,0.0
2025-02-19 12:00:00-05:00,0.0
2025-02-19 12:05:00-05:00,0.0
2025-02-19 12:10:00-05:00,0.0
2025-02-19 12:15:00-05:00,0.0
2025-02-19 12:20:00-05:00,0.0
2025-02-19 12:25:00-05:00,0.0
2025-02-19 12:30:00-05:00,0.0
2025-02-19 12:35:00-05:00,0.0
2025-02-19 12:40:00-05:00,0.0
2025-02-19 12:45:00-05:00,0.0
2025-02-19 12:50:00-05:00,0.0
2025-02-19 12:55:00-05:00,0.0
2025-02-19 13:00:00-05:00,0.0
2025-02-19 13:05:00-05:00,0.0
2025-02-19 13:10:00-05:00,0.0
2025-02-19 13:15:00-05:00,0.0
2025-02-19 13:20:00-05:00,0.0
2025-02-19 13:25:00-05:00,0.0
2025-02-19 13:30:00-05:00,0.0
2025-02-19 13:35:00-05:00,0.0
2025-02-19 13:40:00-05:00,0.0
2025-02-19 13:45:00-05:00,0.0
2025-02-19 13:50:00-05:00,0.0
2025-02-19 13:55:00-05:00,0.0
2025-02-19 14:00:00-05:00,0.0
2025-02-19 14:05:00-05:00,0.0
2025-02-19 14:10:00-05:00,0.0
2025-02-19 14:15:00-05:00,0.0
2025-02-19 14:20:00-05:00,0.0
2025-02-19 14:25:00-05:00,0.0
2025-02-19 14:30:00-05:00,0.0
2025-02-19 14:35:00-05:00,0.0
2025-02-19 14:40:00-05:00,0.0
2025-02-19 14:45:00-05:00,0.0
2025-02-19 14:50:00-05:00,0.0
2025-02-19 14:55:00-05:00,0.0
2025-02-19 15:00:00-05:00,0.0
2025-02-19 15:05:00-05:00,0.0
2025-02-19 15:10:00-05:00,0.0
2025-02-19 15:15:00-05:00,0.0
2025-02-19 15:20:00-05:00,0.0
2025-02-19 15:25:00-05:00,0.0
2025-02-19 15:30:00-05:00,0.0
2025-02-19 15:35:00-05:00,0.0
2025-02-19 15:40:00-05:00,0.0
2025-02-19 15:45:00-05:00,0.0
2025-02-19 15:50:00-05:00,0.0
2025-02-19 15:55:00-05:00,0.0
2025-02-20 09:30:00-05:00,0.0
2025-02-20 09:35:00-05:00,0.0
2025-02-20 09:40:00-05:00,0.0
2025-02-20 09:45:00-05:00,0.0
2025-02-20 09:50:00-05:00,0.0
2025-02-20 09:55:00-05:00,0.0
2025-02-20 10:00:00-05:00,0.0
2025-02-20 10:05:00-05:00,0.0
2025-02-20 10:10:00-05:00,0.0
2025-02-20 10:15:00-05:00,0.0
2025-02-20 10:20:00-05:00,0.0
2025-02-20 10:25:00-05:00,-0.5
2025-02-20 10:30:00-05:00,-27.375
2025-02-20 10:35:00-05:00,-12.375
2025-02-20 10:40:00-05:00,8.875
2025-02-20 10:45:00-05:00,17.625
2025-02-20 10:50:00-05:00,53.875
2025-02-20 10:55:00-05:00,58.875
2025-02-20 11:00:00-05:00,55.125
2025-02-20 11:05:00-05:00,37.625
2025-02-20 11:10:00-05:00,25.125
2025-02-20 11:15:00-05:00,38.875
2025-02-20 11:20:00-05:00,42.625
2025-02-20 11:25:00-05:00,32.625
2025-02-20 11:30:00-05:00,44.0
2025-02-20 11:35:00-05:00,44.0
2025-02-20 11:40:00-05:00,44.0
2025-02-20 11:45:00-05:00,44.0
2025-02-20 11:50:00-05:00,44.0
2025-02-20 11:55:00-05:00,44.0
2025-02-20 12:00:00-05:00,44.0
2025-02-20 12:05:00-05:00,44.0
2025-02-20 12:10:00-05:00,44.0
2025-02-20 12:15:00-05:00,44.0
2025-02-20 12:20:00-05:00,44.0
2025-02-20 12:25:00-05:00,44.0
2025-02-20 12:30:00-05:00,44.0
2025-02-20 12:35:00-05:00,44.0
2025-02-20 12:40:00-05:00,44.0
2025-02-20 12:45:00-05:00,44.0
2025-02-20 12:50:00-05:00,44.0
2025-02-20 12:55:00-05:00,44.0
2025-02-20 13:00:00-05:00,44.0
2025-02-20 13:05:00-05:00,44.0
2025-02-20 13:10:00-05:00,44.0
2025-02-20 13:15:00-05:00,44.0
2025-02-20 13:20:00-05:00,44.0
2025-02-20 13:25:00-05:00,44.0
2025-02-20 13:30:00-05:00,44.0
2025-02-20 13:35:00-05:00,44.0
2025-02-20 13:40:00-05:00,44.0
2025-02-20 13:45:00-05:00,44.0
2025-02-20 13:50:00-05:00,44.0
2025-02-20 13:55:00-05:00,44.0
2025-02-20 14:00:00-05:00,44.0
2025-02-20 14:05:00-05:00,44.0
2025-02-20 14:10:00-05:00,44.0
2025-02-20 14:15:00-05:00,44.0
2025-02-20 14:20:00-05:00,44.0
2025-02-20 14:25:00-05:00,44.0
2025-02-20 14:30:00-05:00,44.0
2025-02-20 14:35:00-05:00,44.0
2025-02-20 14:40:00-05:00,44.0
2025-02-20 14:45:00-05:00,44.0
2025-02-20 14:50:00-05:00,44.0
2025-02-20 14:55:00-05:00,44.0
2025-02-20 15:00:00-05:00,44.0
2025-02-20 15:05:00-05:00,44.0
2025-02-20 15:10:00-05:00,44.0
2025-02-20 15:15:00-05:00,44.0
2025-02-20 15:20:00-05:00,44.0
2025-02-20 15:25:00-05:00,44.0
2025-02-20 15:30:00-05:00,44.0
2025-02-20 15:35:00-05:00,44.0
2025-02-20 15:40:00-05:00,44.0
2025-02-20 15:45:00-05:00,44.0
2025-02-20 15:50:00-05:00,44.0
2025-02-20 15:55:00-05:00,44.0
2025-02-21 09:30:00-05:00,0.0
2025-02-21 09:35:00-05:00,0.0
2025-02-21 09:40:00-05:00,0.0
2025-02-21 09:45:00-05:00,0.0
2025-02-21 09:50:00-05:00,0.0
2025-02-21 09:55:00-05:00,0.0
2025-02-21 10:00:00-05:00,0.0
2025-02-21 10:05:00-05:00,0.0
2025-02-21 10:10:00-05:00,0.0
2025-02-21 10:15:00-05:00,0.0
2025-02-21 10:20:00-05:00,0.0
2025-02-21 10:25:00-05:00,0.0
2025-02-21 10:30:00-05:00,0.0
2025-02-21 10:35:00-05:00,0.0
2025-02-21 10:40:00-05:00,0.0
2025-02-21 10:45:00-05:00,0.0
2025-02-21 10:50:00-05:00,0.0
2025-02-21 10:55:00-05:00,0.0
2025-02-21 11:00:00-05:00,0.0
2025-02-21 11:05:00-05:00,0.0
2025-02-21 11:10:00-05:00,0.0
2025-02-21 11:15:00-05:00,0.0
2025-02-21 11:20:00-05:00,0.0
2025-02-21 11:25:00-05:00,0.0
2025-02-21 11:30:00-05:00,0.0
2025-02-21 11:35:00-05:00,0.0
2025-02-21 11:40:00-05:00,0.0
2025-02-21 11:45:00-05:00,0.0
2025-02-21 11:50:00-05:00,0.0
2025-02-21 11:55:00-05:00,0.0
2025-02-21 12:00:00-05:00,0.0
2025-02-21 12:05:00-05:00,0.0
2025-02-21 12:10:00-05:00,0.0
2025-02-21 12:15:00-05:00,0.0
2025-02-21 12:20:00-05:00,0.0
2025-02-21 12:25:00-05:00,0.0
2025-02-21 12:30:00-05:00,0.0
2025-02-21 12:35:00-05:00,0.0
2025-02-21 12:40:00-05:00,0.0
2025-02-21 12:45:00-05:00,0.0
2025-02-21 12:50:00-05:00,0.0
2025-02-21 12:55:00-05:00,0.0
2025-02-21 13:00:00-05:00,0.0
2025-02-21 13:05:00-05:00,0.0
2025-02-21 13:10:00-05:00,0.0
2025-02-21 13:15:00-05:00,0.0
2025-02-21 13:20:00-05:00,0.0
2025-02-21 13:25:00-05:00,0.0
2025-02-21 13:30:00-05:00,0.0
2025-02-21 13:35:00-05:00,0.0
2025-02-21 13:40:00-05:00,0.0
2025-02-21 13:45:00-05:00,0.0
2025-02-21 13:50:00-05:00,0.0
2025-02-21 13:55:00-05:00,0.0
2025-02-21 14:00:00-05:00,0.0
2025-02-21 14:05:00-05:00,0.0
2025-02-21 14:10:00-05:00,0.0
2025-02-21 14:15:00-05:00,0.0
2025-02-21 14:20:00-05:00,0.0
2025-02-21 14:25:00-05:00,0.0
2025-02-21 14:30:00-05:00,0.0
2025-02-21 14:35:00-05:00,0.0
2025-02-21 14:40:00-05:00,0.0
2025-02-21 14:45:00-05:00,0.0
2025-02-21 14:50:00-05:00,0.0
2025-02-21 14:55:00-05:00,0.0
2025-02-21 15:00:00-05:00,0.0
2025-02-21 15:05:00-05:00,0.0
2025-02-21 15:10:00-05:00,0.0
2025-02-21 15:15:00-05:00,0.0
2025-02-21 15:20:00-05:00,0.0
2025-02-21 15:25:00-05:00,0.0
2025-02-21 15:30:00-05:00,0.0
2025-02-21 15:35:00-05:00,0.0
2025-02-21 15:40:00-05:00,0.0
2025-02-21 15:45:00-05:00,0.0
2025-02-21 15:50:00-05:00,0.0
2025-02-21 15:55:00-05:00,0.0
2025-02-24 09:30:00-05:00,0.0
2025-02-24 09:35:00-05:00,0.0
2025-02-24 09:40:00-05:00,0.0
2025-02-24 09:45:00-05:00,0.0
2025-02-24 09:50:00-05:00,0.0
2025-02-24 09:55:00-05:00,0.0
2025-02-24 10:00:00-05:00,0.0
2025-02-24 10:05:00-05:00,0.0
2025-02-24 10:10:00-05:00,0.0
2025-02-24 10:15:00-05:00,0.0
2025-02-24 10:20:00-05:00,0.0
2025-02-24 10:25:00-05:00,0.0
2025-02-24 10:30:00-05:00,0.0
2025-02-24 10:35:00-05:00,0.0
2025-02-24 10:40:00-05:00,0.0
2025-02-24 10:45:00-05:00,0.0
2025-02-24 10:50:00-05:00,0.0
2025-02-24 10:55:00-05:00,0.0
2025-02-24 11:00:00-05:00,0.0
2025-02-24 11:05:00-05:00,0.0
2025-02-24 11:10:00-05:00,0.0
2025-02-24 11:15:00-05:00,-0.5
2025-02-24 11:20:00-05:00,-31.0
2025-02-24 11:25:00-05:00,-31.5
2025-02-24 11:30:00-05:00,-62.0
2025-02-24 11:35:00-05:00,-62.0
2025-02-24 11:40:00-05:00,-62.0
2025-02-24 11:45:00-05:00,-62.0
2025-02-24 11:50:00-05:00,-62.0
2025-02-24 11:55:00-05:00,-62.0
2025-02-24 12:00:00-05:00,-62.0
2025-02-24 12:05:00-05:00,-62.0
2025-02-24 12:10:00-05:00,-62.0
2025-02-24 12:15:00-05:00,-62.0
2025-02-24 12:20:00-05:00,-62.0
2025-02-24 12:25:00-05:00,-62.0
2025-02-24 12:30:00-05:00,-62.0
2025-02-24 12:35:00-05:00,-62.0
2025-02-24 12:40:00-05:00,-62.0
2025-02-24 12:45:00-05:00,-62.0
2025-02-24 12:50:00-05:00,-62.0
2025-02-24 12:55:00-05:00,-62.0
2025-02-24 13:00:00-05:00,-62.0
2025-02-24 13:05:00-05:00,-62.0
2025-02-24 13:10:00-05:00,-62.0
2025-02-24 13:15:00-05:00,-62.0
2025-02-24 13:20:00-05:00,-62.0
2025-02-24 13:25:00-05:00,-62.0
2025-02-24 13:30:00-05:00,-62.0
2025-02-24 13:35:00-05:00,-62.0
2025-02-24 13:40:00-05:00,-62.0
2025-02-24 13:45:00-05:00,-62.0
2025-02-24 13:50:00-05:00,-62.0
2025-02-24 13:55:00-05:00,-62.0
2025-02-24 14:00:00-05:00,-62.0
2025-02-24 14:05:00-05:00,-62.0
2025-02-24 14:10:00-05:00,-62.0
2025-02-24 14:15:00-05:00,-62.0
2025-02-24 14:20:00-05:00,-62.0
2025-02-24 14:25:00-05:00,-62.0
2025-02-24 14:30:00-05:00,-62.0
2025-02-24 14:35:00-05:00,-62.0
2025-02-24 14:40:00-05:00,-62.0
2025-02-24 14:45:00-05:00,-62.0
2025-02-24 14:50:00-05:00,-62.0
2025-02-24 14:55:00-05:00,-62.0
2025-02-24 15:00:00-05:00,-62.0
2025-02-24 15:05:00-05:00,-62.0
2025-02-24 15:10:00-05:00,-62.0
2025-02-24 15:15:00-05:00,-62.0
2025-02-24 15:20:00-05:00,-62.0
2025-02-24 15:25:00-05:00,-62.0
2025-02-24 15:30:00-05:00,-62.0
2025-02-24 15:35:00-05:00,-62.0
2025-02-24 15:40:00-05:00,-62.0
2025-02-24 15:45:00-05:00,-62.0
2025-02-24 15:50:00-05:00,-62.0
2025-02-24 15:55:00-05:00,-62.0
2025-02-25 09:30:00-05:00,0.0
2025-02-25 09:35:00-05:00,0.0
2025-02-25 09:40:00-05:00,0.0
2025-02-25 09:45:00-05:00,0.0
2025-02-25 09:50:00-05:00,0.0
2025-02-25 09:55:00-05:00,0.0
2025-02-25 10:00:00-05:00,0.0
2025-02-25 10:05:00-05:00,0.0
2025-02-25 10:10:00-05:00,0.0
2025-02-25 10:15:00-05:00,0.0
2025-02-25 10:20:00-05:00,0.0
2025-02-25 10:25:00-05:00,0.0
2025-02-25 10:30:00-05:00,0.0
2025-02-25 10:35:00-05:00,0.0
2025-02-25 10:40:00-05:00,0.0
2025-02-25 10:45:00-05:00,0.0
2025-02-25 10:50:00-05:00,0.0
2025-02-25 10:55:00-05:00,0.0
2025-02-25 11:00:00-05:00,0.0
2025-02-25 11:05:00-05:00,0.0
2025-02-25 11:10:00-05:00,0.0
2025-02-25 11:15:00-05:00,0.0
2025-02-25 11:20:00-05:00,0.0
2025-02-25 11:25:00-05:00,0.0
2025-02-25 11:30:00-05:00,0.0
2025-02-25 11:35:00-05:00,0.0
2025-02-25 11:40:00-05:00,0.0
2025-02-25 11:45:00-05:00,0.0
2025-02-25 11:50:00-05:00,0.0
2025-02-25 11:55:00-05:00,0.0
2025-02-25 12:00:00-05:00,0.0
2025-02-25 12:05:00-05:00,0.0
2025-02-25 12:10:00-05:00,0.0
2025-02-25 12:15:00-05:00,0.0
2025-02-25 12:20:00-05:00,0.0
2025-02-25 12:25:00-05:00,0.0
2025-02-25 12:30:00-05:00,0.0
2025-02-25 12:35:00-05:00,0.0
2025-02-25 12:40:00-05:00,0.0
2025-02-25 12:45:00-05:00,0.0
2025-02-25 12:50:00-05:00,0.0
2025-02-25 12:55:00-05:00,0.0
2025-02-25 13:00:00-05:00,0.0
2025-02-25 13:05:00-05:00,0.0
2025-02-25 13:10:00-05:00,0.0
2025-02-25 13:15:00-05:00,0.0
2025-02-25 13:20:00-05:00,0.0
2025-02-25 13:25:00-05:00,0.0
2025-02-25 13:30:00-05:00,0.0
2025-02-25 13:35:00-05:00,0.0
2025-02-25 13:40:00-05:00,0.0
2025-02-25 13:45:00-05:00,0.0
2025-02-25 13:50:00-05:00,0.0
2025-02-25 13:55:00-05:00,0.0
2025-02-25 14:00:00-05:00,0.0
2025-02-25 14:05:00-05:00,0.0
2025-02-25 14:10:00-05:00,0.0
2025-02-25 14:15:00-05:00,0.0
2025-02-25 14:20:00-05:00,0.0
2025-02-25 14:25:00-05:00,0.0
2025-02-25 14:30:00-05:00,0.0
2025-02-25 14:35:00-05:00,0.0
2025-02-25 14:40:00-05:00,0.0
2025-02-25 14:45:00-05:00,0.0
2025-02-25 14:50:00-05:00,0.0
2025-02-25 14:55:00-05:00,0.0
2025-02-25 15:00:00-05:00,0.0
2025-02-25 15:05:00-05:00,0.0
2025-02-25 15:10:00-05:00,0.0
2025-02-25 15:15:00-05:00,0.0
2025-02-25 15:20:00-05:00,0.0
2025-02-25 15:25:00-05:00,0.0
2025-02-25 15:30:00-05:00,0.0
2025-02-25 15:35:00-05:00,0.0
2025-02-25 15:40:00-05:00,0.0
2025-02-25 15:45:00-05:00,0.0
2025-02-25 15:50:00-05:00,0.0
2025-02-25 15:55:00-05:00,0.0
2025-02-26 09:30:00-05:00,0.0
2025-02-26 09:35:00-05:00,0.0
2025-02-26 09:40:00-05:00,0.0
2025-02-26 09:45:00-05:00,0.0
2025-02-26 09:50:00-05:00,0.0
2025-02-26 09:55:00-05:00,0.0
2025-02-26 10:00:00-05:00,0.0
2025-02-26 10:05:00-05:00,0.0
2025-02-26 10:10:00-05:00,0.0
2025-02-26 10:15:00-05:00,0.0
2025-02-26 10:20:00-05:00,0.0
2025-02-26 10:25:00-05:00,0.0
2025-02-26 10:30:00-05:00,0.0
2025-02-26 10:35:00-05:00,0.0
2025-02-26 10:40:00-05:00,0.0
2025-02-26 10:45:00-05:00,0.0
2025-02-26 10:50:00-05:00,0.0
2025-02-26 10:55:00-05:00,0.0
2025-02-26 11:00:00-05:00,0.0
2025-02-26 11:05:00-05:00,0.0
2025-02-26 11:10:00-05:00,0.0
2025-02-26 11:15:00-05:00,0.0
2025-02-26 11:20:00-05:00,0.0
2025-02-26 11:25:00-05:00,0.0
2025-02-26 11:30:00-05:00,0.0
2025-02-26 11:35:00-05:00,0.0
2025-02-26 11:40:00-05:00,0.0
2025-02-26 11:45:00-05:00,0.0
2025-02-26 11:50:00-05:00,0.0
2025-02-26 11:55:00-05:00,0.0
2025-02-26 12:00:00-05:00,0.0
2025-02-26 12:05:00-05:00,0.0
2025-02-26 12:10:00-05:00,0.0
2025-02-26 12:15:00-05:00,0.0
2025-02-26 12:20:00-05:00,0.0
2025-02-26 12:25:00-05:00,0.0
2025-02-26 12:30:00-05:00,0.0
2025-02-26 12:35:00-05:00,0.0
2025-02-26 12:40:00-05:00,0.0
2025-02-26 12:45:00-05:00,0.0
2025-02-26 12:50:00-05:00,0.0
2025-02-26 12:55:00-05:00,0.0
2025-02-26 13:00:00-05:00,0.0
2025-02-26 13:05:00-05:00,0.0
2025-02-26 13:10:00-05:00,0.0
2025-02-26 13:15:00-05:00,0.0
2025-02-26 13:20:00-05:00,0.0
2025-02-26 13:25:00-05:00,0.0
2025-02-26 13:30:00-05:00,0.0
2025-02-26 13:35:00-05:00,0.0
2025-02-26 13:40:00-05:00,0.0
2025-02-26 13:45:00-05:00,0.0
2025-02-26 13:50:00-05:00,0.0
2025-02-26 13:55:00-05:00,0.0
2025-02-26 14:00:00-05:00,0.0
2025-02-26 14:05:00-05:00,0.0
2025-02-26 14:10:00-05:00,0.0
2025-02-26 14:15:00-05:00,0.0
2025-02-26 14:20:00-05:00,0.0
2025-02-26 14:25:00-05:00,0.0
2025-02-26 14:30:00-05:00,0.0
2025-02-26 14:35:00-05:00,0.0
2025-02-26 14:40:00-05:00,0.0
2025-02-26 14:45:00-05:00,0.0
2025-02-26 14:50:00-05:00,0.0
2025-02-26 14:55:00-05:00,0.0
2025-02-26 15:00:00-05:00,0.0
2025-02-26 15:05:00-05:00,0.0
2025-02-26 15:10:00-05:00,0.0
2025-02-26 15:15:00-05:00,0.0
2025-02-26 15:20:00-05:00,0.0
2025-02-26 15:25:00-05:00,0.0
2025-02-26 15:30:00-05:00,0.0
2025-02-26 15:35:00-05:00,0.0
2025-02-26 15:40:00-05:00,0.0
2025-02-26 15:45:00-05:00,0.0
2025-02-26 15:50:00-05:00,0.0
2025-02-26 15:55:00-05:00,0.0
2025-02-27 09:30:00-05:00,0.0
2025-02-27 09:35:00-05:00,0.0
2025-02-27 09:40:00-05:00,0.0
2025-02-27 09:45:00-05:00,0.0
2025-02-27 09:50:00-05:00,0.0
2025-02-27 09:55:00-05:00,0.0
2025-02-27 10:00:00-05:00,0.0
2025-02-27 10:05:00-05:00,0.0
2025-02-27 10:10:00-05:00,-0.5
2025-02-27 10:15:00-05:00,-31.0
2025-02-27 10:20:00-05:00,-31.5
2025-02-27 10:25:00-05:00,-62.0
2025-02-27 10:30:00-05:00,-62.5
2025-02-27 10:35:00-05:00,-93.0
2025-02-27 10:40:00-05:00,-93.5
2025-02-27 10:45:00-05:00,-124.0
2025-02-27 10:50:00-05:00,-124.5
2025-02-27 10:55:00-05:00,-110.4375
2025-02-27 11:00:00-05:00,-125.4375
2025-02-27 11:05:00-05:00,-109.1875
2025-02-27 11:10:00-05:00,-155.0
2025-02-27 11:15:00-05:00,-155.5
2025-02-27 11:20:00-05:00,-186.0
2025-02-27 11:25:00-05:00,-186.5
2025-02-27 11:30:00-05:00,-169.8125
2025-02-27 11:35:00-05:00,-169.8125
2025-02-27 11:40:00-05:00,-169.8125
2025-02-27 11:45:00-05:00,-169.8125
2025-02-27 11:50:00-05:00,-169.8125
2025-02-27 11:55:00-05:00,-169.8125
2025-02-27 12:00:00-05:00,-169.8125
2025-02-27 12:05:00-05:00,-169.8125
2025-02-27 12:10:00-05:00,-169.8125
2025-02-27 12:15:00-05:00,-169.8125
2025-02-27 12:20:00-05:00,-169.8125
2025-02-27 12:25:00-05:00,-169.8125
2025-02-27 12:30:00-05:00,-169.8125
2025-02-27 12:35:00-05:00,-169.8125
2025-02-27 12:40:00-05:00,-169.8125
2025-02-27 12:45:00-05:00,-169.8125
2025-02-27 12:50:00-05:00,-169.8125
2025-02-27 12:55:00-05:00,-169.8125
2025-02-27 13:00:00-05:00,-169.8125
2025-02-27 13:05:00-05:00,-169.8125
2025-02-27 13:10:00-05:00,-169.8125
2025-02-27 13:15:00-05:00,-169.8125
2025-02-27 13:20:00-05:00,-169.8125
2025-02-27 13:25:00-05:00,-169.8125
2025-02-27 13:30:00-05:00,-169.8125
2025-02-27 13:35:00-05:00,-169.8125
2025-02-27 13:40:00-05:00,-169.8125
2025-02-27 13:45:00-05:00,-169.8125
2025-02-27 13:50:00-05:00,-169.8125
2025-02-27 13:55:00-05:00,-169.8125
2025-02-27 14:00:00-05:00,-169.8125
2025-02-27 14:05:00-05:00,-169.8125
2025-02-27 14:10:00-05:00,-169.8125
2025-02-27 14:15:00-05:00,-169.8125
2025-02-27 14:20:00-05:00,-169.8125
2025-02-27 14:25:00-05:00,-169.8125
2025-02-27 14:30:00-05:00,-169.8125
2025-02-27 14:35:00-05:00,-169.8125
2025-02-27 14:40:00-05:00,-169.8125
2025-02-27 14:45:00-05:00,-169.8125
2025-02-27 14:50:00-05:00,-169.8125
2025-02-27 14:55:00-05:00,-169.8125
2025-02-27 15:00:00-05:00,-169.8125
2025-02-27 15:05:00-05:00,-169.8125
2025-02-27 15:10:00-05:00,-169.8125
2025-02-27 15:15:00-05:00,-169.8125
2025-02-27 15:20:00-05:00,-169.8125
2025-02-27 15:25:00-05:00,-169.8125
2025-02-27 15:30:00-05:00,-169.8125
2025-02-27 15:35:00-05:00,-169.8125
2025-02-27 15:40:00-05:00,-169.8125
2025-02-27 15:45:00-05:00,-169.8125
2025-02-27 15:50:00-05:00,-169.8125
2025-02-27 15:55:00-05:00,-169.8125
2025-02-28 09:30:00-05:00,0.0
2025-02-28 09:35:00-05:00,0.0
2025-02-28 09:40:00-05:00,0.0
2025-02-28 09:45:00-05:00,0.0
2025-02-28 09:50:00-05:00,0.0
2025-02-28 09:55:00-05:00,0.0
2025-02-28 10:00:00-05:00,-0.5
2025-02-28 10:05:00-05:00,-31.0
2025-02-28 10:10:00-05:00,-31.5
2025-02-28 10:15:00-05:00,-62.0
2025-02-28 10:20:00-05:00,-62.5
2025-02-28 10:25:00-05:00,-93.0
2025-02-28 10:30:00-05:00,-93.5
2025-02-28 10:35:00-05:00,-102.25
2025-02-28 10:40:00-05:00,-78.5
2025-02-28 10:45:00-05:00,-92.25
2025-02-28 10:50:00-05:00,-111.0
2025-02-28 10:55:00-05:00,-124.0
2025-02-28 11:00:00-05:00,-124.5
2025-02-28 11:05:00-05:00,-139.8125
2025-02-28 11:10:00-05:00,-121.0625
2025-02-28 11:15:00-05:00,-73.5625
2025-02-28 11:20:00-05:00,-81.0625
2025-02-28 11:25:00-05:00,-47.3125
2025-02-28 11:30:00-05:00,-23.125
2025-02-28 11:35:00-05:00,-23.125
2025-02-28 11:40:00-05:00,-23.125
2025-02-28 11:45:00-05:00,-23.125
2025-02-28 11:50:00-05:00,-23.125
2025-02-28 11:55:00-05:00,-23.125
2025-02-28 12:00:00-05:00,-23.125
2025-02-28 12:05:00-05:00,-23.125
2025-02-28 12:10:00-05:00,-23.125
2025-02-28 12:15:00-05:00,-23.125
2025-02-28 12:20:00-05:00,-23.125
2025-02-28 12:25:00-05:00,-23.125
2025-02-28 12:30:00-05:00,-23.125
2025-02-28 12:35:00-05:00,-23.125
2025-02-28 12:40:00-05:00,-23.125
2025-02-28 12:45:00-05:00,-23.125
2025-02-28 12:50:00-05:00,-23.125
2025-02-28 12:55:00-05:00,-23.125
2025-02-28 13:00:00-05:00,-23.125
2025-02-28 13:05:00-05:00,-23.125
2025-02-28 13:10:00-05:00,-23.125
2025-02-28 13:15:00-05:00,-23.125
2025-02-28 13:20:00-05:00,-23.125
2025-02-28 13:25:00-05:00,-23.125
2025-02-28 13:30:00-05:00,-23.125
2025-02-28 13:35:00-05:00,-23.125
2025-02-28 13:40:00-05:00,-23.125
2025-02-28 13:45:00-05:00,-23.125
2025-02-28 13:50:00-05:00,-23.125
2025-02-28 13:55:00-05:00,-23.125
2025-02-28 14:00:00-05:00,-23.125
2025-02-28 14:05:00-05:00,-23.125
2025-02-28 14:10:00-05:00,-23.125
2025-02-28 14:15:00-05:00,-23.125
2025-02-28 14:20:00-05:00,-23.125
2025-02-28 14:25:00-05:00,-23.125
2025-02-28 14:30:00-05:00,-23.125
2025-02-28 14:35:00-05:00,-23.125
2025-02-28 14:40:00-05:00,-23.125
2025-02-28 14:45:00-05:00,-23.125
2025-02-28 14:50:00-05:00,-23.125
2025-02-28 14:55:00-05:00,-23.125
2025-02-28 15:00:00-05:00,-23.125
2025-02-28 15:05:00-05:00,-23.125
2025-02-28 15:10:00-05:00,-23.125
2025-02-28 15:15:00-05:00,-23.125
2025-02-28 15:20:00-05:00,-23.125
2025-02-28 15:25:00-05:00,-23.125
2025-02-28 15:30:00-05:00,-23.125
2025-02-28 15:35:00-05:00,-23.125
2025-02-28 15:40:00-05:00,-23.125
2025-02-28 15:45:00-05:00,-23.125
2025-02-28 15:50:00-05:00,-23.125
2025-02-28 15:55:00-05:00,-23.125
2025-03-03 09:30:00-05:00,0.0
2025-03-03 09:35:00-05:00,0.0
2025-03-03 09:40:00-05:00,0.0
2025-03-03 09:45:00-05:00,0.0
2025-03-03 09:50:00-05:00,0.0
2025-03-03 09:55:00-05:00,0.0
2025-03-03 10:00:00-05:00,0.0
2025-03-03 10:05:00-05:00,0.0
2025-03-03 10:10:00-05:00,0.0
2025-03-03 10:15:00-05:00,0.0
2025-03-03 10:20:00-05:00,0.0
2025-03-03 10:25:00-05:00,0.0
2025-03-03 10:30:00-05:00,0.0
2025-03-03 10:35:00-05:00,0.0
2025-03-03 10:40:00-05:00,0.0
2025-03-03 10:45:00-05:00,0.0
2025-03-03 10:50:00-05:00,0.0
2025-03-03 10:55:00-05:00,0.0
2025-03-03 11:00:00-05:00,0.0
2025-03-03 11:05:00-05:00,0.0
2025-03-03 11:10:00-05:00,0.0
2025-03-03 11:15:00-05:00,0.0
2025-03-03 11:20:00-05:00,0.0
2025-03-03 11:25:00-05:00,0.0
2025-03-03 11:30:00-05:00,0.0
2025-03-03 11:35:00-05:00,0.0
2025-03-03 11:40:00-05:00,0.0
2025-03-03 11:45:00-05:00,0.0
2025-03-03 11:50:00-05:00,0.0
2025-03-03 11:55:00-05:00,0.0
2025-03-03 12:00:00-05:00,0.0
2025-03-03 12:05:00-05:00,0.0
2025-03-03 12:10:00-05:00,0.0
2025-03-03 12:15:00-05:00,0.0
2025-03-03 12:20:00-05:00,0.0
2025-03-03 12:25:00-05:00,0.0
2025-03-03 12:30:00-05:00,0.0
2025-03-03 12:35:00-05:00,0.0
2025-03-03 12:40:00-05:00,0.0
2025-03-03 12:45:00-05:00,0.0
2025-03-03 12:50:00-05:00,0.0
2025-03-03 12:55:00-05:00,0.0
2025-03-03 13:00:00-05:00,0.0
2025-03-03 13:05:00-05:00,0.0
2025-03-03 13:10:00-05:00,0.0
2025-03-03 13:15:00-05:00,0.0
2025-03-03 13:20:00-05:00,0.0
2025-03-03 13:25:00-05:00,0.0
2025-03-03 13:30:00-05:00,0.0
2025-03-03 13:35:00-05:00,0.0
2025-03-03 13:40:00-05:00,0.0
2025-03-03 13:45:00-05:00,0.0
2025-03-03 13:50:00-05:00,0.0
2025-03-03 13:55:00-05:00,0.0
2025-03-03 14:00:00-05:00,0.0
2025-03-03 14:05:00-05:00,0.0
2025-03-03 14:10:00-05:00,0.0
2025-03-03 14:15:00-05:00,0.0
2025-03-03 14:20:00-05:00,0.0
2025-03-03 14:25:00-05:00,0.0
2025-03-03 14:30:00-05:00,0.0
2025-03-03 14:35:00-05:00,0.0
2025-03-03 14:40:00-05:00,0.0
2025-03-03 14:45:00-05:00,0.0
2025-03-03 14:50:00-05:00,0.0
2025-03-03 14:55:00-05:00,0.0
2025-03-03 15:00:00-05:00,0.0
2025-03-03 15:05:00-05:00,0.0
2025-03-03 15:10:00-05:00,0.0
2025-03-03 15:15:00-05:00,0.0
2025-03-03 15:20:00-05:00,0.0
2025-03-03 15:25:00-05:00,0.0
2025-03-03 15:30:00-05:00,0.0
2025-03-03 15:35:00-05:00,0.0
2025-03-03 15:40:00-05:00,0.0
2025-03-03 15:45:00-05:00,0.0
2025-03-03 15:50:00-05:00,0.0
2025-03-03 15:55:00-05:00,0.0
2025-03-04 09:30:00-05:00,0.0
2025-03-04 09:35:00-05:00,0.0
2025-03-04 09:40:00-05:00,0.0
2025-03-04 09:45:00-05:00,0.0
2025-03-04 09:50:00-05:00,0.0
2025-03-04 09:55:00-05:00,0.0
2025-03-04 10:00:00-05:00,0.0
2025-03-04 10:05:00-05:00,0.0
2025-03-04 10:10:00-05:00,0.0
2025-03-04 10:15:00-05:00,0.0
2025-03-04 10:20:00-05:00,0.0
2025-03-04 10:25:00-05:00,0.0
2025-03-04 10:30:00-05:00,0.0
2025-03-04 10:35:00-05:00,0.0
2025-03-04 10:40:00-05:00,0.0
2025-03-04 10:45:00-05:00,0.0
2025-03-04 10:50:00-05:00,0.0
2025-03-04 10:55:00-05:00,0.0
2025-03-04 11:00:00-05:00,0.0
2025-03-04 11:05:00-05:00,0.0
2025-03-04 11:10:00-05:00,0.0
2025-03-04 11:15:00-05:00,0.0
2025-03-04 11:20:00-05:00,0.0
2025-03-04 11:25:00-05:00,0.0
2025-03-04 11:30:00-05:00,0.0
2025-03-04 11:35:00-05:00,0.0
2025-03-04 11:40:00-05:00,0.0
2025-03-04 11:45:00-05:00,0.0
2025-03-04 11:50:00-05:00,0.0
2025-03-04 11:55:00-05:00,0.0
2025-03-04 12:00:00-05:00,0.0
2025-03-04 12:05:00-05:00,0.0
2025-03-04 12:10:00-05:00,0.0
2025-03-04 12:15:00-05:00,0.0
2025-03-04 12:20:00-05:00,0.0
2025-03-04 12:25:00-05:00,0.0
2025-03-04 12:30:00-05:00,0.0
2025-03-04 12:35:00-05:00,0.0
2025-03-04 12:40:00-05:00,0.0
2025-03-04 12:45:00-05:00,0.0
2025-03-04 12:50:00-05:00,0.0
2025-03-04 12:55:00-05:00,0.0
2025-03-04 13:00:00-05:00,0.0
2025-03-04 13:05:00-05:00,0.0
2025-03-04 13:10:00-05:00,0.0
2025-03-04 13:15:00-05:00,0.0
2025-03-04 13:20:00-05:00,0.0
2025-03-04 13:25:00-05:00,0.0
2025-03-04 13:30:00-05:00,0.0
2025-03-04 13:35:00-05:00,0.0
2025-03-04 13:40:00-05:00,0.0
2025-03-04 13:45:00-05:00,0.0
2025-03-04 13:50:00-05:00,0.0
2025-03-04 13:55:00-05:00,0.0
2025-03-04 14:00:00-05:00,0.0
2025-03-04 14:05:00-05:00,0.0
2025-03-04 14:10:00-05:00,0.0
2025-03-04 14:15:00-05:00,0.0
2025-03-04 14:20:00-05:00,0.0
2025-03-04 14:25:00-05:00,0.0
2025-03-04 14:30:00-05:00,0.0
2025-03-04 14:35:00-05:00,0.0
2025-03-04 14:40:00-05:00,0.0
2025-03-04 14:45:00-05:00,0.0
2025-03-04 14:50:00-05:00,0.0
2025-03-04 14:55:00-05:00,0.0
2025-03-04 15:00:00-05:00,0.0
2025-03-04 15:05:00-05:00,0.0
2025-03-04 15:10:00-05:00,0.0
2025-03-04 15:15:00-05:00,0.0
2025-03-04 15:20:00-05:00,0.0
2025-03-04 15:25:00-05:00,0.0
2025-03-04 15:30:00-05:00,0.0
2025-03-04 15:35:00-05:00,0.0
2025-03-04 15:40:00-05:00,0.0
2025-03-04 15:45:00-05:00,0.0
2025-03-04 15:50:00-05:00,0.0
2025-03-04 15:55:00-05:00,0.0
2025-03-05 09:30:00-05:00,0.0
2025-03-05 09:35:00-05:00,0.0
2025-03-05 09:40:00-05:00,0.0
2025-03-05 09:45:00-05:00,0.0
2025-03-05 09:50:00-05:00,0.0
2025-03-05 09:55:00-05:00,0.0
2025-03-05 10:00:00-05:00,-0.5
2025-03-05 10:05:00-05:00,-31.0
2025-03-05 10:10:00-05:00,-31.5
2025-03-05 10:15:00-05:00,-28.0625
2025-03-05 10:20:00-05:00,33.1875
2025-03-05 10:25:00-05:00,68.1875
2025-03-05 10:30:00-05:00,41.9375
2025-03-05 10:35:00-05:00,-23.0625
2025-03-05 10:40:00-05:00,-4.3125
2025-03-05 10:45:00-05:00,-4.3125
2025-03-05 10:50:00-05:00,20.6875
2025-03-05 10:55:00-05:00,1.9375
2025-03-05 11:00:00-05:00,53.1875
2025-03-05 11:05:00-05:00,85.6875
2025-03-05 11:10:00-05:00,120.6875
2025-03-05 11:15:00-05:00,141.9375
2025-03-05 11:20:00-05:00,153.1875
2025-03-05 11:25:00-05:00,145.6875
2025-03-05 11:30:00-05:00,187.6875
2025-03-05 11:35:00-05:00,187.6875
2025-03-05 11:40:00-05:00,187.6875
2025-03-05 11:45:00-05:00,187.6875
2025-03-05 11:50:00-05:00,187.6875
2025-03-05 11:55:00-05:00,187.6875
2025-03-05 12:00:00-05:00,187.6875
2025-03-05 12:05:00-05:00,187.6875
2025-03-05 12:10:00-05:00,187.6875
2025-03-05 12:15:00-05:00,187.6875
2025-03-05 12:20:00-05:00,187.6875
2025-03-05 12:25:00-05:00,187.6875
2025-03-05 12:30:00-05:00,187.6875
2025-03-05 12:35:00-05:00,187.6875
2025-03-05 12:40:00-05:00,187.6875
2025-03-05 12:45:00-05:00,187.6875
2025-03-05 12:50:00-05:00,187.6875
2025-03-05 12:55:00-05:00,187.6875
2025-03-05 13:00:00-05:00,187.6875
2025-03-05 13:05:00-05:00,187.6875
2025-03-05 13:10:00-05:00,187.6875
2025-03-05 13:15:00-05:00,187.6875
2025-03-05 13:20:00-05:00,187.6875
2025-03-05 13:25:00-05:00,187.6875
2025-03-05 13:30:00-05:00,187.6875
2025-03-05 13:35:00-05:00,187.6875
2025-03-05 13:40:00-05:00,187.6875
2025-03-05 13:45:00-05:00,187.6875
2025-03-05 13:50:00-05:00,187.6875
2025-03-05 13:55:00-05:00,187.6875
2025-03-05 14:00:00-05:00,187.6875
2025-03-05 14:05:00-05:00,187.6875
2025-03-05 14:10:00-05:00,187.6875
2025-03-05 14:15:00-05:00,187.6875
2025-03-05 14:20:00-05:00,187.6875
2025-03-05 14:25:00-05:00,187.6875
2025-03-05 14:30:00-05:00,187.6875
2025-03-05 14:35:00-05:00,187.6875
2025-03-05 14:40:00-05:00,187.6875
2025-03-05 14:45:00-05:00,187.6875
2025-03-05 14:50:00-05:00,187.6875
2025-03-05 14:55:00-05:00,187.6875
2025-03-05 15:00:00-05:00,187.6875
2025-03-05 15:05:00-05:00,187.6875
2025-03-05 15:10:00-05:00,187.6875
2025-03-05 15:15:00-05:00,187.6875
2025-03-05 15:20:00-05:00,187.6875
2025-03-05 15:25:00-05:00,187.6875
2025-03-05 15:30:00-05:00,187.6875
2025-03-05 15:35:00-05:00,187.6875
2025-03-05 15:40:00-05:00,187.6875
2025-03-05 15:45:00-05:00,187.6875
2025-03-05 15:50:00-05:00,187.6875
2025-03-05 15:55:00-05:00,187.6875
2025-03-06 09:30:00-05:00,0.0
2025-03-06 09:35:00-05:00,0.0
2025-03-06 09:40:00-05:00,0.0
2025-03-06 09:45:00-05:00,0.0
2025-03-06 09:50:00-05:00,0.0
2025-03-06 09:55:00-05:00,0.0
2025-03-06 10:00:00-05:00,-0.5
2025-03-06 10:05:00-05:00,-31.0
2025-03-06 10:10:00-05:00,-31.5
2025-03-06 10:15:00-05:00,-62.0
2025-03-06 10:20:00-05:00,-62.5
2025-03-06 10:25:00-05:00,-87.1875
2025-03-06 10:30:00-05:00,-87.1875
2025-03-06 10:35:00-05:00,-93.0
2025-03-06 10:40:00-05:00,-93.5
2025-03-06 10:45:00-05:00,-113.5
2025-03-06 10:50:00-05:00,-72.25
2025-03-06 10:55:00-05:00,-54.75
2025-03-06 11:00:00-05:00,-96.0
2025-03-06 11:05:00-05:00,-119.75
2025-03-06 11:10:00-05:00,-122.25
2025-03-06 11:15:00-05:00,-94.75
2025-03-06 11:20:00-05:00,-74.75
2025-03-06 11:25:00-05:00,-67.25
2025-03-06 11:30:00-05:00,-62.75
2025-03-06 11:35:00-05:00,-62.75
2025-03-06 11:40:00-05:00,-62.75
2025-03-06 11:45:00-05:00,-62.75
2025-03-06 11:50:00-05:00,-62.75
2025-03-06 11:55:00-05:00,-62.75
2025-03-06 12:00:00-05:00,-62.75
2025-03-06 12:05:00-05:00,-62.75
2025-03-06 12:10:00-05:00,-62.75
2025-03-06 12:15:00-05:00,-62.75
2025-03-06 12:20:00-05:00,-62.75
2025-03-06 12:25:00-05:00,-62.75
2025-03-06 12:30:00-05:00,-62.75
2025-03-06 12:35:00-05:00,-62.75
2025-03-06 12:40:00-05:00,-62.75
2025-03-06 12:45:00-05:00,-62.75
2025-03-06 12:50:00-05:00,-62.75
2025-03-06 12:55:00-05:00,-62.75
2025-03-06 13:00:00-05:00,-62.75
2025-03-06 13:05:00-05:00,-62.75
2025-03-06 13:10:00-05:00,-62.75
2025-03-06 13:15:00-05:00,-62.75
2025-03-06 13:20:00-05:00,-62.75
2025-03-06 13:25:00-05:00,-62.75
2025-03-06 13:30:00-05:00,-62.75
2025-03-06 13:35:00-05:00,-62.75
2025-03-06 13:40:00-05:00,-62.75
2025-03-06 13:45:00-05:00,-62.75
2025-03-06 13:50:00-05:00,-62.75
2025-03-06 13:55:00-05:00,-62.75
2025-03-06 14:00:00-05:00,-62.75
2025-03-06 14:05:00-05:00,-62.75
2025-03-06 14:10:00-05:00,-62.75
2025-03-06 14:15:00-05:00,-62.75
2025-03-06 14:20:00-05:00,-62.75
2025-03-06 14:25:00-05:00,-62.75
2025-03-06 14:30:00-05:00,-62.75
2025-03-06 14:35:00-05:00,-62.75
2025-03-06 14:40:00-05:00,-62.75
2025-03-06 14:45:00-05:00,-62.75
2025-03-06 14:50:00-05:00,-62.75
2025-03-06 14:55:00-05:00,-62.75
2025-03-06 15:00:00-05:00,-62.75
2025-03-06 15:05:00-05:00,-62.75
2025-03-06 15:10:00-05:00,-62.75
2025-03-06 15:15:00-05:00,-62.75
2025-03-06 15:20:00-05:00,-62.75
2025-03-06 15:25:00-05:00,-62.75
2025-03-06 15:30:00-05:00,-62.75
2025-03-06 15:35:00-05:00,-62.75
2025-03-06 15:40:00-05:00,-62.75
2025-03-06 15:45:00-05:00,-62.75
2025-03-06 15:50:00-05:00,-62.75
2025-03-06 15:55:00-05:00,-62.75
2025-03-07 09:30:00-05:00,0.0
2025-03-07 09:35:00-05:00,0.0
2025-03-07 09:40:00-05:00,0.0
2025-03-07 09:45:00-05:00,0.0
2025-03-07 09:50:00-05:00,0.0
2025-03-07 09:55:00-05:00,0.0
2025-03-07 10:00:00-05:00,-0.5
2025-03-07 10:05:00-05:00,-31.0
2025-03-07 10:10:00-05:00,-31.5
2025-03-07 10:15:00-05:00,0.375
2025-03-07 10:20:00-05:00,-17.125
2025-03-07 10:25:00-05:00,2.875
2025-03-07 10:30:00-05:00,45.375
2025-03-07 10:35:00-05:00,161.625
2025-03-07 10:40:00-05:00,172.875
2025-03-07 10:45:00-05:00,5.375
2025-03-07 10:50:00-05:00,56.625
2025-03-07 10:55:00-05:00,89.125
2025-03-07 11:00:00-05:00,107.875
2025-03-07 11:05:00-05:00,100.375
2025-03-07 11:10:00-05:00,120.375
2025-03-07 11:15:00-05:00,140.375
2025-03-07 11:20:00-05:00,197.875
2025-03-07 11:25:00-05:00,230.375
2025-03-07 11:30:00-05:00,280.5
2025-03-07 11:35:00-05:00,280.5
2025-03-07 11:40:00-05:00,280.5
2025-03-07 11:45:00-05:00,280.5
2025-03-07 11:50:00-05:00,280.5
2025-03-07 11:55:00-05:00,280.5
2025-03-07 12:00:00-05:00,280.5
2025-03-07 12:05:00-05:00,280.5
2025-03-07 12:10:00-05:00,280.5
2025-03-07 12:15:00-05:00,280.5
2025-03-07 12:20:00-05:00,280.5
2025-03-07 12:25:00-05:00,280.5
2025-03-07 12:30:00-05:00,280.5
2025-03-07 12:35:00-05:00,280.5
2025-03-07 12:40:00-05:00,280.5
2025-03-07 12:45:00-05:00,280.5
2025-03-07 12:50:00-05:00,280.5
2025-03-07 12:55:00-05:00,280.5
2025-03-07 13:00:00-05:00,280.5
2025-03-07 13:05:00-05:00,280.5
2025-03-07 13:10:00-05:00,280.5
2025-03-07 13:15:00-05:00,280.5
2025-03-07 13:20:00-05:00,280.5
2025-03-07 13:25:00-05:00,280.5
2025-03-07 13:30:00-05:00,280.5
2025-03-07 13:35:00-05:00,280.5
2025-03-07 13:40:00-05:00,280.5
2025-03-07 13:45:00-05:00,280.5
2025-03-07 13:50:00-05:00,280.5
2025-03-07 13:55:00-05:00,280.5
2025-03-07 14:00:00-05:00,280.5
2025-03-07 14:05:00-05:00,280.5
2025-03-07 14:10:00-05:00,280.5
2025-03-07 14:15:00-05:00,280.5
2025-03-07 14:20:00-05:00,280.5
2025-03-07 14:25:00-05:00,280.5
2025-03-07 14:30:00-05:00,280.5
2025-03-07 14:35:00-05:00,280.5
2025-03-07 14:40:00-05:00,280.5
2025-03-07 14:45:00-05:00,280.5
2025-03-07 14:50:00-05:00,280.5
2025-03-07 14:55:00-05:00,280.5
2025-03-07 15:00:00-05:00,280.5
2025-03-07 15:05:00-05:00,280.5
2025-03-07 15:10:00-05:00,280.5
2025-03-07 15:15:00-05:00,280.5
2025-03-07 15:20:00-05:00,280.5
2025-03-07 15:25:00-05:00,280.5
2025-03-07 15:30:00-05:00,280.5
2025-03-07 15:35:00-05:00,280.5
2025-03-07 15:40:00-05:00,280.5
2025-03-07 15:45:00-05:00,280.5
2025-03-07 15:50:00-05:00,280.5
2025-03-07 15:55:00-05:00,280.5
2025-03-10 09:30:00-04:00,0.0
2025-03-10 09:35:00-04:00,0.0
2025-03-10 09:40:00-04:00,0.0
2025-03-10 09:45:00-04:00,0.0
2025-03-10 09:50:00-04:00,0.0
2025-03-10 09:55:00-04:00,0.0
2025-03-10 10:00:00-04:00,0.0
2025-03-10 10:05:00-04:00,0.0
2025-03-10 10:10:00-04:00,0.0
2025-03-10 10:15:00-04:00,0.0
2025-03-10 10:20:00-04:00,0.0
2025-03-10 10:25:00-04:00,0.0
2025-03-10 10:30:00-04:00,0.0
2025-03-10 10:35:00-04:00,0.0
2025-03-10 10:40:00-04:00,0.0
2025-03-10 10:45:00-04:00,0.0
2025-03-10 10:50:00-04:00,0.0
2025-03-10 10:55:00-04:00,0.0
2025-03-10 11:00:00-04:00,0.0
2025-03-10 11:05:00-04:00,0.0
2025-03-10 11:10:00-04:00,0.0
2025-03-10 11:15:00-04:00,0.0
2025-03-10 11:20:00-04:00,0.0
2025-03-10 11:25:00-04:00,0.0
2025-03-10 11:30:00-04:00,0.0
2025-03-10 11:35:00-04:00,0.0
2025-03-10 11:40:00-04:00,0.0
2025-03-10 11:45:00-04:00,0.0
2025-03-10 11:50:00-04:00,0.0
2025-03-10 11:55:00-04:00,0.0
2025-03-10 12:00:00-04:00,0.0
2025-03-10 12:05:00-04:00,0.0
2025-03-10 12:10:00-04:00,0.0
2025-03-10 12:15:00-04:00,0.0
2025-03-10 12:20:00-04:00,0.0
2025-03-10 12:25:00-04:00,0.0
2025-03-10 12:30:00-04:00,0.0
2025-03-10 12:35:00-04:00,0.0
2025-03-10 12:40:00-04:00,0.0
2025-03-10 12:45:00-04:00,0.0
2025-03-10 12:50:00-04:00,0.0
2025-03-10 12:55:00-04:00,0.0
2025-03-10 13:00:00-04:00,0.0
2025-03-10 13:05:00-04:00,0.0
2025-03-10 13:10:00-04:00,0.0
2025-03-10 13:15:00-04:00,0.0
2025-03-10 13:20:00-04:00,0.0
2025-03-10 13:25:00-04:00,0.0
2025-03-10 13:30:00-04:00,0.0
2025-03-10 13:35:00-04:00,0.0
2025-03-10 13:40:00-04:00,0.0
2025-03-10 13:45:00-04:00,0.0
2025-03-10 13:50:00-04:00,0.0
2025-03-10 13:55:00-04:00,0.0
2025-03-10 14:00:00-04:00,0.0
2025-03-10 14:05:00-04:00,0.0
2025-03-10 14:10:00-04:00,0.0
2025-03-10 14:15:00-04:00,0.0
2025-03-10 14:20:00-04:00,0.0
2025-03-10 14:25:00-04:00,0.0
2025-03-10 14:30:00-04:00,0.0
2025-03-10 14:35:00-04:00,0.0
2025-03-10 14:40:00-04:00,0.0
2025-03-10 14:45:00-04:00,0.0
2025-03-10 14:50:00-04:00,0.0
2025-03-10 14:55:00-04:00,0.0
2025-03-10 15:00:00-04:00,0.0
2025-03-10 15:05:00-04:00,0.0
2025-03-10 15:10:00-04:00,0.0
2025-03-10 15:15:00-04:00,0.0
2025-03-10 15:20:00-04:00,0.0
2025-03-10 15:25:00-04:00,0.0
2025-03-10 15:30:00-04:00,0.0
2025-03-10 15:35:00-04:00,0.0
2025-03-10 15:40:00-04:00,0.0
2025-03-10 15:45:00-04:00,0.0
2025-03-10 15:50:00-04:00,0.0
2025-03-10 15:55:00-04:00,0.0
2025-03-11 09:30:00-04:00,0.0
2025-03-11 09:35:00-04:00,0.0
2025-03-11 09:40:00-04:00,0.0
2025-03-11 09:45:00-04:00,0.0
2025-03-11 09:50:00-04:00,0.0
2025-03-11 09:55:00-04:00,0.0
2025-03-11 10:00:00-04:00,0.0
2025-03-11 10:05:00-04:00,-0.5
2025-03-11 10:10:00-04:00,-31.0
2025-03-11 10:15:00-04:00,-31.5
2025-03-11 10:20:00-04:00,-60.875
2025-03-11 10:25:00-04:00,5.375
2025-03-11 10:30:00-04:00,5.375
2025-03-11 10:35:00-04:00,40.375
2025-03-11 10:40:00-04:00,72.875
2025-03-11 10:45:00-04:00,61.625
2025-03-11 10:50:00-04:00,15.375
2025-03-11 10:55:00-04:00,15.375
2025-03-11 11:00:00-04:00,74.125
2025-03-11 11:05:00-04:00,-43.375
2025-03-11 11:10:00-04:00,-62.0
2025-03-11 11:15:00-04:00,-62.5
2025-03-11 11:20:00-04:00,-93.0
2025-03-11 11:25:00-04:00,-93.5
2025-03-11 11:30:00-04:00,-124.0
2025-03-11 11:35:00-04:00,-124.0
2025-03-11 11:40:00-04:00,-124.0
2025-03-11 11:45:00-04:00,-124.0
2025-03-11 11:50:00-04:00,-124.0
2025-03-11 11:55:00-04:00,-124.0
2025-03-11 12:00:00-04:00,-124.0
2025-03-11 12:05:00-04:00,-124.0
2025-03-11 12:10:00-04:00,-124.0
2025-03-11 12:15:00-04:00,-124.0
2025-03-11 12:20:00-04:00,-124.0
2025-03-11 12:25:00-04:00,-124.0
2025-03-11 12:30:00-04:00,-124.0
2025-03-11 12:35:00-04:00,-124.0
2025-03-11 12:40:00-04:00,-124.0
2025-03-11 12:45:00-04:00,-124.0
2025-03-11 12:50:00-04:00,-124.0
2025-03-11 12:55:00-04:00,-124.0
2025-03-11 13:00:00-04:00,-124.0
2025-03-11 13:05:00-04:00,-124.0
2025-03-11 13:10:00-04:00,-124.0
2025-03-11 13:15:00-04:00,-124.0
2025-03-11 13:20:00-04:00,-124.0
2025-03-11 13:25:00-04:00,-124.0
2025-03-11 13:30:00-04:00,-124.0
2025-03-11 13:35:00-04:00,-124.0
2025-03-11 13:40:00-04:00,-124.0
2025-03-11 13:45:00-04:00,-124.0
2025-03-11 13:50:00-04:00,-124.0
2025-03-11 13:55:00-04:00,-124.0
2025-03-11 14:00:00-04:00,-124.0
2025-03-11 14:05:00-04:00,-124.0
2025-03-11 14:10:00-04:00,-124.0
2025-03-11 14:15:00-04:00,-124.0
2025-03-11 14:20:00-04:00,-124.0
2025-03-11 14:25:00-04:00,-124.0
2025-03-11 14:30:00-04:00,-124.0
2025-03-11 14:35:00-04:00,-124.0
2025-03-11 14:40:00-04:00,-124.0
2025-03-11 14:45:00-04:00,-124.0
2025-03-11 14:50:00-04:00,-124.0
2025-03-11 14:55:00-04:00,-124.0
2025-03-11 15:00:00-04:00,-124.0
2025-03-11 15:05:00-04:00,-124.0
2025-03-11 15:10:00-04:00,-124.0
2025-03-11 15:15:00-04:00,-124.0
2025-03-11 15:20:00-04:00,-124.0
2025-03-11 15:25:00-04:00,-124.0
2025-03-11 15:30:00-04:00,-124.0
2025-03-11 15:35:00-04:00,-124.0
2025-03-11 15:40:00-04:00,-124.0
2025-03-11 15:45:00-04:00,-124.0
2025-03-11 15:50:00-04:00,-124.0
2025-03-11 15:55:00-04:00,-124.0
2025-03-12 09:30:00-04:00,0.0
2025-03-12 09:35:00-04:00,0.0
2025-03-12 09:40:00-04:00,0.0
2025-03-12 09:45:00-04:00,0.0
2025-03-12 09:50:00-04:00,0.0
2025-03-12 09:55:00-04:00,0.0
2025-03-12 10:00:00-04:00,0.0
2025-03-12 10:05:00-04:00,0.0
2025-03-12 10:10:00-04:00,0.0
2025-03-12 10:15:00-04:00,0.0
2025-03-12 10:20:00-04:00,0.0
2025-03-12 10:25:00-04:00,0.0
2025-03-12 10:30:00-04:00,0.0
2025-03-12 10:35:00-04:00,0.0
2025-03-12 10:40:00-04:00,0.0
2025-03-12 10:45:00-04:00,0.0
2025-03-12 10:50:00-04:00,0.0
2025-03-12 10:55:00-04:00,0.0
2025-03-12 11:00:00-04:00,0.0
2025-03-12 11:05:00-04:00,0.0
2025-03-12 11:10:00-04:00,0.0
2025-03-12 11:15:00-04:00,0.0
2025-03-12 11:20:00-04:00,0.0
2025-03-12 11:25:00-04:00,0.0
2025-03-12 11:30:00-04:00,0.0
2025-03-12 11:35:00-04:00,0.0
2025-03-12 11:40:00-04:00,0.0
2025-03-12 11:45:00-04:00,0.0
2025-03-12 11:50:00-04:00,0.0
2025-03-12 11:55:00-04:00,0.0
2025-03-12 12:00:00-04:00,0.0
2025-03-12 12:05:00-04:00,0.0
2025-03-12 12:10:00-04:00,0.0
2025-03-12 12:15:00-04:00,0.0
2025-03-12 12:20:00-04:00,0.0
2025-03-12 12:25:00-04:00,0.0
2025-03-12 12:30:00-04:00,0.0
2025-03-12 12:35:00-04:00,0.0
2025-03-12 12:40:00-04:00,0.0
2025-03-12 12:45:00-04:00,0.0
2025-03-12 12:50:00-04:00,0.0
2025-03-12 12:55:00-04:00,0.0
2025-03-12 13:00:00-04:00,0.0
2025-03-12 13:05:00-04:00,0.0
2025-03-12 13:10:00-04:00,0.0
2025-03-12 13:15:00-04:00,0.0
2025-03-12 13:20:00-04:00,0.0
2025-03-12 13:25:00-04:00,0.0
2025-03-12 13:30:00-04:00,0.0
2025-03-12 13:35:00-04:00,0.0
2025-03-12 13:40:00-04:00,0.0
2025-03-12 13:45:00-04:00,0.0
2025-03-12 13:50:00-04:00,0.0
2025-03-12 13:55:00-04:00,0.0
2025-03-12 14:00:00-04:00,0.0
2025-03-12 14:05:00-04:00,0.0
2025-03-12 14:10:00-04:00,0.0
2025-03-12 14:15:00-04:00,0.0
2025-03-12 14:20:00-04:00,0.0
2025-03-12 14:25:00-04:00,0.0
2025-03-12 14:30:00-04:00,0.0
2025-03-12 14:35:00-04:00,0.0
2025-03-12 14:40:00-04:00,0.0
2025-03-12 14:45:00-04:00,0.0
2025-03-12 14:50:00-04:00,0.0
2025-03-12 14:55:00-04:00,0.0
2025-03-12 15:00:00-04:00,0.0
2025-03-12 15:05:00-04:00,0.0
2025-03-12 15:10:00-04:00,0.0
2025-03-12 15:15:00-04:00,0.0
2025-03-12 15:20:00-04:00,0.0
2025-03-12 15:25:00-04:00,0.0
2025-03-12 15:30:00-04:00,0.0
2025-03-12 15:35:00-04:00,0.0
2025-03-12 15:40:00-04:00,0.0
2025-03-12 15:45:00-04:00,0.0
2025-03-12 15:50:00-04:00,0.0
2025-03-12 15:55:00-04:00,0.0
2025-03-13 09:30:00-04:00,0.0
2025-03-13 09:35:00-04:00,0.0
2025-03-13 09:40:00-04:00,0.0
2025-03-13 09:45:00-04:00,0.0
2025-03-13 09:50:00-04:00,0.0
2025-03-13 09:55:00-04:00,0.0
2025-03-13 10:00:00-04:00,0.0
2025-03-13 10:05:00-04:00,0.0
2025-03-13 10:10:00-04:00,0.0
2025-03-13 10:15:00-04:00,-0.5
2025-03-13 10:20:00-04:00,-29.5625
2025-03-13 10:25:00-04:00,-31.0
2025-03-13 10:30:00-04:00,-31.5
2025-03-13 10:35:00-04:00,-41.8125
2025-03-13 10:40:00-04:00,10.6875
2025-03-13 10:45:00-04:00,-4.3125
2025-03-13 10:50:00-04:00,-30.5625
2025-03-13 10:55:00-04:00,1.9375
2025-03-13 11:00:00-04:00,-5.5625
2025-03-13 11:05:00-04:00,-9.3125
2025-03-13 11:10:00-04:00,60.6875
2025-03-13 11:15:00-04:00,75.6875
2025-03-13 11:20:00-04:00,78.1875
2025-03-13 11:25:00-04:00,69.4375
2025-03-13 11:30:00-04:00,118.9375
2025-03-13 11:35:00-04:00,118.9375
2025-03-13 11:40:00-04:00,118.9375
2025-03-13 11:45:00-04:00,118.9375
2025-03-13 11:50:00-04:00,118.9375
2025-03-13 11:55:00-04:00,118.9375
2025-03-13 12:00:00-04:00,118.9375
2025-03-13 12:05:00-04:00,118.9375
2025-03-13 12:10:00-04:00,118.9375
2025-03-13 12:15:00-04:00,118.9375
2025-03-13 12:20:00-04:00,118.9375
2025-03-13 12:25:00-04:00,118.9375
2025-03-13 12:30:00-04:00,118.9375
2025-03-13 12:35:00-04:00,118.9375
2025-03-13 12:40:00-04:00,118.9375
2025-03-13 12:45:00-04:00,118.9375
2025-03-13 12:50:00-04:00,118.9375
2025-03-13 12:55:00-04:00,118.9375
2025-03-13 13:00:00-04:00,118.9375
2025-03-13 13:05:00-04:00,118.9375
2025-03-13 13:10:00-04:00,118.9375
2025-03-13 13:15:00-04:00,118.9375
2025-03-13 13:20:00-04:00,118.9375
2025-03-13 13:25:00-04:00,118.9375
2025-03-13 13:30:00-04:00,118.9375
2025-03-13 13:35:00-04:00,118.9375
2025-03-13 13:40:00-04:00,118.9375
2025-03-13 13:45:00-04:00,118.9375
2025-03-13 13:50:00-04:00,118.9375
2025-03-13 13:55:00-04:00,118.9375
2025-03-13 14:00:00-04:00,118.9375
2025-03-13 14:05:00-04:00,118.9375
2025-03-13 14:10:00-04:00,118.9375
2025-03-13 14:15:00-04:00,118.9375
2025-03-13 14:20:00-04:00,118.9375
2025-03-13 14:25:00-04:00,118.9375
2025-03-13 14:30:00-04:00,118.9375
2025-03-13 14:35:00-04:00,118.9375
2025-03-13 14:40:00-04:00,118.9375
2025-03-13 14:45:00-04:00,118.9375
2025-03-13 14:50:00-04:00,118.9375
2025-03-13 14:55:00-04:00,118.9375
2025-03-13 15:00:00-04:00,118.9375
2025-03-13 15:05:00-04:00,118.9375
2025-03-13 15:10:00-04:00,118.9375
2025-03-13 15:15:00-04:00,118.9375
2025-03-13 15:20:00-04:00,118.9375
2025-03-13 15:25:00-04:00,118.9375
2025-03-13 15:30:00-04:00,118.9375
2025-03-13 15:35:00-04:00,118.9375
2025-03-13 15:40:00-04:00,118.9375
2025-03-13 15:45:00-04:00,118.9375
2025-03-13 15:50:00-04:00,118.9375
2025-03-13 15:55:00-04:00,118.9375
2025-03-14 09:30:00-04:00,0.0
2025-03-14 09:35:00-04:00,0.0
2025-03-14 09:40:00-04:00,0.0
2025-03-14 09:45:00-04:00,0.0
2025-03-14 09:50:00-04:00,0.0
2025-03-14 09:55:00-04:00,0.0
2025-03-14 10:00:00-04:00,0.0
2025-03-14 10:05:00-04:00,0.0
2025-03-14 10:10:00-04:00,0.0
2025-03-14 10:15:00-04:00,0.0
2025-03-14 10:20:00-04:00,0.0
2025-03-14 10:25:00-04:00,0.0
2025-03-14 10:30:00-04:00,0.0
2025-03-14 10:35:00-04:00,0.0
2025-03-14 10:40:00-04:00,0.0
2025-03-14 10:45:00-04:00,0.0
2025-03-14 10:50:00-04:00,0.0
2025-03-14 10:55:00-04:00,0.0
2025-03-14 11:00:00-04:00,0.0
2025-03-14 11:05:00-04:00,0.0
2025-03-14 11:10:00-04:00,0.0
2025-03-14 11:15:00-04:00,0.0
2025-03-14 11:20:00-04:00,0.0
2025-03-14 11:25:00-04:00,0.0
2025-03-14 11:30:00-04:00,0.0
2025-03-14 11:35:00-04:00,0.0
2025-03-14 11:40:00-04:00,0.0
2025-03-14 11:45:00-04:00,0.0
2025-03-14 11:50:00-04:00,0.0
2025-03-14 11:55:00-04:00,0.0
2025-03-14 12:00:00-04:00,0.0
2025-03-14 12:05:00-04:00,0.0
2025-03-14 12:10:00-04:00,0.0
2025-03-14 12:15:00-04:00,0.0
2025-03-14 12:20:00-04:00,0.0
2025-03-14 12:25:00-04:00,0.0
2025-03-14 12:30:00-04:00,0.0
2025-03-14 12:35:00-04:00,0.0
2025-03-14 12:40:00-04:00,0.0
2025-03-14 12:45:00-04:00,0.0
2025-03-14 12:50:00-04:00,0.0
2025-03-14 12:55:00-04:00,0.0
2025-03-14 13:00:00-04:00,0.0
2025-03-14 13:05:00-04:00,0.0
2025-03-14 13:10:00-04:00,0.0
2025-03-14 13:15:00-04:00,0.0
2025-03-14 13:20:00-04:00,0.0
2025-03-14 13:25:00-04:00,0.0
2025-03-14 13:30:00-04:00,0.0
2025-03-14 13:35:00-04:00,0.0
2025-03-14 13:40:00-04:00,0.0
2025-03-14 13:45:00-04:00,0.0
2025-03-14 13:50:00-04:00,0.0
2025-03-14 13:55:00-04:00,0.0
2025-03-14 14:00:00-04:00,0.0
2025-03-14 14:05:00-04:00,0.0
2025-03-14 14:10:00-04:00,0.0
2025-03-14 14:15:00-04:00,0.0
2025-03-14 14:20:00-04:00,0.0
2025-03-14 14:25:00-04:00,0.0
2025-03-14 14:30:00-04:00,0.0
2025-03-14 14:35:00-04:00,0.0
2025-03-14 14:40:00-04:00,0.0
2025-03-14 14:45:00-04:00,0.0
2025-03-14 14:50:00-04:00,0.0
2025-03-14 14:55:00-04:00,0.0
2025-03-14 15:00:00-04:00,0.0
2025-03-14 15:05:00-04:00,0.0
2025-03-14 15:10:00-04:00,0.0
2025-03-14 15:15:00-04:00,0.0
2025-03-14 15:20:00-04:00,0.0
2025-03-14 15:25:00-04:00,0.0
2025-03-14 15:30:00-04:00,0.0
2025-03-14 15:35:00-04:00,0.0
2025-03-14 15:40:00-04:00,0.0
2025-03-14 15:45:00-04:00,0.0
2025-03-14 15:50:00-04:00,0.0
2025-03-14 15:55:00-04:00,0.0
2025-03-17 09:30:00-04:00,0.0
2025-03-17 09:35:00-04:00,0.0
2025-03-17 09:40:00-04:00,0.0
2025-03-17 09:45:00-04:00,0.0
2025-03-17 09:50:00-04:00,0.0
2025-03-17 09:55:00-04:00,0.0
2025-03-17 10:00:00-04:00,-0.5
2025-03-17 10:05:00-04:00,-31.0
2025-03-17 10:10:00-04:00,-31.5
2025-03-17 10:15:00-04:00,-46.5
2025-03-17 10:20:00-04:00,-42.75
2025-03-17 10:25:00-04:00,-62.0
2025-03-17 10:30:00-04:00,-62.5
2025-03-17 10:35:00-04:00,-93.0
2025-03-17 10:40:00-04:00,-93.5
2025-03-17 10:45:00-04:00,-116.0
2025-03-17 10:50:00-04:00,-124.0
2025-03-17 10:55:00-04:00,-124.5
2025-03-17 11:00:00-04:00,-155.0
2025-03-17 11:05:00-04:00,-155.5
2025-03-17 11:10:00-04:00,-170.8125
2025-03-17 11:15:00-04:00,-150.8125
2025-03-17 11:20:00-04:00,-113.3125
2025-03-17 11:25:00-04:00,-148.3125
2025-03-17 11:30:00-04:00,-186.0
2025-03-17 11:35:00-04:00,-186.0
2025-03-17 11:40:00-04:00,-186.0
2025-03-17 11:45:00-04:00,-186.0
2025-03-17 11:50:00-04:00,-186.0
2025-03-17 11:55:00-04:00,-186.0
2025-03-17 12:00:00-04:00,-186.0
2025-03-17 12:05:00-04:00,-186.0
2025-03-17 12:10:00-04:00,-186.0
2025-03-17 12:15:00-04:00,-186.0
2025-03-17 12:20:00-04:00,-186.0
2025-03-17 12:25:00-04:00,-186.0
2025-03-17 12:30:00-04:00,-186.0
2025-03-17 12:35:00-04:00,-186.0
2025-03-17 12:40:00-04:00,-186.0
2025-03-17 12:45:00-04:00,-186.0
2025-03-17 12:50:00-04:00,-186.0
2025-03-17 12:55:00-04:00,-186.0
2025-03-17 13:00:00-04:00,-186.0
2025-03-17 13:05:00-04:00,-186.0
2025-03-17 13:10:00-04:00,-186.0
2025-03-17 13:15:00-04:00,-186.0
2025-03-17 13:20:00-04:00,-186.0
2025-03-17 13:25:00-04:00,-186.0
2025-03-17 13:30:00-04:00,-186.0
2025-03-17 13:35:00-04:00,-186.0
2025-03-17 13:40:00-04:00,-186.0
2025-03-17 13:45:00-04:00,-186.0
2025-03-17 13:50:00-04:00,-186.0
2025-03-17 13:55:00-04:00,-186.0
2025-03-17 14:00:00-04:00,-186.0
2025-03-17 14:05:00-04:00,-186.0
2025-03-17 14:10:00-04:00,-186.0
2025-03-17 14:15:00-04:00,-186.0
2025-03-17 14:20:00-04:00,-186.0
2025-03-17 14:25:00-04:00,-186.0
2025-03-17 14:30:00-04:00,-186.0
2025-03-17 14:35:00-04:00,-186.0
2025-03-17 14:40:00-04:00,-186.0
2025-03-17 14:45:00-04:00,-186.0
2025-03-17 14:50:00-04:00,-186.0
2025-03-17 14:55:00-04:00,-186.0
2025-03-17 15:00:00-04:00,-186.0
2025-03-17 15:05:00-04:00,-186.0
2025-03-17 15:10:00-04:00,-186.0
2025-03-17 15:15:00-04:00,-186.0
2025-03-17 15:20:00-04:00,-186.0
2025-03-17 15:25:00-04:00,-186.0
2025-03-17 15:30:00-04:00,-186.0
2025-03-17 15:35:00-04:00,-186.0
2025-03-17 15:40:00-04:00,-186.0
2025-03-17 15:45:00-04:00,-186.0
2025-03-17 15:50:00-04:00,-186.0
2025-03-17 15:55:00-04:00,-186.0
2025-03-18 09:30:00-04:00,0.0
2025-03-18 09:35:00-04:00,0.0
2025-03-18 09:40:00-04:00,0.0
2025-03-18 09:45:00-04:00,0.0
2025-03-18 09:50:00-04:00,0.0
2025-03-18 09:55:00-04:00,0.0
2025-03-18 10:00:00-04:00,0.0
2025-03-18 10:05:00-04:00,0.0
2025-03-18 10:10:00-04:00,0.0
2025-03-18 10:15:00-04:00,0.0
2025-03-18 10:20:00-04:00,0.0
2025-03-18 10:25:00-04:00,0.0
2025-03-18 10:30:00-04:00,0.0
2025-03-18 10:35:00-04:00,0.0
2025-03-18 10:40:00-04:00,0.0
2025-03-18 10:45:00-04:00,0.0
2025-03-18 10:50:00-04:00,0.0
2025-03-18 10:55:00-04:00,0.0
2025-03-18 11:00:00-04:00,0.0
2025-03-18 11:05:00-04:00,0.0
2025-03-18 11:10:00-04:00,0.0
2025-03-18 11:15:00-04:00,0.0
2025-03-18 11:20:00-04:00,0.0
2025-03-18 11:25:00-04:00,0.0
2025-03-18 11:30:00-04:00,0.0
2025-03-18 11:35:00-04:00,0.0
2025-03-18 11:40:00-04:00,0.0
2025-03-18 11:45:00-04:00,0.0
2025-03-18 11:50:00-04:00,0.0
2025-03-18 11:55:00-04:00,0.0
2025-03-18 12:00:00-04:00,0.0
2025-03-18 12:05:00-04:00,0.0
2025-03-18 12:10:00-04:00,0.0
2025-03-18 12:15:00-04:00,0.0
2025-03-18 12:20:00-04:00,0.0
2025-03-18 12:25:00-04:00,0.0
2025-03-18 12:30:00-04:00,0.0
2025-03-18 12:35:00-04:00,0.0
2025-03-18 12:40:00-04:00,0.0
2025-03-18 12:45:00-04:00,0.0
2025-03-18 12:50:00-04:00,0.0
2025-03-18 12:55:00-04:00,0.0
2025-03-18 13:00:00-04:00,0.0
2025-03-18 13:05:00-04:00,0.0
2025-03-18 13:10:00-04:00,0.0
2025-03-18 13:15:00-04:00,0.0
2025-03-18 13:20:00-04:00,0.0
2025-03-18 13:25:00-04:00,0.0
2025-03-18 13:30:00-04:00,0.0
2025-03-18 13:35:00-04:00,0.0
2025-03-18 13:40:00-04:00,0.0
2025-03-18 13:45:00-04:00,0.0
2025-03-18 13:50:00-04:00,0.0
2025-03-18 13:55:00-04:00,0.0
2025-03-18 14:00:00-04:00,0.0
2025-03-18 14:05:00-04:00,0.0
2025-03-18 14:10:00-04:00,0.0
2025-03-18 14:15:00-04:00,0.0
2025-03-18 14:20:00-04:00,0.0
2025-03-18 14:25:00-04:00,0.0
2025-03-18 14:30:00-04:00,0.0
2025-03-18 14:35:00-04:00,0.0
2025-03-18 14:40:00-04:00,0.0
2025-03-18 14:45:00-04:00,0.0
2025-03-18 14:50:00-04:00,0.0
2025-03-18 14:55:00-04:00,0.0
2025-03-18 15:00:00-04:00,0.0
2025-03-18 15:05:00-04:00,0.0
2025-03-18 15:10:00-04:00,0.0
2025-03-18 15:15:00-04:00,0.0
2025-03-18 15:20:00-04:00,0.0
2025-03-18 15:25:00-04:00,0.0
2025-03-18 15:30:00-04:00,0.0
2025-03-18 15:35:00-04:00,0.0
2025-03-18 15:40:00-04:00,0.0
2025-03-18 15:45:00-04:00,0.0
2025-03-18 15:50:00-04:00,0.0
2025-03-18 15:55:00-04:00,0.0
2025-03-19 09:30:00-04:00,0.0
2025-03-19 09:35:00-04:00,0.0
2025-03-19 09:40:00-04:00,0.0
2025-03-19 09:45:00-04:00,0.0
2025-03-19 09:50:00-04:00,0.0
2025-03-19 09:55:00-04:00,0.0
2025-03-19 10:00:00-04:00,0.0
2025-03-19 10:05:00-04:00,0.0
2025-03-19 10:10:00-04:00,0.0
2025-03-19 10:15:00-04:00,0.0
2025-03-19 10:20:00-04:00,0.0
2025-03-19 10:25:00-04:00,0.0
2025-03-19 10:30:00-04:00,0.0
2025-03-19 10:35:00-04:00,0.0
2025-03-19 10:40:00-04:00,0.0
2025-03-19 10:45:00-04:00,0.0
2025-03-19 10:50:00-04:00,-0.5
2025-03-19 10:55:00-04:00,-27.0625
2025-03-19 11:00:00-04:00,-24.5625
2025-03-19 11:05:00-04:00,-3.3125
2025-03-19 11:10:00-04:00,30.4375
2025-03-19 11:15:00-04:00,-7.0625
2025-03-19 11:20:00-04:00,-13.3125
2025-03-19 11:25:00-04:00,14.1875
2025-03-19 11:30:00-04:00,39.9375
2025-03-19 11:35:00-04:00,39.9375
2025-03-19 11:40:00-04:00,39.9375
2025-03-19 11:45:00-04:00,39.9375
2025-03-19 11:50:00-04:00,39.9375
2025-03-19 11:55:00-04:00,39.9375
2025-03-19 12:00:00-04:00,39.9375
2025-03-19 12:05:00-04:00,39.9375
2025-03-19 12:10:00-04:00,39.9375
2025-03-19 12:15:00-04:00,39.9375
2025-03-19 12:20:00-04:00,39.9375
2025-03-19 12:25:00-04:00,39.9375
2025-03-19 12:30:00-04:00,39.9375
2025-03-19 12:35:00-04:00,39.9375
2025-03-19 12:40:00-04:00,39.9375
2025-03-19 12:45:00-04:00,39.9375
2025-03-19 12:50:00-04:00,39.9375
2025-03-19 12:55:00-04:00,39.9375
2025-03-19 13:00:00-04:00,39.9375
2025-03-19 13:05:00-04:00,39.9375
2025-03-19 13:10:00-04:00,39.9375
2025-03-19 13:15:00-04:00,39.9375
2025-03-19 13:20:00-04:00,39.9375
2025-03-19 13:25:00-04:00,39.9375
2025-03-19 13:30:00-04:00,39.9375
2025-03-19 13:35:00-04:00,39.9375
2025-03-19 13:40:00-04:00,39.9375
2025-03-19 13:45:00-04:00,39.9375
2025-03-19 13:50:00-04:00,39.9375
2025-03-19 13:55:00-04:00,39.9375
2025-03-19 14:00:00-04:00,39.9375
2025-03-19 14:05:00-04:00,39.9375
2025-03-19 14:10:00-04:00,39.9375
2025-03-19 14:15:00-04:00,39.9375
2025-03-19 14:20:00-04:00,39.9375
2025-03-19 14:25:00-04:00,39.9375
2025-03-19 14:30:00-04:00,39.9375
2025-03-19 14:35:00-04:00,39.9375
2025-03-19 14:40:00-04:00,39.9375
2025-03-19 14:45:00-04:00,39.9375
2025-03-19 14:50:00-04:00,39.9375
2025-03-19 14:55:00-04:00,39.9375
2025-03-19 15:00:00-04:00,39.9375
2025-03-19 15:05:00-04:00,39.9375
2025-03-19 15:10:00-04:00,39.9375
2025-03-19 15:15:00-04:00,39.9375
2025-03-19 15:20:00-04:00,39.9375
2025-03-19 15:25:00-04:00,39.9375
2025-03-19 15:30:00-04:00,39.9375
2025-03-19 15:35:00-04:00,39.9375
2025-03-19 15:40:00-04:00,39.9375
2025-03-19 15:45:00-04:00,39.9375
2025-03-19 15:50:00-04:00,39.9375
2025-03-19 15:55:00-04:00,39.9375
2025-03-20 09:30:00-04:00,0.0
2025-03-20 09:35:00-04:00,0.0
2025-03-20 09:40:00-04:00,0.0
2025-03-20 09:45:00-04:00,0.0
2025-03-20 09:50:00-04:00,0.0
2025-03-20 09:55:00-04:00,0.0
2025-03-20 10:00:00-04:00,0.0
2025-03-20 10:05:00-04:00,0.0
2025-03-20 10:10:00-04:00,0.0
2025-03-20 10:15:00-04:00,0.0
2025-03-20 10:20:00-04:00,0.0
2025-03-20 10:25:00-04:00,0.0
2025-03-20 10:30:00-04:00,0.0
2025-03-20 10:35:00-04:00,0.0
2025-03-20 10:40:00-04:00,0.0
2025-03-20 10:45:00-04:00,0.0
2025-03-20 10:50:00-04:00,0.0
2025-03-20 10:55:00-04:00,0.0
2025-03-20 11:00:00-04:00,0.0
2025-03-20 11:05:00-04:00,0.0
2025-03-20 11:10:00-04:00,0.0
2025-03-20 11:15:00-04:00,0.0
2025-03-20 11:20:00-04:00,0.0
2025-03-20 11:25:00-04:00,0.0
2025-03-20 11:30:00-04:00,0.0
2025-03-20 11:35:00-04:00,0.0
2025-03-20 11:40:00-04:00,0.0
2025-03-20 11:45:00-04:00,0.0
2025-03-20 11:50:00-04:00,0.0
2025-03-20 11:55:00-04:00,0.0
2025-03-20 12:00:00-04:00,0.0
2025-03-20 12:05:00-04:00,0.0
2025-03-20 12:10:00-04:00,0.0
2025-03-20 12:15:00-04:00,0.0
2025-03-20 12:20:00-04:00,0.0
2025-03-20 12:25:00-04:00,0.0
2025-03-20 12:30:00-04:00,0.0
2025-03-20 12:35:00-04:00,0.0
2025-03-20 12:40:00-04:00,0.0
2025-03-20 12:45:00-04:00,0.0
2025-03-20 12:50:00-04:00,0.0
2025-03-20 12:55:00-04:00,0.0
2025-03-20 13:00:00-04:00,0.0
2025-03-20 13:05:00-04:00,0.0
2025-03-20 13:10:00-04:00,0.0
2025-03-20 13:15:00-04:00,0.0
2025-03-20 13:20:00-04:00,0.0
2025-03-20 13:25:00-04:00,0.0
2025-03-20 13:30:00-04:00,0.0
2025-03-20 13:35:00-04:00,0.0
2025-03-20 13:40:00-04:00,0.0
2025-03-20 13:45:00-04:00,0.0
2025-03-20 13:50:00-04:00,0.0
2025-03-20 13:55:00-04:00,0.0
2025-03-20 14:00:00-04:00,0.0
2025-03-20 14:05:00-04:00,0.0
2025-03-20 14:10:00-04:00,0.0
2025-03-20 14:15:00-04:00,0.0
2025-03-20 14:20:00-04:00,0.0
2025-03-20 14:25:00-04:00,0.0
2025-03-20 14:30:00-04:00,0.0
2025-03-20 14:35:00-04:00,0.0
2025-03-20 14:40:00-04:00,0.0
2025-03-20 14:45:00-04:00,0.0
2025-03-20 14:50:00-04:00,0.0
2025-03-20 14:55:00-04:00,0.0
2025-03-20 15:00:00-04:00,0.0
2025-03-20 15:05:00-04:00,0.0
2025-03-20 15:10:00-04:00,0.0
2025-03-20 15:15:00-04:00,0.0
2025-03-20 15:20:00-04:00,0.0
2025-03-20 15:25:00-04:00,0.0
2025-03-20 15:30:00-04:00,0.0
2025-03-20 15:35:00-04:00,0.0
2025-03-20 15:40:00-04:00,0.0
2025-03-20 15:45:00-04:00,0.0
2025-03-20 15:50:00-04:00,0.0
2025-03-20 15:55:00-04:00,0.0
2025-03-21 09:30:00-04:00,0.0
2025-03-21 09:35:00-04:00,0.0
2025-03-21 09:40:00-04:00,0.0
2025-03-21 09:45:00-04:00,0.0
2025-03-21 09:50:00-04:00,0.0
2025-03-21 09:55:00-04:00,0.0
2025-03-21 10:00:00-04:00,0.0
2025-03-21 10:05:00-04:00,0.0
2025-03-21 10:10:00-04:00,0.0
2025-03-21 10:15:00-04:00,0.0
2025-03-21 10:20:00-04:00,0.0
2025-03-21 10:25:00-04:00,0.0
2025-03-21 10:30:00-04:00,0.0
2025-03-21 10:35:00-04:00,0.0
2025-03-21 10:40:00-04:00,0.0
2025-03-21 10:45:00-04:00,0.0
2025-03-21 10:50:00-04:00,0.0
2025-03-21 10:55:00-04:00,0.0
2025-03-21 11:00:00-04:00,0.0
2025-03-21 11:05:00-04:00,0.0
2025-03-21 11:10:00-04:00,0.0
2025-03-21 11:15:00-04:00,0.0
2025-03-21 11:20:00-04:00,0.0
2025-03-21 11:25:00-04:00,0.0
2025-03-21 11:30:00-04:00,0.0
2025-03-21 11:35:00-04:00,0.0
2025-03-21 11:40:00-04:00,0.0
2025-03-21 11:45:00-04:00,0.0
2025-03-21 11:50:00-04:00,0.0
2025-03-21 11:55:00-04:00,0.0
2025-03-21 12:00:00-04:00,0.0
2025-03-21 12:05:00-04:00,0.0
2025-03-21 12:10:00-04:00,0.0
2025-03-21 12:15:00-04:00,0.0
2025-03-21 12:20:00-04:00,0.0
2025-03-21 12:25:00-04:00,0.0
2025-03-21 12:30:00-04:00,0.0
2025-03-21 12:35:00-04:00,0.0
2025-03-21 12:40:00-04:00,0.0
2025-03-21 12:45:00-04:00,0.0
2025-03-21 12:50:00-04:00,0.0
2025-03-21 12:55:00-04:00,0.0
2025-03-21 13:00:00-04:00,0.0
2025-03-21 13:05:00-04:00,0.0
2025-03-21 13:10:00-04:00,0.0
2025-03-21 13:15:00-04:00,0.0
2025-03-21 13:20:00-04:00,0.0
2025-03-21 13:25:00-04:00,0.0
2025-03-21 13:30:00-04:00,0.0
2025-03-21 13:35:00-04:00,0.0
2025-03-21 13:40:00-04:00,0.0
2025-03-21 13:45:00-04:00,0.0
2025-03-21 13:50:00-04:00,0.0
2025-03-21 13:55:00-04:00,0.0
2025-03-21 14:00:00-04:00,0.0
2025-03-21 14:05:00-04:00,0.0
2025-03-21 14:10:00-04:00,0.0
2025-03-21 14:15:00-04:00,0.0
2025-03-21 14:20:00-04:00,0.0
2025-03-21 14:25:00-04:00,0.0
2025-03-21 14:30:00-04:00,0.0
2025-03-21 14:35:00-04:00,0.0
2025-03-21 14:40:00-04:00,0.0
2025-03-21 14:45:00-04:00,0.0
2025-03-21 14:50:00-04:00,0.0
2025-03-21 14:55:00-04:00,0.0
2025-03-21 15:00:00-04:00,0.0
2025-03-21 15:05:00-04:00,0.0
2025-03-21 15:10:00-04:00,0.0
2025-03-21 15:15:00-04:00,0.0
2025-03-21 15:20:00-04:00,0.0
2025-03-21 15:25:00-04:00,0.0
2025-03-21 15:30:00-04:00,0.0
2025-03-21 15:35:00-04:00,0.0
2025-03-21 15:40:00-04:00,0.0
2025-03-21 15:45:00-04:00,0.0
2025-03-21 15:50:00-04:00,0.0
2025-03-21 15:55:00-04:00,0.0
2025-03-24 09:30:00-04:00,0.0
2025-03-24 09:35:00-04:00,0.0
2025-03-24 09:40:00-04:00,0.0
2025-03-24 09:45:00-04:00,0.0
2025-03-24 09:50:00-04:00,0.0
2025-03-24 09:55:00-04:00,0.0
2025-03-24 10:00:00-04:00,0.0
2025-03-24 10:05:00-04:00,0.0
2025-03-24 10:10:00-04:00,0.0
2025-03-24 10:15:00-04:00,0.0
2025-03-24 10:20:00-04:00,0.0
2025-03-24 10:25:00-04:00,0.0
2025-03-24 10:30:00-04:00,0.0
2025-03-24 10:35:00-04:00,0.0
2025-03-24 10:40:00-04:00,0.0
2025-03-24 10:45:00-04:00,0.0
2025-03-24 10:50:00-04:00,0.0
2025-03-24 10:55:00-04:00,0.0
2025-03-24 11:00:00-04:00,0.0
2025-03-24 11:05:00-04:00,0.0
2025-03-24 11:10:00-04:00,0.0
2025-03-24 11:15:00-04:00,0.0
2025-03-24 11:20:00-04:00,0.0
2025-03-24 11:25:00-04:00,0.0
2025-03-24 11:30:00-04:00,0.0
2025-03-24 11:35:00-04:00,0.0
2025-03-24 11:40:00-04:00,0.0
2025-03-24 11:45:00-04:00,0.0
2025-03-24 11:50:00-04:00,0.0
2025-03-24 11:55:00-04:00,0.0
2025-03-24 12:00:00-04:00,0.0
2025-03-24 12:05:00-04:00,0.0
2025-03-24 12:10:00-04:00,0.0
2025-03-24 12:15:00-04:00,0.0
2025-03-24 12:20:00-04:00,0.0
2025-03-24 12:25:00-04:00,0.0
2025-03-24 12:30:00-04:00,0.0
2025-03-24 12:35:00-04:00,0.0
2025-03-24 12:40:00-04:00,0.0
2025-03-24 12:45:00-04:00,0.0
2025-03-24 12:50:00-04:00,0.0
2025-03-24 12:55:00-04:00,0.0
2025-03-24 13:00:00-04:00,0.0
2025-03-24 13:05:00-04:00,0.0
2025-03-24 13:10:00-04:00,0.0
2025-03-24 13:15:00-04:00,0.0
2025-03-24 13:20:00-04:00,0.0
2025-03-24 13:25:00-04:00,0.0
2025-03-24 13:30:00-04:00,0.0
2025-03-24 13:35:00-04:00,0.0
2025-03-24 13:40:00-04:00,0.0
2025-03-24 13:45:00-04:00,0.0
2025-03-24 13:50:00-04:00,0.0
2025-03-24 13:55:00-04:00,0.0
2025-03-24 14:00:00-04:00,0.0
2025-03-24 14:05:00-04:00,0.0
2025-03-24 14:10:00-04:00,0.0
2025-03-24 14:15:00-04:00,0.0
2025-03-24 14:20:00-04:00,0.0
2025-03-24 14:25:00-04:00,0.0
2025-03-24 14:30:00-04:00,0.0
2025-03-24 14:35:00-04:00,0.0
2025-03-24 14:40:00-04:00,0.0
2025-03-24 14:45:00-04:00,0.0
2025-03-24 14:50:00-04:00,0.0
2025-03-24 14:55:00-04:00,0.0
2025-03-24 15:00:00-04:00,0.0
2025-03-24 15:05:00-04:00,0.0
2025-03-24 15:10:00-04:00,0.0
2025-03-24 15:15:00-04:00,0.0
2025-03-24 15:20:00-04:00,0.0
2025-03-24 15:25:00-04:00,0.0
2025-03-24 15:30:00-04:00,0.0
2025-03-24 15:35:00-04:00,0.0
2025-03-24 15:40:00-04:00,0.0
2025-03-24 15:45:00-04:00,0.0
2025-03-24 15:50:00-04:00,0.0
2025-03-24 15:55:00-04:00,0.0
2025-03-25 09:30:00-04:00,0.0
2025-03-25 09:35:00-04:00,0.0
2025-03-25 09:40:00-04:00,0.0
2025-03-25 09:45:00-04:00,0.0
2025-03-25 09:50:00-04:00,0.0
2025-03-25 09:55:00-04:00,0.0
2025-03-25 10:00:00-04:00,-0.5
2025-03-25 10:05:00-04:00,-16.4375
2025-03-25 10:10:00-04:00,6.0625
2025-03-25 10:15:00-04:00,14.8125
2025-03-25 10:20:00-04:00,19.8125
2025-03-25 10:25:00-04:00,26.0625
2025-03-25 10:30:00-04:00,39.8125
2025-03-25 10:35:00-04:00,54.8125
2025-03-25 10:40:00-04:00,68.5625
2025-03-25 10:45:00-04:00,71.0625
2025-03-25 10:50:00-04:00,68.5625
2025-03-25 10:55:00-04:00,61.0625
2025-03-25 11:00:00-04:00,67.3125
2025-03-25 11:05:00-04:00,71.0625
2025-03-25 11:10:00-04:00,63.5625
2025-03-25 11:15:00-04:00,56.0625
2025-03-25 11:20:00-04:00,51.0625
2025-03-25 11:25:00-04:00,56.0625
2025-03-25 11:30:00-04:00,51.5
2025-03-25 11:35:00-04:00,51.5
2025-03-25 11:40:00-04:00,51.5
2025-03-25 11:45:00-04:00,51.5
2025-03-25 11:50:00-04:00,51.5
2025-03-25 11:55:00-04:00,51.5
2025-03-25 12:00:00-04:00,51.5
2025-03-25 12:05:00-04:00,51.5
2025-03-25 12:10:00-04:00,51.5
2025-03-25 12:15:00-04:00,51.5
2025-03-25 12:20:00-04:00,51.5
2025-03-25 12:25:00-04:00,51.5
2025-03-25 12:30:00-04:00,51.5
2025-03-25 12:35:00-04:00,51.5
2025-03-25 12:40:00-04:00,51.5
2025-03-25 12:45:00-04:00,51.5
2025-03-25 12:50:00-04:00,51.5
2025-03-25 12:55:00-04:00,51.5
2025-03-25 13:00:00-04:00,51.5
2025-03-25 13:05:00-04:00,51.5
2025-03-25 13:10:00-04:00,51.5
2025-03-25 13:15:00-04:00,51.5
2025-03-25 13:20:00-04:00,51.5
2025-03-25 13:25:00-04:00,51.5
2025-03-25 13:30:00-04:00,51.5
2025-03-25 13:35:00-04:00,51.5
2025-03-25 13:40:00-04:00,51.5
2025-03-25 13:45:00-04:00,51.5
2025-03-25 13:50:00-04:00,51.5
2025-03-25 13:55:00-04:00,51.5
2025-03-25 14:00:00-04:00,51.5
2025-03-25 14:05:00-04:00,51.5
2025-03-25 14:10:00-04:00,51.5
2025-03-25 14:15:00-04:00,51.5
2025-03-25 14:20:00-04:00,51.5
2025-03-25 14:25:00-04:00,51.5
2025-03-25 14:30:00-04:00,51.5
2025-03-25 14:35:00-04:00,51.5
2025-03-25 14:40:00-04:00,51.5
2025-03-25 14:45:00-04:00,51.5
2025-03-25 14:50:00-04:00,51.5
2025-03-25 14:55:00-04:00,51.5
2025-03-25 15:00:00-04:00,51.5
2025-03-25 15:05:00-04:00,51.5
2025-03-25 15:10:00-04:00,51.5
2025-03-25 15:15:00-04:00,51.5
2025-03-25 15:20:00-04:00,51.5
2025-03-25 15:25:00-04:00,51.5
2025-03-25 15:30:00-04:00,51.5
2025-03-25 15:35:00-04:00,51.5
2025-03-25 15:40:00-04:00,51.5
2025-03-25 15:45:00-04:00,51.5
2025-03-25 15:50:00-04:00,51.5
2025-03-25 15:55:00-04:00,51.5
2025-03-26 09:30:00-04:00,0.0
2025-03-26 09:35:00-04:00,0.0
2025-03-26 09:40:00-04:00,0.0
2025-03-26 09:45:00-04:00,0.0
2025-03-26 09:50:00-04:00,0.0
2025-03-26 09:55:00-04:00,0.0
2025-03-26 10:00:00-04:00,0.0
2025-03-26 10:05:00-04:00,0.0
2025-03-26 10:10:00-04:00,0.0
2025-03-26 10:15:00-04:00,0.0
2025-03-26 10:20:00-04:00,0.0
2025-03-26 10:25:00-04:00,0.0
2025-03-26 10:30:00-04:00,0.0
2025-03-26 10:35:00-04:00,0.0
2025-03-26 10:40:00-04:00,0.0
2025-03-26 10:45:00-04:00,0.0
2025-03-26 10:50:00-04:00,0.0
2025-03-26 10:55:00-04:00,0.0
2025-03-26 11:00:00-04:00,0.0
2025-03-26 11:05:00-04:00,0.0
2025-03-26 11:10:00-04:00,0.0
2025-03-26 11:15:00-04:00,0.0
2025-03-26 11:20:00-04:00,0.0
2025-03-26 11:25:00-04:00,0.0
2025-03-26 11:30:00-04:00,0.0
2025-03-26 11:35:00-04:00,0.0
2025-03-26 11:40:00-04:00,0.0
2025-03-26 11:45:00-04:00,0.0
2025-03-26 11:50:00-04:00,0.0
2025-03-26 11:55:00-04:00,0.0
2025-03-26 12:00:00-04:00,0.0
2025-03-26 12:05:00-04:00,0.0
2025-03-26 12:10:00-04:00,0.0
2025-03-26 12:15:00-04:00,0.0
2025-03-26 12:20:00-04:00,0.0
2025-03-26 12:25:00-04:00,0.0
2025-03-26 12:30:00-04:00,0.0
2025-03-26 12:35:00-04:00,0.0
2025-03-26 12:40:00-04:00,0.0
2025-03-26 12:45:00-04:00,0.0
2025-03-26 12:50:00-04:00,0.0
2025-03-26 12:55:00-04:00,0.0
2025-03-26 13:00:00-04:00,0.0
2025-03-26 13:05:00-04:00,0.0
2025-03-26 13:10:00-04:00,0.0
2025-03-26 13:15:00-04:00,0.0
2025-03-26 13:20:00-04:00,0.0
2025-03-26 13:25:00-04:00,0.0
2025-03-26 13:30:00-04:00,0.0
2025-03-26 13:35:00-04:00,0.0
2025-03-26 13:40:00-04:00,0.0
2025-03-26 13:45:00-04:00,0.0
2025-03-26 13:50:00-04:00,0.0
2025-03-26 13:55:00-04:00,0.0
2025-03-26 14:00:00-04:00,0.0
2025-03-26 14:05:00-04:00,0.0
2025-03-26 14:10:00-04:00,0.0
2025-03-26 14:15:00-04:00,0.0
2025-03-26 14:20:00-04:00,0.0
2025-03-26 14:25:00-04:00,0.0
2025-03-26 14:30:00-04:00,0.0
2025-03-26 14:35:00-04:00,0.0
2025-03-26 14:40:00-04:00,0.0
2025-03-26 14:45:00-04:00,0.0
2025-03-26 14:50:00-04:00,0.0
2025-03-26 14:55:00-04:00,0.0
2025-03-26 15:00:00-04:00,0.0
2025-03-26 15:05:00-04:00,0.0
2025-03-26 15:10:00-04:00,0.0
2025-03-26 15:15:00-04:00,0.0
2025-03-26 15:20:00-04:00,0.0
2025-03-26 15:25:00-04:00,0.0
2025-03-26 15:30:00-04:00,0.0
2025-03-26 15:35:00-04:00,0.0
2025-03-26 15:40:00-04:00,0.0
2025-03-26 15:45:00-04:00,0.0
2025-03-26 15:50:00-04:00,0.0
2025-03-26 15:55:00-04:00,0.0
2025-03-27 09:30:00-04:00,0.0
2025-03-27 09:35:00-04:00,0.0
2025-03-27 09:40:00-04:00,0.0
2025-03-27 09:45:00-04:00,0.0
2025-03-27 09:50:00-04:00,0.0
2025-03-27 09:55:00-04:00,0.0
2025-03-27 10:00:00-04:00,-0.5
2025-03-27 10:05:00-04:00,-18.9375
2025-03-27 10:10:00-04:00,-31.0
2025-03-27 10:15:00-04:00,-31.5
2025-03-27 10:20:00-04:00,-49.625
2025-03-27 10:25:00-04:00,-62.0
2025-03-27 10:30:00-04:00,-62.5
2025-03-27 10:35:00-04:00,-93.0
2025-03-27 10:40:00-04:00,-93.5
2025-03-27 10:45:00-04:00,-91.1875
2025-03-27 10:50:00-04:00,-91.1875
2025-03-27 10:55:00-04:00,-91.1875
2025-03-27 11:00:00-04:00,-91.1875
2025-03-27 11:05:00-04:00,-91.1875
2025-03-27 11:10:00-04:00,-91.1875
2025-03-27 11:15:00-04:00,-91.1875
2025-03-27 11:20:00-04:00,-91.1875
2025-03-27 11:25:00-04:00,-91.1875
2025-03-27 11:30:00-04:00,-91.1875
2025-03-27 11:35:00-04:00,-91.1875
2025-03-27 11:40:00-04:00,-91.1875
2025-03-27 11:45:00-04:00,-91.1875
2025-03-27 11:50:00-04:00,-91.1875
2025-03-27 11:55:00-04:00,-91.1875
2025-03-27 12:00:00-04:00,-91.1875
2025-03-27 12:05:00-04:00,-91.1875
2025-03-27 12:10:00-04:00,-91.1875
2025-03-27 12:15:00-04:00,-91.1875
2025-03-27 12:20:00-04:00,-91.1875
2025-03-27 12:25:00-04:00,-91.1875
2025-03-27 12:30:00-04:00,-91.1875
2025-03-27 12:35:00-04:00,-91.1875
2025-03-27 12:40:00-04:00,-91.1875
2025-03-27 12:45:00-04:00,-91.1875
2025-03-27 12:50:00-04:00,-91.1875
2025-03-27 12:55:00-04:00,-91.1875
2025-03-27 13:00:00-04:00,-91.1875
2025-03-27 13:05:00-04:00,-91.1875
2025-03-27 13:10:00-04:00,-91.1875
2025-03-27 13:15:00-04:00,-91.1875
2025-03-27 13:20:00-04:00,-91.1875
2025-03-27 13:25:00-04:00,-91.1875
2025-03-27 13:30:00-04:00,-91.1875
2025-03-27 13:35:00-04:00,-91.1875
2025-03-27 13:40:00-04:00,-91.1875
2025-03-27 13:45:00-04:00,-91.1875
2025-03-27 13:50:00-04:00,-91.1875
2025-03-27 13:55:00-04:00,-91.1875
2025-03-27 14:00:00-04:00,-91.1875
2025-03-27 14:05:00-04:00,-91.1875
2025-03-27 14:10:00-04:00,-91.1875
2025-03-27 14:15:00-04:00,-91.1875
2025-03-27 14:20:00-04:00,-91.1875
2025-03-27 14:25:00-04:00,-91.1875
2025-03-27 14:30:00-04:00,-91.1875
2025-03-27 14:35:00-04:00,-91.1875
2025-03-27 14:40:00-04:00,-91.1875
2025-03-27 14:45:00-04:00,-91.1875
2025-03-27 14:50:00-04:00,-91.1875
2025-03-27 14:55:00-04:00,-91.1875
2025-03-27 15:00:00-04:00,-91.1875
2025-03-27 15:05:00-04:00,-91.1875
2025-03-27 15:10:00-04:00,-91.1875
2025-03-27 15:15:00-04:00,-91.1875
2025-03-27 15:20:00-04:00,-91.1875
2025-03-27 15:25:00-04:00,-91.1875
2025-03-27 15:30:00-04:00,-91.1875
2025-03-27 15:35:00-04:00,-91.1875
2025-03-27 15:40:00-04:00,-91.1875
2025-03-27 15:45:00-04:00,-91.1875
2025-03-27 15:50:00-04:00,-91.1875
2025-03-27 15:55:00-04:00,-91.1875
2025-03-28 09:30:00-04:00,0.0
2025-03-28 09:35:00-04:00,0.0
2025-03-28 09:40:00-04:00,0.0
2025-03-28 09:45:00-04:00,0.0
2025-03-28 09:50:00-04:00,0.0
2025-03-28 09:55:00-04:00,0.0
2025-03-28 10:00:00-04:00,0.0
2025-03-28 10:05:00-04:00,0.0
2025-03-28 10:10:00-04:00,0.0
2025-03-28 10:15:00-04:00,0.0
2025-03-28 10:20:00-04:00,0.0
2025-03-28 10:25:00-04:00,0.0
2025-03-28 10:30:00-04:00,0.0
2025-03-28 10:35:00-04:00,0.0
2025-03-28 10:40:00-04:00,0.0
2025-03-28 10:45:00-04:00,0.0
2025-03-28 10:50:00-04:00,0.0
2025-03-28 10:55:00-04:00,0.0
2025-03-28 11:00:00-04:00,0.0
2025-03-28 11:05:00-04:00,0.0
2025-03-28 11:10:00-04:00,0.0
2025-03-28 11:15:00-04:00,0.0
2025-03-28 11:20:00-04:00,0.0
2025-03-28 11:25:00-04:00,0.0
2025-03-28 11:30:00-04:00,0.0
2025-03-28 11:35:00-04:00,0.0
2025-03-28 11:40:00-04:00,0.0
2025-03-28 11:45:00-04:00,0.0
2025-03-28 11:50:00-04:00,0.0
2025-03-28 11:55:00-04:00,0.0
2025-03-28 12:00:00-04:00,0.0
2025-03-28 12:05:00-04:00,0.0
2025-03-28 12:10:00-04:00,0.0
2025-03-28 12:15:00-04:00,0.0
2025-03-28 12:20:00-04:00,0.0
2025-03-28 12:25:00-04:00,0.0
2025-03-28 12:30:00-04:00,0.0
2025-03-28 12:35:00-04:00,0.0
2025-03-28 12:40:00-04:00,0.0
2025-03-28 12:45:00-04:00,0.0
2025-03-28 12:50:00-04:00,0.0
2025-03-28 12:55:00-04:00,0.0
2025-03-28 13:00:00-04:00,0.0
2025-03-28 13:05:00-04:00,0.0
2025-03-28 13:10:00-04:00,0.0
2025-03-28 13:15:00-04:00,0.0
2025-03-28 13:20:00-04:00,0.0
2025-03-28 13:25:00-04:00,0.0
2025-03-28 13:30:00-04:00,0.0
2025-03-28 13:35:00-04:00,0.0
2025-03-28 13:40:00-04:00,0.0
2025-03-28 13:45:00-04:00,0.0
2025-03-28 13:50:00-04:00,0.0
2025-03-28 13:55:00-04:00,0.0
2025-03-28 14:00:00-04:00,0.0
2025-03-28 14:05:00-04:00,0.0
2025-03-28 14:10:00-04:00,0.0
2025-03-28 14:15:00-04:00,0.0
2025-03-28 14:20:00-04:00,0.0
2025-03-28 14:25:00-04:00,0.0
2025-03-28 14:30:00-04:00,0.0
2025-03-28 14:35:00-04:00,0.0
2025-03-28 14:40:00-04:00,0.0
2025-03-28 14:45:00-04:00,0.0
2025-03-28 14:50:00-04:00,0.0
2025-03-28 14:55:00-04:00,0.0
2025-03-28 15:00:00-04:00,0.0
2025-03-28 15:05:00-04:00,0.0
2025-03-28 15:10:00-04:00,0.0
2025-03-28 15:15:00-04:00,0.0
2025-03-28 15:20:00-04:00,0.0
2025-03-28 15:25:00-04:00,0.0
2025-03-28 15:30:00-04:00,0.0
2025-03-28 15:35:00-04:00,0.0
2025-03-28 15:40:00-04:00,0.0
2025-03-28 15:45:00-04:00,0.0
2025-03-28 15:50:00-04:00,0.0
2025-03-28 15:55:00-04:00,0.0
2025-03-31 09:30:00-04:00,0.0
2025-03-31 09:35:00-04:00,0.0
2025-03-31 09:40:00-04:00,0.0
2025-03-31 09:45:00-04:00,0.0
2025-03-31 09:50:00-04:00,0.0
2025-03-31 09:55:00-04:00,0.0
2025-03-31 10:00:00-04:00,-0.5
2025-03-31 10:05:00-04:00,-31.0
2025-03-31 10:10:00-04:00,-31.5
2025-03-31 10:15:00-04:00,-36.8125
2025-03-31 10:20:00-04:00,6.9375
2025-03-31 10:25:00-04:00,18.1875
2025-03-31 10:30:00-04:00,-62.0
2025-03-31 10:35:00-04:00,-62.5
2025-03-31 10:40:00-04:00,-80.9375
2025-03-31 10:45:00-04:00,-93.0
2025-03-31 10:50:00-04:00,-93.5
2025-03-31 10:55:00-04:00,-111.3125
2025-03-31 11:00:00-04:00,-124.0
2025-03-31 11:05:00-04:00,-124.5
2025-03-31 11:10:00-04:00,-146.375
2025-03-31 11:15:00-04:00,-146.375
2025-03-31 11:20:00-04:00,-155.0
2025-03-31 11:25:00-04:00,-155.5
2025-03-31 11:30:00-04:00,-141.0
2025-03-31 11:35:00-04:00,-141.0
2025-03-31 11:40:00-04:00,-141.0
2025-03-31 11:45:00-04:00,-141.0
2025-03-31 11:50:00-04:00,-141.0
2025-03-31 11:55:00-04:00,-141.0
2025-03-31 12:00:00-04:00,-141.0
2025-03-31 12:05:00-04:00,-141.0
2025-03-31 12:10:00-04:00,-141.0
2025-03-31 12:15:00-04:00,-141.0
2025-03-31 12:20:00-04:00,-141.0
2025-03-31 12:25:00-04:00,-141.0
2025-03-31 12:30:00-04:00,-141.0
2025-03-31 12:35:00-04:00,-141.0
2025-03-31 12:40:00-04:00,-141.0
2025-03-31 12:45:00-04:00,-141.0
2025-03-31 12:50:00-04:00,-141.0
2025-03-31 12:55:00-04:00,-141.0
2025-03-31 13:00:00-04:00,-141.0
2025-03-31 13:05:00-04:00,-141.0
2025-03-31 13:10:00-04:00,-141.0
2025-03-31 13:15:00-04:00,-141.0
2025-03-31 13:20:00-04:00,-141.0
2025-03-31 13:25:00-04:00,-141.0
2025-03-31 13:30:00-04:00,-141.0
2025-03-31 13:35:00-04:00,-141.0
2025-03-31 13:40:00-04:00,-141.0
2025-03-31 13:45:00-04:00,-141.0
2025-03-31 13:50:00-04:00,-141.0
2025-03-31 13:55:00-04:00,-141.0
2025-03-31 14:00:00-04:00,-141.0
2025-03-31 14:05:00-04:00,-141.0
2025-03-31 14:10:00-04:00,-141.0
2025-03-31 14:15:00-04:00,-141.0
2025-03-31 14:20:00-04:00,-141.0
2025-03-31 14:25:00-04:00,-141.0
2025-03-31 14:30:00-04:00,-141.0
2025-03-31 14:35:00-04:00,-141.0
2025-03-31 14:40:00-04:00,-141.0
2025-03-31 14:45:00-04:00,-141.0
2025-03-31 14:50:00-04:00,-141.0
2025-03-31 14:55:00-04:00,-141.0
2025-03-31 15:00:00-04:00,-141.0
2025-03-31 15:05:00-04:00,-141.0
2025-03-31 15:10:00-04:00,-141.0
2025-03-31 15:15:00-04:00,-141.0
2025-03-31 15:20:00-04:00,-141.0
2025-03-31 15:25:00-04:00,-141.0
2025-03-31 15:30:00-04:00,-141.0
2025-03-31 15:35:00-04:00,-141.0
2025-03-31 15:40:00-04:00,-141.0
2025-03-31 15:45:00-04:00,-141.0
2025-03-31 15:50:00-04:00,-141.0
2025-03-31 15:55:00-04:00,-141.0
2025-04-01 09:30:00-04:00,0.0
2025-04-01 09:35:00-04:00,0.0
2025-04-01 09:40:00-04:00,0.0
2025-04-01 09:45:00-04:00,0.0
2025-04-01 09:50:00-04:00,0.0
2025-04-01 09:55:00-04:00,0.0
2025-04-01 10:00:00-04:00,0.0
2025-04-01 10:05:00-04:00,0.0
2025-04-01 10:10:00-04:00,0.0
2025-04-01 10:15:00-04:00,0.0
2025-04-01 10:20:00-04:00,0.0
2025-04-01 10:25:00-04:00,0.0
2025-04-01 10:30:00-04:00,0.0
2025-04-01 10:35:00-04:00,0.0
2025-04-01 10:40:00-04:00,0.0
2025-04-01 10:45:00-04:00,0.0
2025-04-01 10:50:00-04:00,0.0
2025-04-01 10:55:00-04:00,0.0
2025-04-01 11:00:00-04:00,0.0
2025-04-01 11:05:00-04:00,0.0
2025-04-01 11:10:00-04:00,0.0
2025-04-01 11:15:00-04:00,0.0
2025-04-01 11:20:00-04:00,0.0
2025-04-01 11:25:00-04:00,0.0
2025-04-01 11:30:00-04:00,0.0
2025-04-01 11:35:00-04:00,0.0
2025-04-01 11:40:00-04:00,0.0
2025-04-01 11:45:00-04:00,0.0
2025-04-01 11:50:00-04:00,0.0
2025-04-01 11:55:00-04:00,0.0
2025-04-01 12:00:00-04:00,0.0
2025-04-01 12:05:00-04:00,0.0
2025-04-01 12:10:00-04:00,0.0
2025-04-01 12:15:00-04:00,0.0
2025-04-01 12:20:00-04:00,0.0
2025-04-01 12:25:00-04:00,0.0
2025-04-01 12:30:00-04:00,0.0
2025-04-01 12:35:00-04:00,0.0
2025-04-01 12:40:00-04:00,0.0
2025-04-01 12:45:00-04:00,0.0
2025-04-01 12:50:00-04:00,0.0
2025-04-01 12:55:00-04:00,0.0
2025-04-01 13:00:00-04:00,0.0
2025-04-01 13:05:00-04:00,0.0
2025-04-01 13:10:00-04:00,0.0
2025-04-01 13:15:00-04:00,0.0
2025-04-01 13:20:00-04:00,0.0
2025-04-01 13:25:00-04:00,0.0
2025-04-01 13:30:00-04:00,0.0
2025-04-01 13:35:00-04:00,0.0
2025-04-01 13:40:00-04:00,0.0
2025-04-01 13:45:00-04:00,0.0
2025-04-01 13:50:00-04:00,0.0
2025-04-01 13:55:00-04:00,0.0
2025-04-01 14:00:00-04:00,0.0
2025-04-01 14:05:00-04:00,0.0
2025-04-01 14:10:00-04:00,0.0
2025-04-01 14:15:00-04:00,0.0
2025-04-01 14:20:00-04:00,0.0
2025-04-01 14:25:00-04:00,0.0
2025-04-01 14:30:00-04:00,0.0
2025-04-01 14:35:00-04:00,0.0
2025-04-01 14:40:00-04:00,0.0
2025-04-01 14:45:00-04:00,0.0
2025-04-01 14:50:00-04:00,0.0
2025-04-01 14:55:00-04:00,0.0
2025-04-01 15:00:00-04:00,0.0
2025-04-01 15:05:00-04:00,0.0
2025-04-01 15:10:00-04:00,0.0
2025-04-01 15:15:00-04:00,0.0
2025-04-01 15:20:00-04:00,0.0
2025-04-01 15:25:00-04:00,0.0
2025-04-01 15:30:00-04:00,0.0
2025-04-01 15:35:00-04:00,0.0
2025-04-01 15:40:00-04:00,0.0
2025-04-01 15:45:00-04:00,0.0
2025-04-01 15:50:00-04:00,0.0
2025-04-01 15:55:00-04:00,0.0
2025-04-02 09:30:00-04:00,0.0
2025-04-02 09:35:00-04:00,0.0
2025-04-02 09:40:00-04:00,0.0
2025-04-02 09:45:00-04:00,0.0
2025-04-02 09:50:00-04:00,0.0
2025-04-02 09:55:00-04:00,0.0
2025-04-02 10:00:00-04:00,0.0
2025-04-02 10:05:00-04:00,0.0
2025-04-02 10:10:00-04:00,0.0
2025-04-02 10:15:00-04:00,0.0
2025-04-02 10:20:00-04:00,0.0
2025-04-02 10:25:00-04:00,0.0
2025-04-02 10:30:00-04:00,0.0
2025-04-02 10:35:00-04:00,0.0
2025-04-02 10:40:00-04:00,0.0
2025-04-02 10:45:00-04:00,0.0
2025-04-02 10:50:00-04:00,0.0
2025-04-02 10:55:00-04:00,0.0
2025-04-02 11:00:00-04:00,0.0
2025-04-02 11:05:00-04:00,0.0
2025-04-02 11:10:00-04:00,0.0
2025-04-02 11:15:00-04:00,0.0
2025-04-02 11:20:00-04:00,0.0
2025-04-02 11:25:00-04:00,0.0
2025-04-02 11:30:00-04:00,0.0
2025-04-02 11:35:00-04:00,0.0
2025-04-02 11:40:00-04:00,0.0
2025-04-02 11:45:00-04:00,0.0
2025-04-02 11:50:00-04:00,0.0
2025-04-02 11:55:00-04:00,0.0
2025-04-02 12:00:00-04:00,0.0
2025-04-02 12:05:00-04:00,0.0
2025-04-02 12:10:00-04:00,0.0
2025-04-02 12:15:00-04:00,0.0
2025-04-02 12:20:00-04:00,0.0
2025-04-02 12:25:00-04:00,0.0
2025-04-02 12:30:00-04:00,0.0
2025-04-02 12:35:00-04:00,0.0
2025-04-02 12:40:00-04:00,0.0
2025-04-02 12:45:00-04:00,0.0
2025-04-02 12:50:00-04:00,0.0
2025-04-02 12:55:00-04:00,0.0
2025-04-02 13:00:00-04:00,0.0
2025-04-02 13:05:00-04:00,0.0
2025-04-02 13:10:00-04:00,0.0
2025-04-02 13:15:00-04:00,0.0
2025-04-02 13:20:00-04:00,0.0
2025-04-02 13:25:00-04:00,0.0
2025-04-02 13:30:00-04:00,0.0
2025-04-02 13:35:00-04:00,0.0
2025-04-02 13:40:00-04:00,0.0
2025-04-02 13:45:00-04:00,0.0
2025-04-02 13:50:00-04:00,0.0
2025-04-02 13:55:00-04:00,0.0
2025-04-02 14:00:00-04:00,0.0
2025-04-02 14:05:00-04:00,0.0
2025-04-02 14:10:00-04:00,0.0
2025-04-02 14:15:00-04:00,0.0
2025-04-02 14:20:00-04:00,0.0
2025-04-02 14:25:00-04:00,0.0
2025-04-02 14:30:00-04:00,0.0
2025-04-02 14:35:00-04:00,0.0
2025-04-02 14:40:00-04:00,0.0
2025-04-02 14:45:00-04:00,0.0
2025-04-02 14:50:00-04:00,0.0
2025-04-02 14:55:00-04:00,0.0
2025-04-02 15:00:00-04:00,0.0
2025-04-02 15:05:00-04:00,0.0
2025-04-02 15:10:00-04:00,0.0
2025-04-02 15:15:00-04:00,0.0
2025-04-02 15:20:00-04:00,0.0
2025-04-02 15:25:00-04:00,0.0
2025-04-02 15:30:00-04:00,0.0
2025-04-02 15:35:00-04:00,0.0
2025-04-02 15:40:00-04:00,0.0
2025-04-02 15:45:00-04:00,0.0
2025-04-02 15:50:00-04:00,0.0
2025-04-02 15:55:00-04:00,0.0
2025-04-03 09:30:00-04:00,0.0
2025-04-03 09:35:00-04:00,0.0
2025-04-03 09:40:00-04:00,0.0
2025-04-03 09:45:00-04:00,0.0
2025-04-03 09:50:00-04:00,0.0
2025-04-03 09:55:00-04:00,0.0
2025-04-03 10:00:00-04:00,0.0
2025-04-03 10:05:00-04:00,0.0
2025-04-03 10:10:00-04:00,0.0
2025-04-03 10:15:00-04:00,0.0
2025-04-03 10:20:00-04:00,0.0
2025-04-03 10:25:00-04:00,0.0
2025-04-03 10:30:00-04:00,0.0
2025-04-03 10:35:00-04:00,0.0
2025-04-03 10:40:00-04:00,0.0
2025-04-03 10:45:00-04:00,0.0
2025-04-03 10:50:00-04:00,0.0
2025-04-03 10:55:00-04:00,0.0
2025-04-03 11:00:00-04:00,0.0
2025-04-03 11:05:00-04:00,0.0
2025-04-03 11:10:00-04:00,0.0
2025-04-03 11:15:00-04:00,0.0
2025-04-03 11:20:00-04:00,0.0
2025-04-03 11:25:00-04:00,0.0
2025-04-03 11:30:00-04:00,0.0
2025-04-03 11:35:00-04:00,0.0
2025-04-03 11:40:00-04:00,0.0
2025-04-03 11:45:00-04:00,0.0
2025-04-03 11:50:00-04:00,0.0
2025-04-03 11:55:00-04:00,0.0
2025-04-03 12:00:00-04:00,0.0
2025-04-03 12:05:00-04:00,0.0
2025-04-03 12:10:00-04:00,0.0
2025-04-03 12:15:00-04:00,0.0
2025-04-03 12:20:00-04:00,0.0
2025-04-03 12:25:00-04:00,0.0
2025-04-03 12:30:00-04:00,0.0
2025-04-03 12:35:00-04:00,0.0
2025-04-03 12:40:00-04:00,0.0
2025-04-03 12:45:00-04:00,0.0
2025-04-03 12:50:00-04:00,0.0
2025-04-03 12:55:00-04:00,0.0
2025-04-03 13:00:00-04:00,0.0
2025-04-03 13:05:00-04:00,0.0
2025-04-03 13:10:00-04:00,0.0
2025-04-03 13:15:00-04:00,0.0
2025-04-03 13:20:00-04:00,0.0
2025-04-03 13:25:00-04:00,0.0
2025-04-03 13:30:00-04:00,0.0
2025-04-03 13:35:00-04:00,0.0
2025-04-03 13:40:00-04:00,0.0
2025-04-03 13:45:00-04:00,0.0
2025-04-03 13:50:00-04:00,0.0
2025-04-03 13:55:00-04:00,0.0
2025-04-03 14:00:00-04:00,0.0
2025-04-03 14:05:00-04:00,0.0
2025-04-03 14:10:00-04:00,0.0
2025-04-03 14:15:00-04:00,0.0
2025-04-03 14:20:00-04:00,0.0
2025-04-03 14:25:00-04:00,0.0
2025-04-03 14:30:00-04:00,0.0
2025-04-03 14:35:00-04:00,0.0
2025-04-03 14:40:00-04:00,0.0
2025-04-03 14:45:00-04:00,0.0
2025-04-03 14:50:00-04:00,0.0
2025-04-03 14:55:00-04:00,0.0
2025-04-03 15:00:00-04:00,0.0
2025-04-03 15:05:00-04:00,0.0
2025-04-03 15:10:00-04:00,0.0
2025-04-03 15:15:00-04:00,0.0
2025-04-03 15:20:00-04:00,0.0
2025-04-03 15:25:00-04:00,0.0
2025-04-03 15:30:00-04:00,0.0
2025-04-03 15:35:00-04:00,0.0
2025-04-03 15:40:00-04:00,0.0
2025-04-03 15:45:00-04:00,0.0
2025-04-03 15:50:00-04:00,0.0
2025-04-03 15:55:00-04:00,0.0
2025-04-04 09:30:00-04:00,0.0
2025-04-04 09:35:00-04:00,0.0
2025-04-04 09:40:00-04:00,0.0
2025-04-04 09:45:00-04:00,0.0
2025-04-04 09:50:00-04:00,0.0
2025-04-04 09:55:00-04:00,0.0
2025-04-04 10:00:00-04:00,0.0
2025-04-04 10:05:00-04:00,0.0
2025-04-04 10:10:00-04:00,0.0
2025-04-04 10:15:00-04:00,0.0
2025-04-04 10:20:00-04:00,0.0
2025-04-04 10:25:00-04:00,0.0
2025-04-04 10:30:00-04:00,0.0
2025-04-04 10:35:00-04:00,0.0
2025-04-04 10:40:00-04:00,0.0
2025-04-04 10:45:00-04:00,0.0
2025-04-04 10:50:00-04:00,0.0
2025-04-04 10:55:00-04:00,0.0
2025-04-04 11:00:00-04:00,-0.5
2025-04-04 11:05:00-04:00,-31.0
2025-04-04 11:10:00-04:00,-31.5
2025-04-04 11:15:00-04:00,-62.0
2025-04-04 11:20:00-04:00,-62.5
2025-04-04 11:25:00-04:00,-93.0
2025-04-04 11:30:00-04:00,-93.0
2025-04-04 11:35:00-04:00,-93.0
2025-04-04 11:40:00-04:00,-93.0
2025-04-04 11:45:00-04:00,-93.0
2025-04-04 11:50:00-04:00,-93.0
2025-04-04 11:55:00-04:00,-93.0
2025-04-04 12:00:00-04:00,-93.0
2025-04-04 12:05:00-04:00,-93.0
2025-04-04 12:10:00-04:00,-93.0
2025-04-04 12:15:00-04:00,-93.0
2025-04-04 12:20:00-04:00,-93.0
2025-04-04 12:25:00-04:00,-93.0
2025-04-04 12:30:00-04:00,-93.0
2025-04-04 12:35:00-04:00,-93.0
2025-04-04 12:40:00-04:00,-93.0
2025-04-04 12:45:00-04:00,-93.0
2025-04-04 12:50:00-04:00,-93.0
2025-04-04 12:55:00-04:00,-93.0
2025-04-04 13:00:00-04:00,-93.0
2025-04-04 13:05:00-04:00,-93.0
2025-04-04 13:10:00-04:00,-93.0
2025-04-04 13:15:00-04:00,-93.0
2025-04-04 13:20:00-04:00,-93.0
2025-04-04 13:25:00-04:00,-93.0
2025-04-04 13:30:00-04:00,-93.0
2025-04-04 13:35:00-04:00,-93.0
2025-04-04 13:40:00-04:00,-93.0
2025-04-04 13:45:00-04:00,-93.0
2025-04-04 13:50:00-04:00,-93.0
2025-04-04 13:55:00-04:00,-93.0
2025-04-04 14:00:00-04:00,-93.0
2025-04-04 14:05:00-04:00,-93.0
2025-04-04 14:10:00-04:00,-93.0
2025-04-04 14:15:00-04:00,-93.0
2025-04-04 14:20:00-04:00,-93.0
2025-04-04 14:25:00-04:00,-93.0
2025-04-04 14:30:00-04:00,-93.0
2025-04-04 14:35:00-04:00,-93.0
2025-04-04 14:40:00-04:00,-93.0
2025-04-04 14:45:00-04:00,-93.0
2025-04-04 14:50:00-04:00,-93.0
2025-04-04 14:55:00-04:00,-93.0
2025-04-04 15:00:00-04:00,-93.0
2025-04-04 15:05:00-04:00,-93.0
2025-04-04 15:10:00-04:00,-93.0
2025-04-04 15:15:00-04:00,-93.0
2025-04-04 15:20:00-04:00,-93.0
2025-04-04 15:25:00-04:00,-93.0
2025-04-04 15:30:00-04:00,-93.0
2025-04-04 15:35:00-04:00,-93.0
2025-04-04 15:40:00-04:00,-93.0
2025-04-04 15:45:00-04:00,-93.0
2025-04-04 15:50:00-04:00,-93.0
2025-04-04 15:55:00-04:00,-93.0
2025-04-07 09:30:00-04:00,0.0
2025-04-07 09:35:00-04:00,0.0
2025-04-07 09:40:00-04:00,0.0
2025-04-07 09:45:00-04:00,0.0
2025-04-07 09:50:00-04:00,0.0
2025-04-07 09:55:00-04:00,0.0
2025-04-07 10:00:00-04:00,0.0
2025-04-07 10:05:00-04:00,0.0
2025-04-07 10:10:00-04:00,0.0
2025-04-07 10:15:00-04:00,0.0
2025-04-07 10:20:00-04:00,0.0
2025-04-07 10:25:00-04:00,0.0
2025-04-07 10:30:00-04:00,0.0
2025-04-07 10:35:00-04:00,0.0
2025-04-07 10:40:00-04:00,0.0
2025-04-07 10:45:00-04:00,0.0
2025-04-07 10:50:00-04:00,0.0
2025-04-07 10:55:00-04:00,0.0
2025-04-07 11:00:00-04:00,0.0
2025-04-07 11:05:00-04:00,0.0
2025-04-07 11:10:00-04:00,0.0
2025-04-07 11:15:00-04:00,0.0
2025-04-07 11:20:00-04:00,0.0
2025-04-07 11:25:00-04:00,0.0
2025-04-07 11:30:00-04:00,0.0
2025-04-07 11:35:00-04:00,0.0
2025-04-07 11:40:00-04:00,0.0
2025-04-07 11:45:00-04:00,0.0
2025-04-07 11:50:00-04:00,0.0
2025-04-07 11:55:00-04:00,0.0
2025-04-07 12:00:00-04:00,0.0
2025-04-07 12:05:00-04:00,0.0
2025-04-07 12:10:00-04:00,0.0
2025-04-07 12:15:00-04:00,0.0
2025-04-07 12:20:00-04:00,0.0
2025-04-07 12:25:00-04:00,0.0
2025-04-07 12:30:00-04:00,0.0
2025-04-07 12:35:00-04:00,0.0
2025-04-07 12:40:00-04:00,0.0
2025-04-07 12:45:00-04:00,0.0
2025-04-07 12:50:00-04:00,0.0
2025-04-07 12:55:00-04:00,0.0
2025-04-07 13:00:00-04:00,0.0
2025-04-07 13:05:00-04:00,0.0
2025-04-07 13:10:00-04:00,0.0
2025-04-07 13:15:00-04:00,0.0
2025-04-07 13:20:00-04:00,0.0
2025-04-07 13:25:00-04:00,0.0
2025-04-07 13:30:00-04:00,0.0
2025-04-07 13:35:00-04:00,0.0
2025-04-07 13:40:00-04:00,0.0
2025-04-07 13:45:00-04:00,0.0
2025-04-07 13:50:00-04:00,0.0
2025-04-07 13:55:00-04:00,0.0
2025-04-07 14:00:00-04:00,0.0
2025-04-07 14:05:00-04:00,0.0
2025-04-07 14:10:00-04:00,0.0
2025-04-07 14:15:00-04:00,0.0
2025-04-07 14:20:00-04:00,0.0
2025-04-07 14:25:00-04:00,0.0
2025-04-07 14:30:00-04:00,0.0
2025-04-07 14:35:00-04:00,0.0
2025-04-07 14:40:00-04:00,0.0
2025-04-07 14:45:00-04:00,0.0
2025-04-07 14:50:00-04:00,0.0
2025-04-07 14:55:00-04:00,0.0
2025-04-07 15:00:00-04:00,0.0
2025-04-07 15:05:00-04:00,0.0
2025-04-07 15:10:00-04:00,0.0
2025-04-07 15:15:00-04:00,0.0
2025-04-07 15:20:00-04:00,0.0
2025-04-07 15:25:00-04:00,0.0
2025-04-07 15:30:00-04:00,0.0
2025-04-07 15:35:00-04:00,0.0
2025-04-07 15:40:00-04:00,0.0
2025-04-07 15:45:00-04:00,0.0
2025-04-07 15:50:00-04:00,0.0
2025-04-07 15:55:00-04:00,0.0
2025-04-08 09:30:00-04:00,0.0
2025-04-08 09:35:00-04:00,0.0
2025-04-08 09:40:00-04:00,0.0
2025-04-08 09:45:00-04:00,0.0
2025-04-08 09:50:00-04:00,0.0
2025-04-08 09:55:00-04:00,0.0
2025-04-08 10:00:00-04:00,0.0
2025-04-08 10:05:00-04:00,0.0
2025-04-08 10:10:00-04:00,0.0
2025-04-08 10:15:00-04:00,0.0
2025-04-08 10:20:00-04:00,0.0
2025-04-08 10:25:00-04:00,0.0
2025-04-08 10:30:00-04:00,0.0
2025-04-08 10:35:00-04:00,0.0
2025-04-08 10:40:00-04:00,0.0
2025-04-08 10:45:00-04:00,0.0
2025-04-08 10:50:00-04:00,0.0
2025-04-08 10:55:00-04:00,0.0
2025-04-08 11:00:00-04:00,0.0
2025-04-08 11:05:00-04:00,0.0
2025-04-08 11:10:00-04:00,0.0
2025-04-08 11:15:00-04:00,0.0
2025-04-08 11:20:00-04:00,0.0
2025-04-08 11:25:00-04:00,0.0
2025-04-08 11:30:00-04:00,0.0
2025-04-08 11:35:00-04:00,0.0
2025-04-08 11:40:00-04:00,0.0
2025-04-08 11:45:00-04:00,0.0
2025-04-08 11:50:00-04:00,0.0
2025-04-08 11:55:00-04:00,0.0
2025-04-08 12:00:00-04:00,0.0
2025-04-08 12:05:00-04:00,0.0
2025-04-08 12:10:00-04:00,0.0
2025-04-08 12:15:00-04:00,0.0
2025-04-08 12:20:00-04:00,0.0
2025-04-08 12:25:00-04:00,0.0
2025-04-08 12:30:00-04:00,0.0
2025-04-08 12:35:00-04:00,0.0
2025-04-08 12:40:00-04:00,0.0
2025-04-08 12:45:00-04:00,0.0
2025-04-08 12:50:00-04:00,0.0
2025-04-08 12:55:00-04:00,0.0
2025-04-08 13:00:00-04:00,0.0
2025-04-08 13:05:00-04:00,0.0
2025-04-08 13:10:00-04:00,0.0
2025-04-08 13:15:00-04:00,0.0
2025-04-08 13:20:00-04:00,0.0
2025-04-08 13:25:00-04:00,0.0
2025-04-08 13:30:00-04:00,0.0
2025-04-08 13:35:00-04:00,0.0
2025-04-08 13:40:00-04:00,0.0
2025-04-08 13:45:00-04:00,0.0
2025-04-08 13:50:00-04:00,0.0
2025-04-08 13:55:00-04:00,0.0
2025-04-08 14:00:00-04:00,0.0
2025-04-08 14:05:00-04:00,0.0
2025-04-08 14:10:00-04:00,0.0
2025-04-08 14:15:00-04:00,0.0
2025-04-08 14:20:00-04:00,0.0
2025-04-08 14:25:00-04:00,0.0
2025-04-08 14:30:00-04:00,0.0
2025-04-08 14:35:00-04:00,0.0
2025-04-08 14:40:00-04:00,0.0
2025-04-08 14:45:00-04:00,0.0
2025-04-08 14:50:00-04:00,0.0
2025-04-08 14:55:00-04:00,0.0
2025-04-08 15:00:00-04:00,0.0
2025-04-08 15:05:00-04:00,0.0
2025-04-08 15:10:00-04:00,0.0
2025-04-08 15:15:00-04:00,0.0
2025-04-08 15:20:00-04:00,0.0
2025-04-08 15:25:00-04:00,0.0
2025-04-08 15:30:00-04:00,0.0
2025-04-08 15:35:00-04:00,0.0
2025-04-08 15:40:00-04:00,0.0
2025-04-08 15:45:00-04:00,0.0
2025-04-08 15:50:00-04:00,0.0
2025-04-08 15:55:00-04:00,0.0
2025-04-09 09:30:00-04:00,0.0
2025-04-09 09:35:00-04:00,0.0
2025-04-09 09:40:00-04:00,0.0
2025-04-09 09:45:00-04:00,0.0
2025-04-09 09:50:00-04:00,0.0
2025-04-09 09:55:00-04:00,0.0
2025-04-09 10:00:00-04:00,-0.5
2025-04-09 10:05:00-04:00,-31.0
2025-04-09 10:10:00-04:00,-31.5
2025-04-09 10:15:00-04:00,-62.0
2025-04-09 10:20:00-04:00,-62.5
2025-04-09 10:25:00-04:00,-93.0
2025-04-09 10:30:00-04:00,-93.5
2025-04-09 10:35:00-04:00,-124.0
2025-04-09 10:40:00-04:00,-124.5
2025-04-09 10:45:00-04:00,-155.0
2025-04-09 10:50:00-04:00,-155.5
2025-04-09 10:55:00-04:00,-146.4375
2025-04-09 11:00:00-04:00,-161.4375
2025-04-09 11:05:00-04:00,-186.0
2025-04-09 11:10:00-04:00,-186.5
2025-04-09 11:15:00-04:00,-217.0
2025-04-09 11:20:00-04:00,-217.5
2025-04-09 11:25:00-04:00,-248.0
2025-04-09 11:30:00-04:00,-248.0
2025-04-09 11:35:00-04:00,-248.0
2025-04-09 11:40:00-04:00,-248.0
2025-04-09 11:45:00-04:00,-248.0
2025-04-09 11:50:00-04:00,-248.0
2025-04-09 11:55:00-04:00,-248.0
2025-04-09 12:00:00-04:00,-248.0
2025-04-09 12:05:00-04:00,-248.0
2025-04-09 12:10:00-04:00,-248.0
2025-04-09 12:15:00-04:00,-248.0
2025-04-09 12:20:00-04:00,-248.0
2025-04-09 12:25:00-04:00,-248.0
2025-04-09 12:30:00-04:00,-248.0
2025-04-09 12:35:00-04:00,-248.0
2025-04-09 12:40:00-04:00,-248.0
2025-04-09 12:45:00-04:00,-248.0
2025-04-09 12:50:00-04:00,-248.0
2025-04-09 12:55:00-04:00,-248.0
2025-04-09 13:00:00-04:00,-248.0
2025-04-09 13:05:00-04:00,-248.0
2025-04-09 13:10:00-04:00,-248.0
2025-04-09 13:15:00-04:00,-248.0
2025-04-09 13:20:00-04:00,-248.0
2025-04-09 13:25:00-04:00,-248.0
2025-04-09 13:30:00-04:00,-248.0
2025-04-09 13:35:00-04:00,-248.0
2025-04-09 13:40:00-04:00,-248.0
2025-04-09 13:45:00-04:00,-248.0
2025-04-09 13:50:00-04:00,-248.0
2025-04-09 13:55:00-04:00,-248.0
2025-04-09 14:00:00-04:00,-248.0
2025-04-09 14:05:00-04:00,-248.0
2025-04-09 14:10:00-04:00,-248.0
2025-04-09 14:15:00-04:00,-248.0
2025-04-09 14:20:00-04:00,-248.0
2025-04-09 14:25:00-04:00,-248.0
2025-04-09 14:30:00-04:00,-248.0
2025-04-09 14:35:00-04:00,-248.0
2025-04-09 14:40:00-04:00,-248.0
2025-04-09 14:45:00-04:00,-248.0
2025-04-09 14:50:00-04:00,-248.0
2025-04-09 14:55:00-04:00,-248.0
2025-04-09 15:00:00-04:00,-248.0
2025-04-09 15:05:00-04:00,-248.0
2025-04-09 15:10:00-04:00,-248.0
2025-04-09 15:15:00-04:00,-248.0
2025-04-09 15:20:00-04:00,-248.0
2025-04-09 15:25:00-04:00,-248.0
2025-04-09 15:30:00-04:00,-248.0
2025-04-09 15:35:00-04:00,-248.0
2025-04-09 15:40:00-04:00,-248.0
2025-04-09 15:45:00-04:00,-248.0
2025-04-09 15:50:00-04:00,-248.0
2025-04-09 15:55:00-04:00,-248.0
2025-04-10 09:30:00-04:00,0.0
2025-04-10 09:35:00-04:00,0.0
2025-04-10 09:40:00-04:00,0.0
2025-04-10 09:45:00-04:00,0.0
2025-04-10 09:50:00-04:00,0.0
2025-04-10 09:55:00-04:00,0.0
2025-04-10 10:00:00-04:00,-0.5
2025-04-10 10:05:00-04:00,-31.0
2025-04-10 10:10:00-04:00,-31.5
2025-04-10 10:15:00-04:00,-62.0
2025-04-10 10:20:00-04:00,-62.5
2025-04-10 10:25:00-04:00,-93.0
2025-04-10 10:30:00-04:00,-93.5
2025-04-10 10:35:00-04:00,-71.625
2025-04-10 10:40:00-04:00,-86.625
2025-04-10 10:45:00-04:00,-124.0
2025-04-10 10:50:00-04:00,-124.5
2025-04-10 10:55:00-04:00,-155.0
2025-04-10 11:00:00-04:00,-155.5
2025-04-10 11:05:00-04:00,-167.6875
2025-04-10 11:10:00-04:00,-167.6875
2025-04-10 11:15:00-04:00,-186.0
2025-04-10 11:20:00-04:00,-186.5
2025-04-10 11:25:00-04:00,-217.0
2025-04-10 11:30:00-04:00,-217.0
2025-04-10 11:35:00-04:00,-217.0
2025-04-10 11:40:00-04:00,-217.0
2025-04-10 11:45:00-04:00,-217.0
2025-04-10 11:50:00-04:00,-217.0
2025-04-10 11:55:00-04:00,-217.0
2025-04-10 12:00:00-04:00,-217.0
2025-04-10 12:05:00-04:00,-217.0
2025-04-10 12:10:00-04:00,-217.0
2025-04-10 12:15:00-04:00,-217.0
2025-04-10 12:20:00-04:00,-217.0
2025-04-10 12:25:00-04:00,-217.0
2025-04-10 12:30:00-04:00,-217.0
2025-04-10 12:35:00-04:00,-217.0
2025-04-10 12:40:00-04:00,-217.0
2025-04-10 12:45:00-04:00,-217.0
2025-04-10 12:50:00-04:00,-217.0
2025-04-10 12:55:00-04:00,-217.0
2025-04-10 13:00:00-04:00,-217.0
2025-04-10 13:05:00-04:00,-217.0
2025-04-10 13:10:00-04:00,-217.0
2025-04-10 13:15:00-04:00,-217.0
2025-04-10 13:20:00-04:00,-217.0
2025-04-10 13:25:00-04:00,-217.0
2025-04-10 13:30:00-04:00,-217.0
2025-04-10 13:35:00-04:00,-217.0
2025-04-10 13:40:00-04:00,-217.0
2025-04-10 13:45:00-04:00,-217.0
2025-04-10 13:50:00-04:00,-217.0
2025-04-10 13:55:00-04:00,-217.0
2025-04-10 14:00:00-04:00,-217.0
2025-04-10 14:05:00-04:00,-217.0
2025-04-10 14:10:00-04:00,-217.0
2025-04-10 14:15:00-04:00,-217.0
2025-04-10 14:20:00-04:00,-217.0
2025-04-10 14:25:00-04:00,-217.0
2025-04-10 14:30:00-04:00,-217.0
2025-04-10 14:35:00-04:00,-217.0
2025-04-10 14:40:00-04:00,-217.0
2025-04-10 14:45:00-04:00,-217.0
2025-04-10 14:50:00-04:00,-217.0
2025-04-10 14:55:00-04:00,-217.0
2025-04-10 15:00:00-04:00,-217.0
2025-04-10 15:05:00-04:00,-217.0
2025-04-10 15:10:00-04:00,-217.0
2025-04-10 15:15:00-04:00,-217.0
2025-04-10 15:20:00-04:00,-217.0
2025-04-10 15:25:00-04:00,-217.0
2025-04-10 15:30:00-04:00,-217.0
2025-04-10 15:35:00-04:00,-217.0
2025-04-10 15:40:00-04:00,-217.0
2025-04-10 15:45:00-04:00,-217.0
2025-04-10 15:50:00-04:00,-217.0
2025-04-10 15:55:00-04:00,-217.0
2025-04-11 09:30:00-04:00,0.0
2025-04-11 09:35:00-04:00,0.0
2025-04-11 09:40:00-04:00,0.0
2025-04-11 09:45:00-04:00,0.0
2025-04-11 09:50:00-04:00,0.0
2025-04-11 09:55:00-04:00,0.0
2025-04-11 10:00:00-04:00,0.0
2025-04-11 10:05:00-04:00,0.0
2025-04-11 10:10:00-04:00,0.0
2025-04-11 10:15:00-04:00,-0.5
2025-04-11 10:20:00-04:00,-31.0
2025-04-11 10:25:00-04:00,-31.5
2025-04-11 10:30:00-04:00,-62.0
2025-04-11 10:35:00-04:00,-62.5
2025-04-11 10:40:00-04:00,-93.0
2025-04-11 10:45:00-04:00,-93.5
2025-04-11 10:50:00-04:00,-124.0
2025-04-11 10:55:00-04:00,-124.5
2025-04-11 11:00:00-04:00,-155.0
2025-04-11 11:05:00-04:00,-155.0
2025-04-11 11:10:00-04:00,-155.0
2025-04-11 11:15:00-04:00,-155.0
2025-04-11 11:20:00-04:00,-155.0
2025-04-11 11:25:00-04:00,-155.0
2025-04-11 11:30:00-04:00,-155.0
2025-04-11 11:35:00-04:00,-155.0
2025-04-11 11:40:00-04:00,-155.0
2025-04-11 11:45:00-04:00,-155.0
2025-04-11 11:50:00-04:00,-155.0
2025-04-11 11:55:00-04:00,-155.0
2025-04-11 12:00:00-04:00,-155.0
2025-04-11 12:05:00-04:00,-155.0
2025-04-11 12:10:00-04:00,-155.0
2025-04-11 12:15:00-04:00,-155.0
2025-04-11 12:20:00-04:00,-155.0
2025-04-11 12:25:00-04:00,-155.0
2025-04-11 12:30:00-04:00,-155.0
2025-04-11 12:35:00-04:00,-155.0
2025-04-11 12:40:00-04:00,-155.0
2025-04-11 12:45:00-04:00,-155.0
2025-04-11 12:50:00-04:00,-155.0
2025-04-11 12:55:00-04:00,-155.0
2025-04-11 13:00:00-04:00,-155.0
2025-04-11 13:05:00-04:00,-155.0
2025-04-11 13:10:00-04:00,-155.0
2025-04-11 13:15:00-04:00,-155.0
2025-04-11 13:20:00-04:00,-155.0
2025-04-11 13:25:00-04:00,-155.0
2025-04-11 13:30:00-04:00,-155.0
2025-04-11 13:35:00-04:00,-155.0
2025-04-11 13:40:00-04:00,-155.0
2025-04-11 13:45:00-04:00,-155.0
2025-04-11 13:50:00-04:00,-155.0
2025-04-11 13:55:00-04:00,-155.0
2025-04-11 14:00:00-04:00,-155.0
2025-04-11 14:05:00-04:00,-155.0
2025-04-11 14:10:00-04:00,-155.0
2025-04-11 14:15:00-04:00,-155.0
2025-04-11 14:20:00-04:00,-155.0
2025-04-11 14:25:00-04:00,-155.0
2025-04-11 14:30:00-04:00,-155.0
2025-04-11 14:35:00-04:00,-155.0
2025-04-11 14:40:00-04:00,-155.0
2025-04-11 14:45:00-04:00,-155.0
2025-04-11 14:50:00-04:00,-155.0
2025-04-11 14:55:00-04:00,-155.0
2025-04-11 15:00:00-04:00,-155.0
2025-04-11 15:05:00-04:00,-155.0
2025-04-11 15:10:00-04:00,-155.0
2025-04-11 15:15:00-04:00,-155.0
2025-04-11 15:20:00-04:00,-155.0
2025-04-11 15:25:00-04:00,-155.0
2025-04-11 15:30:00-04:00,-155.0
2025-04-11 15:35:00-04:00,-155.0
2025-04-11 15:40:00-04:00,-155.0
2025-04-11 15:45:00-04:00,-155.0
2025-04-11 15:50:00-04:00,-155.0
2025-04-11 15:55:00-04:00,-155.0
2025-04-14 09:30:00-04:00,0.0
2025-04-14 09:35:00-04:00,0.0
2025-04-14 09:40:00-04:00,0.0
2025-04-14 09:45:00-04:00,0.0
2025-04-14 09:50:00-04:00,0.0
2025-04-14 09:55:00-04:00,0.0
2025-04-14 10:00:00-04:00,0.0
2025-04-14 10:05:00-04:00,0.0
2025-04-14 10:10:00-04:00,-0.5
2025-04-14 10:15:00-04:00,-31.0
2025-04-14 10:20:00-04:00,-31.5
2025-04-14 10:25:00-04:00,-48.0625
2025-04-14 10:30:00-04:00,0.6875
2025-04-14 10:35:00-04:00,6.9375
2025-04-14 10:40:00-04:00,19.4375
2025-04-14 10:45:00-04:00,15.6875
2025-04-14 10:50:00-04:00,66.9375
2025-04-14 10:55:00-04:00,29.4375
2025-04-14 11:00:00-04:00,-0.5625
2025-04-14 11:05:00-04:00,-43.0625
2025-04-14 11:10:00-04:00,-58.0625
2025-04-14 11:15:00-04:00,-62.0
2025-04-14 11:20:00-04:00,-62.5
2025-04-14 11:25:00-04:00,-93.0
2025-04-14 11:30:00-04:00,-93.0
2025-04-14 11:35:00-04:00,-93.0
2025-04-14 11:40:00-04:00,-93.0
2025-04-14 11:45:00-04:00,-93.0
2025-04-14 11:50:00-04:00,-93.0
2025-04-14 11:55:00-04:00,-93.0
2025-04-14 12:00:00-04:00,-93.0
2025-04-14 12:05:00-04:00,-93.0
2025-04-14 12:10:00-04:00,-93.0
2025-04-14 12:15:00-04:00,-93.0
2025-04-14 12:20:00-04:00,-93.0
2025-04-14 12:25:00-04:00,-93.0
2025-04-14 12:30:00-04:00,-93.0
2025-04-14 12:35:00-04:00,-93.0
2025-04-14 12:40:00-04:00,-93.0
2025-04-14 12:45:00-04:00,-93.0
2025-04-14 12:50:00-04:00,-93.0
2025-04-14 12:55:00-04:00,-93.0
2025-04-14 13:00:00-04:00,-93.0
2025-04-14 13:05:00-04:00,-93.0
2025-04-14 13:10:00-04:00,-93.0
2025-04-14 13:15:00-04:00,-93.0
2025-04-14 13:20:00-04:00,-93.0
2025-04-14 13:25:00-04:00,-93.0
2025-04-14 13:30:00-04:00,-93.0
2025-04-14 13:35:00-04:00,-93.0
2025-04-14 13:40:00-04:00,-93.0
2025-04-14 13:45:00-04:00,-93.0
2025-04-14 13:50:00-04:00,-93.0
2025-04-14 13:55:00-04:00,-93.0
2025-04-14 14:00:00-04:00,-93.0
2025-04-14 14:05:00-04:00,-93.0
2025-04-14 14:10:00-04:00,-93.0
2025-04-14 14:15:00-04:00,-93.0
2025-04-14 14:20:00-04:00,-93.0
2025-04-14 14:25:00-04:00,-93.0
2025-04-14 14:30:00-04:00,-93.0
2025-04-14 14:35:00-04:00,-93.0
2025-04-14 14:40:00-04:00,-93.0
2025-04-14 14:45:00-04:00,-93.0
2025-04-14 14:50:00-04:00,-93.0
2025-04-14 14:55:00-04:00,-93.0
2025-04-14 15:00:00-04:00,-93.0
2025-04-14 15:05:00-04:00,-93.0
2025-04-14 15:10:00-04:00,-93.0
2025-04-14 15:15:00-04:00,-93.0
2025-04-14 15:20:00-04:00,-93.0
2025-04-14 15:25:00-04:00,-93.0
2025-04-14 15:30:00-04:00,-93.0
2025-04-14 15:35:00-04:00,-93.0
2025-04-14 15:40:00-04:00,-93.0
2025-04-14 15:45:00-04:00,-93.0
2025-04-14 15:50:00-04:00,-93.0
2025-04-14 15:55:00-04:00,-93.0
2025-04-15 09:30:00-04:00,0.0
2025-04-15 09:35:00-04:00,0.0
2025-04-15 09:40:00-04:00,0.0
2025-04-15 09:45:00-04:00,0.0
2025-04-15 09:50:00-04:00,0.0
2025-04-15 09:55:00-04:00,0.0
2025-04-15 10:00:00-04:00,0.0
2025-04-15 10:05:00-04:00,0.0
2025-04-15 10:10:00-04:00,0.0
2025-04-15 10:15:00-04:00,-0.5
2025-04-15 10:20:00-04:00,-31.0
2025-04-15 10:25:00-04:00,-31.5
2025-04-15 10:30:00-04:00,-37.75
2025-04-15 10:35:00-04:00,-19.0
2025-04-15 10:40:00-04:00,-30.25
2025-04-15 10:45:00-04:00,-54.0
2025-04-15 10:50:00-04:00,-16.5
2025-04-15 10:55:00-04:00,21.0
2025-04-15 11:00:00-04:00,17.25
2025-04-15 11:05:00-04:00,16.0
2025-04-15 11:10:00-04:00,18.5
2025-04-15 11:15:00-04:00,61.0
2025-04-15 11:20:00-04:00,64.75
2025-04-15 11:25:00-04:00,2.25
2025-04-15 11:30:00-04:00,25.1875
2025-04-15 11:35:00-04:00,25.1875
2025-04-15 11:40:00-04:00,25.1875
2025-04-15 11:45:00-04:00,25.1875
2025-04-15 11:50:00-04:00,25.1875
2025-04-15 11:55:00-04:00,25.1875
2025-04-15 12:00:00-04:00,25.1875
2025-04-15 12:05:00-04:00,25.1875
2025-04-15 12:10:00-04:00,25.1875
2025-04-15 12:15:00-04:00,25.1875
2025-04-15 12:20:00-04:00,25.1875
2025-04-15 12:25:00-04:00,25.1875
2025-04-15 12:30:00-04:00,25.1875
2025-04-15 12:35:00-04:00,25.1875
2025-04-15 12:40:00-04:00,25.1875
2025-04-15 12:45:00-04:00,25.1875
2025-04-15 12:50:00-04:00,25.1875
2025-04-15 12:55:00-04:00,25.1875
2025-04-15 13:00:00-04:00,25.1875
2025-04-15 13:05:00-04:00,25.1875
2025-04-15 13:10:00-04:00,25.1875
2025-04-15 13:15:00-04:00,25.1875
2025-04-15 13:20:00-04:00,25.1875
2025-04-15 13:25:00-04:00,25.1875
2025-04-15 13:30:00-04:00,25.1875
2025-04-15 13:35:00-04:00,25.1875
2025-04-15 13:40:00-04:00,25.1875
2025-04-15 13:45:00-04:00,25.1875
2025-04-15 13:50:00-04:00,25.1875
2025-04-15 13:55:00-04:00,25.1875
2025-04-15 14:00:00-04:00,25.1875
2025-04-15 14:05:00-04:00,25.1875
2025-04-15 14:10:00-04:00,25.1875
2025-04-15 14:15:00-04:00,25.1875
2025-04-15 14:20:00-04:00,25.1875
2025-04-15 14:25:00-04:00,25.1875
2025-04-15 14:30:00-04:00,25.1875
2025-04-15 14:35:00-04:00,25.1875
2025-04-15 14:40:00-04:00,25.1875
2025-04-15 14:45:00-04:00,25.1875
2025-04-15 14:50:00-04:00,25.1875
2025-04-15 14:55:00-04:00,25.1875
2025-04-15 15:00:00-04:00,25.1875
2025-04-15 15:05:00-04:00,25.1875
2025-04-15 15:10:00-04:00,25.1875
2025-04-15 15:15:00-04:00,25.1875
2025-04-15 15:20:00-04:00,25.1875
2025-04-15 15:25:00-04:00,25.1875
2025-04-15 15:30:00-04:00,25.1875
2025-04-15 15:35:00-04:00,25.1875
2025-04-15 15:40:00-04:00,25.1875
2025-04-15 15:45:00-04:00,25.1875
2025-04-15 15:50:00-04:00,25.1875
2025-04-15 15:55:00-04:00,25.1875
2025-04-16 09:30:00-04:00,0.0
2025-04-16 09:35:00-04:00,0.0
2025-04-16 09:40:00-04:00,0.0
2025-04-16 09:45:00-04:00,0.0
2025-04-16 09:50:00-04:00,0.0
2025-04-16 09:55:00-04:00,0.0
2025-04-16 10:00:00-04:00,0.0
2025-04-16 10:05:00-04:00,0.0
2025-04-16 10:10:00-04:00,0.0
2025-04-16 10:15:00-04:00,0.0
2025-04-16 10:20:00-04:00,0.0
2025-04-16 10:25:00-04:00,0.0
2025-04-16 10:30:00-04:00,0.0
2025-04-16 10:35:00-04:00,0.0
2025-04-16 10:40:00-04:00,0.0
2025-04-16 10:45:00-04:00,0.0
2025-04-16 10:50:00-04:00,0.0
2025-04-16 10:55:00-04:00,0.0
2025-04-16 11:00:00-04:00,0.0
2025-04-16 11:05:00-04:00,0.0
2025-04-16 11:10:00-04:00,0.0
2025-04-16 11:15:00-04:00,0.0
2025-04-16 11:20:00-04:00,0.0
2025-04-16 11:25:00-04:00,0.0
2025-04-16 11:30:00-04:00,0.0
2025-04-16 11:35:00-04:00,0.0
2025-04-16 11:40:00-04:00,0.0
2025-04-16 11:45:00-04:00,0.0
2025-04-16 11:50:00-04:00,0.0
2025-04-16 11:55:00-04:00,0.0
2025-04-16 12:00:00-04:00,0.0
2025-04-16 12:05:00-04:00,0.0
2025-04-16 12:10:00-04:00,0.0
2025-04-16 12:15:00-04:00,0.0
2025-04-16 12:20:00-04:00,0.0
2025-04-16 12:25:00-04:00,0.0
2025-04-16 12:30:00-04:00,0.0
2025-04-16 12:35:00-04:00,0.0
2025-04-16 12:40:00-04:00,0.0
2025-04-16 12:45:00-04:00,0.0
2025-04-16 12:50:00-04:00,0.0
2025-04-16 12:55:00-04:00,0.0
2025-04-16 13:00:00-04:00,0.0
2025-04-16 13:05:00-04:00,0.0
2025-04-16 13:10:00-04:00,0.0
2025-04-16 13:15:00-04:00,0.0
2025-04-16 13:20:00-04:00,0.0
2025-04-16 13:25:00-04:00,0.0
2025-04-16 13:30:00-04:00,0.0
2025-04-16 13:35:00-04:00,0.0
2025-04-16 13:40:00-04:00,0.0
2025-04-16 13:45:00-04:00,0.0
2025-04-16 13:50:00-04:00,0.0
2025-04-16 13:55:00-04:00,0.0
2025-04-16 14:00:00-04:00,0.0
2025-04-16 14:05:00-04:00,0.0
2025-04-16 14:10:00-04:00,0.0
2025-04-16 14:15:00-04:00,0.0
2025-04-16 14:20:00-04:00,0.0
2025-04-16 14:25:00-04:00,0.0
2025-04-16 14:30:00-04:00,0.0
2025-04-16 14:35:00-04:00,0.0
2025-04-16 14:40:00-04:00,0.0
2025-04-16 14:45:00-04:00,0.0
2025-04-16 14:50:00-04:00,0.0
2025-04-16 14:55:00-04:00,0.0
2025-04-16 15:00:00-04:00,0.0
2025-04-16 15:05:00-04:00,0.0
2025-04-16 15:10:00-04:00,0.0
2025-04-16 15:15:00-04:00,0.0
2025-04-16 15:20:00-04:00,0.0
2025-04-16 15:25:00-04:00,0.0
2025-04-16 15:30:00-04:00,0.0
2025-04-16 15:35:00-04:00,0.0
2025-04-16 15:40:00-04:00,0.0
2025-04-16 15:45:00-04:00,0.0
2025-04-16 15:50:00-04:00,0.0
2025-04-16 15:55:00-04:00,0.0
2025-04-17 09:30:00-04:00,0.0
2025-04-17 09:35:00-04:00,0.0
2025-04-17 09:40:00-04:00,0.0
2025-04-17 09:45:00-04:00,0.0
2025-04-17 09:50:00-04:00,0.0
2025-04-17 09:55:00-04:00,0.0
2025-04-17 10:00:00-04:00,0.0
2025-04-17 10:05:00-04:00,0.0
2025-04-17 10:10:00-04:00,0.0
2025-04-17 10:15:00-04:00,0.0
2025-04-17 10:20:00-04:00,0.0
2025-04-17 10:25:00-04:00,0.0
2025-04-17 10:30:00-04:00,0.0
2025-04-17 10:35:00-04:00,0.0
2025-04-17 10:40:00-04:00,0.0
2025-04-17 10:45:00-04:00,0.0
2025-04-17 10:50:00-04:00,0.0
2025-04-17 10:55:00-04:00,0.0
2025-04-17 11:00:00-04:00,0.0
2025-04-17 11:05:00-04:00,0.0
2025-04-17 11:10:00-04:00,0.0
2025-04-17 11:15:00-04:00,0.0
2025-04-17 11:20:00-04:00,0.0
2025-04-17 11:25:00-04:00,0.0
2025-04-17 11:30:00-04:00,0.0
2025-04-17 11:35:00-04:00,0.0
2025-04-17 11:40:00-04:00,0.0
2025-04-17 11:45:00-04:00,0.0
2025-04-17 11:50:00-04:00,0.0
2025-04-17 11:55:00-04:00,0.0
2025-04-17 12:00:00-04:00,0.0
2025-04-17 12:05:00-04:00,0.0
2025-04-17 12:10:00-04:00,0.0
2025-04-17 12:15:00-04:00,0.0
2025-04-17 12:20:00-04:00,0.0
2025-04-17 12:25:00-04:00,0.0
2025-04-17 12:30:00-04:00,0.0
2025-04-17 12:35:00-04:00,0.0
2025-04-17 12:40:00-04:00,0.0
2025-04-17 12:45:00-04:00,0.0
2025-04-17 12:50:00-04:00,0.0
2025-04-17 12:55:00-04:00,0.0
2025-04-17 13:00:00-04:00,0.0
2025-04-17 13:05:00-04:00,0.0
2025-04-17 13:10:00-04:00,0.0
2025-04-17 13:15:00-04:00,0.0
2025-04-17 13:20:00-04:00,0.0
2025-04-17 13:25:00-04:00,0.0
2025-04-17 13:30:00-04:00,0.0
2025-04-17 13:35:00-04:00,0.0
2025-04-17 13:40:00-04:00,0.0
2025-04-17 13:45:00-04:00,0.0
2025-04-17 13:50:00-04:00,0.0
2025-04-17 13:55:00-04:00,0.0
2025-04-17 14:00:00-04:00,0.0
2025-04-17 14:05:00-04:00,0.0
2025-04-17 14:10:00-04:00,0.0
2025-04-17 14:15:00-04:00,0.0
2025-04-17 14:20:00-04:00,0.0
2025-04-17 14:25:00-04:00,0.0
2025-04-17 14:30:00-04:00,0.0
2025-04-17 14:35:00-04:00,0.0
2025-04-17 14:40:00-04:00,0.0
2025-04-17 14:45:00-04:00,0.0
2025-04-17 14:50:00-04:00,0.0
2025-04-17 14:55:00-04:00,0.0
2025-04-17 15:00:00-04:00,0.0
2025-04-17 15:05:00-04:00,0.0
2025-04-17 15:10:00-04:00,0.0
2025-04-17 15:15:00-04:00,0.0
2025-04-17 15:20:00-04:00,0.0
2025-04-17 15:25:00-04:00,0.0
2025-04-17 15:30:00-04:00,0.0
2025-04-17 15:35:00-04:00,0.0
2025-04-17 15:40:00-04:00,0.0
2025-04-17 15:45:00-04:00,0.0
2025-04-17 15:50:00-04:00,0.0
2025-04-17 15:55:00-04:00,0.0
2025-04-21 09:30:00-04:00,0.0
2025-04-21 09:35:00-04:00,0.0
2025-04-21 09:40:00-04:00,0.0
2025-04-21 09:45:00-04:00,0.0
2025-04-21 09:50:00-04:00,0.0
2025-04-21 09:55:00-04:00,0.0
2025-04-21 10:00:00-04:00,0.0
2025-04-21 10:05:00-04:00,0.0
2025-04-21 10:10:00-04:00,0.0
2025-04-21 10:15:00-04:00,0.0
2025-04-21 10:20:00-04:00,0.0
2025-04-21 10:25:00-04:00,0.0
2025-04-21 10:30:00-04:00,0.0
2025-04-21 10:35:00-04:00,0.0
2025-04-21 10:40:00-04:00,0.0
2025-04-21 10:45:00-04:00,0.0
2025-04-21 10:50:00-04:00,0.0
2025-04-21 10:55:00-04:00,0.0
2025-04-21 11:00:00-04:00,0.0
2025-04-21 11:05:00-04:00,0.0
2025-04-21 11:10:00-04:00,0.0
2025-04-21 11:15:00-04:00,0.0
2025-04-21 11:20:00-04:00,0.0
2025-04-21 11:25:00-04:00,0.0
2025-04-21 11:30:00-04:00,0.0
2025-04-21 11:35:00-04:00,0.0
2025-04-21 11:40:00-04:00,0.0
2025-04-21 11:45:00-04:00,0.0
2025-04-21 11:50:00-04:00,0.0
2025-04-21 11:55:00-04:00,0.0
2025-04-21 12:00:00-04:00,0.0
2025-04-21 12:05:00-04:00,0.0
2025-04-21 12:10:00-04:00,0.0
2025-04-21 12:15:00-04:00,0.0
2025-04-21 12:20:00-04:00,0.0
2025-04-21 12:25:00-04:00,0.0
2025-04-21 12:30:00-04:00,0.0
2025-04-21 12:35:00-04:00,0.0
2025-04-21 12:40:00-04:00,0.0
2025-04-21 12:45:00-04:00,0.0
2025-04-21 12:50:00-04:00,0.0
2025-04-21 12:55:00-04:00,0.0
2025-04-21 13:00:00-04:00,0.0
2025-04-21 13:05:00-04:00,0.0
2025-04-21 13:10:00-04:00,0.0
2025-04-21 13:15:00-04:00,0.0
2025-04-21 13:20:00-04:00,0.0
2025-04-21 13:25:00-04:00,0.0
2025-04-21 13:30:00-04:00,0.0
2025-04-21 13:35:00-04:00,0.0
2025-04-21 13:40:00-04:00,0.0
2025-04-21 13:45:00-04:00,0.0
2025-04-21 13:50:00-04:00,0.0
2025-04-21 13:55:00-04:00,0.0
2025-04-21 14:00:00-04:00,0.0
2025-04-21 14:05:00-04:00,0.0
2025-04-21 14:10:00-04:00,0.0
2025-04-21 14:15:00-04:00,0.0
2025-04-21 14:20:00-04:00,0.0
2025-04-21 14:25:00-04:00,0.0
2025-04-21 14:30:00-04:00,0.0
2025-04-21 14:35:00-04:00,0.0
2025-04-21 14:40:00-04:00,0.0
2025-04-21 14:45:00-04:00,0.0
2025-04-21 14:50:00-04:00,0.0
2025-04-21 14:55:00-04:00,0.0
2025-04-21 15:00:00-04:00,0.0
2025-04-21 15:05:00-04:00,0.0
2025-04-21 15:10:00-04:00,0.0
2025-04-21 15:15:00-04:00,0.0
2025-04-21 15:20:00-04:00,0.0
2025-04-21 15:25:00-04:00,0.0
2025-04-21 15:30:00-04:00,0.0
2025-04-21 15:35:00-04:00,0.0
2025-04-21 15:40:00-04:00,0.0
2025-04-21 15:45:00-04:00,0.0
2025-04-21 15:50:00-04:00,0.0
2025-04-21 15:55:00-04:00,0.0
2025-04-22 09:30:00-04:00,0.0
2025-04-22 09:35:00-04:00,0.0
2025-04-22 09:40:00-04:00,0.0
2025-04-22 09:45:00-04:00,0.0
2025-04-22 09:50:00-04:00,0.0
2025-04-22 09:55:00-04:00,0.0
2025-04-22 10:00:00-04:00,0.0
2025-04-22 10:05:00-04:00,0.0
2025-04-22 10:10:00-04:00,0.0
2025-04-22 10:15:00-04:00,0.0
2025-04-22 10:20:00-04:00,0.0
2025-04-22 10:25:00-04:00,0.0
2025-04-22 10:30:00-04:00,0.0
2025-04-22 10:35:00-04:00,0.0
2025-04-22 10:40:00-04:00,0.0
2025-04-22 10:45:00-04:00,0.0
2025-04-22 10:50:00-04:00,0.0
2025-04-22 10:55:00-04:00,0.0
2025-04-22 11:00:00-04:00,0.0
2025-04-22 11:05:00-04:00,0.0
2025-04-22 11:10:00-04:00,0.0
2025-04-22 11:15:00-04:00,0.0
2025-04-22 11:20:00-04:00,0.0
2025-04-22 11:25:00-04:00,0.0
2025-04-22 11:30:00-04:00,0.0
2025-04-22 11:35:00-04:00,0.0
2025-04-22 11:40:00-04:00,0.0
2025-04-22 11:45:00-04:00,0.0
2025-04-22 11:50:00-04:00,0.0
2025-04-22 11:55:00-04:00,0.0
2025-04-22 12:00:00-04:00,0.0
2025-04-22 12:05:00-04:00,0.0
2025-04-22 12:10:00-04:00,0.0
2025-04-22 12:15:00-04:00,0.0
2025-04-22 12:20:00-04:00,0.0
2025-04-22 12:25:00-04:00,0.0
2025-04-22 12:30:00-04:00,0.0
2025-04-22 12:35:00-04:00,0.0
2025-04-22 12:40:00-04:00,0.0
2025-04-22 12:45:00-04:00,0.0
2025-04-22 12:50:00-04:00,0.0
2025-04-22 12:55:00-04:00,0.0
2025-04-22 13:00:00-04:00,0.0
2025-04-22 13:05:00-04:00,0.0
2025-04-22 13:10:00-04:00,0.0
2025-04-22 13:15:00-04:00,0.0
2025-04-22 13:20:00-04:00,0.0
2025-04-22 13:25:00-04:00,0.0
2025-04-22 13:30:00-04:00,0.0
2025-04-22 13:35:00-04:00,0.0
2025-04-22 13:40:00-04:00,0.0
2025-04-22 13:45:00-04:00,0.0
2025-04-22 13:50:00-04:00,0.0
2025-04-22 13:55:00-04:00,0.0
2025-04-22 14:00:00-04:00,0.0
2025-04-22 14:05:00-04:00,0.0
2025-04-22 14:10:00-04:00,0.0
2025-04-22 14:15:00-04:00,0.0
2025-04-22 14:20:00-04:00,0.0
2025-04-22 14:25:00-04:00,0.0
2025-04-22 14:30:00-04:00,0.0
2025-04-22 14:35:00-04:00,0.0
2025-04-22 14:40:00-04:00,0.0
2025-04-22 14:45:00-04:00,0.0
2025-04-22 14:50:00-04:00,0.0
2025-04-22 14:55:00-04:00,0.0
2025-04-22 15:00:00-04:00,0.0
2025-04-22 15:05:00-04:00,0.0
2025-04-22 15:10:00-04:00,0.0
2025-04-22 15:15:00-04:00,0.0
2025-04-22 15:20:00-04:00,0.0
2025-04-22 15:25:00-04:00,0.0
2025-04-22 15:30:00-04:00,0.0
2025-04-22 15:35:00-04:00,0.0
2025-04-22 15:40:00-04:00,0.0
2025-04-22 15:45:00-04:00,0.0
2025-04-22 15:50:00-04:00,0.0
2025-04-22 15:55:00-04:00,0.0
2025-04-23 09:30:00-04:00,0.0
2025-04-23 09:35:00-04:00,0.0
2025-04-23 09:40:00-04:00,0.0
2025-04-23 09:45:00-04:00,0.0
2025-04-23 09:50:00-04:00,0.0
2025-04-23 09:55:00-04:00,0.0
2025-04-23 10:00:00-04:00,0.0
2025-04-23 10:05:00-04:00,0.0
2025-04-23 10:10:00-04:00,0.0
2025-04-23 10:15:00-04:00,-0.5
2025-04-23 10:20:00-04:00,-31.0
2025-04-23 10:25:00-04:00,-31.5
2025-04-23 10:30:00-04:00,-22.125
2025-04-23 10:35:00-04:00,-2.125
2025-04-23 10:40:00-04:00,-32.125
2025-04-23 10:45:00-04:00,-22.125
2025-04-23 10:50:00-04:00,-62.0
2025-04-23 10:55:00-04:00,-62.5
2025-04-23 11:00:00-04:00,-93.0
2025-04-23 11:05:00-04:00,-93.5
2025-04-23 11:10:00-04:00,-124.0
2025-04-23 11:15:00-04:00,-124.5
2025-04-23 11:20:00-04:00,-155.0
2025-04-23 11:25:00-04:00,-155.5
2025-04-23 11:30:00-04:00,-186.0
2025-04-23 11:35:00-04:00,-186.0
2025-04-23 11:40:00-04:00,-186.0
2025-04-23 11:45:00-04:00,-186.0
2025-04-23 11:50:00-04:00,-186.0
2025-04-23 11:55:00-04:00,-186.0
2025-04-23 12:00:00-04:00,-186.0
2025-04-23 12:05:00-04:00,-186.0
2025-04-23 12:10:00-04:00,-186.0
2025-04-23 12:15:00-04:00,-186.0
2025-04-23 12:20:00-04:00,-186.0
2025-04-23 12:25:00-04:00,-186.0
2025-04-23 12:30:00-04:00,-186.0
2025-04-23 12:35:00-04:00,-186.0
2025-04-23 12:40:00-04:00,-186.0
2025-04-23 12:45:00-04:00,-186.0
2025-04-23 12:50:00-04:00,-186.0
2025-04-23 12:55:00-04:00,-186.0
2025-04-23 13:00:00-04:00,-186.0
2025-04-23 13:05:00-04:00,-186.0
2025-04-23 13:10:00-04:00,-186.0
2025-04-23 13:15:00-04:00,-186.0
2025-04-23 13:20:00-04:00,-186.0
2025-04-23 13:25:00-04:00,-186.0
2025-04-23 13:30:00-04:00,-186.0
2025-04-23 13:35:00-04:00,-186.0
2025-04-23 13:40:00-04:00,-186.0
2025-04-23 13:45:00-04:00,-186.0
2025-04-23 13:50:00-04:00,-186.0
2025-04-23 13:55:00-04:00,-186.0
2025-04-23 14:00:00-04:00,-186.0
2025-04-23 14:05:00-04:00,-186.0
2025-04-23 14:10:00-04:00,-186.0
2025-04-23 14:15:00-04:00,-186.0
2025-04-23 14:20:00-04:00,-186.0
2025-04-23 14:25:00-04:00,-186.0
2025-04-23 14:30:00-04:00,-186.0
2025-04-23 14:35:00-04:00,-186.0
2025-04-23 14:40:00-04:00,-186.0
2025-04-23 14:45:00-04:00,-186.0
2025-04-23 14:50:00-04:00,-186.0
2025-04-23 14:55:00-04:00,-186.0
2025-04-23 15:00:00-04:00,-186.0
2025-04-23 15:05:00-04:00,-186.0
2025-04-23 15:10:00-04:00,-186.0
2025-04-23 15:15:00-04:00,-186.0
2025-04-23 15:20:00-04:00,-186.0
2025-04-23 15:25:00-04:00,-186.0
2025-04-23 15:30:00-04:00,-186.0
2025-04-23 15:35:00-04:00,-186.0
2025-04-23 15:40:00-04:00,-186.0
2025-04-23 15:45:00-04:00,-186.0
2025-04-23 15:50:00-04:00,-186.0
2025-04-23 15:55:00-04:00,-186.0
2025-04-24 09:30:00-04:00,0.0
2025-04-24 09:35:00-04:00,0.0
2025-04-24 09:40:00-04:00,0.0
2025-04-24 09:45:00-04:00,0.0
2025-04-24 09:50:00-04:00,0.0
2025-04-24 09:55:00-04:00,0.0
2025-04-24 10:00:00-04:00,0.0
2025-04-24 10:05:00-04:00,0.0
2025-04-24 10:10:00-04:00,0.0
2025-04-24 10:15:00-04:00,0.0
2025-04-24 10:20:00-04:00,0.0
2025-04-24 10:25:00-04:00,0.0
2025-04-24 10:30:00-04:00,0.0
2025-04-24 10:35:00-04:00,0.0
2025-04-24 10:40:00-04:00,0.0
2025-04-24 10:45:00-04:00,0.0
2025-04-24 10:50:00-04:00,0.0
2025-04-24 10:55:00-04:00,0.0
2025-04-24 11:00:00-04:00,0.0
2025-04-24 11:05:00-04:00,0.0
2025-04-24 11:10:00-04:00,0.0
2025-04-24 11:15:00-04:00,0.0
2025-04-24 11:20:00-04:00,0.0
2025-04-24 11:25:00-04:00,0.0
2025-04-24 11:30:00-04:00,0.0
2025-04-24 11:35:00-04:00,0.0
2025-04-24 11:40:00-04:00,0.0
2025-04-24 11:45:00-04:00,0.0
2025-04-24 11:50:00-04:00,0.0
2025-04-24 11:55:00-04:00,0.0
2025-04-24 12:00:00-04:00,0.0
2025-04-24 12:05:00-04:00,0.0
2025-04-24 12:10:00-04:00,0.0
2025-04-24 12:15:00-04:00,0.0
2025-04-24 12:20:00-04:00,0.0
2025-04-24 12:25:00-04:00,0.0
2025-04-24 12:30:00-04:00,0.0
2025-04-24 12:35:00-04:00,0.0
2025-04-24 12:40:00-04:00,0.0
2025-04-24 12:45:00-04:00,0.0
2025-04-24 12:50:00-04:00,0.0
2025-04-24 12:55:00-04:00,0.0
2025-04-24 13:00:00-04:00,0.0
2025-04-24 13:05:00-04:00,0.0
2025-04-24 13:10:00-04:00,0.0
2025-04-24 13:15:00-04:00,0.0
2025-04-24 13:20:00-04:00,0.0
2025-04-24 13:25:00-04:00,0.0
2025-04-24 13:30:00-04:00,0.0
2025-04-24 13:35:00-04:00,0.0
2025-04-24 13:40:00-04:00,0.0
2025-04-24 13:45:00-04:00,0.0
2025-04-24 13:50:00-04:00,0.0
2025-04-24 13:55:00-04:00,0.0
2025-04-24 14:00:00-04:00,0.0
2025-04-24 14:05:00-04:00,0.0
2025-04-24 14:10:00-04:00,0.0
2025-04-24 14:15:00-04:00,0.0
2025-04-24 14:20:00-04:00,0.0
2025-04-24 14:25:00-04:00,0.0
2025-04-24 14:30:00-04:00,0.0
2025-04-24 14:35:00-04:00,0.0
2025-04-24 14:40:00-04:00,0.0
2025-04-24 14:45:00-04:00,0.0
2025-04-24 14:50:00-04:00,0.0
2025-04-24 14:55:00-04:00,0.0
2025-04-24 15:00:00-04:00,0.0
2025-04-24 15:05:00-04:00,0.0
2025-04-24 15:10:00-04:00,0.0
2025-04-24 15:15:00-04:00,0.0
2025-04-24 15:20:00-04:00,0.0
2025-04-24 15:25:00-04:00,0.0
2025-04-24 15:30:00-04:00,0.0
2025-04-24 15:35:00-04:00,0.0
2025-04-24 15:40:00-04:00,0.0
2025-04-24 15:45:00-04:00,0.0
2025-04-24 15:50:00-04:00,0.0
2025-04-24 15:55:00-04:00,0.0
2025-04-25 09:30:00-04:00,0.0
2025-04-25 09:35:00-04:00,0.0
2025-04-25 09:40:00-04:00,0.0
2025-04-25 09:45:00-04:00,0.0
2025-04-25 09:50:00-04:00,0.0
2025-04-25 09:55:00-04:00,0.0
2025-04-25 10:00:00-04:00,-0.5
2025-04-25 10:05:00-04:00,-3.3125
2025-04-25 10:10:00-04:00,74.1875
2025-04-25 10:15:00-04:00,54.1875
2025-04-25 10:20:00-04:00,-31.0
2025-04-25 10:25:00-04:00,-31.5
2025-04-25 10:30:00-04:00,-62.0
2025-04-25 10:35:00-04:00,-62.5
2025-04-25 10:40:00-04:00,-57.1875
2025-04-25 10:45:00-04:00,-23.4375
2025-04-25 10:50:00-04:00,-28.4375
2025-04-25 10:55:00-04:00,-62.1875
2025-04-25 11:00:00-04:00,-44.6875
2025-04-25 11:05:00-04:00,-15.9375
2025-04-25 11:10:00-04:00,-7.1875
2025-04-25 11:15:00-04:00,-27.1875
2025-04-25 11:20:00-04:00,5.3125
2025-04-25 11:25:00-04:00,-18.4375
2025-04-25 11:30:00-04:00,-11.75
2025-04-25 11:35:00-04:00,-11.75
2025-04-25 11:40:00-04:00,-11.75
2025-04-25 11:45:00-04:00,-11.75
2025-04-25 11:50:00-04:00,-11.75
2025-04-25 11:55:00-04:00,-11.75
2025-04-25 12:00:00-04:00,-11.75
2025-04-25 12:05:00-04:00,-11.75
2025-04-25 12:10:00-04:00,-11.75
2025-04-25 12:15:00-04:00,-11.75
2025-04-25 12:20:00-04:00,-11.75
2025-04-25 12:25:00-04:00,-11.75
2025-04-25 12:30:00-04:00,-11.75
2025-04-25 12:35:00-04:00,-11.75
2025-04-25 12:40:00-04:00,-11.75
2025-04-25 12:45:00-04:00,-11.75
2025-04-25 12:50:00-04:00,-11.75
2025-04-25 12:55:00-04:00,-11.75
2025-04-25 13:00:00-04:00,-11.75
2025-04-25 13:05:00-04:00,-11.75
2025-04-25 13:10:00-04:00,-11.75
2025-04-25 13:15:00-04:00,-11.75
2025-04-25 13:20:00-04:00,-11.75
2025-04-25 13:25:00-04:00,-11.75
2025-04-25 13:30:00-04:00,-11.75
2025-04-25 13:35:00-04:00,-11.75
2025-04-25 13:40:00-04:00,-11.75
2025-04-25 13:45:00-04:00,-11.75
2025-04-25 13:50:00-04:00,-11.75
2025-04-25 13:55:00-04:00,-11.75
2025-04-25 14:00:00-04:00,-11.75
2025-04-25 14:05:00-04:00,-11.75
2025-04-25 14:10:00-04:00,-11.75
2025-04-25 14:15:00-04:00,-11.75
2025-04-25 14:20:00-04:00,-11.75
2025-04-25 14:25:00-04:00,-11.75
2025-04-25 14:30:00-04:00,-11.75
2025-04-25 14:35:00-04:00,-11.75
2025-04-25 14:40:00-04:00,-11.75
2025-04-25 14:45:00-04:00,-11.75
2025-04-25 14:50:00-04:00,-11.75
2025-04-25 14:55:00-04:00,-11.75
2025-04-25 15:00:00-04:00,-11.75
2025-04-25 15:05:00-04:00,-11.75
2025-04-25 15:10:00-04:00,-11.75
2025-04-25 15:15:00-04:00,-11.75
2025-04-25 15:20:00-04:00,-11.75
2025-04-25 15:25:00-04:00,-11.75
2025-04-25 15:30:00-04:00,-11.75
2025-04-25 15:35:00-04:00,-11.75
2025-04-25 15:40:00-04:00,-11.75
2025-04-25 15:45:00-04:00,-11.75
2025-04-25 15:50:00-04:00,-11.75
2025-04-25 15:55:00-04:00,-11.75
2025-04-28 09:30:00-04:00,0.0
2025-04-28 09:35:00-04:00,0.0
2025-04-28 09:40:00-04:00,0.0
2025-04-28 09:45:00-04:00,0.0
2025-04-28 09:50:00-04:00,0.0
2025-04-28 09:55:00-04:00,0.0
2025-04-28 10:00:00-04:00,-0.5
2025-04-28 10:05:00-04:00,-4.875
2025-04-28 10:10:00-04:00,-3.625
2025-04-28 10:15:00-04:00,7.625
2025-04-28 10:20:00-04:00,16.375
2025-04-28 10:25:00-04:00,6.375
2025-04-28 10:30:00-04:00,-31.0
2025-04-28 10:35:00-04:00,-31.5
2025-04-28 10:40:00-04:00,-62.0
2025-04-28 10:45:00-04:00,-62.5
2025-04-28 10:50:00-04:00,-93.0
2025-04-28 10:55:00-04:00,-93.5
2025-04-28 11:00:00-04:00,-107.25
2025-04-28 11:05:00-04:00,-124.0
2025-04-28 11:10:00-04:00,-124.5
2025-04-28 11:15:00-04:00,-155.0
2025-04-28 11:20:00-04:00,-155.0
2025-04-28 11:25:00-04:00,-155.0
2025-04-28 11:30:00-04:00,-155.0
2025-04-28 11:35:00-04:00,-155.0
2025-04-28 11:40:00-04:00,-155.0
2025-04-28 11:45:00-04:00,-155.0
2025-04-28 11:50:00-04:00,-155.0
2025-04-28 11:55:00-04:00,-155.0
2025-04-28 12:00:00-04:00,-155.0
2025-04-28 12:05:00-04:00,-155.0
2025-04-28 12:10:00-04:00,-155.0
2025-04-28 12:15:00-04:00,-155.0
2025-04-28 12:20:00-04:00,-155.0
2025-04-28 12:25:00-04:00,-155.0
2025-04-28 12:30:00-04:00,-155.0
2025-04-28 12:35:00-04:00,-155.0
2025-04-28 12:40:00-04:00,-155.0
2025-04-28 12:45:00-04:00,-155.0
2025-04-28 12:50:00-04:00,-155.0
2025-04-28 12:55:00-04:00,-155.0
2025-04-28 13:00:00-04:00,-155.0
2025-04-28 13:05:00-04:00,-155.0
2025-04-28 13:10:00-04:00,-155.0
2025-04-28 13:15:00-04:00,-155.0
2025-04-28 13:20:00-04:00,-155.0
2025-04-28 13:25:00-04:00,-155.0
2025-04-28 13:30:00-04:00,-155.0
2025-04-28 13:35:00-04:00,-155.0
2025-04-28 13:40:00-04:00,-155.0
2025-04-28 13:45:00-04:00,-155.0
2025-04-28 13:50:00-04:00,-155.0
2025-04-28 13:55:00-04:00,-155.0
2025-04-28 14:00:00-04:00,-155.0
2025-04-28 14:05:00-04:00,-155.0
2025-04-28 14:10:00-04:00,-155.0
2025-04-28 14:15:00-04:00,-155.0
2025-04-28 14:20:00-04:00,-155.0
2025-04-28 14:25:00-04:00,-155.0
2025-04-28 14:30:00-04:00,-155.0
2025-04-28 14:35:00-04:00,-155.0
2025-04-28 14:40:00-04:00,-155.0
2025-04-28 14:45:00-04:00,-155.0
2025-04-28 14:50:00-04:00,-155.0
2025-04-28 14:55:00-04:00,-155.0
2025-04-28 15:00:00-04:00,-155.0
2025-04-28 15:05:00-04:00,-155.0
2025-04-28 15:10:00-04:00,-155.0
2025-04-28 15:15:00-04:00,-155.0
2025-04-28 15:20:00-04:00,-155.0
2025-04-28 15:25:00-04:00,-155.0
2025-04-28 15:30:00-04:00,-155.0
2025-04-28 15:35:00-04:00,-155.0
2025-04-28 15:40:00-04:00,-155.0
2025-04-28 15:45:00-04:00,-155.0
2025-04-28 15:50:00-04:00,-155.0
2025-04-28 15:55:00-04:00,-155.0
2025-04-29 09:30:00-04:00,0.0
2025-04-29 09:35:00-04:00,0.0
2025-04-29 09:40:00-04:00,0.0
2025-04-29 09:45:00-04:00,0.0
2025-04-29 09:50:00-04:00,0.0
2025-04-29 09:55:00-04:00,0.0
2025-04-29 10:00:00-04:00,0.0
2025-04-29 10:05:00-04:00,0.0
2025-04-29 10:10:00-04:00,0.0
2025-04-29 10:15:00-04:00,0.0
2025-04-29 10:20:00-04:00,-0.5
2025-04-29 10:25:00-04:00,-31.0
2025-04-29 10:30:00-04:00,-31.5
2025-04-29 10:35:00-04:00,-16.5
2025-04-29 10:40:00-04:00,11.0
2025-04-29 10:45:00-04:00,18.5
2025-04-29 10:50:00-04:00,24.75
2025-04-29 10:55:00-04:00,68.5
2025-04-29 11:00:00-04:00,58.5
2025-04-29 11:05:00-04:00,53.5
2025-04-29 11:10:00-04:00,46.0
2025-04-29 11:15:00-04:00,18.5
2025-04-29 11:20:00-04:00,2.25
2025-04-29 11:25:00-04:00,16.0
2025-04-29 11:30:00-04:00,36.125
2025-04-29 11:35:00-04:00,36.125
2025-04-29 11:40:00-04:00,36.125
2025-04-29 11:45:00-04:00,36.125
2025-04-29 11:50:00-04:00,36.125
2025-04-29 11:55:00-04:00,36.125
2025-04-29 12:00:00-04:00,36.125
2025-04-29 12:05:00-04:00,36.125
2025-04-29 12:10:00-04:00,36.125
2025-04-29 12:15:00-04:00,36.125
2025-04-29 12:20:00-04:00,36.125
2025-04-29 12:25:00-04:00,36.125
2025-04-29 12:30:00-04:00,36.125
2025-04-29 12:35:00-04:00,36.125
2025-04-29 12:40:00-04:00,36.125
2025-04-29 12:45:00-04:00,36.125
2025-04-29 12:50:00-04:00,36.125
2025-04-29 12:55:00-04:00,36.125
2025-04-29 13:00:00-04:00,36.125
2025-04-29 13:05:00-04:00,36.125
2025-04-29 13:10:00-04:00,36.125
2025-04-29 13:15:00-04:00,36.125
2025-04-29 13:20:00-04:00,36.125
2025-04-29 13:25:00-04:00,36.125
2025-04-29 13:30:00-04:00,36.125
2025-04-29 13:35:00-04:00,36.125
2025-04-29 13:40:00-04:00,36.125
2025-04-29 13:45:00-04:00,36.125
2025-04-29 13:50:00-04:00,36.125
2025-04-29 13:55:00-04:00,36.125
2025-04-29 14:00:00-04:00,36.125
2025-04-29 14:05:00-04:00,36.125
2025-04-29 14:10:00-04:00,36.125
2025-04-29 14:15:00-04:00,36.125
2025-04-29 14:20:00-04:00,36.125
2025-04-29 14:25:00-04:00,36.125
2025-04-29 14:30:00-04:00,36.125
2025-04-29 14:35:00-04:00,36.125
2025-04-29 14:40:00-04:00,36.125
2025-04-29 14:45:00-04:00,36.125
2025-04-29 14:50:00-04:00,36.125
2025-04-29 14:55:00-04:00,36.125
2025-04-29 15:00:00-04:00,36.125
2025-04-29 15:05:00-04:00,36.125
2025-04-29 15:10:00-04:00,36.125
2025-04-29 15:15:00-04:00,36.125
2025-04-29 15:20:00-04:00,36.125
2025-04-29 15:25:00-04:00,36.125
2025-04-29 15:30:00-04:00,36.125
2025-04-29 15:35:00-04:00,36.125
2025-04-29 15:40:00-04:00,36.125
2025-04-29 15:45:00-04:00,36.125
2025-04-29 15:50:00-04:00,36.125
2025-04-29 15:55:00-04:00,36.125
2025-04-30 09:30:00-04:00,0.0
2025-04-30 09:35:00-04:00,0.0
2025-04-30 09:40:00-04:00,0.0
2025-04-30 09:45:00-04:00,0.0
2025-04-30 09:50:00-04:00,0.0
2025-04-30 09:55:00-04:00,0.0
2025-04-30 10:00:00-04:00,0.0
2025-04-30 10:05:00-04:00,0.0
2025-04-30 10:10:00-04:00,0.0
2025-04-30 10:15:00-04:00,0.0
2025-04-30 10:20:00-04:00,0.0
2025-04-30 10:25:00-04:00,0.0
2025-04-30 10:30:00-04:00,0.0
2025-04-30 10:35:00-04:00,0.0
2025-04-30 10:40:00-04:00,0.0
2025-04-30 10:45:00-04:00,0.0
2025-04-30 10:50:00-04:00,0.0
2025-04-30 10:55:00-04:00,0.0
2025-04-30 11:00:00-04:00,0.0
2025-04-30 11:05:00-04:00,0.0
2025-04-30 11:10:00-04:00,0.0
2025-04-30 11:15:00-04:00,0.0
2025-04-30 11:20:00-04:00,0.0
2025-04-30 11:25:00-04:00,0.0
2025-04-30 11:30:00-04:00,0.0
2025-04-30 11:35:00-04:00,0.0
2025-04-30 11:40:00-04:00,0.0
2025-04-30 11:45:00-04:00,0.0
2025-04-30 11:50:00-04:00,0.0
2025-04-30 11:55:00-04:00,0.0
2025-04-30 12:00:00-04:00,0.0
2025-04-30 12:05:00-04:00,0.0
2025-04-30 12:10:00-04:00,0.0
2025-04-30 12:15:00-04:00,0.0
2025-04-30 12:20:00-04:00,0.0
2025-04-30 12:25:00-04:00,0.0
2025-04-30 12:30:00-04:00,0.0
2025-04-30 12:35:00-04:00,0.0
2025-04-30 12:40:00-04:00,0.0
2025-04-30 12:45:00-04:00,0.0
2025-04-30 12:50:00-04:00,0.0
2025-04-30 12:55:00-04:00,0.0
2025-04-30 13:00:00-04:00,0.0
2025-04-30 13:05:00-04:00,0.0
2025-04-30 13:10:00-04:00,0.0
2025-04-30 13:15:00-04:00,0.0
2025-04-30 13:20:00-04:00,0.0
2025-04-30 13:25:00-04:00,0.0
2025-04-30 13:30:00-04:00,0.0
2025-04-30 13:35:00-04:00,0.0
2025-04-30 13:40:00-04:00,0.0
2025-04-30 13:45:00-04:00,0.0
2025-04-30 13:50:00-04:00,0.0
2025-04-30 13:55:00-04:00,0.0
2025-04-30 14:00:00-04:00,0.0
2025-04-30 14:05:00-04:00,0.0
2025-04-30 14:10:00-04:00,0.0
2025-04-30 14:15:00-04:00,0.0
2025-04-30 14:20:00-04:00,0.0
2025-04-30 14:25:00-04:00,0.0
2025-04-30 14:30:00-04:00,0.0
2025-04-30 14:35:00-04:00,0.0
2025-04-30 14:40:00-04:00,0.0
2025-04-30 14:45:00-04:00,0.0
2025-04-30 14:50:00-04:00,0.0
2025-04-30 14:55:00-04:00,0.0
2025-04-30 15:00:00-04:00,0.0
2025-04-30 15:05:00-04:00,0.0
2025-04-30 15:10:00-04:00,0.0
2025-04-30 15:15:00-04:00,0.0
2025-04-30 15:20:00-04:00,0.0
2025-04-30 15:25:00-04:00,0.0
2025-04-30 15:30:00-04:00,0.0
2025-04-30 15:35:00-04:00,0.0
2025-04-30 15:40:00-04:00,0.0
2025-04-30 15:45:00-04:00,0.0
2025-04-30 15:50:00-04:00,0.0
2025-04-30 15:55:00-04:00,0.0
2025-05-01 09:30:00-04:00,0.0
2025-05-01 09:35:00-04:00,0.0
2025-05-01 09:40:00-04:00,0.0
2025-05-01 09:45:00-04:00,0.0
2025-05-01 09:50:00-04:00,0.0
2025-05-01 09:55:00-04:00,0.0
2025-05-01 10:00:00-04:00,0.0
2025-05-01 10:05:00-04:00,-0.5
2025-05-01 10:10:00-04:00,-31.0
2025-05-01 10:15:00-04:00,-31.5
2025-05-01 10:20:00-04:00,-32.4375
2025-05-01 10:25:00-04:00,11.3125
2025-05-01 10:30:00-04:00,-7.4375
2025-05-01 10:35:00-04:00,10.0625
2025-05-01 10:40:00-04:00,45.0625
2025-05-01 10:45:00-04:00,41.3125
2025-05-01 10:50:00-04:00,57.5625
2025-05-01 10:55:00-04:00,75.0625
2025-05-01 11:00:00-04:00,70.0625
2025-05-01 11:05:00-04:00,83.8125
2025-05-01 11:10:00-04:00,96.3125
2025-05-01 11:15:00-04:00,102.5625
2025-05-01 11:20:00-04:00,103.8125
2025-05-01 11:25:00-04:00,93.8125
2025-05-01 11:30:00-04:00,81.75
2025-05-01 11:35:00-04:00,81.75
2025-05-01 11:40:00-04:00,81.75
2025-05-01 11:45:00-04:00,81.75
2025-05-01 11:50:00-04:00,81.75
2025-05-01 11:55:00-04:00,81.75
2025-05-01 12:00:00-04:00,81.75
2025-05-01 12:05:00-04:00,81.75
2025-05-01 12:10:00-04:00,81.75
2025-05-01 12:15:00-04:00,81.75
2025-05-01 12:20:00-04:00,81.75
2025-05-01 12:25:00-04:00,81.75
2025-05-01 12:30:00-04:00,81.75
2025-05-01 12:35:00-04:00,81.75
2025-05-01 12:40:00-04:00,81.75
2025-05-01 12:45:00-04:00,81.75
2025-05-01 12:50:00-04:00,81.75
2025-05-01 12:55:00-04:00,81.75
2025-05-01 13:00:00-04:00,81.75
2025-05-01 13:05:00-04:00,81.75
2025-05-01 13:10:00-04:00,81.75
2025-05-01 13:15:00-04:00,81.75
2025-05-01 13:20:00-04:00,81.75
2025-05-01 13:25:00-04:00,81.75
2025-05-01 13:30:00-04:00,81.75
2025-05-01 13:35:00-04:00,81.75
2025-05-01 13:40:00-04:00,81.75
2025-05-01 13:45:00-04:00,81.75
2025-05-01 13:50:00-04:00,81.75
2025-05-01 13:55:00-04:00,81.75
2025-05-01 14:00:00-04:00,81.75
2025-05-01 14:05:00-04:00,81.75
2025-05-01 14:10:00-04:00,81.75
2025-05-01 14:15:00-04:00,81.75
2025-05-01 14:20:00-04:00,81.75
2025-05-01 14:25:00-04:00,81.75
2025-05-01 14:30:00-04:00,81.75
2025-05-01 14:35:00-04:00,81.75
2025-05-01 14:40:00-04:00,81.75
2025-05-01 14:45:00-04:00,81.75
2025-05-01 14:50:00-04:00,81.75
2025-05-01 14:55:00-04:00,81.75
2025-05-01 15:00:00-04:00,81.75
2025-05-01 15:05:00-04:00,81.75
2025-05-01 15:10:00-04:00,81.75
2025-05-01 15:15:00-04:00,81.75
2025-05-01 15:20:00-04:00,81.75
2025-05-01 15:25:00-04:00,81.75
2025-05-01 15:30:00-04:00,81.75
2025-05-01 15:35:00-04:00,81.75
2025-05-01 15:40:00-04:00,81.75
2025-05-01 15:45:00-04:00,81.75
2025-05-01 15:50:00-04:00,81.75
2025-05-01 15:55:00-04:00,81.75
2025-05-02 09:30:00-04:00,0.0
2025-05-02 09:35:00-04:00,0.0
2025-05-02 09:40:00-04:00,0.0
2025-05-02 09:45:00-04:00,0.0
2025-05-02 09:50:00-04:00,0.0
2025-05-02 09:55:00-04:00,0.0
2025-05-02 10:00:00-04:00,-0.5
2025-05-02 10:05:00-04:00,2.625
2025-05-02 10:10:00-04:00,22.625
2025-05-02 10:15:00-04:00,57.625
2025-05-02 10:20:00-04:00,32.625
2025-05-02 10:25:00-04:00,66.375
2025-05-02 10:30:00-04:00,66.375
2025-05-02 10:35:00-04:00,58.875
2025-05-02 10:40:00-04:00,50.125
2025-05-02 10:45:00-04:00,45.125
2025-05-02 10:50:00-04:00,40.125
2025-05-02 10:55:00-04:00,62.625
2025-05-02 11:00:00-04:00,70.125
2025-05-02 11:05:00-04:00,72.625
2025-05-02 11:10:00-04:00,66.375
2025-05-02 11:15:00-04:00,77.625
2025-05-02 11:20:00-04:00,53.875
2025-05-02 11:25:00-04:00,27.625
2025-05-02 11:30:00-04:00,52.4375
2025-05-02 11:35:00-04:00,52.4375
2025-05-02 11:40:00-04:00,52.4375
2025-05-02 11:45:00-04:00,52.4375
2025-05-02 11:50:00-04:00,52.4375
2025-05-02 11:55:00-04:00,52.4375
2025-05-02 12:00:00-04:00,52.4375
2025-05-02 12:05:00-04:00,52.4375
2025-05-02 12:10:00-04:00,52.4375
2025-05-02 12:15:00-04:00,52.4375
2025-05-02 12:20:00-04:00,52.4375
2025-05-02 12:25:00-04:00,52.4375
2025-05-02 12:30:00-04:00,52.4375
2025-05-02 12:35:00-04:00,52.4375
2025-05-02 12:40:00-04:00,52.4375
2025-05-02 12:45:00-04:00,52.4375
2025-05-02 12:50:00-04:00,52.4375
2025-05-02 12:55:00-04:00,52.4375
2025-05-02 13:00:00-04:00,52.4375
2025-05-02 13:05:00-04:00,52.4375
2025-05-02 13:10:00-04:00,52.4375
2025-05-02 13:15:00-04:00,52.4375
2025-05-02 13:20:00-04:00,52.4375
2025-05-02 13:25:00-04:00,52.4375
2025-05-02 13:30:00-04:00,52.4375
2025-05-02 13:35:00-04:00,52.4375
2025-05-02 13:40:00-04:00,52.4375
2025-05-02 13:45:00-04:00,52.4375
2025-05-02 13:50:00-04:00,52.4375
2025-05-02 13:55:00-04:00,52.4375
2025-05-02 14:00:00-04:00,52.4375
2025-05-02 14:05:00-04:00,52.4375
2025-05-02 14:10:00-04:00,52.4375
2025-05-02 14:15:00-04:00,52.4375
2025-05-02 14:20:00-04:00,52.4375
2025-05-02 14:25:00-04:00,52.4375
2025-05-02 14:30:00-04:00,52.4375
2025-05-02 14:35:00-04:00,52.4375
2025-05-02 14:40:00-04:00,52.4375
2025-05-02 14:45:00-04:00,52.4375
2025-05-02 14:50:00-04:00,52.4375
2025-05-02 14:55:00-04:00,52.4375
2025-05-02 15:00:00-04:00,52.4375
2025-05-02 15:05:00-04:00,52.4375
2025-05-02 15:10:00-04:00,52.4375
2025-05-02 15:15:00-04:00,52.4375
2025-05-02 15:20:00-04:00,52.4375
2025-05-02 15:25:00-04:00,52.4375
2025-05-02 15:30:00-04:00,52.4375
2025-05-02 15:35:00-04:00,52.4375
2025-05-02 15:40:00-04:00,52.4375
2025-05-02 15:45:00-04:00,52.4375
2025-05-02 15:50:00-04:00,52.4375
2025-05-02 15:55:00-04:00,52.4375
2025-05-05 09:30:00-04:00,0.0
2025-05-05 09:35:00-04:00,0.0
2025-05-05 09:40:00-04:00,0.0
2025-05-05 09:45:00-04:00,0.0
2025-05-05 09:50:00-04:00,0.0
2025-05-05 09:55:00-04:00,0.0
2025-05-05 10:00:00-04:00,0.0
2025-05-05 10:05:00-04:00,0.0
2025-05-05 10:10:00-04:00,0.0
2025-05-05 10:15:00-04:00,0.0
2025-05-05 10:20:00-04:00,0.0
2025-05-05 10:25:00-04:00,0.0
2025-05-05 10:30:00-04:00,0.0
2025-05-05 10:35:00-04:00,0.0
2025-05-05 10:40:00-04:00,0.0
2025-05-05 10:45:00-04:00,0.0
2025-05-05 10:50:00-04:00,0.0
2025-05-05 10:55:00-04:00,0.0
2025-05-05 11:00:00-04:00,0.0
2025-05-05 11:05:00-04:00,0.0
2025-05-05 11:10:00-04:00,0.0
2025-05-05 11:15:00-04:00,0.0
2025-05-05 11:20:00-04:00,0.0
2025-05-05 11:25:00-04:00,0.0
2025-05-05 11:30:00-04:00,0.0
2025-05-05 11:35:00-04:00,0.0
2025-05-05 11:40:00-04:00,0.0
2025-05-05 11:45:00-04:00,0.0
2025-05-05 11:50:00-04:00,0.0
2025-05-05 11:55:00-04:00,0.0
2025-05-05 12:00:00-04:00,0.0
2025-05-05 12:05:00-04:00,0.0
2025-05-05 12:10:00-04:00,0.0
2025-05-05 12:15:00-04:00,0.0
2025-05-05 12:20:00-04:00,0.0
2025-05-05 12:25:00-04:00,0.0
2025-05-05 12:30:00-04:00,0.0
2025-05-05 12:35:00-04:00,0.0
2025-05-05 12:40:00-04:00,0.0
2025-05-05 12:45:00-04:00,0.0
2025-05-05 12:50:00-04:00,0.0
2025-05-05 12:55:00-04:00,0.0
2025-05-05 13:00:00-04:00,0.0
2025-05-05 13:05:00-04:00,0.0
2025-05-05 13:10:00-04:00,0.0
2025-05-05 13:15:00-04:00,0.0
2025-05-05 13:20:00-04:00,0.0
2025-05-05 13:25:00-04:00,0.0
2025-05-05 13:30:00-04:00,0.0
2025-05-05 13:35:00-04:00,0.0
2025-05-05 13:40:00-04:00,0.0
2025-05-05 13:45:00-04:00,0.0
2025-05-05 13:50:00-04:00,0.0
2025-05-05 13:55:00-04:00,0.0
2025-05-05 14:00:00-04:00,0.0
2025-05-05 14:05:00-04:00,0.0
2025-05-05 14:10:00-04:00,0.0
2025-05-05 14:15:00-04:00,0.0
2025-05-05 14:20:00-04:00,0.0
2025-05-05 14:25:00-04:00,0.0
2025-05-05 14:30:00-04:00,0.0
2025-05-05 14:35:00-04:00,0.0
2025-05-05 14:40:00-04:00,0.0
2025-05-05 14:45:00-04:00,0.0
2025-05-05 14:50:00-04:00,0.0
2025-05-05 14:55:00-04:00,0.0
2025-05-05 15:00:00-04:00,0.0
2025-05-05 15:05:00-04:00,0.0
2025-05-05 15:10:00-04:00,0.0
2025-05-05 15:15:00-04:00,0.0
2025-05-05 15:20:00-04:00,0.0
2025-05-05 15:25:00-04:00,0.0
2025-05-05 15:30:00-04:00,0.0
2025-05-05 15:35:00-04:00,0.0
2025-05-05 15:40:00-04:00,0.0
2025-05-05 15:45:00-04:00,0.0
2025-05-05 15:50:00-04:00,0.0
2025-05-05 15:55:00-04:00,0.0
2025-05-06 09:30:00-04:00,0.0
2025-05-06 09:35:00-04:00,0.0
2025-05-06 09:40:00-04:00,0.0
2025-05-06 09:45:00-04:00,0.0
2025-05-06 09:50:00-04:00,0.0
2025-05-06 09:55:00-04:00,0.0
2025-05-06 10:00:00-04:00,0.0
2025-05-06 10:05:00-04:00,0.0
2025-05-06 10:10:00-04:00,0.0
2025-05-06 10:15:00-04:00,0.0
2025-05-06 10:20:00-04:00,0.0
2025-05-06 10:25:00-04:00,0.0
2025-05-06 10:30:00-04:00,0.0
2025-05-06 10:35:00-04:00,0.0
2025-05-06 10:40:00-04:00,0.0
2025-05-06 10:45:00-04:00,0.0
2025-05-06 10:50:00-04:00,0.0
2025-05-06 10:55:00-04:00,0.0
2025-05-06 11:00:00-04:00,0.0
2025-05-06 11:05:00-04:00,0.0
2025-05-06 11:10:00-04:00,0.0
2025-05-06 11:15:00-04:00,0.0
2025-05-06 11:20:00-04:00,0.0
2025-05-06 11:25:00-04:00,0.0
2025-05-06 11:30:00-04:00,0.0
2025-05-06 11:35:00-04:00,0.0
2025-05-06 11:40:00-04:00,0.0
2025-05-06 11:45:00-04:00,0.0
2025-05-06 11:50:00-04:00,0.0
2025-05-06 11:55:00-04:00,0.0
2025-05-06 12:00:00-04:00,0.0
2025-05-06 12:05:00-04:00,0.0
2025-05-06 12:10:00-04:00,0.0
2025-05-06 12:15:00-04:00,0.0
2025-05-06 12:20:00-04:00,0.0
2025-05-06 12:25:00-04:00,0.0
2025-05-06 12:30:00-04:00,0.0
2025-05-06 12:35:00-04:00,0.0
2025-05-06 12:40:00-04:00,0.0
2025-05-06 12:45:00-04:00,0.0
2025-05-06 12:50:00-04:00,0.0
2025-05-06 12:55:00-04:00,0.0
2025-05-06 13:00:00-04:00,0.0
2025-05-06 13:05:00-04:00,0.0
2025-05-06 13:10:00-04:00,0.0
2025-05-06 13:15:00-04:00,0.0
2025-05-06 13:20:00-04:00,0.0
2025-05-06 13:25:00-04:00,0.0
2025-05-06 13:30:00-04:00,0.0
2025-05-06 13:35:00-04:00,0.0
2025-05-06 13:40:00-04:00,0.0
2025-05-06 13:45:00-04:00,0.0
2025-05-06 13:50:00-04:00,0.0
2025-05-06 13:55:00-04:00,0.0
2025-05-06 14:00:00-04:00,0.0
2025-05-06 14:05:00-04:00,0.0
2025-05-06 14:10:00-04:00,0.0
2025-05-06 14:15:00-04:00,0.0
2025-05-06 14:20:00-04:00,0.0
2025-05-06 14:25:00-04:00,0.0
2025-05-06 14:30:00-04:00,0.0
2025-05-06 14:35:00-04:00,0.0
2025-05-06 14:40:00-04:00,0.0
2025-05-06 14:45:00-04:00,0.0
2025-05-06 14:50:00-04:00,0.0
2025-05-06 14:55:00-04:00,0.0
2025-05-06 15:00:00-04:00,0.0
2025-05-06 15:05:00-04:00,0.0
2025-05-06 15:10:00-04:00,0.0
2025-05-06 15:15:00-04:00,0.0
2025-05-06 15:20:00-04:00,0.0
2025-05-06 15:25:00-04:00,0.0
2025-05-06 15:30:00-04:00,0.0
2025-05-06 15:35:00-04:00,0.0
2025-05-06 15:40:00-04:00,0.0
2025-05-06 15:45:00-04:00,0.0
2025-05-06 15:50:00-04:00,0.0
2025-05-06 15:55:00-04:00,0.0
2025-05-07 09:30:00-04:00,0.0
2025-05-07 09:35:00-04:00,0.0
2025-05-07 09:40:00-04:00,0.0
2025-05-07 09:45:00-04:00,0.0
2025-05-07 09:50:00-04:00,0.0
2025-05-07 09:55:00-04:00,0.0
2025-05-07 10:00:00-04:00,0.0
2025-05-07 10:05:00-04:00,0.0
2025-05-07 10:10:00-04:00,0.0
2025-05-07 10:15:00-04:00,0.0
2025-05-07 10:20:00-04:00,0.0
2025-05-07 10:25:00-04:00,0.0
2025-05-07 10:30:00-04:00,0.0
2025-05-07 10:35:00-04:00,0.0
2025-05-07 10:40:00-04:00,0.0
2025-05-07 10:45:00-04:00,0.0
2025-05-07 10:50:00-04:00,0.0
2025-05-07 10:55:00-04:00,0.0
2025-05-07 11:00:00-04:00,0.0
2025-05-07 11:05:00-04:00,0.0
2025-05-07 11:10:00-04:00,0.0
2025-05-07 11:15:00-04:00,0.0
2025-05-07 11:20:00-04:00,0.0
2025-05-07 11:25:00-04:00,0.0
2025-05-07 11:30:00-04:00,0.0
2025-05-07 11:35:00-04:00,0.0
2025-05-07 11:40:00-04:00,0.0
2025-05-07 11:45:00-04:00,0.0
2025-05-07 11:50:00-04:00,0.0
2025-05-07 11:55:00-04:00,0.0
2025-05-07 12:00:00-04:00,0.0
2025-05-07 12:05:00-04:00,0.0
2025-05-07 12:10:00-04:00,0.0
2025-05-07 12:15:00-04:00,0.0
2025-05-07 12:20:00-04:00,0.0
2025-05-07 12:25:00-04:00,0.0
2025-05-07 12:30:00-04:00,0.0
2025-05-07 12:35:00-04:00,0.0
2025-05-07 12:40:00-04:00,0.0
2025-05-07 12:45:00-04:00,0.0
2025-05-07 12:50:00-04:00,0.0
2025-05-07 12:55:00-04:00,0.0
2025-05-07 13:00:00-04:00,0.0
2025-05-07 13:05:00-04:00,0.0
2025-05-07 13:10:00-04:00,0.0
2025-05-07 13:15:00-04:00,0.0
2025-05-07 13:20:00-04:00,0.0
2025-05-07 13:25:00-04:00,0.0
2025-05-07 13:30:00-04:00,0.0
2025-05-07 13:35:00-04:00,0.0
2025-05-07 13:40:00-04:00,0.0
2025-05-07 13:45:00-04:00,0.0
2025-05-07 13:50:00-04:00,0.0
2025-05-07 13:55:00-04:00,0.0
2025-05-07 14:00:00-04:00,0.0
2025-05-07 14:05:00-04:00,0.0
2025-05-07 14:10:00-04:00,0.0
2025-05-07 14:15:00-04:00,0.0
2025-05-07 14:20:00-04:00,0.0
2025-05-07 14:25:00-04:00,0.0
2025-05-07 14:30:00-04:00,0.0
2025-05-07 14:35:00-04:00,0.0
2025-05-07 14:40:00-04:00,0.0
2025-05-07 14:45:00-04:00,0.0
2025-05-07 14:50:00-04:00,0.0
2025-05-07 14:55:00-04:00,0.0
2025-05-07 15:00:00-04:00,0.0
2025-05-07 15:05:00-04:00,0.0
2025-05-07 15:10:00-04:00,0.0
2025-05-07 15:15:00-04:00,0.0
2025-05-07 15:20:00-04:00,0.0
2025-05-07 15:25:00-04:00,0.0
2025-05-07 15:30:00-04:00,0.0
2025-05-07 15:35:00-04:00,0.0
2025-05-07 15:40:00-04:00,0.0
2025-05-07 15:45:00-04:00,0.0
2025-05-07 15:50:00-04:00,0.0
2025-05-07 15:55:00-04:00,0.0
2025-05-08 09:30:00-04:00,0.0
2025-05-08 09:35:00-04:00,0.0
2025-05-08 09:40:00-04:00,0.0
2025-05-08 09:45:00-04:00,0.0
2025-05-08 09:50:00-04:00,0.0
2025-05-08 09:55:00-04:00,0.0
2025-05-08 10:00:00-04:00,-0.5
2025-05-08 10:05:00-04:00,-31.0
2025-05-08 10:10:00-04:00,-31.5
2025-05-08 10:15:00-04:00,-51.5
2025-05-08 10:20:00-04:00,-17.75
2025-05-08 10:25:00-04:00,1.0
2025-05-08 10:30:00-04:00,27.25
2025-05-08 10:35:00-04:00,-5.25
2025-05-08 10:40:00-04:00,-21.5
2025-05-08 10:45:00-04:00,-27.75
2025-05-08 10:50:00-04:00,-62.0
2025-05-08 10:55:00-04:00,-62.5
2025-05-08 11:00:00-04:00,-87.8125
2025-05-08 11:05:00-04:00,-81.5625
2025-05-08 11:10:00-04:00,-6.5625
2025-05-08 11:15:00-04:00,18.4375
2025-05-08 11:20:00-04:00,42.1875
2025-05-08 11:25:00-04:00,108.4375
2025-05-08 11:30:00-04:00,125.125
2025-05-08 11:35:00-04:00,125.125
2025-05-08 11:40:00-04:00,125.125
2025-05-08 11:45:00-04:00,125.125
2025-05-08 11:50:00-04:00,125.125
2025-05-08 11:55:00-04:00,125.125
2025-05-08 12:00:00-04:00,125.125
2025-05-08 12:05:00-04:00,125.125
2025-05-08 12:10:00-04:00,125.125
2025-05-08 12:15:00-04:00,125.125
2025-05-08 12:20:00-04:00,125.125
2025-05-08 12:25:00-04:00,125.125
2025-05-08 12:30:00-04:00,125.125
2025-05-08 12:35:00-04:00,125.125
2025-05-08 12:40:00-04:00,125.125
2025-05-08 12:45:00-04:00,125.125
2025-05-08 12:50:00-04:00,125.125
2025-05-08 12:55:00-04:00,125.125
2025-05-08 13:00:00-04:00,125.125
2025-05-08 13:05:00-04:00,125.125
2025-05-08 13:10:00-04:00,125.125
2025-05-08 13:15:00-04:00,125.125
2025-05-08 13:20:00-04:00,125.125
2025-05-08 13:25:00-04:00,125.125
2025-05-08 13:30:00-04:00,125.125
2025-05-08 13:35:00-04:00,125.125
2025-05-08 13:40:00-04:00,125.125
2025-05-08 13:45:00-04:00,125.125
2025-05-08 13:50:00-04:00,125.125
2025-05-08 13:55:00-04:00,125.125
2025-05-08 14:00:00-04:00,125.125
2025-05-08 14:05:00-04:00,125.125
2025-05-08 14:10:00-04:00,125.125
2025-05-08 14:15:00-04:00,125.125
2025-05-08 14:20:00-04:00,125.125
2025-05-08 14:25:00-04:00,125.125
2025-05-08 14:30:00-04:00,125.125
2025-05-08 14:35:00-04:00,125.125
2025-05-08 14:40:00-04:00,125.125
2025-05-08 14:45:00-04:00,125.125
2025-05-08 14:50:00-04:00,125.125
2025-05-08 14:55:00-04:00,125.125
2025-05-08 15:00:00-04:00,125.125
2025-05-08 15:05:00-04:00,125.125
2025-05-08 15:10:00-04:00,125.125
2025-05-08 15:15:00-04:00,125.125
2025-05-08 15:20:00-04:00,125.125
2025-05-08 15:25:00-04:00,125.125
2025-05-08 15:30:00-04:00,125.125
2025-05-08 15:35:00-04:00,125.125
2025-05-08 15:40:00-04:00,125.125
2025-05-08 15:45:00-04:00,125.125
2025-05-08 15:50:00-04:00,125.125
2025-05-08 15:55:00-04:00,125.125
2025-05-09 09:30:00-04:00,0.0
2025-05-09 09:35:00-04:00,0.0
2025-05-09 09:40:00-04:00,0.0
2025-05-09 09:45:00-04:00,0.0
2025-05-09 09:50:00-04:00,0.0
2025-05-09 09:55:00-04:00,0.0
2025-05-09 10:00:00-04:00,0.0
2025-05-09 10:05:00-04:00,0.0
2025-05-09 10:10:00-04:00,0.0
2025-05-09 10:15:00-04:00,0.0
2025-05-09 10:20:00-04:00,0.0
2025-05-09 10:25:00-04:00,0.0
2025-05-09 10:30:00-04:00,0.0
2025-05-09 10:35:00-04:00,0.0
2025-05-09 10:40:00-04:00,0.0
2025-05-09 10:45:00-04:00,0.0
2025-05-09 10:50:00-04:00,0.0
2025-05-09 10:55:00-04:00,0.0
2025-05-09 11:00:00-04:00,0.0
2025-05-09 11:05:00-04:00,0.0
2025-05-09 11:10:00-04:00,0.0
2025-05-09 11:15:00-04:00,0.0
2025-05-09 11:20:00-04:00,0.0
2025-05-09 11:25:00-04:00,0.0
2025-05-09 11:30:00-04:00,0.0
2025-05-09 11:35:00-04:00,0.0
2025-05-09 11:40:00-04:00,0.0
2025-05-09 11:45:00-04:00,0.0
2025-05-09 11:50:00-04:00,0.0
2025-05-09 11:55:00-04:00,0.0
2025-05-09 12:00:00-04:00,0.0
2025-05-09 12:05:00-04:00,0.0
2025-05-09 12:10:00-04:00,0.0
2025-05-09 12:15:00-04:00,0.0
2025-05-09 12:20:00-04:00,0.0
2025-05-09 12:25:00-04:00,0.0
2025-05-09 12:30:00-04:00,0.0
2025-05-09 12:35:00-04:00,0.0
2025-05-09 12:40:00-04:00,0.0
2025-05-09 12:45:00-04:00,0.0
2025-05-09 12:50:00-04:00,0.0
2025-05-09 12:55:00-04:00,0.0
2025-05-09 13:00:00-04:00,0.0
2025-05-09 13:05:00-04:00,0.0
2025-05-09 13:10:00-04:00,0.0
2025-05-09 13:15:00-04:00,0.0
2025-05-09 13:20:00-04:00,0.0
2025-05-09 13:25:00-04:00,0.0
2025-05-09 13:30:00-04:00,0.0
2025-05-09 13:35:00-04:00,0.0
2025-05-09 13:40:00-04:00,0.0
2025-05-09 13:45:00-04:00,0.0
2025-05-09 13:50:00-04:00,0.0
2025-05-09 13:55:00-04:00,0.0
2025-05-09 14:00:00-04:00,0.0
2025-05-09 14:05:00-04:00,0.0
2025-05-09 14:10:00-04:00,0.0
2025-05-09 14:15:00-04:00,0.0
2025-05-09 14:20:00-04:00,0.0
2025-05-09 14:25:00-04:00,0.0
2025-05-09 14:30:00-04:00,0.0
2025-05-09 14:35:00-04:00,0.0
2025-05-09 14:40:00-04:00,0.0
2025-05-09 14:45:00-04:00,0.0
2025-05-09 14:50:00-04:00,0.0
2025-05-09 14:55:00-04:00,0.0
2025-05-09 15:00:00-04:00,0.0
2025-05-09 15:05:00-04:00,0.0
2025-05-09 15:10:00-04:00,0.0
2025-05-09 15:15:00-04:00,0.0
2025-05-09 15:20:00-04:00,0.0
2025-05-09 15:25:00-04:00,0.0
2025-05-09 15:30:00-04:00,0.0
2025-05-09 15:35:00-04:00,0.0
2025-05-09 15:40:00-04:00,0.0
2025-05-09 15:45:00-04:00,0.0
2025-05-09 15:50:00-04:00,0.0
2025-05-09 15:55:00-04:00,0.0
2025-05-12 09:30:00-04:00,0.0
2025-05-12 09:35:00-04:00,0.0
2025-05-12 09:40:00-04:00,0.0
2025-05-12 09:45:00-04:00,0.0
2025-05-12 09:50:00-04:00,0.0
2025-05-12 09:55:00-04:00,0.0
2025-05-12 10:00:00-04:00,-0.5
2025-05-12 10:05:00-04:00,-8.9375
2025-05-12 10:10:00-04:00,-6.4375
2025-05-12 10:15:00-04:00,36.0625
2025-05-12 10:20:00-04:00,8.5625
2025-05-12 10:25:00-04:00,-31.0
2025-05-12 10:30:00-04:00,-31.5
2025-05-12 10:35:00-04:00,-52.4375
2025-05-12 10:40:00-04:00,-17.4375
2025-05-12 10:45:00-04:00,32.5625
2025-05-12 10:50:00-04:00,43.8125
2025-05-12 10:55:00-04:00,22.5625
2025-05-12 11:00:00-04:00,20.0625
2025-05-12 11:05:00-04:00,21.3125
2025-05-12 11:10:00-04:00,20.0625
2025-05-12 11:15:00-04:00,22.5625
2025-05-12 11:20:00-04:00,-16.1875
2025-05-12 11:25:00-04:00,-7.4375
2025-05-12 11:30:00-04:00,24.5625
2025-05-12 11:35:00-04:00,24.5625
2025-05-12 11:40:00-04:00,24.5625
2025-05-12 11:45:00-04:00,24.5625
2025-05-12 11:50:00-04:00,24.5625
2025-05-12 11:55:00-04:00,24.5625
2025-05-12 12:00:00-04:00,24.5625
2025-05-12 12:05:00-04:00,24.5625
2025-05-12 12:10:00-04:00,24.5625
2025-05-12 12:15:00-04:00,24.5625
2025-05-12 12:20:00-04:00,24.5625
2025-05-12 12:25:00-04:00,24.5625
2025-05-12 12:30:00-04:00,24.5625
2025-05-12 12:35:00-04:00,24.5625
2025-05-12 12:40:00-04:00,24.5625
2025-05-12 12:45:00-04:00,24.5625
2025-05-12 12:50:00-04:00,24.5625
2025-05-12 12:55:00-04:00,24.5625
2025-05-12 13:00:00-04:00,24.5625
2025-05-12 13:05:00-04:00,24.5625
2025-05-12 13:10:00-04:00,24.5625
2025-05-12 13:15:00-04:00,24.5625
2025-05-12 13:20:00-04:00,24.5625
2025-05-12 13:25:00-04:00,24.5625
2025-05-12 13:30:00-04:00,24.5625
2025-05-12 13:35:00-04:00,24.5625
2025-05-12 13:40:00-04:00,24.5625
2025-05-12 13:45:00-04:00,24.5625
2025-05-12 13:50:00-04:00,24.5625
2025-05-12 13:55:00-04:00,24.5625
2025-05-12 14:00:00-04:00,24.5625
2025-05-12 14:05:00-04:00,24.5625
2025-05-12 14:10:00-04:00,24.5625
2025-05-12 14:15:00-04:00,24.5625
2025-05-12 14:20:00-04:00,24.5625
2025-05-12 14:25:00-04:00,24.5625
2025-05-12 14:30:00-04:00,24.5625
2025-05-12 14:35:00-04:00,24.5625
2025-05-12 14:40:00-04:00,24.5625
2025-05-12 14:45:00-04:00,24.5625
2025-05-12 14:50:00-04:00,24.5625
2025-05-12 14:55:00-04:00,24.5625
2025-05-12 15:00:00-04:00,24.5625
2025-05-12 15:05:00-04:00,24.5625
2025-05-12 15:10:00-04:00,24.5625
2025-05-12 15:15:00-04:00,24.5625
2025-05-12 15:20:00-04:00,24.5625
2025-05-12 15:25:00-04:00,24.5625
2025-05-12 15:30:00-04:00,24.5625
2025-05-12 15:35:00-04:00,24.5625
2025-05-12 15:40:00-04:00,24.5625
2025-05-12 15:45:00-04:00,24.5625
2025-05-12 15:50:00-04:00,24.5625
2025-05-12 15:55:00-04:00,24.5625
2025-05-13 09:30:00-04:00,0.0
2025-05-13 09:35:00-04:00,0.0
2025-05-13 09:40:00-04:00,0.0
2025-05-13 09:45:00-04:00,0.0
2025-05-13 09:50:00-04:00,0.0
2025-05-13 09:55:00-04:00,0.0
2025-05-13 10:00:00-04:00,0.0
2025-05-13 10:05:00-04:00,0.0
2025-05-13 10:10:00-04:00,0.0
2025-05-13 10:15:00-04:00,0.0
2025-05-13 10:20:00-04:00,0.0
2025-05-13 10:25:00-04:00,0.0
2025-05-13 10:30:00-04:00,0.0
2025-05-13 10:35:00-04:00,0.0
2025-05-13 10:40:00-04:00,0.0
2025-05-13 10:45:00-04:00,0.0
2025-05-13 10:50:00-04:00,0.0
2025-05-13 10:55:00-04:00,0.0
2025-05-13 11:00:00-04:00,0.0
2025-05-13 11:05:00-04:00,0.0
2025-05-13 11:10:00-04:00,0.0
2025-05-13 11:15:00-04:00,0.0
2025-05-13 11:20:00-04:00,0.0
2025-05-13 11:25:00-04:00,0.0
2025-05-13 11:30:00-04:00,0.0
2025-05-13 11:35:00-04:00,0.0
2025-05-13 11:40:00-04:00,0.0
2025-05-13 11:45:00-04:00,0.0
2025-05-13 11:50:00-04:00,0.0
2025-05-13 11:55:00-04:00,0.0
2025-05-13 12:00:00-04:00,0.0
2025-05-13 12:05:00-04:00,0.0
2025-05-13 12:10:00-04:00,0.0
2025-05-13 12:15:00-04:00,0.0
2025-05-13 12:20:00-04:00,0.0
2025-05-13 12:25:00-04:00,0.0
2025-05-13 12:30:00-04:00,0.0
2025-05-13 12:35:00-04:00,0.0
2025-05-13 12:40:00-04:00,0.0
2025-05-13 12:45:00-04:00,0.0
2025-05-13 12:50:00-04:00,0.0
2025-05-13 12:55:00-04:00,0.0
2025-05-13 13:00:00-04:00,0.0
2025-05-13 13:05:00-04:00,0.0
2025-05-13 13:10:00-04:00,0.0
2025-05-13 13:15:00-04:00,0.0
2025-05-13 13:20:00-04:00,0.0
2025-05-13 13:25:00-04:00,0.0
2025-05-13 13:30:00-04:00,0.0
2025-05-13 13:35:00-04:00,0.0
2025-05-13 13:40:00-04:00,0.0
2025-05-13 13:45:00-04:00,0.0
2025-05-13 13:50:00-04:00,0.0
2025-05-13 13:55:00-04:00,0.0
2025-05-13 14:00:00-04:00,0.0
2025-05-13 14:05:00-04:00,0.0
2025-05-13 14:10:00-04:00,0.0
2025-05-13 14:15:00-04:00,0.0
2025-05-13 14:20:00-04:00,0.0
2025-05-13 14:25:00-04:00,0.0
2025-05-13 14:30:00-04:00,0.0
2025-05-13 14:35:00-04:00,0.0
2025-05-13 14:40:00-04:00,0.0
2025-05-13 14:45:00-04:00,0.0
2025-05-13 14:50:00-04:00,0.0
2025-05-13 14:55:00-04:00,0.0
2025-05-13 15:00:00-04:00,0.0
2025-05-13 15:05:00-04:00,0.0
2025-05-13 15:10:00-04:00,0.0
2025-05-13 15:15:00-04:00,0.0
2025-05-13 15:20:00-04:00,0.0
2025-05-13 15:25:00-04:00,0.0
2025-05-13 15:30:00-04:00,0.0
2025-05-13 15:35:00-04:00,0.0
2025-05-13 15:40:00-04:00,0.0
2025-05-13 15:45:00-04:00,0.0
2025-05-13 15:50:00-04:00,0.0
2025-05-13 15:55:00-04:00,0.0
2025-05-14 09:30:00-04:00,0.0
2025-05-14 09:35:00-04:00,0.0
2025-05-14 09:40:00-04:00,0.0
2025-05-14 09:45:00-04:00,0.0
2025-05-14 09:50:00-04:00,0.0
2025-05-14 09:55:00-04:00,0.0
2025-05-14 10:00:00-04:00,-0.5
2025-05-14 10:05:00-04:00,-31.0
2025-05-14 10:10:00-04:00,-31.5
2025-05-14 10:15:00-04:00,-50.25
2025-05-14 10:20:00-04:00,-47.75
2025-05-14 10:25:00-04:00,-24.0
2025-05-14 10:30:00-04:00,-29.0
2025-05-14 10:35:00-04:00,-26.5
2025-05-14 10:40:00-04:00,-35.25
2025-05-14 10:45:00-04:00,-42.75
2025-05-14 10:50:00-04:00,-17.75
2025-05-14 10:55:00-04:00,-14.0
2025-05-14 11:00:00-04:00,-62.0
2025-05-14 11:05:00-04:00,-62.5
2025-05-14 11:10:00-04:00,-55.9375
2025-05-14 11:15:00-04:00,-38.4375
2025-05-14 11:20:00-04:00,-33.4375
2025-05-14 11:25:00-04:00,-5.9375
2025-05-14 11:30:00-04:00,19.1875
2025-05-14 11:35:00-04:00,19.1875
2025-05-14 11:40:00-04:00,19.1875
2025-05-14 11:45:00-04:00,19.1875
2025-05-14 11:50:00-04:00,19.1875
2025-05-14 11:55:00-04:00,19.1875
2025-05-14 12:00:00-04:00,19.1875
2025-05-14 12:05:00-04:00,19.1875
2025-05-14 12:10:00-04:00,19.1875
2025-05-14 12:15:00-04:00,19.1875
2025-05-14 12:20:00-04:00,19.1875
2025-05-14 12:25:00-04:00,19.1875
2025-05-14 12:30:00-04:00,19.1875
2025-05-14 12:35:00-04:00,19.1875
2025-05-14 12:40:00-04:00,19.1875
2025-05-14 12:45:00-04:00,19.1875
2025-05-14 12:50:00-04:00,19.1875
2025-05-14 12:55:00-04:00,19.1875
2025-05-14 13:00:00-04:00,19.1875
2025-05-14 13:05:00-04:00,19.1875
2025-05-14 13:10:00-04:00,19.1875
2025-05-14 13:15:00-04:00,19.1875
2025-05-14 13:20:00-04:00,19.1875
2025-05-14 13:25:00-04:00,19.1875
2025-05-14 13:30:00-04:00,19.1875
2025-05-14 13:35:00-04:00,19.1875
2025-05-14 13:40:00-04:00,19.1875
2025-05-14 13:45:00-04:00,19.1875
2025-05-14 13:50:00-04:00,19.1875
2025-05-14 13:55:00-04:00,19.1875
2025-05-14 14:00:00-04:00,19.1875
2025-05-14 14:05:00-04:00,19.1875
2025-05-14 14:10:00-04:00,19.1875
2025-05-14 14:15:00-04:00,19.1875
2025-05-14 14:20:00-04:00,19.1875
2025-05-14 14:25:00-04:00,19.1875
2025-05-14 14:30:00-04:00,19.1875
2025-05-14 14:35:00-04:00,19.1875
2025-05-14 14:40:00-04:00,19.1875
2025-05-14 14:45:00-04:00,19.1875
2025-05-14 14:50:00-04:00,19.1875
2025-05-14 14:55:00-04:00,19.1875
2025-05-14 15:00:00-04:00,19.1875
2025-05-14 15:05:00-04:00,19.1875
2025-05-14 15:10:00-04:00,19.1875
2025-05-14 15:15:00-04:00,19.1875
2025-05-14 15:20:00-04:00,19.1875
2025-05-14 15:25:00-04:00,19.1875
2025-05-14 15:30:00-04:00,19.1875
2025-05-14 15:35:00-04:00,19.1875
2025-05-14 15:40:00-04:00,19.1875
2025-05-14 15:45:00-04:00,19.1875
2025-05-14 15:50:00-04:00,19.1875
2025-05-14 15:55:00-04:00,19.1875
2025-05-15 09:30:00-04:00,0.0
2025-05-15 09:35:00-04:00,0.0
2025-05-15 09:40:00-04:00,0.0
2025-05-15 09:45:00-04:00,0.0
2025-05-15 09:50:00-04:00,0.0
2025-05-15 09:55:00-04:00,0.0
2025-05-15 10:00:00-04:00,0.0
2025-05-15 10:05:00-04:00,0.0
2025-05-15 10:10:00-04:00,0.0
2025-05-15 10:15:00-04:00,0.0
2025-05-15 10:20:00-04:00,0.0
2025-05-15 10:25:00-04:00,0.0
2025-05-15 10:30:00-04:00,0.0
2025-05-15 10:35:00-04:00,0.0
2025-05-15 10:40:00-04:00,0.0
2025-05-15 10:45:00-04:00,0.0
2025-05-15 10:50:00-04:00,0.0
2025-05-15 10:55:00-04:00,0.0
2025-05-15 11:00:00-04:00,0.0
2025-05-15 11:05:00-04:00,0.0
2025-05-15 11:10:00-04:00,0.0
2025-05-15 11:15:00-04:00,0.0
2025-05-15 11:20:00-04:00,0.0
2025-05-15 11:25:00-04:00,0.0
2025-05-15 11:30:00-04:00,0.0
2025-05-15 11:35:00-04:00,0.0
2025-05-15 11:40:00-04:00,0.0
2025-05-15 11:45:00-04:00,0.0
2025-05-15 11:50:00-04:00,0.0
2025-05-15 11:55:00-04:00,0.0
2025-05-15 12:00:00-04:00,0.0
2025-05-15 12:05:00-04:00,0.0
2025-05-15 12:10:00-04:00,0.0
2025-05-15 12:15:00-04:00,0.0
2025-05-15 12:20:00-04:00,0.0
2025-05-15 12:25:00-04:00,0.0
2025-05-15 12:30:00-04:00,0.0
2025-05-15 12:35:00-04:00,0.0
2025-05-15 12:40:00-04:00,0.0
2025-05-15 12:45:00-04:00,0.0
2025-05-15 12:50:00-04:00,0.0
2025-05-15 12:55:00-04:00,0.0
2025-05-15 13:00:00-04:00,0.0
2025-05-15 13:05:00-04:00,0.0
2025-05-15 13:10:00-04:00,0.0
2025-05-15 13:15:00-04:00,0.0
2025-05-15 13:20:00-04:00,0.0
2025-05-15 13:25:00-04:00,0.0
2025-05-15 13:30:00-04:00,0.0
2025-05-15 13:35:00-04:00,0.0
2025-05-15 13:40:00-04:00,0.0
2025-05-15 13:45:00-04:00,0.0
2025-05-15 13:50:00-04:00,0.0
2025-05-15 13:55:00-04:00,0.0
2025-05-15 14:00:00-04:00,0.0
2025-05-15 14:05:00-04:00,0.0
2025-05-15 14:10:00-04:00,0.0
2025-05-15 14:15:00-04:00,0.0
2025-05-15 14:20:00-04:00,0.0
2025-05-15 14:25:00-04:00,0.0
2025-05-15 14:30:00-04:00,0.0
2025-05-15 14:35:00-04:00,0.0
2025-05-15 14:40:00-04:00,0.0
2025-05-15 14:45:00-04:00,0.0
2025-05-15 14:50:00-04:00,0.0
2025-05-15 14:55:00-04:00,0.0
2025-05-15 15:00:00-04:00,0.0
2025-05-15 15:05:00-04:00,0.0
2025-05-15 15:10:00-04:00,0.0
2025-05-15 15:15:00-04:00,0.0
2025-05-15 15:20:00-04:00,0.0
2025-05-15 15:25:00-04:00,0.0
2025-05-15 15:30:00-04:00,0.0
2025-05-15 15:35:00-04:00,0.0
2025-05-15 15:40:00-04:00,0.0
2025-05-15 15:45:00-04:00,0.0
2025-05-15 15:50:00-04:00,0.0
2025-05-15 15:55:00-04:00,0.0
2025-05-16 09:30:00-04:00,0.0
2025-05-16 09:35:00-04:00,0.0
2025-05-16 09:40:00-04:00,0.0
2025-05-16 09:45:00-04:00,0.0
2025-05-16 09:50:00-04:00,0.0
2025-05-16 09:55:00-04:00,0.0
2025-05-16 10:00:00-04:00,0.0
2025-05-16 10:05:00-04:00,0.0
2025-05-16 10:10:00-04:00,-0.5
2025-05-16 10:15:00-04:00,-11.75
2025-05-16 10:20:00-04:00,10.75
2025-05-16 10:25:00-04:00,-0.5
2025-05-16 10:30:00-04:00,-23.0
2025-05-16 10:35:00-04:00,-31.0
2025-05-16 10:40:00-04:00,-31.5
2025-05-16 10:45:00-04:00,-60.25
2025-05-16 10:50:00-04:00,-16.5
2025-05-16 10:55:00-04:00,-14.0
2025-05-16 11:00:00-04:00,-2.75
2025-05-16 11:05:00-04:00,-5.25
2025-05-16 11:10:00-04:00,-0.25
2025-05-16 11:15:00-04:00,3.5
2025-05-16 11:20:00-04:00,-6.5
2025-05-16 11:25:00-04:00,1.0
2025-05-16 11:30:00-04:00,30.5
2025-05-16 11:35:00-04:00,30.5
2025-05-16 11:40:00-04:00,30.5
2025-05-16 11:45:00-04:00,30.5
2025-05-16 11:50:00-04:00,30.5
2025-05-16 11:55:00-04:00,30.5
2025-05-16 12:00:00-04:00,30.5
2025-05-16 12:05:00-04:00,30.5
2025-05-16 12:10:00-04:00,30.5
2025-05-16 12:15:00-04:00,30.5
2025-05-16 12:20:00-04:00,30.5
2025-05-16 12:25:00-04:00,30.5
2025-05-16 12:30:00-04:00,30.5
2025-05-16 12:35:00-04:00,30.5
2025-05-16 12:40:00-04:00,30.5
2025-05-16 12:45:00-04:00,30.5
2025-05-16 12:50:00-04:00,30.5
2025-05-16 12:55:00-04:00,30.5
2025-05-16 13:00:00-04:00,30.5
2025-05-16 13:05:00-04:00,30.5
2025-05-16 13:10:00-04:00,30.5
2025-05-16 13:15:00-04:00,30.5
2025-05-16 13:20:00-04:00,30.5
2025-05-16 13:25:00-04:00,30.5
2025-05-16 13:30:00-04:00,30.5
2025-05-16 13:35:00-04:00,30.5
2025-05-16 13:40:00-04:00,30.5
2025-05-16 13:45:00-04:00,30.5
2025-05-16 13:50:00-04:00,30.5
2025-05-16 13:55:00-04:00,30.5
2025-05-16 14:00:00-04:00,30.5
2025-05-16 14:05:00-04:00,30.5
2025-05-16 14:10:00-04:00,30.5
2025-05-16 14:15:00-04:00,30.5
2025-05-16 14:20:00-04:00,30.5
2025-05-16 14:25:00-04:00,30.5
2025-05-16 14:30:00-04:00,30.5
2025-05-16 14:35:00-04:00,30.5
2025-05-16 14:40:00-04:00,30.5
2025-05-16 14:45:00-04:00,30.5
2025-05-16 14:50:00-04:00,30.5
2025-05-16 14:55:00-04:00,30.5
2025-05-16 15:00:00-04:00,30.5
2025-05-16 15:05:00-04:00,30.5
2025-05-16 15:10:00-04:00,30.5
2025-05-16 15:15:00-04:00,30.5
2025-05-16 15:20:00-04:00,30.5
2025-05-16 15:25:00-04:00,30.5
2025-05-16 15:30:00-04:00,30.5
2025-05-16 15:35:00-04:00,30.5
2025-05-16 15:40:00-04:00,30.5
2025-05-16 15:45:00-04:00,30.5
2025-05-16 15:50:00-04:00,30.5
2025-05-16 15:55:00-04:00,30.5
2025-05-19 09:30:00-04:00,0.0
2025-05-19 09:35:00-04:00,0.0
2025-05-19 09:40:00-04:00,0.0
2025-05-19 09:45:00-04:00,0.0
2025-05-19 09:50:00-04:00,0.0
2025-05-19 09:55:00-04:00,0.0
2025-05-19 10:00:00-04:00,0.0
2025-05-19 10:05:00-04:00,0.0
2025-05-19 10:10:00-04:00,0.0
2025-05-19 10:15:00-04:00,0.0
2025-05-19 10:20:00-04:00,0.0
2025-05-19 10:25:00-04:00,0.0
2025-05-19 10:30:00-04:00,0.0
2025-05-19 10:35:00-04:00,0.0
2025-05-19 10:40:00-04:00,0.0
2025-05-19 10:45:00-04:00,0.0
2025-05-19 10:50:00-04:00,0.0
2025-05-19 10:55:00-04:00,0.0
2025-05-19 11:00:00-04:00,0.0
2025-05-19 11:05:00-04:00,0.0
2025-05-19 11:10:00-04:00,0.0
2025-05-19 11:15:00-04:00,0.0
2025-05-19 11:20:00-04:00,0.0
2025-05-19 11:25:00-04:00,0.0
2025-05-19 11:30:00-04:00,0.0
2025-05-19 11:35:00-04:00,0.0
2025-05-19 11:40:00-04:00,0.0
2025-05-19 11:45:00-04:00,0.0
2025-05-19 11:50:00-04:00,0.0
2025-05-19 11:55:00-04:00,0.0
2025-05-19 12:00:00-04:00,0.0
2025-05-19 12:05:00-04:00,0.0
2025-05-19 12:10:00-04:00,0.0
2025-05-19 12:15:00-04:00,0.0
2025-05-19 12:20:00-04:00,0.0
2025-05-19 12:25:00-04:00,0.0
2025-05-19 12:30:00-04:00,0.0
2025-05-19 12:35:00-04:00,0.0
2025-05-19 12:40:00-04:00,0.0
2025-05-19 12:45:00-04:00,0.0
2025-05-19 12:50:00-04:00,0.0
2025-05-19 12:55:00-04:00,0.0
2025-05-19 13:00:00-04:00,0.0
2025-05-19 13:05:00-04:00,0.0
2025-05-19 13:10:00-04:00,0.0
2025-05-19 13:15:00-04:00,0.0
2025-05-19 13:20:00-04:00,0.0
2025-05-19 13:25:00-04:00,0.0
2025-05-19 13:30:00-04:00,0.0
2025-05-19 13:35:00-04:00,0.0
2025-05-19 13:40:00-04:00,0.0
2025-05-19 13:45:00-04:00,0.0
2025-05-19 13:50:00-04:00,0.0
2025-05-19 13:55:00-04:00,0.0
2025-05-19 14:00:00-04:00,0.0
2025-05-19 14:05:00-04:00,0.0
2025-05-19 14:10:00-04:00,0.0
2025-05-19 14:15:00-04:00,0.0
2025-05-19 14:20:00-04:00,0.0
2025-05-19 14:25:00-04:00,0.0
2025-05-19 14:30:00-04:00,0.0
2025-05-19 14:35:00-04:00,0.0
2025-05-19 14:40:00-04:00,0.0
2025-05-19 14:45:00-04:00,0.0
2025-05-19 14:50:00-04:00,0.0
2025-05-19 14:55:00-04:00,0.0
2025-05-19 15:00:00-04:00,0.0
2025-05-19 15:05:00-04:00,0.0
2025-05-19 15:10:00-04:00,0.0
2025-05-19 15:15:00-04:00,0.0
2025-05-19 15:20:00-04:00,0.0
2025-05-19 15:25:00-04:00,0.0
2025-05-19 15:30:00-04:00,0.0
2025-05-19 15:35:00-04:00,0.0
2025-05-19 15:40:00-04:00,0.0
2025-05-19 15:45:00-04:00,0.0
2025-05-19 15:50:00-04:00,0.0
2025-05-19 15:55:00-04:00,0.0
2025-05-20 09:30:00-04:00,0.0
2025-05-20 09:35:00-04:00,0.0
2025-05-20 09:40:00-04:00,0.0
2025-05-20 09:45:00-04:00,0.0
2025-05-20 09:50:00-04:00,0.0
2025-05-20 09:55:00-04:00,0.0
2025-05-20 10:00:00-04:00,0.0
2025-05-20 10:05:00-04:00,0.0
2025-05-20 10:10:00-04:00,0.0
2025-05-20 10:15:00-04:00,0.0
2025-05-20 10:20:00-04:00,0.0
2025-05-20 10:25:00-04:00,0.0
2025-05-20 10:30:00-04:00,0.0
2025-05-20 10:35:00-04:00,0.0
2025-05-20 10:40:00-04:00,0.0
2025-05-20 10:45:00-04:00,0.0
2025-05-20 10:50:00-04:00,0.0
2025-05-20 10:55:00-04:00,0.0
2025-05-20 11:00:00-04:00,0.0
2025-05-20 11:05:00-04:00,0.0
2025-05-20 11:10:00-04:00,0.0
2025-05-20 11:15:00-04:00,0.0
2025-05-20 11:20:00-04:00,0.0
2025-05-20 11:25:00-04:00,0.0
2025-05-20 11:30:00-04:00,0.0
2025-05-20 11:35:00-04:00,0.0
2025-05-20 11:40:00-04:00,0.0
2025-05-20 11:45:00-04:00,0.0
2025-05-20 11:50:00-04:00,0.0
2025-05-20 11:55:00-04:00,0.0
2025-05-20 12:00:00-04:00,0.0
2025-05-20 12:05:00-04:00,0.0
2025-05-20 12:10:00-04:00,0.0
2025-05-20 12:15:00-04:00,0.0
2025-05-20 12:20:00-04:00,0.0
2025-05-20 12:25:00-04:00,0.0
2025-05-20 12:30:00-04:00,0.0
2025-05-20 12:35:00-04:00,0.0
2025-05-20 12:40:00-04:00,0.0
2025-05-20 12:45:00-04:00,0.0
2025-05-20 12:50:00-04:00,0.0
2025-05-20 12:55:00-04:00,0.0
2025-05-20 13:00:00-04:00,0.0
2025-05-20 13:05:00-04:00,0.0
2025-05-20 13:10:00-04:00,0.0
2025-05-20 13:15:00-04:00,0.0
2025-05-20 13:20:00-04:00,0.0
2025-05-20 13:25:00-04:00,0.0
2025-05-20 13:30:00-04:00,0.0
2025-05-20 13:35:00-04:00,0.0
2025-05-20 13:40:00-04:00,0.0
2025-05-20 13:45:00-04:00,0.0
2025-05-20 13:50:00-04:00,0.0
2025-05-20 13:55:00-04:00,0.0
2025-05-20 14:00:00-04:00,0.0
2025-05-20 14:05:00-04:00,0.0
2025-05-20 14:10:00-04:00,0.0
2025-05-20 14:15:00-04:00,0.0
2025-05-20 14:20:00-04:00,0.0
2025-05-20 14:25:00-04:00,0.0
2025-05-20 14:30:00-04:00,0.0
2025-05-20 14:35:00-04:00,0.0
2025-05-20 14:40:00-04:00,0.0
2025-05-20 14:45:00-04:00,0.0
2025-05-20 14:50:00-04:00,0.0
2025-05-20 14:55:00-04:00,0.0
2025-05-20 15:00:00-04:00,0.0
2025-05-20 15:05:00-04:00,0.0
2025-05-20 15:10:00-04:00,0.0
2025-05-20 15:15:00-04:00,0.0
2025-05-20 15:20:00-04:00,0.0
2025-05-20 15:25:00-04:00,0.0
2025-05-20 15:30:00-04:00,0.0
2025-05-20 15:35:00-04:00,0.0
2025-05-20 15:40:00-04:00,0.0
2025-05-20 15:45:00-04:00,0.0
2025-05-20 15:50:00-04:00,0.0
2025-05-20 15:55:00-04:00,0.0
2025-05-21 09:30:00-04:00,0.0
2025-05-21 09:35:00-04:00,0.0
2025-05-21 09:40:00-04:00,0.0
2025-05-21 09:45:00-04:00,0.0
2025-05-21 09:50:00-04:00,0.0
2025-05-21 09:55:00-04:00,0.0
2025-05-21 10:00:00-04:00,-0.5
2025-05-21 10:05:00-04:00,-29.25
2025-05-21 10:10:00-04:00,-11.75
2025-05-21 10:15:00-04:00,3.25
2025-05-21 10:20:00-04:00,-10.5
2025-05-21 10:25:00-04:00,4.5
2025-05-21 10:30:00-04:00,15.75
2025-05-21 10:35:00-04:00,23.25
2025-05-21 10:40:00-04:00,10.75
2025-05-21 10:45:00-04:00,42.0
2025-05-21 10:50:00-04:00,20.75
2025-05-21 10:55:00-04:00,-16.75
2025-05-21 11:00:00-04:00,-31.0
2025-05-21 11:05:00-04:00,-31.5
2025-05-21 11:10:00-04:00,-62.0
2025-05-21 11:15:00-04:00,-62.5
2025-05-21 11:20:00-04:00,-82.8125
2025-05-21 11:25:00-04:00,-81.5625
2025-05-21 11:30:00-04:00,-58.3125
2025-05-21 11:35:00-04:00,-58.3125
2025-05-21 11:40:00-04:00,-58.3125
2025-05-21 11:45:00-04:00,-58.3125
2025-05-21 11:50:00-04:00,-58.3125
2025-05-21 11:55:00-04:00,-58.3125
2025-05-21 12:00:00-04:00,-58.3125
2025-05-21 12:05:00-04:00,-58.3125
2025-05-21 12:10:00-04:00,-58.3125
2025-05-21 12:15:00-04:00,-58.3125
2025-05-21 12:20:00-04:00,-58.3125
2025-05-21 12:25:00-04:00,-58.3125
2025-05-21 12:30:00-04:00,-58.3125
2025-05-21 12:35:00-04:00,-58.3125
2025-05-21 12:40:00-04:00,-58.3125
2025-05-21 12:45:00-04:00,-58.3125
2025-05-21 12:50:00-04:00,-58.3125
2025-05-21 12:55:00-04:00,-58.3125
2025-05-21 13:00:00-04:00,-58.3125
2025-05-21 13:05:00-04:00,-58.3125
2025-05-21 13:10:00-04:00,-58.3125
2025-05-21 13:15:00-04:00,-58.3125
2025-05-21 13:20:00-04:00,-58.3125
2025-05-21 13:25:00-04:00,-58.3125
2025-05-21 13:30:00-04:00,-58.3125
2025-05-21 13:35:00-04:00,-58.3125
2025-05-21 13:40:00-04:00,-58.3125
2025-05-21 13:45:00-04:00,-58.3125
2025-05-21 13:50:00-04:00,-58.3125
2025-05-21 13:55:00-04:00,-58.3125
2025-05-21 14:00:00-04:00,-58.3125
2025-05-21 14:05:00-04:00,-58.3125
2025-05-21 14:10:00-04:00,-58.3125
2025-05-21 14:15:00-04:00,-58.3125
2025-05-21 14:20:00-04:00,-58.3125
2025-05-21 14:25:00-04:00,-58.3125
2025-05-21 14:30:00-04:00,-58.3125
2025-05-21 14:35:00-04:00,-58.3125
2025-05-21 14:40:00-04:00,-58.3125
2025-05-21 14:45:00-04:00,-58.3125
2025-05-21 14:50:00-04:00,-58.3125
2025-05-21 14:55:00-04:00,-58.3125
2025-05-21 15:00:00-04:00,-58.3125
2025-05-21 15:05:00-04:00,-58.3125
2025-05-21 15:10:00-04:00,-58.3125
2025-05-21 15:15:00-04:00,-58.3125
2025-05-21 15:20:00-04:00,-58.3125
2025-05-21 15:25:00-04:00,-58.3125
2025-05-21 15:30:00-04:00,-58.3125
2025-05-21 15:35:00-04:00,-58.3125
2025-05-21 15:40:00-04:00,-58.3125
2025-05-21 15:45:00-04:00,-58.3125
2025-05-21 15:50:00-04:00,-58.3125
2025-05-21 15:55:00-04:00,-58.3125
2025-05-22 09:30:00-04:00,0.0
2025-05-22 09:35:00-04:00,0.0
2025-05-22 09:40:00-04:00,0.0
2025-05-22 09:45:00-04:00,0.0
2025-05-22 09:50:00-04:00,0.0
2025-05-22 09:55:00-04:00,0.0
2025-05-22 10:00:00-04:00,-0.5
2025-05-22 10:05:00-04:00,-31.0
2025-05-22 10:10:00-04:00,-31.5
2025-05-22 10:15:00-04:00,-26.5
2025-05-22 10:20:00-04:00,-10.25
2025-05-22 10:25:00-04:00,16.0
2025-05-22 10:30:00-04:00,14.75
2025-05-22 10:35:00-04:00,27.25
2025-05-22 10:40:00-04:00,24.75
2025-05-22 10:45:00-04:00,28.5
2025-05-22 10:50:00-04:00,38.5
2025-05-22 10:55:00-04:00,28.5
2025-05-22 11:00:00-04:00,8.5
2025-05-22 11:05:00-04:00,-1.5
2025-05-22 11:10:00-04:00,4.75
2025-05-22 11:15:00-04:00,33.5
2025-05-22 11:20:00-04:00,-4.0
2025-05-22 11:25:00-04:00,-7.75
2025-05-22 11:30:00-04:00,38.3125
2025-05-22 11:35:00-04:00,38.3125
2025-05-22 11:40:00-04:00,38.3125
2025-05-22 11:45:00-04:00,38.3125
2025-05-22 11:50:00-04:00,38.3125
2025-05-22 11:55:00-04:00,38.3125
2025-05-22 12:00:00-04:00,38.3125
2025-05-22 12:05:00-04:00,38.3125
2025-05-22 12:10:00-04:00,38.3125
2025-05-22 12:15:00-04:00,38.3125
2025-05-22 12:20:00-04:00,38.3125
2025-05-22 12:25:00-04:00,38.3125
2025-05-22 12:30:00-04:00,38.3125
2025-05-22 12:35:00-04:00,38.3125
2025-05-22 12:40:00-04:00,38.3125
2025-05-22 12:45:00-04:00,38.3125
2025-05-22 12:50:00-04:00,38.3125
2025-05-22 12:55:00-04:00,38.3125
2025-05-22 13:00:00-04:00,38.3125
2025-05-22 13:05:00-04:00,38.3125
2025-05-22 13:10:00-04:00,38.3125
2025-05-22 13:15:00-04:00,38.3125
2025-05-22 13:20:00-04:00,38.3125
2025-05-22 13:25:00-04:00,38.3125
2025-05-22 13:30:00-04:00,38.3125
2025-05-22 13:35:00-04:00,38.3125
2025-05-22 13:40:00-04:00,38.3125
2025-05-22 13:45:00-04:00,38.3125
2025-05-22 13:50:00-04:00,38.3125
2025-05-22 13:55:00-04:00,38.3125
2025-05-22 14:00:00-04:00,38.3125
2025-05-22 14:05:00-04:00,38.3125
2025-05-22 14:10:00-04:00,38.3125
2025-05-22 14:15:00-04:00,38.3125
2025-05-22 14:20:00-04:00,38.3125
2025-05-22 14:25:00-04:00,38.3125
2025-05-22 14:30:00-04:00,38.3125
2025-05-22 14:35:00-04:00,38.3125
2025-05-22 14:40:00-04:00,38.3125
2025-05-22 14:45:00-04:00,38.3125
2025-05-22 14:50:00-04:00,38.3125
2025-05-22 14:55:00-04:00,38.3125
2025-05-22 15:00:00-04:00,38.3125
2025-05-22 15:05:00-04:00,38.3125
2025-05-22 15:10:00-04:00,38.3125
2025-05-22 15:15:00-04:00,38.3125
2025-05-22 15:20:00-04:00,38.3125
2025-05-22 15:25:00-04:00,38.3125
2025-05-22 15:30:00-04:00,38.3125
2025-05-22 15:35:00-04:00,38.3125
2025-05-22 15:40:00-04:00,38.3125
2025-05-22 15:45:00-04:00,38.3125
2025-05-22 15:50:00-04:00,38.3125
2025-05-22 15:55:00-04:00,38.3125
2025-05-23 09:30:00-04:00,0.0
2025-05-23 09:35:00-04:00,0.0
2025-05-23 09:40:00-04:00,0.0
2025-05-23 09:45:00-04:00,0.0
2025-05-23 09:50:00-04:00,0.0
2025-05-23 09:55:00-04:00,0.0
2025-05-23 10:00:00-04:00,-0.5
2025-05-23 10:05:00-04:00,-31.0
2025-05-23 10:10:00-04:00,-31.5
2025-05-23 10:15:00-04:00,-62.0
2025-05-23 10:20:00-04:00,-62.5
2025-05-23 10:25:00-04:00,-93.0
2025-05-23 10:30:00-04:00,-93.5
2025-05-23 10:35:00-04:00,-123.1875
2025-05-23 10:40:00-04:00,-124.0
2025-05-23 10:45:00-04:00,-124.5
2025-05-23 10:50:00-04:00,-127.3125
2025-05-23 10:55:00-04:00,-79.8125
2025-05-23 11:00:00-04:00,-103.5625
2025-05-23 11:05:00-04:00,-84.8125
2025-05-23 11:10:00-04:00,-91.0625
2025-05-23 11:15:00-04:00,-101.0625
2025-05-23 11:20:00-04:00,-123.5625
2025-05-23 11:25:00-04:00,-128.5625
2025-05-23 11:30:00-04:00,-155.0
2025-05-23 11:35:00-04:00,-155.0
2025-05-23 11:40:00-04:00,-155.0
2025-05-23 11:45:00-04:00,-155.0
2025-05-23 11:50:00-04:00,-155.0
2025-05-23 11:55:00-04:00,-155.0
2025-05-23 12:00:00-04:00,-155.0
2025-05-23 12:05:00-04:00,-155.0
2025-05-23 12:10:00-04:00,-155.0
2025-05-23 12:15:00-04:00,-155.0
2025-05-23 12:20:00-04:00,-155.0
2025-05-23 12:25:00-04:00,-155.0
2025-05-23 12:30:00-04:00,-155.0
2025-05-23 12:35:00-04:00,-155.0
2025-05-23 12:40:00-04:00,-155.0
2025-05-23 12:45:00-04:00,-155.0
2025-05-23 12:50:00-04:00,-155.0
2025-05-23 12:55:00-04:00,-155.0
2025-05-23 13:00:00-04:00,-155.0
2025-05-23 13:05:00-04:00,-155.0
2025-05-23 13:10:00-04:00,-155.0
2025-05-23 13:15:00-04:00,-155.0
2025-05-23 13:20:00-04:00,-155.0
2025-05-23 13:25:00-04:00,-155.0
2025-05-23 13:30:00-04:00,-155.0
2025-05-23 13:35:00-04:00,-155.0
2025-05-23 13:40:00-04:00,-155.0
2025-05-23 13:45:00-04:00,-155.0
2025-05-23 13:50:00-04:00,-155.0
2025-05-23 13:55:00-04:00,-155.0
2025-05-23 14:00:00-04:00,-155.0
2025-05-23 14:05:00-04:00,-155.0
2025-05-23 14:10:00-04:00,-155.0
2025-05-23 14:15:00-04:00,-155.0
2025-05-23 14:20:00-04:00,-155.0
2025-05-23 14:25:00-04:00,-155.0
2025-05-23 14:30:00-04:00,-155.0
2025-05-23 14:35:00-04:00,-155.0
2025-05-23 14:40:00-04:00,-155.0
2025-05-23 14:45:00-04:00,-155.0
2025-05-23 14:50:00-04:00,-155.0
2025-05-23 14:55:00-04:00,-155.0
2025-05-23 15:00:00-04:00,-155.0
2025-05-23 15:05:00-04:00,-155.0
2025-05-23 15:10:00-04:00,-155.0
2025-05-23 15:15:00-04:00,-155.0
2025-05-23 15:20:00-04:00,-155.0
2025-05-23 15:25:00-04:00,-155.0
2025-05-23 15:30:00-04:00,-155.0
2025-05-23 15:35:00-04:00,-155.0
2025-05-23 15:40:00-04:00,-155.0
2025-05-23 15:45:00-04:00,-155.0
2025-05-23 15:50:00-04:00,-155.0
2025-05-23 15:55:00-04:00,-155.0
2025-05-26 09:30:00-04:00,0.0
2025-05-26 09:35:00-04:00,0.0
2025-05-26 09:40:00-04:00,0.0
2025-05-26 09:45:00-04:00,0.0
2025-05-26 09:50:00-04:00,0.0
2025-05-26 09:55:00-04:00,0.0
2025-05-26 10:00:00-04:00,0.0
2025-05-26 10:05:00-04:00,0.0
2025-05-26 10:10:00-04:00,0.0
2025-05-26 10:15:00-04:00,0.0
2025-05-26 10:20:00-04:00,0.0
2025-05-26 10:25:00-04:00,0.0
2025-05-26 10:30:00-04:00,0.0
2025-05-26 10:35:00-04:00,0.0
2025-05-26 10:40:00-04:00,0.0
2025-05-26 10:45:00-04:00,0.0
2025-05-26 10:50:00-04:00,0.0
2025-05-26 10:55:00-04:00,0.0
2025-05-26 11:00:00-04:00,0.0
2025-05-26 11:05:00-04:00,0.0
2025-05-26 11:10:00-04:00,0.0
2025-05-26 11:15:00-04:00,0.0
2025-05-26 11:20:00-04:00,0.0
2025-05-26 11:25:00-04:00,0.0
2025-05-26 11:30:00-04:00,0.0
2025-05-26 11:35:00-04:00,0.0
2025-05-26 11:40:00-04:00,0.0
2025-05-26 11:45:00-04:00,0.0
2025-05-26 11:50:00-04:00,0.0
2025-05-26 11:55:00-04:00,0.0
2025-05-26 12:00:00-04:00,0.0
2025-05-26 12:05:00-04:00,0.0
2025-05-26 12:10:00-04:00,0.0
2025-05-26 12:15:00-04:00,0.0
2025-05-26 12:20:00-04:00,0.0
2025-05-26 12:25:00-04:00,0.0
2025-05-26 12:30:00-04:00,0.0
2025-05-26 12:35:00-04:00,0.0
2025-05-26 12:40:00-04:00,0.0
2025-05-26 12:45:00-04:00,0.0
2025-05-26 12:50:00-04:00,0.0
2025-05-26 12:55:00-04:00,0.0
2025-05-27 09:30:00-04:00,0.0
2025-05-27 09:35:00-04:00,0.0
2025-05-27 09:40:00-04:00,0.0
2025-05-27 09:45:00-04:00,0.0
2025-05-27 09:50:00-04:00,0.0
2025-05-27 09:55:00-04:00,0.0
2025-05-27 10:00:00-04:00,0.0
2025-05-27 10:05:00-04:00,0.0
2025-05-27 10:10:00-04:00,0.0
2025-05-27 10:15:00-04:00,0.0
2025-05-27 10:20:00-04:00,0.0
2025-05-27 10:25:00-04:00,0.0
2025-05-27 10:30:00-04:00,0.0
2025-05-27 10:35:00-04:00,0.0
2025-05-27 10:40:00-04:00,0.0
2025-05-27 10:45:00-04:00,0.0
2025-05-27 10:50:00-04:00,0.0
2025-05-27 10:55:00-04:00,0.0
2025-05-27 11:00:00-04:00,0.0
2025-05-27 11:05:00-04:00,0.0
2025-05-27 11:10:00-04:00,0.0
2025-05-27 11:15:00-04:00,0.0
2025-05-27 11:20:00-04:00,0.0
2025-05-27 11:25:00-04:00,0.0
2025-05-27 11:30:00-04:00,0.0
2025-05-27 11:35:00-04:00,0.0
2025-05-27 11:40:00-04:00,0.0
2025-05-27 11:45:00-04:00,0.0
2025-05-27 11:50:00-04:00,0.0
2025-05-27 11:55:00-04:00,0.0
2025-05-27 12:00:00-04:00,0.0
2025-05-27 12:05:00-04:00,0.0
2025-05-27 12:10:00-04:00,0.0
2025-05-27 12:15:00-04:00,0.0
2025-05-27 12:20:00-04:00,0.0
2025-05-27 12:25:00-04:00,0.0
2025-05-27 12:30:00-04:00,0.0
2025-05-27 12:35:00-04:00,0.0
2025-05-27 12:40:00-04:00,0.0
2025-05-27 12:45:00-04:00,0.0
2025-05-27 12:50:00-04:00,0.0
2025-05-27 12:55:00-04:00,0.0
2025-05-27 13:00:00-04:00,0.0
2025-05-27 13:05:00-04:00,0.0
2025-05-27 13:10:00-04:00,0.0
2025-05-27 13:15:00-04:00,0.0
2025-05-27 13:20:00-04:00,0.0
2025-05-27 13:25:00-04:00,0.0
2025-05-27 13:30:00-04:00,0.0
2025-05-27 13:35:00-04:00,0.0
2025-05-27 13:40:00-04:00,0.0
2025-05-27 13:45:00-04:00,0.0
2025-05-27 13:50:00-04:00,0.0
2025-05-27 13:55:00-04:00,0.0
2025-05-27 14:00:00-04:00,0.0
2025-05-27 14:05:00-04:00,0.0
2025-05-27 14:10:00-04:00,0.0
2025-05-27 14:15:00-04:00,0.0
2025-05-27 14:20:00-04:00,0.0
2025-05-27 14:25:00-04:00,0.0
2025-05-27 14:30:00-04:00,0.0
2025-05-27 14:35:00-04:00,0.0
2025-05-27 14:40:00-04:00,0.0
2025-05-27 14:45:00-04:00,0.0
2025-05-27 14:50:00-04:00,0.0
2025-05-27 14:55:00-04:00,0.0
2025-05-27 15:00:00-04:00,0.0
2025-05-27 15:05:00-04:00,0.0
2025-05-27 15:10:00-04:00,0.0
2025-05-27 15:15:00-04:00,0.0
2025-05-27 15:20:00-04:00,0.0
2025-05-27 15:25:00-04:00,0.0
2025-05-27 15:30:00-04:00,0.0
2025-05-27 15:35:00-04:00,0.0
2025-05-27 15:40:00-04:00,0.0
2025-05-27 15:45:00-04:00,0.0
2025-05-27 15:50:00-04:00,0.0
2025-05-27 15:55:00-04:00,0.0
2025-05-28 09:30:00-04:00,0.0
2025-05-28 09:35:00-04:00,0.0
2025-05-28 09:40:00-04:00,0.0
2025-05-28 09:45:00-04:00,0.0
2025-05-28 09:50:00-04:00,0.0
2025-05-28 09:55:00-04:00,0.0
2025-05-28 10:00:00-04:00,-0.5
2025-05-28 10:05:00-04:00,-26.125
2025-05-28 10:10:00-04:00,-28.625
2025-05-28 10:15:00-04:00,-31.0
2025-05-28 10:20:00-04:00,-31.5
2025-05-28 10:25:00-04:00,-50.875
2025-05-28 10:30:00-04:00,-60.875
2025-05-28 10:35:00-04:00,-62.0
2025-05-28 10:40:00-04:00,-62.5
2025-05-28 10:45:00-04:00,-67.375
2025-05-28 10:50:00-04:00,-67.375
2025-05-28 10:55:00-04:00,-67.375
2025-05-28 11:00:00-04:00,-67.375
2025-05-28 11:05:00-04:00,-67.375
2025-05-28 11:10:00-04:00,-67.375
2025-05-28 11:15:00-04:00,-67.375
2025-05-28 11:20:00-04:00,-67.375
2025-05-28 11:25:00-04:00,-67.375
2025-05-28 11:30:00-04:00,-67.375
2025-05-28 11:35:00-04:00,-67.375
2025-05-28 11:40:00-04:00,-67.375
2025-05-28 11:45:00-04:00,-67.375
2025-05-28 11:50:00-04:00,-67.375
2025-05-28 11:55:00-04:00,-67.375
2025-05-28 12:00:00-04:00,-67.375
2025-05-28 12:05:00-04:00,-67.375
2025-05-28 12:10:00-04:00,-67.375
2025-05-28 12:15:00-04:00,-67.375
2025-05-28 12:20:00-04:00,-67.375
2025-05-28 12:25:00-04:00,-67.375
2025-05-28 12:30:00-04:00,-67.375
2025-05-28 12:35:00-04:00,-67.375
2025-05-28 12:40:00-04:00,-67.375
2025-05-28 12:45:00-04:00,-67.375
2025-05-28 12:50:00-04:00,-67.375
2025-05-28 12:55:00-04:00,-67.375
2025-05-28 13:00:00-04:00,-67.375
2025-05-28 13:05:00-04:00,-67.375
2025-05-28 13:10:00-04:00,-67.375
2025-05-28 13:15:00-04:00,-67.375
2025-05-28 13:20:00-04:00,-67.375
2025-05-28 13:25:00-04:00,-67.375
2025-05-28 13:30:00-04:00,-67.375
2025-05-28 13:35:00-04:00,-67.375
2025-05-28 13:40:00-04:00,-67.375
2025-05-28 13:45:00-04:00,-67.375
2025-05-28 13:50:00-04:00,-67.375
2025-05-28 13:55:00-04:00,-67.375
2025-05-28 14:00:00-04:00,-67.375
2025-05-28 14:05:00-04:00,-67.375
2025-05-28 14:10:00-04:00,-67.375
2025-05-28 14:15:00-04:00,-67.375
2025-05-28 14:20:00-04:00,-67.375
2025-05-28 14:25:00-04:00,-67.375
2025-05-28 14:30:00-04:00,-67.375
2025-05-28 14:35:00-04:00,-67.375
2025-05-28 14:40:00-04:00,-67.375
2025-05-28 14:45:00-04:00,-67.375
2025-05-28 14:50:00-04:00,-67.375
2025-05-28 14:55:00-04:00,-67.375
2025-05-28 15:00:00-04:00,-67.375
2025-05-28 15:05:00-04:00,-67.375
2025-05-28 15:10:00-04:00,-67.375
2025-05-28 15:15:00-04:00,-67.375
2025-05-28 15:20:00-04:00,-67.375
2025-05-28 15:25:00-04:00,-67.375
2025-05-28 15:30:00-04:00,-67.375
2025-05-28 15:35:00-04:00,-67.375
2025-05-28 15:40:00-04:00,-67.375
2025-05-28 15:45:00-04:00,-67.375
2025-05-28 15:50:00-04:00,-67.375
2025-05-28 15:55:00-04:00,-67.375
2025-05-29 09:30:00-04:00,0.0
2025-05-29 09:35:00-04:00,0.0
2025-05-29 09:40:00-04:00,0.0
2025-05-29 09:45:00-04:00,0.0
2025-05-29 09:50:00-04:00,0.0
2025-05-29 09:55:00-04:00,0.0
2025-05-29 10:00:00-04:00,0.0
2025-05-29 10:05:00-04:00,0.0
2025-05-29 10:10:00-04:00,0.0
2025-05-29 10:15:00-04:00,0.0
2025-05-29 10:20:00-04:00,0.0
2025-05-29 10:25:00-04:00,0.0
2025-05-29 10:30:00-04:00,0.0
2025-05-29 10:35:00-04:00,0.0
2025-05-29 10:40:00-04:00,0.0
2025-05-29 10:45:00-04:00,0.0
2025-05-29 10:50:00-04:00,0.0
2025-05-29 10:55:00-04:00,0.0
2025-05-29 11:00:00-04:00,0.0
2025-05-29 11:05:00-04:00,0.0
2025-05-29 11:10:00-04:00,0.0
2025-05-29 11:15:00-04:00,0.0
2025-05-29 11:20:00-04:00,0.0
2025-05-29 11:25:00-04:00,0.0
2025-05-29 11:30:00-04:00,0.0
2025-05-29 11:35:00-04:00,0.0
2025-05-29 11:40:00-04:00,0.0
2025-05-29 11:45:00-04:00,0.0
2025-05-29 11:50:00-04:00,0.0
2025-05-29 11:55:00-04:00,0.0
2025-05-29 12:00:00-04:00,0.0
2025-05-29 12:05:00-04:00,0.0
2025-05-29 12:10:00-04:00,0.0
2025-05-29 12:15:00-04:00,0.0
2025-05-29 12:20:00-04:00,0.0
2025-05-29 12:25:00-04:00,0.0
2025-05-29 12:30:00-04:00,0.0
2025-05-29 12:35:00-04:00,0.0
2025-05-29 12:40:00-04:00,0.0
2025-05-29 12:45:00-04:00,0.0
2025-05-29 12:50:00-04:00,0.0
2025-05-29 12:55:00-04:00,0.0
2025-05-29 13:00:00-04:00,0.0
2025-05-29 13:05:00-04:00,0.0
2025-05-29 13:10:00-04:00,0.0
2025-05-29 13:15:00-04:00,0.0
2025-05-29 13:20:00-04:00,0.0
2025-05-29 13:25:00-04:00,0.0
2025-05-29 13:30:00-04:00,0.0
2025-05-29 13:35:00-04:00,0.0
2025-05-29 13:40:00-04:00,0.0
2025-05-29 13:45:00-04:00,0.0
2025-05-29 13:50:00-04:00,0.0
2025-05-29 13:55:00-04:00,0.0
2025-05-29 14:00:00-04:00,0.0
2025-05-29 14:05:00-04:00,0.0
2025-05-29 14:10:00-04:00,0.0
2025-05-29 14:15:00-04:00,0.0
2025-05-29 14:20:00-04:00,0.0
2025-05-29 14:25:00-04:00,0.0
2025-05-29 14:30:00-04:00,0.0
2025-05-29 14:35:00-04:00,0.0
2025-05-29 14:40:00-04:00,0.0
2025-05-29 14:45:00-04:00,0.0
2025-05-29 14:50:00-04:00,0.0
2025-05-29 14:55:00-04:00,0.0
2025-05-29 15:00:00-04:00,0.0
2025-05-29 15:05:00-04:00,0.0
2025-05-29 15:10:00-04:00,0.0
2025-05-29 15:15:00-04:00,0.0
2025-05-29 15:20:00-04:00,0.0
2025-05-29 15:25:00-04:00,0.0
2025-05-29 15:30:00-04:00,0.0
2025-05-29 15:35:00-04:00,0.0
2025-05-29 15:40:00-04:00,0.0
2025-05-29 15:45:00-04:00,0.0
2025-05-29 15:50:00-04:00,0.0
2025-05-29 15:55:00-04:00,0.0
2025-05-30 09:30:00-04:00,0.0
2025-05-30 09:35:00-04:00,0.0
2025-05-30 09:40:00-04:00,0.0
2025-05-30 09:45:00-04:00,0.0
2025-05-30 09:50:00-04:00,0.0
2025-05-30 09:55:00-04:00,0.0
2025-05-30 10:00:00-04:00,0.0
2025-05-30 10:05:00-04:00,0.0
2025-05-30 10:10:00-04:00,0.0
2025-05-30 10:15:00-04:00,0.0
2025-05-30 10:20:00-04:00,0.0
2025-05-30 10:25:00-04:00,0.0
2025-05-30 10:30:00-04:00,0.0
2025-05-30 10:35:00-04:00,0.0
2025-05-30 10:40:00-04:00,0.0
2025-05-30 10:45:00-04:00,0.0
2025-05-30 10:50:00-04:00,0.0
2025-05-30 10:55:00-04:00,0.0
2025-05-30 11:00:00-04:00,-0.5
2025-05-30 11:05:00-04:00,-23.3125
2025-05-30 11:10:00-04:00,-13.3125
2025-05-30 11:15:00-04:00,0.4375
2025-05-30 11:20:00-04:00,-5.8125
2025-05-30 11:25:00-04:00,-31.0
2025-05-30 11:30:00-04:00,-31.0
2025-05-30 11:35:00-04:00,-31.0
2025-05-30 11:40:00-04:00,-31.0
2025-05-30 11:45:00-04:00,-31.0
2025-05-30 11:50:00-04:00,-31.0
2025-05-30 11:55:00-04:00,-31.0
2025-05-30 12:00:00-04:00,-31.0
2025-05-30 12:05:00-04:00,-31.0
2025-05-30 12:10:00-04:00,-31.0
2025-05-30 12:15:00-04:00,-31.0
2025-05-30 12:20:00-04:00,-31.0
2025-05-30 12:25:00-04:00,-31.0
2025-05-30 12:30:00-04:00,-31.0
2025-05-30 12:35:00-04:00,-31.0
2025-05-30 12:40:00-04:00,-31.0
2025-05-30 12:45:00-04:00,-31.0
2025-05-30 12:50:00-04:00,-31.0
2025-05-30 12:55:00-04:00,-31.0
2025-05-30 13:00:00-04:00,-31.0
2025-05-30 13:05:00-04:00,-31.0
2025-05-30 13:10:00-04:00,-31.0
2025-05-30 13:15:00-04:00,-31.0
2025-05-30 13:20:00-04:00,-31.0
2025-05-30 13:25:00-04:00,-31.0
2025-05-30 13:30:00-04:00,-31.0
2025-05-30 13:35:00-04:00,-31.0
2025-05-30 13:40:00-04:00,-31.0
2025-05-30 13:45:00-04:00,-31.0
2025-05-30 13:50:00-04:00,-31.0
2025-05-30 13:55:00-04:00,-31.0
2025-05-30 14:00:00-04:00,-31.0
2025-05-30 14:05:00-04:00,-31.0
2025-05-30 14:10:00-04:00,-31.0
2025-05-30 14:15:00-04:00,-31.0
2025-05-30 14:20:00-04:00,-31.0
2025-05-30 14:25:00-04:00,-31.0
2025-05-30 14:30:00-04:00,-31.0
2025-05-30 14:35:00-04:00,-31.0
2025-05-30 14:40:00-04:00,-31.0
2025-05-30 14:45:00-04:00,-31.0
2025-05-30 14:50:00-04:00,-31.0
2025-05-30 14:55:00-04:00,-31.0
2025-05-30 15:00:00-04:00,-31.0
2025-05-30 15:05:00-04:00,-31.0
2025-05-30 15:10:00-04:00,-31.0
2025-05-30 15:15:00-04:00,-31.0
2025-05-30 15:20:00-04:00,-31.0
2025-05-30 15:25:00-04:00,-31.0
2025-05-30 15:30:00-04:00,-31.0
2025-05-30 15:35:00-04:00,-31.0
2025-05-30 15:40:00-04:00,-31.0
2025-05-30 15:45:00-04:00,-31.0
2025-05-30 15:50:00-04:00,-31.0
2025-05-30 15:55:00-04:00,-31.0
2025-06-02 09:30:00-04:00,0.0
2025-06-02 09:35:00-04:00,0.0
2025-06-02 09:40:00-04:00,0.0
2025-06-02 09:45:00-04:00,0.0
2025-06-02 09:50:00-04:00,0.0
2025-06-02 09:55:00-04:00,0.0
2025-06-02 10:00:00-04:00,0.0
2025-06-02 10:05:00-04:00,0.0
2025-06-02 10:10:00-04:00,0.0
2025-06-02 10:15:00-04:00,0.0
2025-06-02 10:20:00-04:00,0.0
2025-06-02 10:25:00-04:00,0.0
2025-06-02 10:30:00-04:00,0.0
2025-06-02 10:35:00-04:00,0.0
2025-06-02 10:40:00-04:00,0.0
2025-06-02 10:45:00-04:00,0.0
2025-06-02 10:50:00-04:00,0.0
2025-06-02 10:55:00-04:00,0.0
2025-06-02 11:00:00-04:00,0.0
2025-06-02 11:05:00-04:00,0.0
2025-06-02 11:10:00-04:00,0.0
2025-06-02 11:15:00-04:00,0.0
2025-06-02 11:20:00-04:00,0.0
2025-06-02 11:25:00-04:00,0.0
2025-06-02 11:30:00-04:00,0.0
2025-06-02 11:35:00-04:00,0.0
2025-06-02 11:40:00-04:00,0.0
2025-06-02 11:45:00-04:00,0.0
2025-06-02 11:50:00-04:00,0.0
2025-06-02 11:55:00-04:00,0.0
2025-06-02 12:00:00-04:00,0.0
2025-06-02 12:05:00-04:00,0.0
2025-06-02 12:10:00-04:00,0.0
2025-06-02 12:15:00-04:00,0.0
2025-06-02 12:20:00-04:00,0.0
2025-06-02 12:25:00-04:00,0.0
2025-06-02 12:30:00-04:00,0.0
2025-06-02 12:35:00-04:00,0.0
2025-06-02 12:40:00-04:00,0.0
2025-06-02 12:45:00-04:00,0.0
2025-06-02 12:50:00-04:00,0.0
2025-06-02 12:55:00-04:00,0.0
2025-06-02 13:00:00-04:00,0.0
2025-06-02 13:05:00-04:00,0.0
2025-06-02 13:10:00-04:00,0.0
2025-06-02 13:15:00-04:00,0.0
2025-06-02 13:20:00-04:00,0.0
2025-06-02 13:25:00-04:00,0.0
2025-06-02 13:30:00-04:00,0.0
2025-06-02 13:35:00-04:00,0.0
2025-06-02 13:40:00-04:00,0.0
2025-06-02 13:45:00-04:00,0.0
2025-06-02 13:50:00-04:00,0.0
2025-06-02 13:55:00-04:00,0.0
2025-06-02 14:00:00-04:00,0.0
2025-06-02 14:05:00-04:00,0.0
2025-06-02 14:10:00-04:00,0.0
2025-06-02 14:15:00-04:00,0.0
2025-06-02 14:20:00-04:00,0.0
2025-06-02 14:25:00-04:00,0.0
2025-06-02 14:30:00-04:00,0.0
2025-06-02 14:35:00-04:00,0.0
2025-06-02 14:40:00-04:00,0.0
2025-06-02 14:45:00-04:00,0.0
2025-06-02 14:50:00-04:00,0.0
2025-06-02 14:55:00-04:00,0.0
2025-06-02 15:00:00-04:00,0.0
2025-06-02 15:05:00-04:00,0.0
2025-06-02 15:10:00-04:00,0.0
2025-06-02 15:15:00-04:00,0.0
2025-06-02 15:20:00-04:00,0.0
2025-06-02 15:25:00-04:00,0.0
2025-06-02 15:30:00-04:00,0.0
2025-06-02 15:35:00-04:00,0.0
2025-06-02 15:40:00-04:00,0.0
2025-06-02 15:45:00-04:00,0.0
2025-06-02 15:50:00-04:00,0.0
2025-06-02 15:55:00-04:00,0.0
2025-06-03 09:30:00-04:00,0.0
2025-06-03 09:35:00-04:00,0.0
2025-06-03 09:40:00-04:00,0.0
2025-06-03 09:45:00-04:00,0.0
2025-06-03 09:50:00-04:00,0.0
2025-06-03 09:55:00-04:00,0.0
2025-06-03 10:00:00-04:00,0.0
2025-06-03 10:05:00-04:00,-0.5
2025-06-03 10:10:00-04:00,-13.0
2025-06-03 10:15:00-04:00,9.5
2025-06-03 10:20:00-04:00,24.5
2025-06-03 10:25:00-04:00,20.75
2025-06-03 10:30:00-04:00,29.5
2025-06-03 10:35:00-04:00,24.5
2025-06-03 10:40:00-04:00,37.0
2025-06-03 10:45:00-04:00,48.25
2025-06-03 10:50:00-04:00,54.5
2025-06-03 10:55:00-04:00,64.5
2025-06-03 11:00:00-04:00,84.5
2025-06-03 11:05:00-04:00,84.5
2025-06-03 11:10:00-04:00,89.5
2025-06-03 11:15:00-04:00,90.75
2025-06-03 11:20:00-04:00,100.75
2025-06-03 11:25:00-04:00,109.5
2025-06-03 11:30:00-04:00,115.25
2025-06-03 11:35:00-04:00,115.25
2025-06-03 11:40:00-04:00,115.25
2025-06-03 11:45:00-04:00,115.25
2025-06-03 11:50:00-04:00,115.25
2025-06-03 11:55:00-04:00,115.25
2025-06-03 12:00:00-04:00,115.25
2025-06-03 12:05:00-04:00,115.25
2025-06-03 12:10:00-04:00,115.25
2025-06-03 12:15:00-04:00,115.25
2025-06-03 12:20:00-04:00,115.25
2025-06-03 12:25:00-04:00,115.25
2025-06-03 12:30:00-04:00,115.25
2025-06-03 12:35:00-04:00,115.25
2025-06-03 12:40:00-04:00,115.25
2025-06-03 12:45:00-04:00,115.25
2025-06-03 12:50:00-04:00,115.25
2025-06-03 12:55:00-04:00,115.25
2025-06-03 13:00:00-04:00,115.25
2025-06-03 13:05:00-04:00,115.25
2025-06-03 13:10:00-04:00,115.25
2025-06-03 13:15:00-04:00,115.25
2025-06-03 13:20:00-04:00,115.25
2025-06-03 13:25:00-04:00,115.25
2025-06-03 13:30:00-04:00,115.25
2025-06-03 13:35:00-04:00,115.25
2025-06-03 13:40:00-04:00,115.25
2025-06-03 13:45:00-04:00,115.25
2025-06-03 13:50:00-04:00,115.25
2025-06-03 13:55:00-04:00,115.25
2025-06-03 14:00:00-04:00,115.25
2025-06-03 14:05:00-04:00,115.25
2025-06-03 14:10:00-04:00,115.25
2025-06-03 14:15:00-04:00,115.25
2025-06-03 14:20:00-04:00,115.25
2025-06-03 14:25:00-04:00,115.25
2025-06-03 14:30:00-04:00,115.25
2025-06-03 14:35:00-04:00,115.25
2025-06-03 14:40:00-04:00,115.25
2025-06-03 14:45:00-04:00,115.25
2025-06-03 14:50:00-04:00,115.25
2025-06-03 14:55:00-04:00,115.25
2025-06-03 15:00:00-04:00,115.25
2025-06-03 15:05:00-04:00,115.25
2025-06-03 15:10:00-04:00,115.25
2025-06-03 15:15:00-04:00,115.25
2025-06-03 15:20:00-04:00,115.25
2025-06-03 15:25:00-04:00,115.25
2025-06-03 15:30:00-04:00,115.25
2025-06-03 15:35:00-04:00,115.25
2025-06-03 15:40:00-04:00,115.25
2025-06-03 15:45:00-04:00,115.25
2025-06-03 15:50:00-04:00,115.25
2025-06-03 15:55:00-04:00,115.25
2025-06-04 09:30:00-04:00,0.0
2025-06-04 09:35:00-04:00,0.0
2025-06-04 09:40:00-04:00,0.0
2025-06-04 09:45:00-04:00,0.0
2025-06-04 09:50:00-04:00,0.0
2025-06-04 09:55:00-04:00,0.0
2025-06-04 10:00:00-04:00,0.0
2025-06-04 10:05:00-04:00,0.0
2025-06-04 10:10:00-04:00,0.0
2025-06-04 10:15:00-04:00,0.0
2025-06-04 10:20:00-04:00,0.0
2025-06-04 10:25:00-04:00,0.0
2025-06-04 10:30:00-04:00,0.0
2025-06-04 10:35:00-04:00,0.0
2025-06-04 10:40:00-04:00,-0.5
2025-06-04 10:45:00-04:00,-28.625
2025-06-04 10:50:00-04:00,-24.875
2025-06-04 10:55:00-04:00,-11.125
2025-06-04 11:00:00-04:00,8.875
2025-06-04 11:05:00-04:00,13.875
2025-06-04 11:10:00-04:00,16.375
2025-06-04 11:15:00-04:00,2.625
2025-06-04 11:20:00-04:00,-2.375
2025-06-04 11:25:00-04:00,-9.875
2025-06-04 11:30:00-04:00,-9.75
2025-06-04 11:35:00-04:00,-9.75
2025-06-04 11:40:00-04:00,-9.75
2025-06-04 11:45:00-04:00,-9.75
2025-06-04 11:50:00-04:00,-9.75
2025-06-04 11:55:00-04:00,-9.75
2025-06-04 12:00:00-04:00,-9.75
2025-06-04 12:05:00-04:00,-9.75
2025-06-04 12:10:00-04:00,-9.75
2025-06-04 12:15:00-04:00,-9.75
2025-06-04 12:20:00-04:00,-9.75
2025-06-04 12:25:00-04:00,-9.75
2025-06-04 12:30:00-04:00,-9.75
2025-06-04 12:35:00-04:00,-9.75
2025-06-04 12:40:00-04:00,-9.75
2025-06-04 12:45:00-04:00,-9.75
2025-06-04 12:50:00-04:00,-9.75
2025-06-04 12:55:00-04:00,-9.75
2025-06-04 13:00:00-04:00,-9.75
2025-06-04 13:05:00-04:00,-9.75
2025-06-04 13:10:00-04:00,-9.75
2025-06-04 13:15:00-04:00,-9.75
2025-06-04 13:20:00-04:00,-9.75
2025-06-04 13:25:00-04:00,-9.75
2025-06-04 13:30:00-04:00,-9.75
2025-06-04 13:35:00-04:00,-9.75
2025-06-04 13:40:00-04:00,-9.75
2025-06-04 13:45:00-04:00,-9.75
2025-06-04 13:50:00-04:00,-9.75
2025-06-04 13:55:00-04:00,-9.75
2025-06-04 14:00:00-04:00,-9.75
2025-06-04 14:05:00-04:00,-9.75
2025-06-04 14:10:00-04:00,-9.75
2025-06-04 14:15:00-04:00,-9.75
2025-06-04 14:20:00-04:00,-9.75
2025-06-04 14:25:00-04:00,-9.75
2025-06-04 14:30:00-04:00,-9.75
2025-06-04 14:35:00-04:00,-9.75
2025-06-04 14:40:00-04:00,-9.75
2025-06-04 14:45:00-04:00,-9.75
2025-06-04 14:50:00-04:00,-9.75
2025-06-04 14:55:00-04:00,-9.75
2025-06-04 15:00:00-04:00,-9.75
2025-06-04 15:05:00-04:00,-9.75
2025-06-04 15:10:00-04:00,-9.75
2025-06-04 15:15:00-04:00,-9.75
2025-06-04 15:20:00-04:00,-9.75
2025-06-04 15:25:00-04:00,-9.75
2025-06-04 15:30:00-04:00,-9.75
2025-06-04 15:35:00-04:00,-9.75
2025-06-04 15:40:00-04:00,-9.75
2025-06-04 15:45:00-04:00,-9.75
2025-06-04 15:50:00-04:00,-9.75
2025-06-04 15:55:00-04:00,-9.75
2025-06-05 09:30:00-04:00,0.0
2025-06-05 09:35:00-04:00,0.0
2025-06-05 09:40:00-04:00,0.0
2025-06-05 09:45:00-04:00,0.0
2025-06-05 09:50:00-04:00,0.0
2025-06-05 09:55:00-04:00,0.0
2025-06-05 10:00:00-04:00,0.0
2025-06-05 10:05:00-04:00,0.0
2025-06-05 10:10:00-04:00,0.0
2025-06-05 10:15:00-04:00,0.0
2025-06-05 10:20:00-04:00,0.0
2025-06-05 10:25:00-04:00,0.0
2025-06-05 10:30:00-04:00,0.0
2025-06-05 10:35:00-04:00,0.0
2025-06-05 10:40:00-04:00,0.0
2025-06-05 10:45:00-04:00,0.0
2025-06-05 10:50:00-04:00,0.0
2025-06-05 10:55:00-04:00,0.0
2025-06-05 11:00:00-04:00,0.0
2025-06-05 11:05:00-04:00,0.0
2025-06-05 11:10:00-04:00,0.0
2025-06-05 11:15:00-04:00,0.0
2025-06-05 11:20:00-04:00,0.0
2025-06-05 11:25:00-04:00,0.0
2025-06-05 11:30:00-04:00,0.0
2025-06-05 11:35:00-04:00,0.0
2025-06-05 11:40:00-04:00,0.0
2025-06-05 11:45:00-04:00,0.0
2025-06-05 11:50:00-04:00,0.0
2025-06-05 11:55:00-04:00,0.0
2025-06-05 12:00:00-04:00,0.0
2025-06-05 12:05:00-04:00,0.0
2025-06-05 12:10:00-04:00,0.0
2025-06-05 12:15:00-04:00,0.0
2025-06-05 12:20:00-04:00,0.0
2025-06-05 12:25:00-04:00,0.0
2025-06-05 12:30:00-04:00,0.0
2025-06-05 12:35:00-04:00,0.0
2025-06-05 12:40:00-04:00,0.0
2025-06-05 12:45:00-04:00,0.0
2025-06-05 12:50:00-04:00,0.0
2025-06-05 12:55:00-04:00,0.0
2025-06-05 13:00:00-04:00,0.0
2025-06-05 13:05:00-04:00,0.0
2025-06-05 13:10:00-04:00,0.0
2025-06-05 13:15:00-04:00,0.0
2025-06-05 13:20:00-04:00,0.0
2025-06-05 13:25:00-04:00,0.0
2025-06-05 13:30:00-04:00,0.0
2025-06-05 13:35:00-04:00,0.0
2025-06-05 13:40:00-04:00,0.0
2025-06-05 13:45:00-04:00,0.0
2025-06-05 13:50:00-04:00,0.0
2025-06-05 13:55:00-04:00,0.0
2025-06-05 14:00:00-04:00,0.0
2025-06-05 14:05:00-04:00,0.0
2025-06-05 14:10:00-04:00,0.0
2025-06-05 14:15:00-04:00,0.0
2025-06-05 14:20:00-04:00,0.0
2025-06-05 14:25:00-04:00,0.0
2025-06-05 14:30:00-04:00,0.0
2025-06-05 14:35:00-04:00,0.0
2025-06-05 14:40:00-04:00,0.0
2025-06-05 14:45:00-04:00,0.0
2025-06-05 14:50:00-04:00,0.0
2025-06-05 14:55:00-04:00,0.0
2025-06-05 15:00:00-04:00,0.0
2025-06-05 15:05:00-04:00,0.0
2025-06-05 15:10:00-04:00,0.0
2025-06-05 15:15:00-04:00,0.0
2025-06-05 15:20:00-04:00,0.0
2025-06-05 15:25:00-04:00,0.0
2025-06-05 15:30:00-04:00,0.0
2025-06-05 15:35:00-04:00,0.0
2025-06-05 15:40:00-04:00,0.0
2025-06-05 15:45:00-04:00,0.0
2025-06-05 15:50:00-04:00,0.0
2025-06-05 15:55:00-04:00,0.0
2025-06-06 09:30:00-04:00,0.0
2025-06-06 09:35:00-04:00,0.0
2025-06-06 09:40:00-04:00,0.0
2025-06-06 09:45:00-04:00,0.0
2025-06-06 09:50:00-04:00,0.0
2025-06-06 09:55:00-04:00,0.0
2025-06-06 10:00:00-04:00,-0.5
2025-06-06 10:05:00-04:00,-17.0625
2025-06-06 10:10:00-04:00,-31.0
2025-06-06 10:15:00-04:00,-31.5
2025-06-06 10:20:00-04:00,-47.4375
2025-06-06 10:25:00-04:00,-62.0
2025-06-06 10:30:00-04:00,-62.5
2025-06-06 10:35:00-04:00,-65.625
2025-06-06 10:40:00-04:00,-41.875
2025-06-06 10:45:00-04:00,-50.625
2025-06-06 10:50:00-04:00,-38.125
2025-06-06 10:55:00-04:00,-59.375
2025-06-06 11:00:00-04:00,-55.625
2025-06-06 11:05:00-04:00,-38.125
2025-06-06 11:10:00-04:00,-39.375
2025-06-06 11:15:00-04:00,-93.0
2025-06-06 11:20:00-04:00,-93.5
2025-06-06 11:25:00-04:00,-88.1875
2025-06-06 11:30:00-04:00,-74.625
2025-06-06 11:35:00-04:00,-74.625
2025-06-06 11:40:00-04:00,-74.625
2025-06-06 11:45:00-04:00,-74.625
2025-06-06 11:50:00-04:00,-74.625
2025-06-06 11:55:00-04:00,-74.625
2025-06-06 12:00:00-04:00,-74.625
2025-06-06 12:05:00-04:00,-74.625
2025-06-06 12:10:00-04:00,-74.625
2025-06-06 12:15:00-04:00,-74.625
2025-06-06 12:20:00-04:00,-74.625
2025-06-06 12:25:00-04:00,-74.625
2025-06-06 12:30:00-04:00,-74.625
2025-06-06 12:35:00-04:00,-74.625
2025-06-06 12:40:00-04:00,-74.625
2025-06-06 12:45:00-04:00,-74.625
2025-06-06 12:50:00-04:00,-74.625
2025-06-06 12:55:00-04:00,-74.625
2025-06-06 13:00:00-04:00,-74.625
2025-06-06 13:05:00-04:00,-74.625
2025-06-06 13:10:00-04:00,-74.625
2025-06-06 13:15:00-04:00,-74.625
2025-06-06 13:20:00-04:00,-74.625
2025-06-06 13:25:00-04:00,-74.625
2025-06-06 13:30:00-04:00,-74.625
2025-06-06 13:35:00-04:00,-74.625
2025-06-06 13:40:00-04:00,-74.625
2025-06-06 13:45:00-04:00,-74.625
2025-06-06 13:50:00-04:00,-74.625
2025-06-06 13:55:00-04:00,-74.625
2025-06-06 14:00:00-04:00,-74.625
2025-06-06 14:05:00-04:00,-74.625
2025-06-06 14:10:00-04:00,-74.625
2025-06-06 14:15:00-04:00,-74.625
2025-06-06 14:20:00-04:00,-74.625
2025-06-06 14:25:00-04:00,-74.625
2025-06-06 14:30:00-04:00,-74.625
2025-06-06 14:35:00-04:00,-74.625
2025-06-06 14:40:00-04:00,-74.625
2025-06-06 14:45:00-04:00,-74.625
2025-06-06 14:50:00-04:00,-74.625
2025-06-06 14:55:00-04:00,-74.625
2025-06-06 15:00:00-04:00,-74.625
2025-06-06 15:05:00-04:00,-74.625
2025-06-06 15:10:00-04:00,-74.625
2025-06-06 15:15:00-04:00,-74.625
2025-06-06 15:20:00-04:00,-74.625
2025-06-06 15:25:00-04:00,-74.625
2025-06-06 15:30:00-04:00,-74.625
2025-06-06 15:35:00-04:00,-74.625
2025-06-06 15:40:00-04:00,-74.625
2025-06-06 15:45:00-04:00,-74.625
2025-06-06 15:50:00-04:00,-74.625
2025-06-06 15:55:00-04:00,-74.625
2025-06-09 09:30:00-04:00,0.0
2025-06-09 09:35:00-04:00,0.0
2025-06-09 09:40:00-04:00,0.0
2025-06-09 09:45:00-04:00,0.0
2025-06-09 09:50:00-04:00,0.0
2025-06-09 09:55:00-04:00,0.0
2025-06-09 10:00:00-04:00,-0.5
2025-06-09 10:05:00-04:00,-4.5625
2025-06-09 10:10:00-04:00,2.9375
2025-06-09 10:15:00-04:00,15.4375
2025-06-09 10:20:00-04:00,26.6875
2025-06-09 10:25:00-04:00,30.4375
2025-06-09 10:30:00-04:00,25.4375
2025-06-09 10:35:00-04:00,30.4375
2025-06-09 10:40:00-04:00,16.6875
2025-06-09 10:45:00-04:00,2.9375
2025-06-09 10:50:00-04:00,-2.0625
2025-06-09 10:55:00-04:00,6.6875
2025-06-09 11:00:00-04:00,20.4375
2025-06-09 11:05:00-04:00,26.6875
2025-06-09 11:10:00-04:00,21.6875
2025-06-09 11:15:00-04:00,9.1875
2025-06-09 11:20:00-04:00,0.4375
2025-06-09 11:25:00-04:00,-2.0625
2025-06-09 11:30:00-04:00,12.4375
2025-06-09 11:35:00-04:00,12.4375
2025-06-09 11:40:00-04:00,12.4375
2025-06-09 11:45:00-04:00,12.4375
2025-06-09 11:50:00-04:00,12.4375
2025-06-09 11:55:00-04:00,12.4375
2025-06-09 12:00:00-04:00,12.4375
2025-06-09 12:05:00-04:00,12.4375
2025-06-09 12:10:00-04:00,12.4375
2025-06-09 12:15:00-04:00,12.4375
2025-06-09 12:20:00-04:00,12.4375
2025-06-09 12:25:00-04:00,12.4375
2025-06-09 12:30:00-04:00,12.4375
2025-06-09 12:35:00-04:00,12.4375
2025-06-09 12:40:00-04:00,12.4375
2025-06-09 12:45:00-04:00,12.4375
2025-06-09 12:50:00-04:00,12.4375
2025-06-09 12:55:00-04:00,12.4375
2025-06-09 13:00:00-04:00,12.4375
2025-06-09 13:05:00-04:00,12.4375
2025-06-09 13:10:00-04:00,12.4375
2025-06-09 13:15:00-04:00,12.4375
2025-06-09 13:20:00-04:00,12.4375
2025-06-09 13:25:00-04:00,12.4375
2025-06-09 13:30:00-04:00,12.4375
2025-06-09 13:35:00-04:00,12.4375
2025-06-09 13:40:00-04:00,12.4375
2025-06-09 13:45:00-04:00,12.4375
2025-06-09 13:50:00-04:00,12.4375
2025-06-09 13:55:00-04:00,12.4375
2025-06-09 14:00:00-04:00,12.4375
2025-06-09 14:05:00-04:00,12.4375
2025-06-09 14:10:00-04:00,12.4375
2025-06-09 14:15:00-04:00,12.4375
2025-06-09 14:20:00-04:00,12.4375
2025-06-09 14:25:00-04:00,12.4375
2025-06-09 14:30:00-04:00,12.4375
2025-06-09 14:35:00-04:00,12.4375
2025-06-09 14:40:00-04:00,12.4375
2025-06-09 14:45:00-04:00,12.4375
2025-06-09 14:50:00-04:00,12.4375
2025-06-09 14:55:00-04:00,12.4375
2025-06-09 15:00:00-04:00,12.4375
2025-06-09 15:05:00-04:00,12.4375
2025-06-09 15:10:00-04:00,12.4375
2025-06-09 15:15:00-04:00,12.4375
2025-06-09 15:20:00-04:00,12.4375
2025-06-09 15:25:00-04:00,12.4375
2025-06-09 15:30:00-04:00,12.4375
2025-06-09 15:35:00-04:00,12.4375
2025-06-09 15:40:00-04:00,12.4375
2025-06-09 15:45:00-04:00,12.4375
2025-06-09 15:50:00-04:00,12.4375
2025-06-09 15:55:00-04:00,12.4375
2025-06-10 09:30:00-04:00,0.0
2025-06-10 09:35:00-04:00,0.0
2025-06-10 09:40:00-04:00,0.0
2025-06-10 09:45:00-04:00,0.0
2025-06-10 09:50:00-04:00,0.0
2025-06-10 09:55:00-04:00,0.0
2025-06-10 10:00:00-04:00,0.0
2025-06-10 10:05:00-04:00,0.0
2025-06-10 10:10:00-04:00,0.0
2025-06-10 10:15:00-04:00,0.0
2025-06-10 10:20:00-04:00,0.0
2025-06-10 10:25:00-04:00,0.0
2025-06-10 10:30:00-04:00,0.0
2025-06-10 10:35:00-04:00,0.0
2025-06-10 10:40:00-04:00,0.0
2025-06-10 10:45:00-04:00,0.0
2025-06-10 10:50:00-04:00,0.0
2025-06-10 10:55:00-04:00,0.0
2025-06-10 11:00:00-04:00,0.0
2025-06-10 11:05:00-04:00,0.0
2025-06-10 11:10:00-04:00,0.0
2025-06-10 11:15:00-04:00,0.0
2025-06-10 11:20:00-04:00,0.0
2025-06-10 11:25:00-04:00,0.0
2025-06-10 11:30:00-04:00,0.0
2025-06-10 11:35:00-04:00,0.0
2025-06-10 11:40:00-04:00,0.0
2025-06-10 11:45:00-04:00,0.0
2025-06-10 11:50:00-04:00,0.0
2025-06-10 11:55:00-04:00,0.0
2025-06-10 12:00:00-04:00,0.0
2025-06-10 12:05:00-04:00,0.0
2025-06-10 12:10:00-04:00,0.0
2025-06-10 12:15:00-04:00,0.0
2025-06-10 12:20:00-04:00,0.0
2025-06-10 12:25:00-04:00,0.0
2025-06-10 12:30:00-04:00,0.0
2025-06-10 12:35:00-04:00,0.0
2025-06-10 12:40:00-04:00,0.0
2025-06-10 12:45:00-04:00,0.0
2025-06-10 12:50:00-04:00,0.0
2025-06-10 12:55:00-04:00,0.0
2025-06-10 13:00:00-04:00,0.0
2025-06-10 13:05:00-04:00,0.0
2025-06-10 13:10:00-04:00,0.0
2025-06-10 13:15:00-04:00,0.0
2025-06-10 13:20:00-04:00,0.0
2025-06-10 13:25:00-04:00,0.0
2025-06-10 13:30:00-04:00,0.0
2025-06-10 13:35:00-04:00,0.0
2025-06-10 13:40:00-04:00,0.0
2025-06-10 13:45:00-04:00,0.0
2025-06-10 13:50:00-04:00,0.0
2025-06-10 13:55:00-04:00,0.0
2025-06-10 14:00:00-04:00,0.0
2025-06-10 14:05:00-04:00,0.0
2025-06-10 14:10:00-04:00,0.0
2025-06-10 14:15:00-04:00,0.0
2025-06-10 14:20:00-04:00,0.0
2025-06-10 14:25:00-04:00,0.0
2025-06-10 14:30:00-04:00,0.0
2025-06-10 14:35:00-04:00,0.0
2025-06-10 14:40:00-04:00,0.0
2025-06-10 14:45:00-04:00,0.0
2025-06-10 14:50:00-04:00,0.0
2025-06-10 14:55:00-04:00,0.0
2025-06-10 15:00:00-04:00,0.0
2025-06-10 15:05:00-04:00,0.0
2025-06-10 15:10:00-04:00,0.0
2025-06-10 15:15:00-04:00,0.0
2025-06-10 15:20:00-04:00,0.0
2025-06-10 15:25:00-04:00,0.0
2025-06-10 15:30:00-04:00,0.0
2025-06-10 15:35:00-04:00,0.0
2025-06-10 15:40:00-04:00,0.0
2025-06-10 15:45:00-04:00,0.0
2025-06-10 15:50:00-04:00,0.0
2025-06-10 15:55:00-04:00,0.0
2025-06-11 09:30:00-04:00,0.0
2025-06-11 09:35:00-04:00,0.0
2025-06-11 09:40:00-04:00,0.0
2025-06-11 09:45:00-04:00,0.0
2025-06-11 09:50:00-04:00,0.0
2025-06-11 09:55:00-04:00,0.0
2025-06-11 10:00:00-04:00,0.0
2025-06-11 10:05:00-04:00,0.0
2025-06-11 10:10:00-04:00,0.0
2025-06-11 10:15:00-04:00,0.0
2025-06-11 10:20:00-04:00,0.0
2025-06-11 10:25:00-04:00,0.0
2025-06-11 10:30:00-04:00,0.0
2025-06-11 10:35:00-04:00,0.0
2025-06-11 10:40:00-04:00,0.0
2025-06-11 10:45:00-04:00,0.0
2025-06-11 10:50:00-04:00,0.0
2025-06-11 10:55:00-04:00,0.0
2025-06-11 11:00:00-04:00,0.0
2025-06-11 11:05:00-04:00,-0.5
2025-06-11 11:10:00-04:00,-31.0
2025-06-11 11:15:00-04:00,-31.5
2025-06-11 11:20:00-04:00,-37.4375
2025-06-11 11:25:00-04:00,-52.4375
2025-06-11 11:30:00-04:00,-51.0625
2025-06-11 11:35:00-04:00,-51.0625
2025-06-11 11:40:00-04:00,-51.0625
2025-06-11 11:45:00-04:00,-51.0625
2025-06-11 11:50:00-04:00,-51.0625
2025-06-11 11:55:00-04:00,-51.0625
2025-06-11 12:00:00-04:00,-51.0625
2025-06-11 12:05:00-04:00,-51.0625
2025-06-11 12:10:00-04:00,-51.0625
2025-06-11 12:15:00-04:00,-51.0625
2025-06-11 12:20:00-04:00,-51.0625
2025-06-11 12:25:00-04:00,-51.0625
2025-06-11 12:30:00-04:00,-51.0625
2025-06-11 12:35:00-04:00,-51.0625
2025-06-11 12:40:00-04:00,-51.0625
2025-06-11 12:45:00-04:00,-51.0625
2025-06-11 12:50:00-04:00,-51.0625
2025-06-11 12:55:00-04:00,-51.0625
2025-06-11 13:00:00-04:00,-51.0625
2025-06-11 13:05:00-04:00,-51.0625
2025-06-11 13:10:00-04:00,-51.0625
2025-06-11 13:15:00-04:00,-51.0625
2025-06-11 13:20:00-04:00,-51.0625
2025-06-11 13:25:00-04:00,-51.0625
2025-06-11 13:30:00-04:00,-51.0625
2025-06-11 13:35:00-04:00,-51.0625
2025-06-11 13:40:00-04:00,-51.0625
2025-06-11 13:45:00-04:00,-51.0625
2025-06-11 13:50:00-04:00,-51.0625
2025-06-11 13:55:00-04:00,-51.0625
2025-06-11 14:00:00-04:00,-51.0625
2025-06-11 14:05:00-04:00,-51.0625
2025-06-11 14:10:00-04:00,-51.0625
2025-06-11 14:15:00-04:00,-51.0625
2025-06-11 14:20:00-04:00,-51.0625
2025-06-11 14:25:00-04:00,-51.0625
2025-06-11 14:30:00-04:00,-51.0625
2025-06-11 14:35:00-04:00,-51.0625
2025-06-11 14:40:00-04:00,-51.0625
2025-06-11 14:45:00-04:00,-51.0625
2025-06-11 14:50:00-04:00,-51.0625
2025-06-11 14:55:00-04:00,-51.0625
2025-06-11 15:00:00-04:00,-51.0625
2025-06-11 15:05:00-04:00,-51.0625
2025-06-11 15:10:00-04:00,-51.0625
2025-06-11 15:15:00-04:00,-51.0625
2025-06-11 15:20:00-04:00,-51.0625
2025-06-11 15:25:00-04:00,-51.0625
2025-06-11 15:30:00-04:00,-51.0625
2025-06-11 15:35:00-04:00,-51.0625
2025-06-11 15:40:00-04:00,-51.0625
2025-06-11 15:45:00-04:00,-51.0625
2025-06-11 15:50:00-04:00,-51.0625
2025-06-11 15:55:00-04:00,-51.0625
2025-06-12 09:30:00-04:00,0.0
2025-06-12 09:35:00-04:00,0.0
2025-06-12 09:40:00-04:00,0.0
2025-06-12 09:45:00-04:00,0.0
2025-06-12 09:50:00-04:00,0.0
2025-06-12 09:55:00-04:00,0.0
2025-06-12 10:00:00-04:00,0.0
2025-06-12 10:05:00-04:00,0.0
2025-06-12 10:10:00-04:00,0.0
2025-06-12 10:15:00-04:00,0.0
2025-06-12 10:20:00-04:00,0.0
2025-06-12 10:25:00-04:00,0.0
2025-06-12 10:30:00-04:00,0.0
2025-06-12 10:35:00-04:00,0.0
2025-06-12 10:40:00-04:00,0.0
2025-06-12 10:45:00-04:00,0.0
2025-06-12 10:50:00-04:00,0.0
2025-06-12 10:55:00-04:00,0.0
2025-06-12 11:00:00-04:00,0.0
2025-06-12 11:05:00-04:00,0.0
2025-06-12 11:10:00-04:00,0.0
2025-06-12 11:15:00-04:00,0.0
2025-06-12 11:20:00-04:00,0.0
2025-06-12 11:25:00-04:00,0.0
2025-06-12 11:30:00-04:00,0.0
2025-06-12 11:35:00-04:00,0.0
2025-06-12 11:40:00-04:00,0.0
2025-06-12 11:45:00-04:00,0.0
2025-06-12 11:50:00-04:00,0.0
2025-06-12 11:55:00-04:00,0.0
2025-06-12 12:00:00-04:00,0.0
2025-06-12 12:05:00-04:00,0.0
2025-06-12 12:10:00-04:00,0.0
2025-06-12 12:15:00-04:00,0.0
2025-06-12 12:20:00-04:00,0.0
2025-06-12 12:25:00-04:00,0.0
2025-06-12 12:30:00-04:00,0.0
2025-06-12 12:35:00-04:00,0.0
2025-06-12 12:40:00-04:00,0.0
2025-06-12 12:45:00-04:00,0.0
2025-06-12 12:50:00-04:00,0.0
2025-06-12 12:55:00-04:00,0.0
2025-06-12 13:00:00-04:00,0.0
2025-06-12 13:05:00-04:00,0.0
2025-06-12 13:10:00-04:00,0.0
2025-06-12 13:15:00-04:00,0.0
2025-06-12 13:20:00-04:00,0.0
2025-06-12 13:25:00-04:00,0.0
2025-06-12 13:30:00-04:00,0.0
2025-06-12 13:35:00-04:00,0.0
2025-06-12 13:40:00-04:00,0.0
2025-06-12 13:45:00-04:00,0.0
2025-06-12 13:50:00-04:00,0.0
2025-06-12 13:55:00-04:00,0.0
2025-06-12 14:00:00-04:00,0.0
2025-06-12 14:05:00-04:00,0.0
2025-06-12 14:10:00-04:00,0.0
2025-06-12 14:15:00-04:00,0.0
2025-06-12 14:20:00-04:00,0.0
2025-06-12 14:25:00-04:00,0.0
2025-06-12 14:30:00-04:00,0.0
2025-06-12 14:35:00-04:00,0.0
2025-06-12 14:40:00-04:00,0.0
2025-06-12 14:45:00-04:00,0.0
2025-06-12 14:50:00-04:00,0.0
2025-06-12 14:55:00-04:00,0.0
2025-06-12 15:00:00-04:00,0.0
2025-06-12 15:05:00-04:00,0.0
2025-06-12 15:10:00-04:00,0.0
2025-06-12 15:15:00-04:00,0.0
2025-06-12 15:20:00-04:00,0.0
2025-06-12 15:25:00-04:00,0.0
2025-06-12 15:30:00-04:00,0.0
2025-06-12 15:35:00-04:00,0.0
2025-06-12 15:40:00-04:00,0.0
2025-06-12 15:45:00-04:00,0.0
2025-06-12 15:50:00-04:00,0.0
2025-06-12 15:55:00-04:00,0.0
2025-06-13 09:30:00-04:00,0.0
2025-06-13 09:35:00-04:00,0.0
2025-06-13 09:40:00-04:00,0.0
2025-06-13 09:45:00-04:00,0.0
2025-06-13 09:50:00-04:00,0.0
2025-06-13 09:55:00-04:00,0.0
2025-06-13 10:00:00-04:00,0.0
2025-06-13 10:05:00-04:00,0.0
2025-06-13 10:10:00-04:00,0.0
2025-06-13 10:15:00-04:00,0.0
2025-06-13 10:20:00-04:00,0.0
2025-06-13 10:25:00-04:00,0.0
2025-06-13 10:30:00-04:00,0.0
2025-06-13 10:35:00-04:00,0.0
2025-06-13 10:40:00-04:00,0.0
2025-06-13 10:45:00-04:00,0.0
2025-06-13 10:50:00-04:00,-0.5
2025-06-13 10:55:00-04:00,-31.0
2025-06-13 11:00:00-04:00,-31.5
2025-06-13 11:05:00-04:00,-59.625
2025-06-13 11:10:00-04:00,-62.0
2025-06-13 11:15:00-04:00,-62.5
2025-06-13 11:20:00-04:00,-93.0
2025-06-13 11:25:00-04:00,-93.5
2025-06-13 11:30:00-04:00,-124.0
2025-06-13 11:35:00-04:00,-124.0
2025-06-13 11:40:00-04:00,-124.0
2025-06-13 11:45:00-04:00,-124.0
2025-06-13 11:50:00-04:00,-124.0
2025-06-13 11:55:00-04:00,-124.0
2025-06-13 12:00:00-04:00,-124.0
2025-06-13 12:05:00-04:00,-124.0
2025-06-13 12:10:00-04:00,-124.0
2025-06-13 12:15:00-04:00,-124.0
2025-06-13 12:20:00-04:00,-124.0
2025-06-13 12:25:00-04:00,-124.0
2025-06-13 12:30:00-04:00,-124.0
2025-06-13 12:35:00-04:00,-124.0
2025-06-13 12:40:00-04:00,-124.0
2025-06-13 12:45:00-04:00,-124.0
2025-06-13 12:50:00-04:00,-124.0
2025-06-13 12:55:00-04:00,-124.0
2025-06-13 13:00:00-04:00,-124.0
2025-06-13 13:05:00-04:00,-124.0
2025-06-13 13:10:00-04:00,-124.0
2025-06-13 13:15:00-04:00,-124.0
2025-06-13 13:20:00-04:00,-124.0
2025-06-13 13:25:00-04:00,-124.0
2025-06-13 13:30:00-04:00,-124.0
2025-06-13 13:35:00-04:00,-124.0
2025-06-13 13:40:00-04:00,-124.0
2025-06-13 13:45:00-04:00,-124.0
2025-06-13 13:50:00-04:00,-124.0
2025-06-13 13:55:00-04:00,-124.0
2025-06-13 14:00:00-04:00,-124.0
2025-06-13 14:05:00-04:00,-124.0
2025-06-13 14:10:00-04:00,-124.0
2025-06-13 14:15:00-04:00,-124.0
2025-06-13 14:20:00-04:00,-124.0
2025-06-13 14:25:00-04:00,-124.0
2025-06-13 14:30:00-04:00,-124.0
2025-06-13 14:35:00-04:00,-124.0
2025-06-13 14:40:00-04:00,-124.0
2025-06-13 14:45:00-04:00,-124.0
2025-06-13 14:50:00-04:00,-124.0
2025-06-13 14:55:00-04:00,-124.0
2025-06-13 15:00:00-04:00,-124.0
2025-06-13 15:05:00-04:00,-124.0
2025-06-13 15:10:00-04:00,-124.0
2025-06-13 15:15:00-04:00,-124.0
2025-06-13 15:20:00-04:00,-124.0
2025-06-13 15:25:00-04:00,-124.0
2025-06-13 15:30:00-04:00,-124.0
2025-06-13 15:35:00-04:00,-124.0
2025-06-13 15:40:00-04:00,-124.0
2025-06-13 15:45:00-04:00,-124.0
2025-06-13 15:50:00-04:00,-124.0
2025-06-13 15:55:00-04:00,-124.0
2025-06-16 09:30:00-04:00,0.0
2025-06-16 09:35:00-04:00,0.0
2025-06-16 09:40:00-04:00,0.0
2025-06-16 09:45:00-04:00,0.0
2025-06-16 09:50:00-04:00,0.0
2025-06-16 09:55:00-04:00,0.0
2025-06-16 10:00:00-04:00,0.0
2025-06-16 10:05:00-04:00,0.0
2025-06-16 10:10:00-04:00,0.0
2025-06-16 10:15:00-04:00,0.0
2025-06-16 10:20:00-04:00,0.0
2025-06-16 10:25:00-04:00,0.0
2025-06-16 10:30:00-04:00,0.0
2025-06-16 10:35:00-04:00,0.0
2025-06-16 10:40:00-04:00,0.0
2025-06-16 10:45:00-04:00,0.0
2025-06-16 10:50:00-04:00,0.0
2025-06-16 10:55:00-04:00,0.0
2025-06-16 11:00:00-04:00,0.0
2025-06-16 11:05:00-04:00,0.0
2025-06-16 11:10:00-04:00,0.0
2025-06-16 11:15:00-04:00,0.0
2025-06-16 11:20:00-04:00,0.0
2025-06-16 11:25:00-04:00,0.0
2025-06-16 11:30:00-04:00,0.0
2025-06-16 11:35:00-04:00,0.0
2025-06-16 11:40:00-04:00,0.0
2025-06-16 11:45:00-04:00,0.0
2025-06-16 11:50:00-04:00,0.0
2025-06-16 11:55:00-04:00,0.0
2025-06-16 12:00:00-04:00,0.0
2025-06-16 12:05:00-04:00,0.0
2025-06-16 12:10:00-04:00,0.0
2025-06-16 12:15:00-04:00,0.0
2025-06-16 12:20:00-04:00,0.0
2025-06-16 12:25:00-04:00,0.0
2025-06-16 12:30:00-04:00,0.0
2025-06-16 12:35:00-04:00,0.0
2025-06-16 12:40:00-04:00,0.0
2025-06-16 12:45:00-04:00,0.0
2025-06-16 12:50:00-04:00,0.0
2025-06-16 12:55:00-04:00,0.0
2025-06-16 13:00:00-04:00,0.0
2025-06-16 13:05:00-04:00,0.0
2025-06-16 13:10:00-04:00,0.0
2025-06-16 13:15:00-04:00,0.0
2025-06-16 13:20:00-04:00,0.0
2025-06-16 13:25:00-04:00,0.0
2025-06-16 13:30:00-04:00,0.0
2025-06-16 13:35:00-04:00,0.0
2025-06-16 13:40:00-04:00,0.0
2025-06-16 13:45:00-04:00,0.0
2025-06-16 13:50:00-04:00,0.0
2025-06-16 13:55:00-04:00,0.0
2025-06-16 14:00:00-04:00,0.0
2025-06-16 14:05:00-04:00,0.0
2025-06-16 14:10:00-04:00,0.0
2025-06-16 14:15:00-04:00,0.0
2025-06-16 14:20:00-04:00,0.0
2025-06-16 14:25:00-04:00,0.0
2025-06-16 14:30:00-04:00,0.0
2025-06-16 14:35:00-04:00,0.0
2025-06-16 14:40:00-04:00,0.0
2025-06-16 14:45:00-04:00,0.0
2025-06-16 14:50:00-04:00,0.0
2025-06-16 14:55:00-04:00,0.0
2025-06-16 15:00:00-04:00,0.0
2025-06-16 15:05:00-04:00,0.0
2025-06-16 15:10:00-04:00,0.0
2025-06-16 15:15:00-04:00,0.0
2025-06-16 15:20:00-04:00,0.0
2025-06-16 15:25:00-04:00,0.0
2025-06-16 15:30:00-04:00,0.0
2025-06-16 15:35:00-04:00,0.0
2025-06-16 15:40:00-04:00,0.0
2025-06-16 15:45:00-04:00,0.0
2025-06-16 15:50:00-04:00,0.0
2025-06-16 15:55:00-04:00,0.0
2025-06-17 09:30:00-04:00,0.0
2025-06-17 09:35:00-04:00,0.0
2025-06-17 09:40:00-04:00,0.0
2025-06-17 09:45:00-04:00,0.0
2025-06-17 09:50:00-04:00,0.0
2025-06-17 09:55:00-04:00,0.0
2025-06-17 10:00:00-04:00,-0.5
2025-06-17 10:05:00-04:00,-24.5625
2025-06-17 10:10:00-04:00,-31.0
2025-06-17 10:15:00-04:00,-31.5
2025-06-17 10:20:00-04:00,-38.0625
2025-06-17 10:25:00-04:00,-31.8125
2025-06-17 10:30:00-04:00,-35.5625
2025-06-17 10:35:00-04:00,-19.3125
2025-06-17 10:40:00-04:00,-16.8125
2025-06-17 10:45:00-04:00,-20.5625
2025-06-17 10:50:00-04:00,-25.5625
2025-06-17 10:55:00-04:00,-9.3125
2025-06-17 11:00:00-04:00,-18.0625
2025-06-17 11:05:00-04:00,-28.0625
2025-06-17 11:10:00-04:00,-56.8125
2025-06-17 11:15:00-04:00,-51.8125
2025-06-17 11:20:00-04:00,-26.8125
2025-06-17 11:25:00-04:00,-9.3125
2025-06-17 11:30:00-04:00,9.875
2025-06-17 11:35:00-04:00,9.875
2025-06-17 11:40:00-04:00,9.875
2025-06-17 11:45:00-04:00,9.875
2025-06-17 11:50:00-04:00,9.875
2025-06-17 11:55:00-04:00,9.875
2025-06-17 12:00:00-04:00,9.875
2025-06-17 12:05:00-04:00,9.875
2025-06-17 12:10:00-04:00,9.875
2025-06-17 12:15:00-04:00,9.875
2025-06-17 12:20:00-04:00,9.875
2025-06-17 12:25:00-04:00,9.875
2025-06-17 12:30:00-04:00,9.875
2025-06-17 12:35:00-04:00,9.875
2025-06-17 12:40:00-04:00,9.875
2025-06-17 12:45:00-04:00,9.875
2025-06-17 12:50:00-04:00,9.875
2025-06-17 12:55:00-04:00,9.875
2025-06-17 13:00:00-04:00,9.875
2025-06-17 13:05:00-04:00,9.875
2025-06-17 13:10:00-04:00,9.875
2025-06-17 13:15:00-04:00,9.875
2025-06-17 13:20:00-04:00,9.875
2025-06-17 13:25:00-04:00,9.875
2025-06-17 13:30:00-04:00,9.875
2025-06-17 13:35:00-04:00,9.875
2025-06-17 13:40:00-04:00,9.875
2025-06-17 13:45:00-04:00,9.875
2025-06-17 13:50:00-04:00,9.875
2025-06-17 13:55:00-04:00,9.875
2025-06-17 14:00:00-04:00,9.875
2025-06-17 14:05:00-04:00,9.875
2025-06-17 14:10:00-04:00,9.875
2025-06-17 14:15:00-04:00,9.875
2025-06-17 14:20:00-04:00,9.875
2025-06-17 14:25:00-04:00,9.875
2025-06-17 14:30:00-04:00,9.875
2025-06-17 14:35:00-04:00,9.875
2025-06-17 14:40:00-04:00,9.875
2025-06-17 14:45:00-04:00,9.875
2025-06-17 14:50:00-04:00,9.875
2025-06-17 14:55:00-04:00,9.875
2025-06-17 15:00:00-04:00,9.875
2025-06-17 15:05:00-04:00,9.875
2025-06-17 15:10:00-04:00,9.875
2025-06-17 15:15:00-04:00,9.875
2025-06-17 15:20:00-04:00,9.875
2025-06-17 15:25:00-04:00,9.875
2025-06-17 15:30:00-04:00,9.875
2025-06-17 15:35:00-04:00,9.875
2025-06-17 15:40:00-04:00,9.875
2025-06-17 15:45:00-04:00,9.875
2025-06-17 15:50:00-04:00,9.875
2025-06-17 15:55:00-04:00,9.875
2025-06-18 09:30:00-04:00,0.0
2025-06-18 09:35:00-04:00,0.0
2025-06-18 09:40:00-04:00,0.0
2025-06-18 09:45:00-04:00,0.0
2025-06-18 09:50:00-04:00,0.0
2025-06-18 09:55:00-04:00,0.0
2025-06-18 10:00:00-04:00,0.0
2025-06-18 10:05:00-04:00,0.0
2025-06-18 10:10:00-04:00,0.0
2025-06-18 10:15:00-04:00,0.0
2025-06-18 10:20:00-04:00,0.0
2025-06-18 10:25:00-04:00,0.0
2025-06-18 10:30:00-04:00,0.0
2025-06-18 10:35:00-04:00,0.0
2025-06-18 10:40:00-04:00,0.0
2025-06-18 10:45:00-04:00,0.0
2025-06-18 10:50:00-04:00,0.0
2025-06-18 10:55:00-04:00,0.0
2025-06-18 11:00:00-04:00,0.0
2025-06-18 11:05:00-04:00,0.0
2025-06-18 11:10:00-04:00,0.0
2025-06-18 11:15:00-04:00,0.0
2025-06-18 11:20:00-04:00,0.0
2025-06-18 11:25:00-04:00,0.0
2025-06-18 11:30:00-04:00,0.0
2025-06-18 11:35:00-04:00,0.0
2025-06-18 11:40:00-04:00,0.0
2025-06-18 11:45:00-04:00,0.0
2025-06-18 11:50:00-04:00,0.0
2025-06-18 11:55:00-04:00,0.0
2025-06-18 12:00:00-04:00,0.0
2025-06-18 12:05:00-04:00,0.0
2025-06-18 12:10:00-04:00,0.0
2025-06-18 12:15:00-04:00,0.0
2025-06-18 12:20:00-04:00,0.0
2025-06-18 12:25:00-04:00,0.0
2025-06-18 12:30:00-04:00,0.0
2025-06-18 12:35:00-04:00,0.0
2025-06-18 12:40:00-04:00,0.0
2025-06-18 12:45:00-04:00,0.0
2025-06-18 12:50:00-04:00,0.0
2025-06-18 12:55:00-04:00,0.0
2025-06-18 13:00:00-04:00,0.0
2025-06-18 13:05:00-04:00,0.0
2025-06-18 13:10:00-04:00,0.0
2025-06-18 13:15:00-04:00,0.0
2025-06-18 13:20:00-04:00,0.0
2025-06-18 13:25:00-04:00,0.0
2025-06-18 13:30:00-04:00,0.0
2025-06-18 13:35:00-04:00,0.0
2025-06-18 13:40:00-04:00,0.0
2025-06-18 13:45:00-04:00,0.0
2025-06-18 13:50:00-04:00,0.0
2025-06-18 13:55:00-04:00,0.0
2025-06-18 14:00:00-04:00,0.0
2025-06-18 14:05:00-04:00,0.0
2025-06-18 14:10:00-04:00,0.0
2025-06-18 14:15:00-04:00,0.0
2025-06-18 14:20:00-04:00,0.0
2025-06-18 14:25:00-04:00,0.0
2025-06-18 14:30:00-04:00,0.0
2025-06-18 14:35:00-04:00,0.0
2025-06-18 14:40:00-04:00,0.0
2025-06-18 14:45:00-04:00,0.0
2025-06-18 14:50:00-04:00,0.0
2025-06-18 14:55:00-04:00,0.0
2025-06-18 15:00:00-04:00,0.0
2025-06-18 15:05:00-04:00,0.0
2025-06-18 15:10:00-04:00,0.0
2025-06-18 15:15:00-04:00,0.0
2025-06-18 15:20:00-04:00,0.0
2025-06-18 15:25:00-04:00,0.0
2025-06-18 15:30:00-04:00,0.0
2025-06-18 15:35:00-04:00,0.0
2025-06-18 15:40:00-04:00,0.0
2025-06-18 15:45:00-04:00,0.0
2025-06-18 15:50:00-04:00,0.0
2025-06-18 15:55:00-04:00,0.0
2025-06-19 09:30:00-04:00,0.0
2025-06-19 09:35:00-04:00,0.0
2025-06-19 09:40:00-04:00,0.0
2025-06-19 09:45:00-04:00,0.0
2025-06-19 09:50:00-04:00,0.0
2025-06-19 09:55:00-04:00,0.0
2025-06-19 10:00:00-04:00,0.0
2025-06-19 10:05:00-04:00,-0.5
2025-06-19 10:10:00-04:00,-13.9375
2025-06-19 10:15:00-04:00,-16.4375
2025-06-19 10:20:00-04:00,-17.6875
2025-06-19 10:25:00-04:00,-21.4375
2025-06-19 10:30:00-04:00,-13.9375
2025-06-19 10:35:00-04:00,-11.4375
2025-06-19 10:40:00-04:00,-12.6875
2025-06-19 10:45:00-04:00,-7.6875
2025-06-19 10:50:00-04:00,-26.4375
2025-06-19 10:55:00-04:00,-30.1875
2025-06-19 11:00:00-04:00,-31.0
2025-06-19 11:05:00-04:00,-31.5
2025-06-19 11:10:00-04:00,-54.9375
2025-06-19 11:15:00-04:00,-47.4375
2025-06-19 11:20:00-04:00,-46.1875
2025-06-19 11:25:00-04:00,-23.6875
2025-06-19 11:30:00-04:00,-12.9375
2025-06-19 11:35:00-04:00,-12.9375
2025-06-19 11:40:00-04:00,-12.9375
2025-06-19 11:45:00-04:00,-12.9375
2025-06-19 11:50:00-04:00,-12.9375
2025-06-19 11:55:00-04:00,-12.9375
2025-06-19 12:00:00-04:00,-12.9375
2025-06-19 12:05:00-04:00,-12.9375
2025-06-19 12:10:00-04:00,-12.9375
2025-06-19 12:15:00-04:00,-12.9375
2025-06-19 12:20:00-04:00,-12.9375
2025-06-19 12:25:00-04:00,-12.9375
2025-06-19 12:30:00-04:00,-12.9375
2025-06-19 12:35:00-04:00,-12.9375
2025-06-19 12:40:00-04:00,-12.9375
2025-06-19 12:45:00-04:00,-12.9375
2025-06-19 12:50:00-04:00,-12.9375
2025-06-19 12:55:00-04:00,-12.9375
2025-06-20 09:30:00-04:00,0.0
2025-06-20 09:35:00-04:00,0.0
2025-06-20 09:40:00-04:00,0.0
2025-06-20 09:45:00-04:00,0.0
2025-06-20 09:50:00-04:00,0.0
2025-06-20 09:55:00-04:00,0.0
2025-06-20 10:00:00-04:00,0.0
2025-06-20 10:05:00-04:00,0.0
2025-06-20 10:10:00-04:00,0.0
2025-06-20 10:15:00-04:00,0.0
2025-06-20 10:20:00-04:00,0.0
2025-06-20 10:25:00-04:00,0.0
2025-06-20 10:30:00-04:00,0.0
2025-06-20 10:35:00-04:00,0.0
2025-06-20 10:40:00-04:00,0.0
2025-06-20 10:45:00-04:00,0.0
2025-06-20 10:50:00-04:00,0.0
2025-06-20 10:55:00-04:00,0.0
2025-06-20 11:00:00-04:00,0.0
2025-06-20 11:05:00-04:00,0.0
2025-06-20 11:10:00-04:00,0.0
2025-06-20 11:15:00-04:00,0.0
2025-06-20 11:20:00-04:00,0.0
2025-06-20 11:25:00-04:00,0.0
2025-06-20 11:30:00-04:00,0.0
2025-06-20 11:35:00-04:00,0.0
2025-06-20 11:40:00-04:00,0.0
2025-06-20 11:45:00-04:00,0.0
2025-06-20 11:50:00-04:00,0.0
2025-06-20 11:55:00-04:00,0.0
2025-06-20 12:00:00-04:00,0.0
2025-06-20 12:05:00-04:00,0.0
2025-06-20 12:10:00-04:00,0.0
2025-06-20 12:15:00-04:00,0.0
2025-06-20 12:20:00-04:00,0.0
2025-06-20 12:25:00-04:00,0.0
2025-06-20 12:30:00-04:00,0.0
2025-06-20 12:35:00-04:00,0.0
2025-06-20 12:40:00-04:00,0.0
2025-06-20 12:45:00-04:00,0.0
2025-06-20 12:50:00-04:00,0.0
2025-06-20 12:55:00-04:00,0.0
2025-06-20 13:00:00-04:00,0.0
2025-06-20 13:05:00-04:00,0.0
2025-06-20 13:10:00-04:00,0.0
2025-06-20 13:15:00-04:00,0.0
2025-06-20 13:20:00-04:00,0.0
2025-06-20 13:25:00-04:00,0.0
2025-06-20 13:30:00-04:00,0.0
2025-06-20 13:35:00-04:00,0.0
2025-06-20 13:40:00-04:00,0.0
2025-06-20 13:45:00-04:00,0.0
2025-06-20 13:50:00-04:00,0.0
2025-06-20 13:55:00-04:00,0.0
2025-06-20 14:00:00-04:00,0.0
2025-06-20 14:05:00-04:00,0.0
2025-06-20 14:10:00-04:00,0.0
2025-06-20 14:15:00-04:00,0.0
2025-06-20 14:20:00-04:00,0.0
2025-06-20 14:25:00-04:00,0.0
2025-06-20 14:30:00-04:00,0.0
2025-06-20 14:35:00-04:00,0.0
2025-06-20 14:40:00-04:00,0.0
2025-06-20 14:45:00-04:00,0.0
2025-06-20 14:50:00-04:00,0.0
2025-06-20 14:55:00-04:00,0.0
2025-06-20 15:00:00-04:00,0.0
2025-06-20 15:05:00-04:00,0.0
2025-06-20 15:10:00-04:00,0.0
2025-06-20 15:15:00-04:00,0.0
2025-06-20 15:20:00-04:00,0.0
2025-06-20 15:25:00-04:00,0.0
2025-06-20 15:30:00-04:00,0.0
2025-06-20 15:35:00-04:00,0.0
2025-06-20 15:40:00-04:00,0.0
2025-06-20 15:45:00-04:00,0.0
2025-06-20 15:50:00-04:00,0.0
2025-06-20 15:55:00-04:00,0.0
2025-06-23 09:30:00-04:00,0.0
2025-06-23 09:35:00-04:00,0.0
2025-06-23 09:40:00-04:00,0.0
2025-06-23 09:45:00-04:00,0.0
2025-06-23 09:50:00-04:00,0.0
2025-06-23 09:55:00-04:00,0.0
2025-06-23 10:00:00-04:00,0.0
2025-06-23 10:05:00-04:00,0.0
2025-06-23 10:10:00-04:00,0.0
2025-06-23 10:15:00-04:00,0.0
2025-06-23 10:20:00-04:00,0.0
2025-06-23 10:25:00-04:00,0.0
2025-06-23 10:30:00-04:00,0.0
2025-06-23 10:35:00-04:00,0.0
2025-06-23 10:40:00-04:00,0.0
2025-06-23 10:45:00-04:00,0.0
2025-06-23 10:50:00-04:00,0.0
2025-06-23 10:55:00-04:00,-0.5
2025-06-23 11:00:00-04:00,-20.1875
2025-06-23 11:05:00-04:00,19.8125
2025-06-23 11:10:00-04:00,21.0625
2025-06-23 11:15:00-04:00,31.0625
2025-06-23 11:20:00-04:00,14.8125
2025-06-23 11:25:00-04:00,-22.6875
2025-06-23 11:30:00-04:00,-31.0
2025-06-23 11:35:00-04:00,-31.0
2025-06-23 11:40:00-04:00,-31.0
2025-06-23 11:45:00-04:00,-31.0
2025-06-23 11:50:00-04:00,-31.0
2025-06-23 11:55:00-04:00,-31.0
2025-06-23 12:00:00-04:00,-31.0
2025-06-23 12:05:00-04:00,-31.0
2025-06-23 12:10:00-04:00,-31.0
2025-06-23 12:15:00-04:00,-31.0
2025-06-23 12:20:00-04:00,-31.0
2025-06-23 12:25:00-04:00,-31.0
2025-06-23 12:30:00-04:00,-31.0
2025-06-23 12:35:00-04:00,-31.0
2025-06-23 12:40:00-04:00,-31.0
2025-06-23 12:45:00-04:00,-31.0
2025-06-23 12:50:00-04:00,-31.0
2025-06-23 12:55:00-04:00,-31.0
2025-06-23 13:00:00-04:00,-31.0
2025-06-23 13:05:00-04:00,-31.0
2025-06-23 13:10:00-04:00,-31.0
2025-06-23 13:15:00-04:00,-31.0
2025-06-23 13:20:00-04:00,-31.0
2025-06-23 13:25:00-04:00,-31.0
2025-06-23 13:30:00-04:00,-31.0
2025-06-23 13:35:00-04:00,-31.0
2025-06-23 13:40:00-04:00,-31.0
2025-06-23 13:45:00-04:00,-31.0
2025-06-23 13:50:00-04:00,-31.0
2025-06-23 13:55:00-04:00,-31.0
2025-06-23 14:00:00-04:00,-31.0
2025-06-23 14:05:00-04:00,-31.0
2025-06-23 14:10:00-04:00,-31.0
2025-06-23 14:15:00-04:00,-31.0
2025-06-23 14:20:00-04:00,-31.0
2025-06-23 14:25:00-04:00,-31.0
2025-06-23 14:30:00-04:00,-31.0
2025-06-23 14:35:00-04:00,-31.0
2025-06-23 14:40:00-04:00,-31.0
2025-06-23 14:45:00-04:00,-31.0
2025-06-23 14:50:00-04:00,-31.0
2025-06-23 14:55:00-04:00,-31.0
2025-06-23 15:00:00-04:00,-31.0
2025-06-23 15:05:00-04:00,-31.0
2025-06-23 15:10:00-04:00,-31.0
2025-06-23 15:15:00-04:00,-31.0
2025-06-23 15:20:00-04:00,-31.0
2025-06-23 15:25:00-04:00,-31.0
2025-06-23 15:30:00-04:00,-31.0
2025-06-23 15:35:00-04:00,-31.0
2025-06-23 15:40:00-04:00,-31.0
2025-06-23 15:45:00-04:00,-31.0
2025-06-23 15:50:00-04:00,-31.0
2025-06-23 15:55:00-04:00,-31.0
2025-06-24 09:30:00-04:00,0.0
2025-06-24 09:35:00-04:00,0.0
2025-06-24 09:40:00-04:00,0.0
2025-06-24 09:45:00-04:00,0.0
2025-06-24 09:50:00-04:00,0.0
2025-06-24 09:55:00-04:00,0.0
2025-06-24 10:00:00-04:00,-0.5
2025-06-24 10:05:00-04:00,-31.0
2025-06-24 10:10:00-04:00,-31.5
2025-06-24 10:15:00-04:00,-36.1875
2025-06-24 10:20:00-04:00,-13.6875
2025-06-24 10:25:00-04:00,-21.1875
2025-06-24 10:30:00-04:00,-12.4375
2025-06-24 10:35:00-04:00,-1.1875
2025-06-24 10:40:00-04:00,1.3125
2025-06-24 10:45:00-04:00,13.8125
2025-06-24 10:50:00-04:00,8.8125
2025-06-24 10:55:00-04:00,-8.6875
2025-06-24 11:00:00-04:00,10.0625
2025-06-24 11:05:00-04:00,7.5625
2025-06-24 11:10:00-04:00,18.8125
2025-06-24 11:15:00-04:00,27.5625
2025-06-24 11:20:00-04:00,28.8125
2025-06-24 11:25:00-04:00,43.8125
2025-06-24 11:30:00-04:00,53.3125
2025-06-24 11:35:00-04:00,53.3125
2025-06-24 11:40:00-04:00,53.3125
2025-06-24 11:45:00-04:00,53.3125
2025-06-24 11:50:00-04:00,53.3125
2025-06-24 11:55:00-04:00,53.3125
2025-06-24 12:00:00-04:00,53.3125
2025-06-24 12:05:00-04:00,53.3125
2025-06-24 12:10:00-04:00,53.3125
2025-06-24 12:15:00-04:00,53.3125
2025-06-24 12:20:00-04:00,53.3125
2025-06-24 12:25:00-04:00,53.3125
2025-06-24 12:30:00-04:00,53.3125
2025-06-24 12:35:00-04:00,53.3125
2025-06-24 12:40:00-04:00,53.3125
2025-06-24 12:45:00-04:00,53.3125
2025-06-24 12:50:00-04:00,53.3125
2025-06-24 12:55:00-04:00,53.3125
2025-06-24 13:00:00-04:00,53.3125
2025-06-24 13:05:00-04:00,53.3125
2025-06-24 13:10:00-04:00,53.3125
2025-06-24 13:15:00-04:00,53.3125
2025-06-24 13:20:00-04:00,53.3125
2025-06-24 13:25:00-04:00,53.3125
2025-06-24 13:30:00-04:00,53.3125
2025-06-24 13:35:00-04:00,53.3125
2025-06-24 13:40:00-04:00,53.3125
2025-06-24 13:45:00-04:00,53.3125
2025-06-24 13:50:00-04:00,53.3125
2025-06-24 13:55:00-04:00,53.3125
2025-06-24 14:00:00-04:00,53.3125
2025-06-24 14:05:00-04:00,53.3125
2025-06-24 14:10:00-04:00,53.3125
2025-06-24 14:15:00-04:00,53.3125
2025-06-24 14:20:00-04:00,53.3125
2025-06-24 14:25:00-04:00,53.3125
2025-06-24 14:30:00-04:00,53.3125
2025-06-24 14:35:00-04:00,53.3125
2025-06-24 14:40:00-04:00,53.3125
2025-06-24 14:45:00-04:00,53.3125
2025-06-24 14:50:00-04:00,53.3125
2025-06-24 14:55:00-04:00,53.3125
2025-06-24 15:00:00-04:00,53.3125
2025-06-24 15:05:00-04:00,53.3125
2025-06-24 15:10:00-04:00,53.3125
2025-06-24 15:15:00-04:00,53.3125
2025-06-24 15:20:00-04:00,53.3125
2025-06-24 15:25:00-04:00,53.3125
2025-06-24 15:30:00-04:00,53.3125
2025-06-24 15:35:00-04:00,53.3125
2025-06-24 15:40:00-04:00,53.3125
2025-06-24 15:45:00-04:00,53.3125
2025-06-24 15:50:00-04:00,53.3125
2025-06-24 15:55:00-04:00,53.3125
2025-06-25 09:30:00-04:00,0.0
2025-06-25 09:35:00-04:00,0.0
2025-06-25 09:40:00-04:00,0.0
2025-06-25 09:45:00-04:00,0.0
2025-06-25 09:50:00-04:00,0.0
2025-06-25 09:55:00-04:00,0.0
2025-06-25 10:00:00-04:00,-0.5
2025-06-25 10:05:00-04:00,-16.75
2025-06-25 10:10:00-04:00,-31.0
2025-06-25 10:15:00-04:00,-31.5
2025-06-25 10:20:00-04:00,-42.125
2025-06-25 10:25:00-04:00,-34.625
2025-06-25 10:30:00-04:00,-27.125
2025-06-25 10:35:00-04:00,-29.625
2025-06-25 10:40:00-04:00,-32.125
2025-06-25 10:45:00-04:00,-14.625
2025-06-25 10:50:00-04:00,-28.375
2025-06-25 10:55:00-04:00,-27.125
2025-06-25 11:00:00-04:00,-48.375
2025-06-25 11:05:00-04:00,-59.625
2025-06-25 11:10:00-04:00,-62.0
2025-06-25 11:15:00-04:00,-62.5
2025-06-25 11:20:00-04:00,-72.1875
2025-06-25 11:25:00-04:00,-63.4375
2025-06-25 11:30:00-04:00,-93.0
2025-06-25 11:35:00-04:00,-93.0
2025-06-25 11:40:00-04:00,-93.0
2025-06-25 11:45:00-04:00,-93.0
2025-06-25 11:50:00-04:00,-93.0
2025-06-25 11:55:00-04:00,-93.0
2025-06-25 12:00:00-04:00,-93.0
2025-06-25 12:05:00-04:00,-93.0
2025-06-25 12:10:00-04:00,-93.0
2025-06-25 12:15:00-04:00,-93.0
2025-06-25 12:20:00-04:00,-93.0
2025-06-25 12:25:00-04:00,-93.0
2025-06-25 12:30:00-04:00,-93.0
2025-06-25 12:35:00-04:00,-93.0
2025-06-25 12:40:00-04:00,-93.0
2025-06-25 12:45:00-04:00,-93.0
2025-06-25 12:50:00-04:00,-93.0
2025-06-25 12:55:00-04:00,-93.0
2025-06-25 13:00:00-04:00,-93.0
2025-06-25 13:05:00-04:00,-93.0
2025-06-25 13:10:00-04:00,-93.0
2025-06-25 13:15:00-04:00,-93.0
2025-06-25 13:20:00-04:00,-93.0
2025-06-25 13:25:00-04:00,-93.0
2025-06-25 13:30:00-04:00,-93.0
2025-06-25 13:35:00-04:00,-93.0
2025-06-25 13:40:00-04:00,-93.0
2025-06-25 13:45:00-04:00,-93.0
2025-06-25 13:50:00-04:00,-93.0
2025-06-25 13:55:00-04:00,-93.0
2025-06-25 14:00:00-04:00,-93.0
2025-06-25 14:05:00-04:00,-93.0
2025-06-25 14:10:00-04:00,-93.0
2025-06-25 14:15:00-04:00,-93.0
2025-06-25 14:20:00-04:00,-93.0
2025-06-25 14:25:00-04:00,-93.0
2025-06-25 14:30:00-04:00,-93.0
2025-06-25 14:35:00-04:00,-93.0
2025-06-25 14:40:00-04:00,-93.0
2025-06-25 14:45:00-04:00,-93.0
2025-06-25 14:50:00-04:00,-93.0
2025-06-25 14:55:00-04:00,-93.0
2025-06-25 15:00:00-04:00,-93.0
2025-06-25 15:05:00-04:00,-93.0
2025-06-25 15:10:00-04:00,-93.0
2025-06-25 15:15:00-04:00,-93.0
2025-06-25 15:20:00-04:00,-93.0
2025-06-25 15:25:00-04:00,-93.0
2025-06-25 15:30:00-04:00,-93.0
2025-06-25 15:35:00-04:00,-93.0
2025-06-25 15:40:00-04:00,-93.0
2025-06-25 15:45:00-04:00,-93.0
2025-06-25 15:50:00-04:00,-93.0
2025-06-25 15:55:00-04:00,-93.0
2025-06-26 09:30:00-04:00,0.0
2025-06-26 09:35:00-04:00,0.0
2025-06-26 09:40:00-04:00,0.0
2025-06-26 09:45:00-04:00,0.0
2025-06-26 09:50:00-04:00,0.0
2025-06-26 09:55:00-04:00,0.0
2025-06-26 10:00:00-04:00,0.0
2025-06-26 10:05:00-04:00,0.0
2025-06-26 10:10:00-04:00,0.0
2025-06-26 10:15:00-04:00,0.0
2025-06-26 10:20:00-04:00,0.0
2025-06-26 10:25:00-04:00,0.0
2025-06-26 10:30:00-04:00,0.0
2025-06-26 10:35:00-04:00,0.0
2025-06-26 10:40:00-04:00,0.0
2025-06-26 10:45:00-04:00,0.0
2025-06-26 10:50:00-04:00,0.0
2025-06-26 10:55:00-04:00,0.0
2025-06-26 11:00:00-04:00,0.0
2025-06-26 11:05:00-04:00,0.0
2025-06-26 11:10:00-04:00,0.0
2025-06-26 11:15:00-04:00,0.0
2025-06-26 11:20:00-04:00,0.0
2025-06-26 11:25:00-04:00,0.0
2025-06-26 11:30:00-04:00,0.0
2025-06-26 11:35:00-04:00,0.0
2025-06-26 11:40:00-04:00,0.0
2025-06-26 11:45:00-04:00,0.0
2025-06-26 11:50:00-04:00,0.0
2025-06-26 11:55:00-04:00,0.0
2025-06-26 12:00:00-04:00,0.0
2025-06-26 12:05:00-04:00,0.0
2025-06-26 12:10:00-04:00,0.0
2025-06-26 12:15:00-04:00,0.0
2025-06-26 12:20:00-04:00,0.0
2025-06-26 12:25:00-04:00,0.0
2025-06-26 12:30:00-04:00,0.0
2025-06-26 12:35:00-04:00,0.0
2025-06-26 12:40:00-04:00,0.0
2025-06-26 12:45:00-04:00,0.0
2025-06-26 12:50:00-04:00,0.0
2025-06-26 12:55:00-04:00,0.0
2025-06-26 13:00:00-04:00,0.0
2025-06-26 13:05:00-04:00,0.0
2025-06-26 13:10:00-04:00,0.0
2025-06-26 13:15:00-04:00,0.0
2025-06-26 13:20:00-04:00,0.0
2025-06-26 13:25:00-04:00,0.0
2025-06-26 13:30:00-04:00,0.0
2025-06-26 13:35:00-04:00,0.0
2025-06-26 13:40:00-04:00,0.0
2025-06-26 13:45:00-04:00,0.0
2025-06-26 13:50:00-04:00,0.0
2025-06-26 13:55:00-04:00,0.0
2025-06-26 14:00:00-04:00,0.0
2025-06-26 14:05:00-04:00,0.0
2025-06-26 14:10:00-04:00,0.0
2025-06-26 14:15:00-04:00,0.0
2025-06-26 14:20:00-04:00,0.0
2025-06-26 14:25:00-04:00,0.0
2025-06-26 14:30:00-04:00,0.0
2025-06-26 14:35:00-04:00,0.0
2025-06-26 14:40:00-04:00,0.0
2025-06-26 14:45:00-04:00,0.0
2025-06-26 14:50:00-04:00,0.0
2025-06-26 14:55:00-04:00,0.0
2025-06-26 15:00:00-04:00,0.0
2025-06-26 15:05:00-04:00,0.0
2025-06-26 15:10:00-04:00,0.0
2025-06-26 15:15:00-04:00,0.0
2025-06-26 15:20:00-04:00,0.0
2025-06-26 15:25:00-04:00,0.0
2025-06-26 15:30:00-04:00,0.0
2025-06-26 15:35:00-04:00,0.0
2025-06-26 15:40:00-04:00,0.0
2025-06-26 15:45:00-04:00,0.0
2025-06-26 15:50:00-04:00,0.0
2025-06-26 15:55:00-04:00,0.0
2025-06-27 09:30:00-04:00,0.0
2025-06-27 09:35:00-04:00,0.0
2025-06-27 09:40:00-04:00,0.0
2025-06-27 09:45:00-04:00,0.0
2025-06-27 09:50:00-04:00,0.0
2025-06-27 09:55:00-04:00,0.0
2025-06-27 10:00:00-04:00,0.0
2025-06-27 10:05:00-04:00,0.0
2025-06-27 10:10:00-04:00,0.0
2025-06-27 10:15:00-04:00,0.0
2025-06-27 10:20:00-04:00,0.0
2025-06-27 10:25:00-04:00,0.0
2025-06-27 10:30:00-04:00,0.0
2025-06-27 10:35:00-04:00,0.0
2025-06-27 10:40:00-04:00,0.0
2025-06-27 10:45:00-04:00,0.0
2025-06-27 10:50:00-04:00,0.0
2025-06-27 10:55:00-04:00,0.0
2025-06-27 11:00:00-04:00,0.0
2025-06-27 11:05:00-04:00,0.0
2025-06-27 11:10:00-04:00,0.0
2025-06-27 11:15:00-04:00,0.0
2025-06-27 11:20:00-04:00,0.0
2025-06-27 11:25:00-04:00,0.0
2025-06-27 11:30:00-04:00,0.0
2025-06-27 11:35:00-04:00,0.0
2025-06-27 11:40:00-04:00,0.0
2025-06-27 11:45:00-04:00,0.0
2025-06-27 11:50:00-04:00,0.0
2025-06-27 11:55:00-04:00,0.0
2025-06-27 12:00:00-04:00,0.0
2025-06-27 12:05:00-04:00,0.0
2025-06-27 12:10:00-04:00,0.0
2025-06-27 12:15:00-04:00,0.0
2025-06-27 12:20:00-04:00,0.0
2025-06-27 12:25:00-04:00,0.0
2025-06-27 12:30:00-04:00,0.0
2025-06-27 12:35:00-04:00,0.0
2025-06-27 12:40:00-04:00,0.0
2025-06-27 12:45:00-04:00,0.0
2025-06-27 12:50:00-04:00,0.0
2025-06-27 12:55:00-04:00,0.0
2025-06-27 13:00:00-04:00,0.0
2025-06-27 13:05:00-04:00,0.0
2025-06-27 13:10:00-04:00,0.0
2025-06-27 13:15:00-04:00,0.0
2025-06-27 13:20:00-04:00,0.0
2025-06-27 13:25:00-04:00,0.0
2025-06-27 13:30:00-04:00,0.0
2025-06-27 13:35:00-04:00,0.0
2025-06-27 13:40:00-04:00,0.0
2025-06-27 13:45:00-04:00,0.0
2025-06-27 13:50:00-04:00,0.0
2025-06-27 13:55:00-04:00,0.0
2025-06-27 14:00:00-04:00,0.0
2025-06-27 14:05:00-04:00,0.0
2025-06-27 14:10:00-04:00,0.0
2025-06-27 14:15:00-04:00,0.0
2025-06-27 14:20:00-04:00,0.0
2025-06-27 14:25:00-04:00,0.0
2025-06-27 14:30:00-04:00,0.0
2025-06-27 14:35:00-04:00,0.0
2025-06-27 14:40:00-04:00,0.0
2025-06-27 14:45:00-04:00,0.0
2025-06-27 14:50:00-04:00,0.0
2025-06-27 14:55:00-04:00,0.0
2025-06-27 15:00:00-04:00,0.0
2025-06-27 15:05:00-04:00,0.0
2025-06-27 15:10:00-04:00,0.0
2025-06-27 15:15:00-04:00,0.0
2025-06-27 15:20:00-04:00,0.0
2025-06-27 15:25:00-04:00,0.0
2025-06-27 15:30:00-04:00,0.0
2025-06-27 15:35:00-04:00,0.0
2025-06-27 15:40:00-04:00,0.0
2025-06-27 15:45:00-04:00,0.0
2025-06-27 15:50:00-04:00,0.0
2025-06-27 15:55:00-04:00,0.0
2025-06-30 09:30:00-04:00,0.0
2025-06-30 09:35:00-04:00,0.0
2025-06-30 09:40:00-04:00,0.0
2025-06-30 09:45:00-04:00,0.0
2025-06-30 09:50:00-04:00,0.0
2025-06-30 09:55:00-04:00,0.0
2025-06-30 10:00:00-04:00,-0.5
2025-06-30 10:05:00-04:00,-22.0625
2025-06-30 10:10:00-04:00,-8.3125
2025-06-30 10:15:00-04:00,-12.0625
2025-06-30 10:20:00-04:00,-29.5625
2025-06-30 10:25:00-04:00,-17.0625
2025-06-30 10:30:00-04:00,-9.5625
2025-06-30 10:35:00-04:00,-31.0
2025-06-30 10:40:00-04:00,-31.5
2025-06-30 10:45:00-04:00,-44.3125
2025-06-30 10:50:00-04:00,-38.0625
2025-06-30 10:55:00-04:00,-33.0625
2025-06-30 11:00:00-04:00,-39.3125
2025-06-30 11:05:00-04:00,-16.8125
2025-06-30 11:10:00-04:00,-38.0625
2025-06-30 11:15:00-04:00,-44.3125
2025-06-30 11:20:00-04:00,-39.3125
2025-06-30 11:25:00-04:00,-28.0625
2025-06-30 11:30:00-04:00,-9.8125
2025-06-30 11:35:00-04:00,-9.8125
2025-06-30 11:40:00-04:00,-9.8125
2025-06-30 11:45:00-04:00,-9.8125
2025-06-30 11:50:00-04:00,-9.8125
2025-06-30 11:55:00-04:00,-9.8125
2025-06-30 12:00:00-04:00,-9.8125
2025-06-30 12:05:00-04:00,-9.8125
2025-06-30 12:10:00-04:00,-9.8125
2025-06-30 12:15:00-04:00,-9.8125
2025-06-30 12:20:00-04:00,-9.8125
2025-06-30 12:25:00-04:00,-9.8125
2025-06-30 12:30:00-04:00,-9.8125
2025-06-30 12:35:00-04:00,-9.8125
2025-06-30 12:40:00-04:00,-9.8125
2025-06-30 12:45:00-04:00,-9.8125
2025-06-30 12:50:00-04:00,-9.8125
2025-06-30 12:55:00-04:00,-9.8125
2025-06-30 13:00:00-04:00,-9.8125
2025-06-30 13:05:00-04:00,-9.8125
2025-06-30 13:10:00-04:00,-9.8125
2025-06-30 13:15:00-04:00,-9.8125
2025-06-30 13:20:00-04:00,-9.8125
2025-06-30 13:25:00-04:00,-9.8125
2025-06-30 13:30:00-04:00,-9.8125
2025-06-30 13:35:00-04:00,-9.8125
2025-06-30 13:40:00-04:00,-9.8125
2025-06-30 13:45:00-04:00,-9.8125
2025-06-30 13:50:00-04:00,-9.8125
2025-06-30 13:55:00-04:00,-9.8125
2025-06-30 14:00:00-04:00,-9.8125
2025-06-30 14:05:00-04:00,-9.8125
2025-06-30 14:10:00-04:00,-9.8125
2025-06-30 14:15:00-04:00,-9.8125
2025-06-30 14:20:00-04:00,-9.8125
2025-06-30 14:25:00-04:00,-9.8125
2025-06-30 14:30:00-04:00,-9.8125
2025-06-30 14:35:00-04:00,-9.8125
2025-06-30 14:40:00-04:00,-9.8125
2025-06-30 14:45:00-04:00,-9.8125
2025-06-30 14:50:00-04:00,-9.8125
2025-06-30 14:55:00-04:00,-9.8125
2025-06-30 15:00:00-04:00,-9.8125
2025-06-30 15:05:00-04:00,-9.8125
2025-06-30 15:10:00-04:00,-9.8125
2025-06-30 15:15:00-04:00,-9.8125
2025-06-30 15:20:00-04:00,-9.8125
2025-06-30 15:25:00-04:00,-9.8125
2025-06-30 15:30:00-04:00,-9.8125
2025-06-30 15:35:00-04:00,-9.8125
2025-06-30 15:40:00-04:00,-9.8125
2025-06-30 15:45:00-04:00,-9.8125
2025-06-30 15:50:00-04:00,-9.8125
2025-06-30 15:55:00-04:00,-9.8125
2025-07-01 09:30:00-04:00,0.0
2025-07-01 09:35:00-04:00,0.0
2025-07-01 09:40:00-04:00,0.0
2025-07-01 09:45:00-04:00,0.0
2025-07-01 09:50:00-04:00,0.0
2025-07-01 09:55:00-04:00,0.0
2025-07-01 10:00:00-04:00,0.0
2025-07-01 10:05:00-04:00,0.0
2025-07-01 10:10:00-04:00,0.0
2025-07-01 10:15:00-04:00,0.0
2025-07-01 10:20:00-04:00,0.0
2025-07-01 10:25:00-04:00,-0.5
2025-07-01 10:30:00-04:00,-12.375
2025-07-01 10:35:00-04:00,-27.375
2025-07-01 10:40:00-04:00,-31.0
2025-07-01 10:45:00-04:00,-31.5
2025-07-01 10:50:00-04:00,-42.4375
2025-07-01 10:55:00-04:00,-42.4375
2025-07-01 11:00:00-04:00,-19.1875
2025-07-01 11:05:00-04:00,-19.1875
2025-07-01 11:10:00-04:00,-19.1875
2025-07-01 11:15:00-04:00,-19.1875
2025-07-01 11:20:00-04:00,-19.1875
2025-07-01 11:25:00-04:00,-19.1875
2025-07-01 11:30:00-04:00,-19.1875
2025-07-01 11:35:00-04:00,-19.1875
2025-07-01 11:40:00-04:00,-19.1875
2025-07-01 11:45:00-04:00,-19.1875
2025-07-01 11:50:00-04:00,-19.1875
2025-07-01 11:55:00-04:00,-19.1875
2025-07-01 12:00:00-04:00,-19.1875
2025-07-01 12:05:00-04:00,-19.1875
2025-07-01 12:10:00-04:00,-19.1875
2025-07-01 12:15:00-04:00,-19.1875
2025-07-01 12:20:00-04:00,-19.1875
2025-07-01 12:25:00-04:00,-19.1875
2025-07-01 12:30:00-04:00,-19.1875
2025-07-01 12:35:00-04:00,-19.1875
2025-07-01 12:40:00-04:00,-19.1875
2025-07-01 12:45:00-04:00,-19.1875
2025-07-01 12:50:00-04:00,-19.1875
2025-07-01 12:55:00-04:00,-19.1875
2025-07-01 13:00:00-04:00,-19.1875
2025-07-01 13:05:00-04:00,-19.1875
2025-07-01 13:10:00-04:00,-19.1875
2025-07-01 13:15:00-04:00,-19.1875
2025-07-01 13:20:00-04:00,-19.1875
2025-07-01 13:25:00-04:00,-19.1875
2025-07-01 13:30:00-04:00,-19.1875
2025-07-01 13:35:00-04:00,-19.1875
2025-07-01 13:40:00-04:00,-19.1875
2025-07-01 13:45:00-04:00,-19.1875
2025-07-01 13:50:00-04:00,-19.1875
2025-07-01 13:55:00-04:00,-19.1875
2025-07-01 14:00:00-04:00,-19.1875
2025-07-01 14:05:00-04:00,-19.1875
2025-07-01 14:10:00-04:00,-19.1875
2025-07-01 14:15:00-04:00,-19.1875
2025-07-01 14:20:00-04:00,-19.1875
2025-07-01 14:25:00-04:00,-19.1875
2025-07-01 14:30:00-04:00,-19.1875
2025-07-01 14:35:00-04:00,-19.1875
2025-07-01 14:40:00-04:00,-19.1875
2025-07-01 14:45:00-04:00,-19.1875
2025-07-01 14:50:00-04:00,-19.1875
2025-07-01 14:55:00-04:00,-19.1875
2025-07-01 15:00:00-04:00,-19.1875
2025-07-01 15:05:00-04:00,-19.1875
2025-07-01 15:10:00-04:00,-19.1875
2025-07-01 15:15:00-04:00,-19.1875
2025-07-01 15:20:00-04:00,-19.1875
2025-07-01 15:25:00-04:00,-19.1875
2025-07-01 15:30:00-04:00,-19.1875
2025-07-01 15:35:00-04:00,-19.1875
2025-07-01 15:40:00-04:00,-19.1875
2025-07-01 15:45:00-04:00,-19.1875
2025-07-01 15:50:00-04:00,-19.1875
2025-07-01 15:55:00-04:00,-19.1875
2025-07-02 09:30:00-04:00,0.0
2025-07-02 09:35:00-04:00,0.0
2025-07-02 09:40:00-04:00,0.0
2025-07-02 09:45:00-04:00,0.0
2025-07-02 09:50:00-04:00,0.0
2025-07-02 09:55:00-04:00,0.0
2025-07-02 10:00:00-04:00,0.0
2025-07-02 10:05:00-04:00,0.0
2025-07-02 10:10:00-04:00,0.0
2025-07-02 10:15:00-04:00,0.0
2025-07-02 10:20:00-04:00,0.0
2025-07-02 10:25:00-04:00,0.0
2025-07-02 10:30:00-04:00,0.0
2025-07-02 10:35:00-04:00,0.0
2025-07-02 10:40:00-04:00,0.0
2025-07-02 10:45:00-04:00,0.0
2025-07-02 10:50:00-04:00,0.0
2025-07-02 10:55:00-04:00,0.0
2025-07-02 11:00:00-04:00,0.0
2025-07-02 11:05:00-04:00,0.0
2025-07-02 11:10:00-04:00,0.0
2025-07-02 11:15:00-04:00,0.0
2025-07-02 11:20:00-04:00,0.0
2025-07-02 11:25:00-04:00,0.0
2025-07-02 11:30:00-04:00,0.0
2025-07-02 11:35:00-04:00,0.0
2025-07-02 11:40:00-04:00,0.0
2025-07-02 11:45:00-04:00,0.0
2025-07-02 11:50:00-04:00,0.0
2025-07-02 11:55:00-04:00,0.0
2025-07-02 12:00:00-04:00,0.0
2025-07-02 12:05:00-04:00,0.0
2025-07-02 12:10:00-04:00,0.0
2025-07-02 12:15:00-04:00,0.0
2025-07-02 12:20:00-04:00,0.0
2025-07-02 12:25:00-04:00,0.0
2025-07-02 12:30:00-04:00,0.0
2025-07-02 12:35:00-04:00,0.0
2025-07-02 12:40:00-04:00,0.0
2025-07-02 12:45:00-04:00,0.0
2025-07-02 12:50:00-04:00,0.0
2025-07-02 12:55:00-04:00,0.0
2025-07-02 13:00:00-04:00,0.0
2025-07-02 13:05:00-04:00,0.0
2025-07-02 13:10:00-04:00,0.0
2025-07-02 13:15:00-04:00,0.0
2025-07-02 13:20:00-04:00,0.0
2025-07-02 13:25:00-04:00,0.0
2025-07-02 13:30:00-04:00,0.0
2025-07-02 13:35:00-04:00,0.0
2025-07-02 13:40:00-04:00,0.0
2025-07-02 13:45:00-04:00,0.0
2025-07-02 13:50:00-04:00,0.0
2025-07-02 13:55:00-04:00,0.0
2025-07-02 14:00:00-04:00,0.0
2025-07-02 14:05:00-04:00,0.0
2025-07-02 14:10:00-04:00,0.0
2025-07-02 14:15:00-04:00,0.0
2025-07-02 14:20:00-04:00,0.0
2025-07-02 14:25:00-04:00,0.0
2025-07-02 14:30:00-04:00,0.0
2025-07-02 14:35:00-04:00,0.0
2025-07-02 14:40:00-04:00,0.0
2025-07-02 14:45:00-04:00,0.0
2025-07-02 14:50:00-04:00,0.0
2025-07-02 14:55:00-04:00,0.0
2025-07-02 15:00:00-04:00,0.0
2025-07-02 15:05:00-04:00,0.0
2025-07-02 15:10:00-04:00,0.0
2025-07-02 15:15:00-04:00,0.0
2025-07-02 15:20:00-04:00,0.0
2025-07-02 15:25:00-04:00,0.0
2025-07-02 15:30:00-04:00,0.0
2025-07-02 15:35:00-04:00,0.0
2025-07-02 15:40:00-04:00,0.0
2025-07-02 15:45:00-04:00,0.0
2025-07-02 15:50:00-04:00,0.0
2025-07-02 15:55:00-04:00,0.0
2025-07-03 09:30:00-04:00,0.0
2025-07-03 09:35:00-04:00,0.0
2025-07-03 09:40:00-04:00,0.0
2025-07-03 09:45:00-04:00,0.0
2025-07-03 09:50:00-04:00,0.0
2025-07-03 09:55:00-04:00,0.0
2025-07-03 10:00:00-04:00,0.0
2025-07-03 10:05:00-04:00,0.0
2025-07-03 10:10:00-04:00,0.0
2025-07-03 10:15:00-04:00,0.0
2025-07-03 10:20:00-04:00,0.0
2025-07-03 10:25:00-04:00,0.0
2025-07-03 10:30:00-04:00,0.0
2025-07-03 10:35:00-04:00,0.0
2025-07-03 10:40:00-04:00,0.0
2025-07-03 10:45:00-04:00,0.0
2025-07-03 10:50:00-04:00,0.0
2025-07-03 10:55:00-04:00,0.0
2025-07-03 11:00:00-04:00,0.0
2025-07-03 11:05:00-04:00,0.0
2025-07-03 11:10:00-04:00,0.0
2025-07-03 11:15:00-04:00,0.0
2025-07-03 11:20:00-04:00,0.0
2025-07-03 11:25:00-04:00,0.0
2025-07-03 11:30:00-04:00,0.0
2025-07-03 11:35:00-04:00,0.0
2025-07-03 11:40:00-04:00,0.0
2025-07-03 11:45:00-04:00,0.0
2025-07-03 11:50:00-04:00,0.0
2025-07-03 11:55:00-04:00,0.0
2025-07-03 12:00:00-04:00,0.0
2025-07-03 12:05:00-04:00,0.0
2025-07-03 12:10:00-04:00,0.0
2025-07-03 12:15:00-04:00,0.0
2025-07-03 12:20:00-04:00,0.0
2025-07-03 12:25:00-04:00,0.0
2025-07-03 12:30:00-04:00,0.0
2025-07-03 12:35:00-04:00,0.0
2025-07-03 12:40:00-04:00,0.0
2025-07-03 12:45:00-04:00,0.0
2025-07-03 12:50:00-04:00,0.0
2025-07-03 12:55:00-04:00,0.0
2025-07-03 13:00:00-04:00,0.0
2025-07-03 13:05:00-04:00,0.0
2025-07-03 13:10:00-04:00,0.0
2025-07-04 09:30:00-04:00,0.0
2025-07-04 09:35:00-04:00,0.0
2025-07-04 09:40:00-04:00,0.0
2025-07-04 09:45:00-04:00,0.0
2025-07-04 09:50:00-04:00,0.0
2025-07-04 09:55:00-04:00,0.0
2025-07-04 10:00:00-04:00,0.0
2025-07-04 10:05:00-04:00,0.0
2025-07-04 10:10:00-04:00,0.0
2025-07-04 10:15:00-04:00,0.0
2025-07-04 10:20:00-04:00,0.0
2025-07-04 10:25:00-04:00,0.0
2025-07-04 10:30:00-04:00,0.0
2025-07-04 10:35:00-04:00,0.0
2025-07-04 10:40:00-04:00,0.0
2025-07-04 10:45:00-04:00,0.0
2025-07-04 10:50:00-04:00,0.0
2025-07-04 10:55:00-04:00,0.0
2025-07-04 11:00:00-04:00,0.0
2025-07-04 11:05:00-04:00,0.0
2025-07-04 11:10:00-04:00,0.0
2025-07-04 11:15:00-04:00,0.0
2025-07-04 11:20:00-04:00,0.0
2025-07-04 11:25:00-04:00,0.0
2025-07-04 11:30:00-04:00,0.0
2025-07-04 11:35:00-04:00,0.0
2025-07-04 11:40:00-04:00,0.0
2025-07-04 11:45:00-04:00,0.0
2025-07-04 11:50:00-04:00,0.0
2025-07-04 11:55:00-04:00,0.0
2025-07-04 12:00:00-04:00,0.0
2025-07-04 12:05:00-04:00,0.0
2025-07-04 12:10:00-04:00,0.0
2025-07-04 12:15:00-04:00,0.0
2025-07-04 12:20:00-04:00,0.0
2025-07-04 12:25:00-04:00,0.0
2025-07-04 12:30:00-04:00,0.0
2025-07-04 12:35:00-04:00,0.0
2025-07-04 12:40:00-04:00,0.0
2025-07-04 12:45:00-04:00,0.0
2025-07-04 12:50:00-04:00,0.0
2025-07-04 12:55:00-04:00,0.0
2025-07-07 09:30:00-04:00,0.0
2025-07-07 09:35:00-04:00,0.0
2025-07-07 09:40:00-04:00,0.0
2025-07-07 09:45:00-04:00,0.0
2025-07-07 09:50:00-04:00,0.0
2025-07-07 09:55:00-04:00,0.0
2025-07-07 10:00:00-04:00,0.0
2025-07-07 10:05:00-04:00,0.0
2025-07-07 10:10:00-04:00,0.0
2025-07-07 10:15:00-04:00,0.0
2025-07-07 10:20:00-04:00,0.0
2025-07-07 10:25:00-04:00,0.0
2025-07-07 10:30:00-04:00,0.0
2025-07-07 10:35:00-04:00,0.0
2025-07-07 10:40:00-04:00,0.0
2025-07-07 10:45:00-04:00,0.0
2025-07-07 10:50:00-04:00,0.0
2025-07-07 10:55:00-04:00,0.0
2025-07-07 11:00:00-04:00,0.0
2025-07-07 11:05:00-04:00,0.0
2025-07-07 11:10:00-04:00,0.0
2025-07-07 11:15:00-04:00,0.0
2025-07-07 11:20:00-04:00,0.0
2025-07-07 11:25:00-04:00,0.0
2025-07-07 11:30:00-04:00,0.0
2025-07-07 11:35:00-04:00,0.0
2025-07-07 11:40:00-04:00,0.0
2025-07-07 11:45:00-04:00,0.0
2025-07-07 11:50:00-04:00,0.0
2025-07-07 11:55:00-04:00,0.0
2025-07-07 12:00:00-04:00,0.0
2025-07-07 12:05:00-04:00,0.0
2025-07-07 12:10:00-04:00,0.0
2025-07-07 12:15:00-04:00,0.0
2025-07-07 12:20:00-04:00,0.0
2025-07-07 12:25:00-04:00,0.0
2025-07-07 12:30:00-04:00,0.0
2025-07-07 12:35:00-04:00,0.0
2025-07-07 12:40:00-04:00,0.0
2025-07-07 12:45:00-04:00,0.0
2025-07-07 12:50:00-04:00,0.0
2025-07-07 12:55:00-04:00,0.0
2025-07-07 13:00:00-04:00,0.0
2025-07-07 13:05:00-04:00,0.0
2025-07-07 13:10:00-04:00,0.0
2025-07-07 13:15:00-04:00,0.0
2025-07-07 13:20:00-04:00,0.0
2025-07-07 13:25:00-04:00,0.0
2025-07-07 13:30:00-04:00,0.0
2025-07-07 13:35:00-04:00,0.0
2025-07-07 13:40:00-04:00,0.0
2025-07-07 13:45:00-04:00,0.0
2025-07-07 13:50:00-04:00,0.0
2025-07-07 13:55:00-04:00,0.0
2025-07-07 14:00:00-04:00,0.0
2025-07-07 14:05:00-04:00,0.0
2025-07-07 14:10:00-04:00,0.0
2025-07-07 14:15:00-04:00,0.0
2025-07-07 14:20:00-04:00,0.0
2025-07-07 14:25:00-04:00,0.0
2025-07-07 14:30:00-04:00,0.0
2025-07-07 14:35:00-04:00,0.0
2025-07-07 14:40:00-04:00,0.0
2025-07-07 14:45:00-04:00,0.0
2025-07-07 14:50:00-04:00,0.0
2025-07-07 14:55:00-04:00,0.0
2025-07-07 15:00:00-04:00,0.0
2025-07-07 15:05:00-04:00,0.0
2025-07-07 15:10:00-04:00,0.0
2025-07-07 15:15:00-04:00,0.0
2025-07-07 15:20:00-04:00,0.0
2025-07-07 15:25:00-04:00,0.0
2025-07-07 15:30:00-04:00,0.0
2025-07-07 15:35:00-04:00,0.0
2025-07-07 15:40:00-04:00,0.0
2025-07-07 15:45:00-04:00,0.0
2025-07-07 15:50:00-04:00,0.0
2025-07-07 15:55:00-04:00,0.0
2025-07-08 09:30:00-04:00,0.0
2025-07-08 09:35:00-04:00,0.0
2025-07-08 09:40:00-04:00,0.0
2025-07-08 09:45:00-04:00,0.0
2025-07-08 09:50:00-04:00,0.0
2025-07-08 09:55:00-04:00,0.0
2025-07-08 10:00:00-04:00,0.0
2025-07-08 10:05:00-04:00,0.0
2025-07-08 10:10:00-04:00,0.0
2025-07-08 10:15:00-04:00,0.0
2025-07-08 10:20:00-04:00,0.0
2025-07-08 10:25:00-04:00,0.0
2025-07-08 10:30:00-04:00,-0.5
2025-07-08 10:35:00-04:00,-31.0
2025-07-08 10:40:00-04:00,-31.5
2025-07-08 10:45:00-04:00,-27.4375
2025-07-08 10:50:00-04:00,-12.4375
2025-07-08 10:55:00-04:00,5.0625
2025-07-08 11:00:00-04:00,-9.9375
2025-07-08 11:05:00-04:00,-22.4375
2025-07-08 11:10:00-04:00,-28.6875
2025-07-08 11:15:00-04:00,-17.4375
2025-07-08 11:20:00-04:00,-4.9375
2025-07-08 11:25:00-04:00,12.5625
2025-07-08 11:30:00-04:00,18.9375
2025-07-08 11:35:00-04:00,18.9375
2025-07-08 11:40:00-04:00,18.9375
2025-07-08 11:45:00-04:00,18.9375
2025-07-08 11:50:00-04:00,18.9375
2025-07-08 11:55:00-04:00,18.9375
2025-07-08 12:00:00-04:00,18.9375
2025-07-08 12:05:00-04:00,18.9375
2025-07-08 12:10:00-04:00,18.9375
2025-07-08 12:15:00-04:00,18.9375
2025-07-08 12:20:00-04:00,18.9375
2025-07-08 12:25:00-04:00,18.9375
2025-07-08 12:30:00-04:00,18.9375
2025-07-08 12:35:00-04:00,18.9375
2025-07-08 12:40:00-04:00,18.9375
2025-07-08 12:45:00-04:00,18.9375
2025-07-08 12:50:00-04:00,18.9375
2025-07-08 12:55:00-04:00,18.9375
2025-07-08 13:00:00-04:00,18.9375
2025-07-08 13:05:00-04:00,18.9375
2025-07-08 13:10:00-04:00,18.9375
2025-07-08 13:15:00-04:00,18.9375
2025-07-08 13:20:00-04:00,18.9375
2025-07-08 13:25:00-04:00,18.9375
2025-07-08 13:30:00-04:00,18.9375
2025-07-08 13:35:00-04:00,18.9375
2025-07-08 13:40:00-04:00,18.9375
2025-07-08 13:45:00-04:00,18.9375
2025-07-08 13:50:00-04:00,18.9375
2025-07-08 13:55:00-04:00,18.9375
2025-07-08 14:00:00-04:00,18.9375
2025-07-08 14:05:00-04:00,18.9375
2025-07-08 14:10:00-04:00,18.9375
2025-07-08 14:15:00-04:00,18.9375
2025-07-08 14:20:00-04:00,18.9375
2025-07-08 14:25:00-04:00,18.9375
2025-07-08 14:30:00-04:00,18.9375
2025-07-08 14:35:00-04:00,18.9375
2025-07-08 14:40:00-04:00,18.9375
2025-07-08 14:45:00-04:00,18.9375
2025-07-08 14:50:00-04:00,18.9375
2025-07-08 14:55:00-04:00,18.9375
2025-07-08 15:00:00-04:00,18.9375
2025-07-08 15:05:00-04:00,18.9375
2025-07-08 15:10:00-04:00,18.9375
2025-07-08 15:15:00-04:00,18.9375
2025-07-08 15:20:00-04:00,18.9375
2025-07-08 15:25:00-04:00,18.9375
2025-07-08 15:30:00-04:00,18.9375
2025-07-08 15:35:00-04:00,18.9375
2025-07-08 15:40:00-04:00,18.9375
2025-07-08 15:45:00-04:00,18.9375
2025-07-08 15:50:00-04:00,18.9375
2025-07-08 15:55:00-04:00,18.9375
2025-07-09 09:30:00-04:00,0.0
2025-07-09 09:35:00-04:00,0.0
2025-07-09 09:40:00-04:00,0.0
2025-07-09 09:45:00-04:00,0.0
2025-07-09 09:50:00-04:00,0.0
2025-07-09 09:55:00-04:00,0.0
2025-07-09 10:00:00-04:00,0.0
2025-07-09 10:05:00-04:00,0.0
2025-07-09 10:10:00-04:00,0.0
2025-07-09 10:15:00-04:00,-0.5
2025-07-09 10:20:00-04:00,-13.9375
2025-07-09 10:25:00-04:00,-31.0
2025-07-09 10:30:00-04:00,-31.5
2025-07-09 10:35:00-04:00,-62.0
2025-07-09 10:40:00-04:00,-62.5
2025-07-09 10:45:00-04:00,-93.0
2025-07-09 10:50:00-04:00,-93.0
2025-07-09 10:55:00-04:00,-93.0
2025-07-09 11:00:00-04:00,-93.0
2025-07-09 11:05:00-04:00,-93.0
2025-07-09 11:10:00-04:00,-93.0
2025-07-09 11:15:00-04:00,-93.0
2025-07-09 11:20:00-04:00,-93.0
2025-07-09 11:25:00-04:00,-93.0
2025-07-09 11:30:00-04:00,-93.0
2025-07-09 11:35:00-04:00,-93.0
2025-07-09 11:40:00-04:00,-93.0
2025-07-09 11:45:00-04:00,-93.0
2025-07-09 11:50:00-04:00,-93.0
2025-07-09 11:55:00-04:00,-93.0
2025-07-09 12:00:00-04:00,-93.0
2025-07-09 12:05:00-04:00,-93.0
2025-07-09 12:10:00-04:00,-93.0
2025-07-09 12:15:00-04:00,-93.0
2025-07-09 12:20:00-04:00,-93.0
2025-07-09 12:25:00-04:00,-93.0
2025-07-09 12:30:00-04:00,-93.0
2025-07-09 12:35:00-04:00,-93.0
2025-07-09 12:40:00-04:00,-93.0
2025-07-09 12:45:00-04:00,-93.0
2025-07-09 12:50:00-04:00,-93.0
2025-07-09 12:55:00-04:00,-93.0
2025-07-09 13:00:00-04:00,-93.0
2025-07-09 13:05:00-04:00,-93.0
2025-07-09 13:10:00-04:00,-93.0
2025-07-09 13:15:00-04:00,-93.0
2025-07-09 13:20:00-04:00,-93.0
2025-07-09 13:25:00-04:00,-93.0
2025-07-09 13:30:00-04:00,-93.0
2025-07-09 13:35:00-04:00,-93.0
2025-07-09 13:40:00-04:00,-93.0
2025-07-09 13:45:00-04:00,-93.0
2025-07-09 13:50:00-04:00,-93.0
2025-07-09 13:55:00-04:00,-93.0
2025-07-09 14:00:00-04:00,-93.0
2025-07-09 14:05:00-04:00,-93.0
2025-07-09 14:10:00-04:00,-93.0
2025-07-09 14:15:00-04:00,-93.0
2025-07-09 14:20:00-04:00,-93.0
2025-07-09 14:25:00-04:00,-93.0
2025-07-09 14:30:00-04:00,-93.0
2025-07-09 14:35:00-04:00,-93.0
2025-07-09 14:40:00-04:00,-93.0
2025-07-09 14:45:00-04:00,-93.0
2025-07-09 14:50:00-04:00,-93.0
2025-07-09 14:55:00-04:00,-93.0
2025-07-09 15:00:00-04:00,-93.0
2025-07-09 15:05:00-04:00,-93.0
2025-07-09 15:10:00-04:00,-93.0
2025-07-09 15:15:00-04:00,-93.0
2025-07-09 15:20:00-04:00,-93.0
2025-07-09 15:25:00-04:00,-93.0
2025-07-09 15:30:00-04:00,-93.0
2025-07-09 15:35:00-04:00,-93.0
2025-07-09 15:40:00-04:00,-93.0
2025-07-09 15:45:00-04:00,-93.0
2025-07-09 15:50:00-04:00,-93.0
2025-07-09 15:55:00-04:00,-93.0
2025-07-10 09:30:00-04:00,0.0
2025-07-10 09:35:00-04:00,0.0
2025-07-10 09:40:00-04:00,0.0
2025-07-10 09:45:00-04:00,0.0
2025-07-10 09:50:00-04:00,0.0
2025-07-10 09:55:00-04:00,0.0
2025-07-10 10:00:00-04:00,0.0
2025-07-10 10:05:00-04:00,0.0
2025-07-10 10:10:00-04:00,0.0
2025-07-10 10:15:00-04:00,0.0
2025-07-10 10:20:00-04:00,0.0
2025-07-10 10:25:00-04:00,0.0
2025-07-10 10:30:00-04:00,0.0
2025-07-10 10:35:00-04:00,0.0
2025-07-10 10:40:00-04:00,0.0
2025-07-10 10:45:00-04:00,0.0
2025-07-10 10:50:00-04:00,0.0
2025-07-10 10:55:00-04:00,0.0
2025-07-10 11:00:00-04:00,0.0
2025-07-10 11:05:00-04:00,0.0
2025-07-10 11:10:00-04:00,0.0
2025-07-10 11:15:00-04:00,0.0
2025-07-10 11:20:00-04:00,0.0
2025-07-10 11:25:00-04:00,0.0
2025-07-10 11:30:00-04:00,0.0
2025-07-10 11:35:00-04:00,0.0
2025-07-10 11:40:00-04:00,0.0
2025-07-10 11:45:00-04:00,0.0
2025-07-10 11:50:00-04:00,0.0
2025-07-10 11:55:00-04:00,0.0
2025-07-10 12:00:00-04:00,0.0
2025-07-10 12:05:00-04:00,0.0
2025-07-10 12:10:00-04:00,0.0
2025-07-10 12:15:00-04:00,0.0
2025-07-10 12:20:00-04:00,0.0
2025-07-10 12:25:00-04:00,0.0
2025-07-10 12:30:00-04:00,0.0
2025-07-10 12:35:00-04:00,0.0
2025-07-10 12:40:00-04:00,0.0
2025-07-10 12:45:00-04:00,0.0
2025-07-10 12:50:00-04:00,0.0
2025-07-10 12:55:00-04:00,0.0
2025-07-10 13:00:00-04:00,0.0
2025-07-10 13:05:00-04:00,0.0
2025-07-10 13:10:00-04:00,0.0
2025-07-10 13:15:00-04:00,0.0
2025-07-10 13:20:00-04:00,0.0
2025-07-10 13:25:00-04:00,0.0
2025-07-10 13:30:00-04:00,0.0
2025-07-10 13:35:00-04:00,0.0
2025-07-10 13:40:00-04:00,0.0
2025-07-10 13:45:00-04:00,0.0
2025-07-10 13:50:00-04:00,0.0
2025-07-10 13:55:00-04:00,0.0
2025-07-10 14:00:00-04:00,0.0
2025-07-10 14:05:00-04:00,0.0
2025-07-10 14:10:00-04:00,0.0
2025-07-10 14:15:00-04:00,0.0
2025-07-10 14:20:00-04:00,0.0
2025-07-10 14:25:00-04:00,0.0
2025-07-10 14:30:00-04:00,0.0
2025-07-10 14:35:00-04:00,0.0
2025-07-10 14:40:00-04:00,0.0
2025-07-10 14:45:00-04:00,0.0
2025-07-10 14:50:00-04:00,0.0
2025-07-10 14:55:00-04:00,0.0
2025-07-10 15:00:00-04:00,0.0
2025-07-10 15:05:00-04:00,0.0
2025-07-10 15:10:00-04:00,0.0
2025-07-10 15:15:00-04:00,0.0
2025-07-10 15:20:00-04:00,0.0
2025-07-10 15:25:00-04:00,0.0
2025-07-10 15:30:00-04:00,0.0
2025-07-10 15:35:00-04:00,0.0
2025-07-10 15:40:00-04:00,0.0
2025-07-10 15:45:00-04:00,0.0
2025-07-10 15:50:00-04:00,0.0
2025-07-10 15:55:00-04:00,0.0
2025-07-11 09:30:00-04:00,0.0
2025-07-11 09:35:00-04:00,0.0
2025-07-11 09:40:00-04:00,0.0
2025-07-11 09:45:00-04:00,0.0
2025-07-11 09:50:00-04:00,0.0
2025-07-11 09:55:00-04:00,0.0
2025-07-11 10:00:00-04:00,0.0
2025-07-11 10:05:00-04:00,0.0
2025-07-11 10:10:00-04:00,0.0
2025-07-11 10:15:00-04:00,0.0
2025-07-11 10:20:00-04:00,0.0
2025-07-11 10:25:00-04:00,0.0
2025-07-11 10:30:00-04:00,0.0
2025-07-11 10:35:00-04:00,0.0
2025-07-11 10:40:00-04:00,0.0
2025-07-11 10:45:00-04:00,0.0
2025-07-11 10:50:00-04:00,0.0
2025-07-11 10:55:00-04:00,0.0
2025-07-11 11:00:00-04:00,0.0
2025-07-11 11:05:00-04:00,0.0
2025-07-11 11:10:00-04:00,0.0
2025-07-11 11:15:00-04:00,0.0
2025-07-11 11:20:00-04:00,0.0
2025-07-11 11:25:00-04:00,0.0
2025-07-11 11:30:00-04:00,0.0
2025-07-11 11:35:00-04:00,0.0
2025-07-11 11:40:00-04:00,0.0
2025-07-11 11:45:00-04:00,0.0
2025-07-11 11:50:00-04:00,0.0
2025-07-11 11:55:00-04:00,0.0
2025-07-11 12:00:00-04:00,0.0
2025-07-11 12:05:00-04:00,0.0
2025-07-11 12:10:00-04:00,0.0
2025-07-11 12:15:00-04:00,0.0
2025-07-11 12:20:00-04:00,0.0
2025-07-11 12:25:00-04:00,0.0
2025-07-11 12:30:00-04:00,0.0
2025-07-11 12:35:00-04:00,0.0
2025-07-11 12:40:00-04:00,0.0
2025-07-11 12:45:00-04:00,0.0
2025-07-11 12:50:00-04:00,0.0
2025-07-11 12:55:00-04:00,0.0
2025-07-11 13:00:00-04:00,0.0
2025-07-11 13:05:00-04:00,0.0
2025-07-11 13:10:00-04:00,0.0
2025-07-11 13:15:00-04:00,0.0
2025-07-11 13:20:00-04:00,0.0
2025-07-11 13:25:00-04:00,0.0
2025-07-11 13:30:00-04:00,0.0
2025-07-11 13:35:00-04:00,0.0
2025-07-11 13:40:00-04:00,0.0
2025-07-11 13:45:00-04:00,0.0
2025-07-11 13:50:00-04:00,0.0
2025-07-11 13:55:00-04:00,0.0
2025-07-11 14:00:00-04:00,0.0
2025-07-11 14:05:00-04:00,0.0
2025-07-11 14:10:00-04:00,0.0
2025-07-11 14:15:00-04:00,0.0
2025-07-11 14:20:00-04:00,0.0
2025-07-11 14:25:00-04:00,0.0
2025-07-11 14:30:00-04:00,0.0
2025-07-11 14:35:00-04:00,0.0
2025-07-11 14:40:00-04:00,0.0
2025-07-11 14:45:00-04:00,0.0
2025-07-11 14:50:00-04:00,0.0
2025-07-11 14:55:00-04:00,0.0
2025-07-11 15:00:00-04:00,0.0
2025-07-11 15:05:00-04:00,0.0
2025-07-11 15:10:00-04:00,0.0
2025-07-11 15:15:00-04:00,0.0
2025-07-11 15:20:00-04:00,0.0
2025-07-11 15:25:00-04:00,0.0
2025-07-11 15:30:00-04:00,0.0
2025-07-11 15:35:00-04:00,0.0
2025-07-11 15:40:00-04:00,0.0
2025-07-11 15:45:00-04:00,0.0
2025-07-11 15:50:00-04:00,0.0
2025-07-11 15:55:00-04:00,0.0
2025-07-14 09:30:00-04:00,0.0
2025-07-14 09:35:00-04:00,0.0
2025-07-14 09:40:00-04:00,0.0
2025-07-14 09:45:00-04:00,0.0
2025-07-14 09:50:00-04:00,0.0
2025-07-14 09:55:00-04:00,0.0
2025-07-14 10:00:00-04:00,-0.5
2025-07-14 10:05:00-04:00,-19.25
2025-07-14 10:10:00-04:00,-18.0
2025-07-14 10:15:00-04:00,-31.0
2025-07-14 10:20:00-04:00,-31.5
2025-07-14 10:25:00-04:00,-39.9375
2025-07-14 10:30:00-04:00,-6.1875
2025-07-14 10:35:00-04:00,-12.4375
2025-07-14 10:40:00-04:00,-16.1875
2025-07-14 10:45:00-04:00,-21.1875
2025-07-14 10:50:00-04:00,-21.1875
2025-07-14 10:55:00-04:00,-38.6875
2025-07-14 11:00:00-04:00,-53.6875
2025-07-14 11:05:00-04:00,-46.1875
2025-07-14 11:10:00-04:00,-51.1875
2025-07-14 11:15:00-04:00,-52.4375
2025-07-14 11:20:00-04:00,-49.9375
2025-07-14 11:25:00-04:00,-62.0
2025-07-14 11:30:00-04:00,-62.0
2025-07-14 11:35:00-04:00,-62.0
2025-07-14 11:40:00-04:00,-62.0
2025-07-14 11:45:00-04:00,-62.0
2025-07-14 11:50:00-04:00,-62.0
2025-07-14 11:55:00-04:00,-62.0
2025-07-14 12:00:00-04:00,-62.0
2025-07-14 12:05:00-04:00,-62.0
2025-07-14 12:10:00-04:00,-62.0
2025-07-14 12:15:00-04:00,-62.0
2025-07-14 12:20:00-04:00,-62.0
2025-07-14 12:25:00-04:00,-62.0
2025-07-14 12:30:00-04:00,-62.0
2025-07-14 12:35:00-04:00,-62.0
2025-07-14 12:40:00-04:00,-62.0
2025-07-14 12:45:00-04:00,-62.0
2025-07-14 12:50:00-04:00,-62.0
2025-07-14 12:55:00-04:00,-62.0
2025-07-14 13:00:00-04:00,-62.0
2025-07-14 13:05:00-04:00,-62.0
2025-07-14 13:10:00-04:00,-62.0
2025-07-14 13:15:00-04:00,-62.0
2025-07-14 13:20:00-04:00,-62.0
2025-07-14 13:25:00-04:00,-62.0
2025-07-14 13:30:00-04:00,-62.0
2025-07-14 13:35:00-04:00,-62.0
2025-07-14 13:40:00-04:00,-62.0
2025-07-14 13:45:00-04:00,-62.0
2025-07-14 13:50:00-04:00,-62.0
2025-07-14 13:55:00-04:00,-62.0
2025-07-14 14:00:00-04:00,-62.0
2025-07-14 14:05:00-04:00,-62.0
2025-07-14 14:10:00-04:00,-62.0
2025-07-14 14:15:00-04:00,-62.0
2025-07-14 14:20:00-04:00,-62.0
2025-07-14 14:25:00-04:00,-62.0
2025-07-14 14:30:00-04:00,-62.0
2025-07-14 14:35:00-04:00,-62.0
2025-07-14 14:40:00-04:00,-62.0
2025-07-14 14:45:00-04:00,-62.0
2025-07-14 14:50:00-04:00,-62.0
2025-07-14 14:55:00-04:00,-62.0
2025-07-14 15:00:00-04:00,-62.0
2025-07-14 15:05:00-04:00,-62.0
2025-07-14 15:10:00-04:00,-62.0
2025-07-14 15:15:00-04:00,-62.0
2025-07-14 15:20:00-04:00,-62.0
2025-07-14 15:25:00-04:00,-62.0
2025-07-14 15:30:00-04:00,-62.0
2025-07-14 15:35:00-04:00,-62.0
2025-07-14 15:40:00-04:00,-62.0
2025-07-14 15:45:00-04:00,-62.0
2025-07-14 15:50:00-04:00,-62.0
2025-07-14 15:55:00-04:00,-62.0
2025-07-15 09:30:00-04:00,0.0
2025-07-15 09:35:00-04:00,0.0
2025-07-15 09:40:00-04:00,0.0
2025-07-15 09:45:00-04:00,0.0
2025-07-15 09:50:00-04:00,0.0
2025-07-15 09:55:00-04:00,0.0
2025-07-15 10:00:00-04:00,-0.5
2025-07-15 10:05:00-04:00,-11.4375
2025-07-15 10:10:00-04:00,6.0625
2025-07-15 10:15:00-04:00,6.0625
2025-07-15 10:20:00-04:00,13.5625
2025-07-15 10:25:00-04:00,-11.4375
2025-07-15 10:30:00-04:00,-31.0
2025-07-15 10:35:00-04:00,-31.0
2025-07-15 10:40:00-04:00,-31.0
2025-07-15 10:45:00-04:00,-31.0
2025-07-15 10:50:00-04:00,-31.0
2025-07-15 10:55:00-04:00,-31.0
2025-07-15 11:00:00-04:00,-31.0
2025-07-15 11:05:00-04:00,-31.0
2025-07-15 11:10:00-04:00,-31.0
2025-07-15 11:15:00-04:00,-31.0
2025-07-15 11:20:00-04:00,-31.0
2025-07-15 11:25:00-04:00,-31.0
2025-07-15 11:30:00-04:00,-31.0
2025-07-15 11:35:00-04:00,-31.0
2025-07-15 11:40:00-04:00,-31.0
2025-07-15 11:45:00-04:00,-31.0
2025-07-15 11:50:00-04:00,-31.0
2025-07-15 11:55:00-04:00,-31.0
2025-07-15 12:00:00-04:00,-31.0
2025-07-15 12:05:00-04:00,-31.0
2025-07-15 12:10:00-04:00,-31.0
2025-07-15 12:15:00-04:00,-31.0
2025-07-15 12:20:00-04:00,-31.0
2025-07-15 12:25:00-04:00,-31.0
2025-07-15 12:30:00-04:00,-31.0
2025-07-15 12:35:00-04:00,-31.0
2025-07-15 12:40:00-04:00,-31.0
2025-07-15 12:45:00-04:00,-31.0
2025-07-15 12:50:00-04:00,-31.0
2025-07-15 12:55:00-04:00,-31.0
2025-07-15 13:00:00-04:00,-31.0
2025-07-15 13:05:00-04:00,-31.0
2025-07-15 13:10:00-04:00,-31.0
2025-07-15 13:15:00-04:00,-31.0
2025-07-15 13:20:00-04:00,-31.0
2025-07-15 13:25:00-04:00,-31.0
2025-07-15 13:30:00-04:00,-31.0
2025-07-15 13:35:00-04:00,-31.0
2025-07-15 13:40:00-04:00,-31.0
2025-07-15 13:45:00-04:00,-31.0
2025-07-15 13:50:00-04:00,-31.0
2025-07-15 13:55:00-04:00,-31.0
2025-07-15 14:00:00-04:00,-31.0
2025-07-15 14:05:00-04:00,-31.0
2025-07-15 14:10:00-04:00,-31.0
2025-07-15 14:15:00-04:00,-31.0
2025-07-15 14:20:00-04:00,-31.0
2025-07-15 14:25:00-04:00,-31.0
2025-07-15 14:30:00-04:00,-31.0
2025-07-15 14:35:00-04:00,-31.0
2025-07-15 14:40:00-04:00,-31.0
2025-07-15 14:45:00-04:00,-31.0
2025-07-15 14:50:00-04:00,-31.0
2025-07-15 14:55:00-04:00,-31.0
2025-07-15 15:00:00-04:00,-31.0
2025-07-15 15:05:00-04:00,-31.0
2025-07-15 15:10:00-04:00,-31.0
2025-07-15 15:15:00-04:00,-31.0
2025-07-15 15:20:00-04:00,-31.0
2025-07-15 15:25:00-04:00,-31.0
2025-07-15 15:30:00-04:00,-31.0
2025-07-15 15:35:00-04:00,-31.0
2025-07-15 15:40:00-04:00,-31.0
2025-07-15 15:45:00-04:00,-31.0
2025-07-15 15:50:00-04:00,-31.0
2025-07-15 15:55:00-04:00,-31.0
2025-07-16 09:30:00-04:00,0.0
2025-07-16 09:35:00-04:00,0.0
2025-07-16 09:40:00-04:00,0.0
2025-07-16 09:45:00-04:00,0.0
2025-07-16 09:50:00-04:00,0.0
2025-07-16 09:55:00-04:00,0.0
2025-07-16 10:00:00-04:00,0.0
2025-07-16 10:05:00-04:00,0.0
2025-07-16 10:10:00-04:00,0.0
2025-07-16 10:15:00-04:00,0.0
2025-07-16 10:20:00-04:00,0.0
2025-07-16 10:25:00-04:00,0.0
2025-07-16 10:30:00-04:00,0.0
2025-07-16 10:35:00-04:00,0.0
2025-07-16 10:40:00-04:00,0.0
2025-07-16 10:45:00-04:00,-0.5
2025-07-16 10:50:00-04:00,-31.0
2025-07-16 10:55:00-04:00,-31.5
2025-07-16 11:00:00-04:00,-62.0
2025-07-16 11:05:00-04:00,-62.5
2025-07-16 11:10:00-04:00,-93.0
2025-07-16 11:15:00-04:00,-93.5
2025-07-16 11:20:00-04:00,-42.5625
2025-07-16 11:25:00-04:00,-86.3125
2025-07-16 11:30:00-04:00,-24.625
2025-07-16 11:35:00-04:00,-24.625
2025-07-16 11:40:00-04:00,-24.625
2025-07-16 11:45:00-04:00,-24.625
2025-07-16 11:50:00-04:00,-24.625
2025-07-16 11:55:00-04:00,-24.625
2025-07-16 12:00:00-04:00,-24.625
2025-07-16 12:05:00-04:00,-24.625
2025-07-16 12:10:00-04:00,-24.625
2025-07-16 12:15:00-04:00,-24.625
2025-07-16 12:20:00-04:00,-24.625
2025-07-16 12:25:00-04:00,-24.625
2025-07-16 12:30:00-04:00,-24.625
2025-07-16 12:35:00-04:00,-24.625
2025-07-16 12:40:00-04:00,-24.625
2025-07-16 12:45:00-04:00,-24.625
2025-07-16 12:50:00-04:00,-24.625
2025-07-16 12:55:00-04:00,-24.625
2025-07-16 13:00:00-04:00,-24.625
2025-07-16 13:05:00-04:00,-24.625
2025-07-16 13:10:00-04:00,-24.625
2025-07-16 13:15:00-04:00,-24.625
2025-07-16 13:20:00-04:00,-24.625
2025-07-16 13:25:00-04:00,-24.625
2025-07-16 13:30:00-04:00,-24.625
2025-07-16 13:35:00-04:00,-24.625
2025-07-16 13:40:00-04:00,-24.625
2025-07-16 13:45:00-04:00,-24.625
2025-07-16 13:50:00-04:00,-24.625
2025-07-16 13:55:00-04:00,-24.625
2025-07-16 14:00:00-04:00,-24.625
2025-07-16 14:05:00-04:00,-24.625
2025-07-16 14:10:00-04:00,-24.625
2025-07-16 14:15:00-04:00,-24.625
2025-07-16 14:20:00-04:00,-24.625
2025-07-16 14:25:00-04:00,-24.625
2025-07-16 14:30:00-04:00,-24.625
2025-07-16 14:35:00-04:00,-24.625
2025-07-16 14:40:00-04:00,-24.625
2025-07-16 14:45:00-04:00,-24.625
2025-07-16 14:50:00-04:00,-24.625
2025-07-16 14:55:00-04:00,-24.625
2025-07-16 15:00:00-04:00,-24.625
2025-07-16 15:05:00-04:00,-24.625
2025-07-16 15:10:00-04:00,-24.625
2025-07-16 15:15:00-04:00,-24.625
2025-07-16 15:20:00-04:00,-24.625
2025-07-16 15:25:00-04:00,-24.625
2025-07-16 15:30:00-04:00,-24.625
2025-07-16 15:35:00-04:00,-24.625
2025-07-16 15:40:00-04:00,-24.625
2025-07-16 15:45:00-04:00,-24.625
2025-07-16 15:50:00-04:00,-24.625
2025-07-16 15:55:00-04:00,-24.625
2025-07-17 09:30:00-04:00,0.0
2025-07-17 09:35:00-04:00,0.0
2025-07-17 09:40:00-04:00,0.0
2025-07-17 09:45:00-04:00,0.0
2025-07-17 09:50:00-04:00,0.0
2025-07-17 09:55:00-04:00,0.0
2025-07-17 10:00:00-04:00,0.0
2025-07-17 10:05:00-04:00,0.0
2025-07-17 10:10:00-04:00,0.0
2025-07-17 10:15:00-04:00,-0.5
2025-07-17 10:20:00-04:00,-31.0
2025-07-17 10:25:00-04:00,-31.5
2025-07-17 10:30:00-04:00,-26.1875
2025-07-17 10:35:00-04:00,-43.6875
2025-07-17 10:40:00-04:00,-36.1875
2025-07-17 10:45:00-04:00,-31.1875
2025-07-17 10:50:00-04:00,-9.9375
2025-07-17 10:55:00-04:00,-8.6875
2025-07-17 11:00:00-04:00,-4.9375
2025-07-17 11:05:00-04:00,7.5625
2025-07-17 11:10:00-04:00,18.8125
2025-07-17 11:15:00-04:00,16.3125
2025-07-17 11:20:00-04:00,15.0625
2025-07-17 11:25:00-04:00,31.3125
2025-07-17 11:30:00-04:00,38.625
2025-07-17 11:35:00-04:00,38.625
2025-07-17 11:40:00-04:00,38.625
2025-07-17 11:45:00-04:00,38.625
2025-07-17 11:50:00-04:00,38.625
2025-07-17 11:55:00-04:00,38.625
2025-07-17 12:00:00-04:00,38.625
2025-07-17 12:05:00-04:00,38.625
2025-07-17 12:10:00-04:00,38.625
2025-07-17 12:15:00-04:00,38.625
2025-07-17 12:20:00-04:00,38.625
2025-07-17 12:25:00-04:00,38.625
2025-07-17 12:30:00-04:00,38.625
2025-07-17 12:35:00-04:00,38.625
2025-07-17 12:40:00-04:00,38.625
2025-07-17 12:45:00-04:00,38.625
2025-07-17 12:50:00-04:00,38.625
2025-07-17 12:55:00-04:00,38.625
2025-07-17 13:00:00-04:00,38.625
2025-07-17 13:05:00-04:00,38.625
2025-07-17 13:10:00-04:00,38.625
2025-07-17 13:15:00-04:00,38.625
2025-07-17 13:20:00-04:00,38.625
2025-07-17 13:25:00-04:00,38.625
2025-07-17 13:30:00-04:00,38.625
2025-07-17 13:35:00-04:00,38.625
2025-07-17 13:40:00-04:00,38.625
2025-07-17 13:45:00-04:00,38.625
2025-07-17 13:50:00-04:00,38.625
2025-07-17 13:55:00-04:00,38.625
2025-07-17 14:00:00-04:00,38.625
2025-07-17 14:05:00-04:00,38.625
2025-07-17 14:10:00-04:00,38.625
2025-07-17 14:15:00-04:00,38.625
2025-07-17 14:20:00-04:00,38.625
2025-07-17 14:25:00-04:00,38.625
2025-07-17 14:30:00-04:00,38.625
2025-07-17 14:35:00-04:00,38.625
2025-07-17 14:40:00-04:00,38.625
2025-07-17 14:45:00-04:00,38.625
2025-07-17 14:50:00-04:00,38.625
2025-07-17 14:55:00-04:00,38.625
2025-07-17 15:00:00-04:00,38.625
2025-07-17 15:05:00-04:00,38.625
2025-07-17 15:10:00-04:00,38.625
2025-07-17 15:15:00-04:00,38.625
2025-07-17 15:20:00-04:00,38.625
2025-07-17 15:25:00-04:00,38.625
2025-07-17 15:30:00-04:00,38.625
2025-07-17 15:35:00-04:00,38.625
2025-07-17 15:40:00-04:00,38.625
2025-07-17 15:45:00-04:00,38.625
2025-07-17 15:50:00-04:00,38.625
2025-07-17 15:55:00-04:00,38.625
2025-07-18 09:30:00-04:00,0.0
2025-07-18 09:35:00-04:00,0.0
2025-07-18 09:40:00-04:00,0.0
2025-07-18 09:45:00-04:00,0.0
2025-07-18 09:50:00-04:00,0.0
2025-07-18 09:55:00-04:00,0.0
2025-07-18 10:00:00-04:00,-0.5
2025-07-18 10:05:00-04:00,-26.75
2025-07-18 10:10:00-04:00,-31.0
2025-07-18 10:15:00-04:00,-31.0
2025-07-18 10:20:00-04:00,-31.0
2025-07-18 10:25:00-04:00,-31.0
2025-07-18 10:30:00-04:00,-31.0
2025-07-18 10:35:00-04:00,-31.0
2025-07-18 10:40:00-04:00,-31.0
2025-07-18 10:45:00-04:00,-31.0
2025-07-18 10:50:00-04:00,-31.0
2025-07-18 10:55:00-04:00,-31.0
2025-07-18 11:00:00-04:00,-31.0
2025-07-18 11:05:00-04:00,-31.0
2025-07-18 11:10:00-04:00,-31.0
2025-07-18 11:15:00-04:00,-31.0
2025-07-18 11:20:00-04:00,-31.0
2025-07-18 11:25:00-04:00,-31.0
2025-07-18 11:30:00-04:00,-31.0
2025-07-18 11:35:00-04:00,-31.0
2025-07-18 11:40:00-04:00,-31.0
2025-07-18 11:45:00-04:00,-31.0
2025-07-18 11:50:00-04:00,-31.0
2025-07-18 11:55:00-04:00,-31.0
2025-07-18 12:00:00-04:00,-31.0
2025-07-18 12:05:00-04:00,-31.0
2025-07-18 12:10:00-04:00,-31.0
2025-07-18 12:15:00-04:00,-31.0
2025-07-18 12:20:00-04:00,-31.0
2025-07-18 12:25:00-04:00,-31.0
2025-07-18 12:30:00-04:00,-31.0
2025-07-18 12:35:00-04:00,-31.0
2025-07-18 12:40:00-04:00,-31.0
2025-07-18 12:45:00-04:00,-31.0
2025-07-18 12:50:00-04:00,-31.0
2025-07-18 12:55:00-04:00,-31.0
2025-07-18 13:00:00-04:00,-31.0
2025-07-18 13:05:00-04:00,-31.0
2025-07-18 13:10:00-04:00,-31.0
2025-07-18 13:15:00-04:00,-31.0
2025-07-18 13:20:00-04:00,-31.0
2025-07-18 13:25:00-04:00,-31.0
2025-07-18 13:30:00-04:00,-31.0
2025-07-18 13:35:00-04:00,-31.0
2025-07-18 13:40:00-04:00,-31.0
2025-07-18 13:45:00-04:00,-31.0
2025-07-18 13:50:00-04:00,-31.0
2025-07-18 13:55:00-04:00,-31.0
2025-07-18 14:00:00-04:00,-31.0
2025-07-18 14:05:00-04:00,-31.0
2025-07-18 14:10:00-04:00,-31.0
2025-07-18 14:15:00-04:00,-31.0
2025-07-18 14:20:00-04:00,-31.0
2025-07-18 14:25:00-04:00,-31.0
2025-07-18 14:30:00-04:00,-31.0
2025-07-18 14:35:00-04:00,-31.0
2025-07-18 14:40:00-04:00,-31.0
2025-07-18 14:45:00-04:00,-31.0
2025-07-18 14:50:00-04:00,-31.0
2025-07-18 14:55:00-04:00,-31.0
2025-07-18 15:00:00-04:00,-31.0
2025-07-18 15:05:00-04:00,-31.0
2025-07-18 15:10:00-04:00,-31.0
2025-07-18 15:15:00-04:00,-31.0
2025-07-18 15:20:00-04:00,-31.0
2025-07-18 15:25:00-04:00,-31.0
2025-07-18 15:30:00-04:00,-31.0
2025-07-18 15:35:00-04:00,-31.0
2025-07-18 15:40:00-04:00,-31.0
2025-07-18 15:45:00-04:00,-31.0
2025-07-18 15:50:00-04:00,-31.0
2025-07-18 15:55:00-04:00,-31.0
2025-07-21 09:30:00-04:00,0.0
2025-07-21 09:35:00-04:00,0.0
2025-07-21 09:40:00-04:00,0.0
2025-07-21 09:45:00-04:00,0.0
2025-07-21 09:50:00-04:00,0.0
2025-07-21 09:55:00-04:00,0.0
2025-07-21 10:00:00-04:00,0.0
2025-07-21 10:05:00-04:00,0.0
2025-07-21 10:10:00-04:00,0.0
2025-07-21 10:15:00-04:00,0.0
2025-07-21 10:20:00-04:00,0.0
2025-07-21 10:25:00-04:00,0.0
2025-07-21 10:30:00-04:00,0.0
2025-07-21 10:35:00-04:00,0.0
2025-07-21 10:40:00-04:00,0.0
2025-07-21 10:45:00-04:00,0.0
2025-07-21 10:50:00-04:00,0.0
2025-07-21 10:55:00-04:00,0.0
2025-07-21 11:00:00-04:00,0.0
2025-07-21 11:05:00-04:00,0.0
2025-07-21 11:10:00-04:00,0.0
2025-07-21 11:15:00-04:00,0.0
2025-07-21 11:20:00-04:00,0.0
2025-07-21 11:25:00-04:00,0.0
2025-07-21 11:30:00-04:00,0.0
2025-07-21 11:35:00-04:00,0.0
2025-07-21 11:40:00-04:00,0.0
2025-07-21 11:45:00-04:00,0.0
2025-07-21 11:50:00-04:00,0.0
2025-07-21 11:55:00-04:00,0.0
2025-07-21 12:00:00-04:00,0.0
2025-07-21 12:05:00-04:00,0.0
2025-07-21 12:10:00-04:00,0.0
2025-07-21 12:15:00-04:00,0.0
2025-07-21 12:20:00-04:00,0.0
2025-07-21 12:25:00-04:00,0.0
2025-07-21 12:30:00-04:00,0.0
2025-07-21 12:35:00-04:00,0.0
2025-07-21 12:40:00-04:00,0.0
2025-07-21 12:45:00-04:00,0.0
2025-07-21 12:50:00-04:00,0.0
2025-07-21 12:55:00-04:00,0.0
2025-07-21 13:00:00-04:00,0.0
2025-07-21 13:05:00-04:00,0.0
2025-07-21 13:10:00-04:00,0.0
2025-07-21 13:15:00-04:00,0.0
2025-07-21 13:20:00-04:00,0.0
2025-07-21 13:25:00-04:00,0.0
2025-07-21 13:30:00-04:00,0.0
2025-07-21 13:35:00-04:00,0.0
2025-07-21 13:40:00-04:00,0.0
2025-07-21 13:45:00-04:00,0.0
2025-07-21 13:50:00-04:00,0.0
2025-07-21 13:55:00-04:00,0.0
2025-07-21 14:00:00-04:00,0.0
2025-07-21 14:05:00-04:00,0.0
2025-07-21 14:10:00-04:00,0.0
2025-07-21 14:15:00-04:00,0.0
2025-07-21 14:20:00-04:00,0.0
2025-07-21 14:25:00-04:00,0.0
2025-07-21 14:30:00-04:00,0.0
2025-07-21 14:35:00-04:00,0.0
2025-07-21 14:40:00-04:00,0.0
2025-07-21 14:45:00-04:00,0.0
2025-07-21 14:50:00-04:00,0.0
2025-07-21 14:55:00-04:00,0.0
2025-07-21 15:00:00-04:00,0.0
2025-07-21 15:05:00-04:00,0.0
2025-07-21 15:10:00-04:00,0.0
2025-07-21 15:15:00-04:00,0.0
2025-07-21 15:20:00-04:00,0.0
2025-07-21 15:25:00-04:00,0.0
2025-07-21 15:30:00-04:00,0.0
2025-07-21 15:35:00-04:00,0.0
2025-07-21 15:40:00-04:00,0.0
2025-07-21 15:45:00-04:00,0.0
2025-07-21 15:50:00-04:00,0.0
2025-07-21 15:55:00-04:00,0.0
2025-07-22 09:30:00-04:00,0.0
2025-07-22 09:35:00-04:00,0.0
2025-07-22 09:40:00-04:00,0.0
2025-07-22 09:45:00-04:00,0.0
2025-07-22 09:50:00-04:00,0.0
2025-07-22 09:55:00-04:00,0.0
2025-07-22 10:00:00-04:00,0.0
2025-07-22 10:05:00-04:00,0.0
2025-07-22 10:10:00-04:00,0.0
2025-07-22 10:15:00-04:00,0.0
2025-07-22 10:20:00-04:00,0.0
2025-07-22 10:25:00-04:00,0.0
2025-07-22 10:30:00-04:00,0.0
2025-07-22 10:35:00-04:00,0.0
2025-07-22 10:40:00-04:00,0.0
2025-07-22 10:45:00-04:00,0.0
2025-07-22 10:50:00-04:00,0.0
2025-07-22 10:55:00-04:00,0.0
2025-07-22 11:00:00-04:00,0.0
2025-07-22 11:05:00-04:00,0.0
2025-07-22 11:10:00-04:00,0.0
2025-07-22 11:15:00-04:00,0.0
2025-07-22 11:20:00-04:00,0.0
2025-07-22 11:25:00-04:00,0.0
2025-07-22 11:30:00-04:00,0.0
2025-07-22 11:35:00-04:00,0.0
2025-07-22 11:40:00-04:00,0.0
2025-07-22 11:45:00-04:00,0.0
2025-07-22 11:50:00-04:00,0.0
2025-07-22 11:55:00-04:00,0.0
2025-07-22 12:00:00-04:00,0.0
2025-07-22 12:05:00-04:00,0.0
2025-07-22 12:10:00-04:00,0.0
2025-07-22 12:15:00-04:00,0.0
2025-07-22 12:20:00-04:00,0.0
2025-07-22 12:25:00-04:00,0.0
2025-07-22 12:30:00-04:00,0.0
2025-07-22 12:35:00-04:00,0.0
2025-07-22 12:40:00-04:00,0.0
2025-07-22 12:45:00-04:00,0.0
2025-07-22 12:50:00-04:00,0.0
2025-07-22 12:55:00-04:00,0.0
2025-07-22 13:00:00-04:00,0.0
2025-07-22 13:05:00-04:00,0.0
2025-07-22 13:10:00-04:00,0.0
2025-07-22 13:15:00-04:00,0.0
2025-07-22 13:20:00-04:00,0.0
2025-07-22 13:25:00-04:00,0.0
2025-07-22 13:30:00-04:00,0.0
2025-07-22 13:35:00-04:00,0.0
2025-07-22 13:40:00-04:00,0.0
2025-07-22 13:45:00-04:00,0.0
2025-07-22 13:50:00-04:00,0.0
2025-07-22 13:55:00-04:00,0.0
2025-07-22 14:00:00-04:00,0.0
2025-07-22 14:05:00-04:00,0.0
2025-07-22 14:10:00-04:00,0.0
2025-07-22 14:15:00-04:00,0.0
2025-07-22 14:20:00-04:00,0.0
2025-07-22 14:25:00-04:00,0.0
2025-07-22 14:30:00-04:00,0.0
2025-07-22 14:35:00-04:00,0.0
2025-07-22 14:40:00-04:00,0.0
2025-07-22 14:45:00-04:00,0.0
2025-07-22 14:50:00-04:00,0.0
2025-07-22 14:55:00-04:00,0.0
2025-07-22 15:00:00-04:00,0.0
2025-07-22 15:05:00-04:00,0.0
2025-07-22 15:10:00-04:00,0.0
2025-07-22 15:15:00-04:00,0.0
2025-07-22 15:20:00-04:00,0.0
2025-07-22 15:25:00-04:00,0.0
2025-07-22 15:30:00-04:00,0.0
2025-07-22 15:35:00-04:00,0.0
2025-07-22 15:40:00-04:00,0.0
2025-07-22 15:45:00-04:00,0.0
2025-07-22 15:50:00-04:00,0.0
2025-07-22 15:55:00-04:00,0.0
2025-07-23 09:30:00-04:00,0.0
2025-07-23 09:35:00-04:00,0.0
2025-07-23 09:40:00-04:00,0.0
2025-07-23 09:45:00-04:00,0.0
2025-07-23 09:50:00-04:00,0.0
2025-07-23 09:55:00-04:00,0.0
2025-07-23 10:00:00-04:00,-0.5
2025-07-23 10:05:00-04:00,-2.375
2025-07-23 10:10:00-04:00,-4.875
2025-07-23 10:15:00-04:00,-4.875
2025-07-23 10:20:00-04:00,6.375
2025-07-23 10:25:00-04:00,21.375
2025-07-23 10:30:00-04:00,5.125
2025-07-23 10:35:00-04:00,3.875
2025-07-23 10:40:00-04:00,11.375
2025-07-23 10:45:00-04:00,12.625
2025-07-23 10:50:00-04:00,12.625
2025-07-23 10:55:00-04:00,27.625
2025-07-23 11:00:00-04:00,22.625
2025-07-23 11:05:00-04:00,25.125
2025-07-23 11:10:00-04:00,20.125
2025-07-23 11:15:00-04:00,15.125
2025-07-23 11:20:00-04:00,21.375
2025-07-23 11:25:00-04:00,32.625
2025-07-23 11:30:00-04:00,39.625
2025-07-23 11:35:00-04:00,39.625
2025-07-23 11:40:00-04:00,39.625
2025-07-23 11:45:00-04:00,39.625
2025-07-23 11:50:00-04:00,39.625
2025-07-23 11:55:00-04:00,39.625
2025-07-23 12:00:00-04:00,39.625
2025-07-23 12:05:00-04:00,39.625
2025-07-23 12:10:00-04:00,39.625
2025-07-23 12:15:00-04:00,39.625
2025-07-23 12:20:00-04:00,39.625
2025-07-23 12:25:00-04:00,39.625
2025-07-23 12:30:00-04:00,39.625
2025-07-23 12:35:00-04:00,39.625
2025-07-23 12:40:00-04:00,39.625
2025-07-23 12:45:00-04:00,39.625
2025-07-23 12:50:00-04:00,39.625
2025-07-23 12:55:00-04:00,39.625
2025-07-23 13:00:00-04:00,39.625
2025-07-23 13:05:00-04:00,39.625
2025-07-23 13:10:00-04:00,39.625
2025-07-23 13:15:00-04:00,39.625
2025-07-23 13:20:00-04:00,39.625
2025-07-23 13:25:00-04:00,39.625
2025-07-23 13:30:00-04:00,39.625
2025-07-23 13:35:00-04:00,39.625
2025-07-23 13:40:00-04:00,39.625
2025-07-23 13:45:00-04:00,39.625
2025-07-23 13:50:00-04:00,39.625
2025-07-23 13:55:00-04:00,39.625
2025-07-23 14:00:00-04:00,39.625
2025-07-23 14:05:00-04:00,39.625
2025-07-23 14:10:00-04:00,39.625
2025-07-23 14:15:00-04:00,39.625
2025-07-23 14:20:00-04:00,39.625
2025-07-23 14:25:00-04:00,39.625
2025-07-23 14:30:00-04:00,39.625
2025-07-23 14:35:00-04:00,39.625
2025-07-23 14:40:00-04:00,39.625
2025-07-23 14:45:00-04:00,39.625
2025-07-23 14:50:00-04:00,39.625
2025-07-23 14:55:00-04:00,39.625
2025-07-23 15:00:00-04:00,39.625
2025-07-23 15:05:00-04:00,39.625
2025-07-23 15:10:00-04:00,39.625
2025-07-23 15:15:00-04:00,39.625
2025-07-23 15:20:00-04:00,39.625
2025-07-23 15:25:00-04:00,39.625
2025-07-23 15:30:00-04:00,39.625
2025-07-23 15:35:00-04:00,39.625
2025-07-23 15:40:00-04:00,39.625
2025-07-23 15:45:00-04:00,39.625
2025-07-23 15:50:00-04:00,39.625
2025-07-23 15:55:00-04:00,39.625
2025-07-24 09:30:00-04:00,0.0
2025-07-24 09:35:00-04:00,0.0
2025-07-24 09:40:00-04:00,0.0
2025-07-24 09:45:00-04:00,0.0
2025-07-24 09:50:00-04:00,0.0
2025-07-24 09:55:00-04:00,0.0
2025-07-24 10:00:00-04:00,0.0
2025-07-24 10:05:00-04:00,0.0
2025-07-24 10:10:00-04:00,-0.5
2025-07-24 10:15:00-04:00,-28.625
2025-07-24 10:20:00-04:00,-6.125
2025-07-24 10:25:00-04:00,-9.875
2025-07-24 10:30:00-04:00,5.125
2025-07-24 10:35:00-04:00,10.125
2025-07-24 10:40:00-04:00,21.375
2025-07-24 10:45:00-04:00,26.375
2025-07-24 10:50:00-04:00,38.875
2025-07-24 10:55:00-04:00,40.125
2025-07-24 11:00:00-04:00,45.125
2025-07-24 11:05:00-04:00,50.125
2025-07-24 11:10:00-04:00,53.875
2025-07-24 11:15:00-04:00,43.875
2025-07-24 11:20:00-04:00,45.125
2025-07-24 11:25:00-04:00,40.125
2025-07-24 11:30:00-04:00,42.75
2025-07-24 11:35:00-04:00,42.75
2025-07-24 11:40:00-04:00,42.75
2025-07-24 11:45:00-04:00,42.75
2025-07-24 11:50:00-04:00,42.75
2025-07-24 11:55:00-04:00,42.75
2025-07-24 12:00:00-04:00,42.75
2025-07-24 12:05:00-04:00,42.75
2025-07-24 12:10:00-04:00,42.75
2025-07-24 12:15:00-04:00,42.75
2025-07-24 12:20:00-04:00,42.75
2025-07-24 12:25:00-04:00,42.75
2025-07-24 12:30:00-04:00,42.75
2025-07-24 12:35:00-04:00,42.75
2025-07-24 12:40:00-04:00,42.75
2025-07-24 12:45:00-04:00,42.75
2025-07-24 12:50:00-04:00,42.75
2025-07-24 12:55:00-04:00,42.75
2025-07-24 13:00:00-04:00,42.75
2025-07-24 13:05:00-04:00,42.75
2025-07-24 13:10:00-04:00,42.75
2025-07-24 13:15:00-04:00,42.75
2025-07-24 13:20:00-04:00,42.75
2025-07-24 13:25:00-04:00,42.75
2025-07-24 13:30:00-04:00,42.75
2025-07-24 13:35:00-04:00,42.75
2025-07-24 13:40:00-04:00,42.75
2025-07-24 13:45:00-04:00,42.75
2025-07-24 13:50:00-04:00,42.75
2025-07-24 13:55:00-04:00,42.75
2025-07-24 14:00:00-04:00,42.75
2025-07-24 14:05:00-04:00,42.75
2025-07-24 14:10:00-04:00,42.75
2025-07-24 14:15:00-04:00,42.75
2025-07-24 14:20:00-04:00,42.75
2025-07-24 14:25:00-04:00,42.75
2025-07-24 14:30:00-04:00,42.75
2025-07-24 14:35:00-04:00,42.75
2025-07-24 14:40:00-04:00,42.75
2025-07-24 14:45:00-04:00,42.75
2025-07-24 14:50:00-04:00,42.75
2025-07-24 14:55:00-04:00,42.75
2025-07-24 15:00:00-04:00,42.75
2025-07-24 15:05:00-04:00,42.75
2025-07-24 15:10:00-04:00,42.75
2025-07-24 15:15:00-04:00,42.75
2025-07-24 15:20:00-04:00,42.75
2025-07-24 15:25:00-04:00,42.75
2025-07-24 15:30:00-04:00,42.75
2025-07-24 15:35:00-04:00,42.75
2025-07-24 15:40:00-04:00,42.75
2025-07-24 15:45:00-04:00,42.75
2025-07-24 15:50:00-04:00,42.75
2025-07-24 15:55:00-04:00,42.75
2025-07-25 09:30:00-04:00,0.0
2025-07-25 09:35:00-04:00,0.0
2025-07-25 09:40:00-04:00,0.0
2025-07-25 09:45:00-04:00,0.0
2025-07-25 09:50:00-04:00,0.0
2025-07-25 09:55:00-04:00,0.0
2025-07-25 10:00:00-04:00,-0.5
2025-07-25 10:05:00-04:00,-15.8125
2025-07-25 10:10:00-04:00,1.6875
2025-07-25 10:15:00-04:00,2.9375
2025-07-25 10:20:00-04:00,-0.8125
2025-07-25 10:25:00-04:00,4.1875
2025-07-25 10:30:00-04:00,5.4375
2025-07-25 10:35:00-04:00,21.6875
2025-07-25 10:40:00-04:00,27.9375
2025-07-25 10:45:00-04:00,36.6875
2025-07-25 10:50:00-04:00,32.9375
2025-07-25 10:55:00-04:00,24.1875
2025-07-25 11:00:00-04:00,27.9375
2025-07-25 11:05:00-04:00,26.6875
2025-07-25 11:10:00-04:00,29.1875
2025-07-25 11:15:00-04:00,36.6875
2025-07-25 11:20:00-04:00,27.9375
2025-07-25 11:25:00-04:00,36.6875
2025-07-25 11:30:00-04:00,39.0
2025-07-25 11:35:00-04:00,39.0
2025-07-25 11:40:00-04:00,39.0
2025-07-25 11:45:00-04:00,39.0
2025-07-25 11:50:00-04:00,39.0
2025-07-25 11:55:00-04:00,39.0
2025-07-25 12:00:00-04:00,39.0
2025-07-25 12:05:00-04:00,39.0
2025-07-25 12:10:00-04:00,39.0
2025-07-25 12:15:00-04:00,39.0
2025-07-25 12:20:00-04:00,39.0
2025-07-25 12:25:00-04:00,39.0
2025-07-25 12:30:00-04:00,39.0
2025-07-25 12:35:00-04:00,39.0
2025-07-25 12:40:00-04:00,39.0
2025-07-25 12:45:00-04:00,39.0
2025-07-25 12:50:00-04:00,39.0
2025-07-25 12:55:00-04:00,39.0
2025-07-25 13:00:00-04:00,39.0
2025-07-25 13:05:00-04:00,39.0
2025-07-25 13:10:00-04:00,39.0
2025-07-25 13:15:00-04:00,39.0
2025-07-25 13:20:00-04:00,39.0
2025-07-25 13:25:00-04:00,39.0
2025-07-25 13:30:00-04:00,39.0
2025-07-25 13:35:00-04:00,39.0
2025-07-25 13:40:00-04:00,39.0
2025-07-25 13:45:00-04:00,39.0
2025-07-25 13:50:00-04:00,39.0
2025-07-25 13:55:00-04:00,39.0
2025-07-25 14:00:00-04:00,39.0
2025-07-25 14:05:00-04:00,39.0
2025-07-25 14:10:00-04:00,39.0
2025-07-25 14:15:00-04:00,39.0
2025-07-25 14:20:00-04:00,39.0
2025-07-25 14:25:00-04:00,39.0
2025-07-25 14:30:00-04:00,39.0
2025-07-25 14:35:00-04:00,39.0
2025-07-25 14:40:00-04:00,39.0
2025-07-25 14:45:00-04:00,39.0
2025-07-25 14:50:00-04:00,39.0
2025-07-25 14:55:00-04:00,39.0
2025-07-25 15:00:00-04:00,39.0
2025-07-25 15:05:00-04:00,39.0
2025-07-25 15:10:00-04:00,39.0
2025-07-25 15:15:00-04:00,39.0
2025-07-25 15:20:00-04:00,39.0
2025-07-25 15:25:00-04:00,39.0
2025-07-25 15:30:00-04:00,39.0
2025-07-25 15:35:00-04:00,39.0
2025-07-25 15:40:00-04:00,39.0
2025-07-25 15:45:00-04:00,39.0
2025-07-25 15:50:00-04:00,39.0
2025-07-25 15:55:00-04:00,39.0
2025-07-28 09:30:00-04:00,0.0
2025-07-28 09:35:00-04:00,0.0
2025-07-28 09:40:00-04:00,0.0
2025-07-28 09:45:00-04:00,0.0
2025-07-28 09:50:00-04:00,0.0
2025-07-28 09:55:00-04:00,0.0
2025-07-28 10:00:00-04:00,0.0
2025-07-28 10:05:00-04:00,0.0
2025-07-28 10:10:00-04:00,0.0
2025-07-28 10:15:00-04:00,0.0
2025-07-28 10:20:00-04:00,-0.5
2025-07-28 10:25:00-04:00,-13.0
2025-07-28 10:30:00-04:00,-6.75
2025-07-28 10:35:00-04:00,-15.5
2025-07-28 10:40:00-04:00,-6.75
2025-07-28 10:45:00-04:00,-5.5
2025-07-28 10:50:00-04:00,-25.5
2025-07-28 10:55:00-04:00,-24.25
2025-07-28 11:00:00-04:00,-25.5
2025-07-28 11:05:00-04:00,-20.5
2025-07-28 11:10:00-04:00,-23.0
2025-07-28 11:15:00-04:00,-31.0
2025-07-28 11:20:00-04:00,-31.5
2025-07-28 11:25:00-04:00,-29.3125
2025-07-28 11:30:00-04:00,-14.8125
2025-07-28 11:35:00-04:00,-14.8125
2025-07-28 11:40:00-04:00,-14.8125
2025-07-28 11:45:00-04:00,-14.8125
2025-07-28 11:50:00-04:00,-14.8125
2025-07-28 11:55:00-04:00,-14.8125
2025-07-28 12:00:00-04:00,-14.8125
2025-07-28 12:05:00-04:00,-14.8125
2025-07-28 12:10:00-04:00,-14.8125
2025-07-28 12:15:00-04:00,-14.8125
2025-07-28 12:20:00-04:00,-14.8125
2025-07-28 12:25:00-04:00,-14.8125
2025-07-28 12:30:00-04:00,-14.8125
2025-07-28 12:35:00-04:00,-14.8125
2025-07-28 12:40:00-04:00,-14.8125
2025-07-28 12:45:00-04:00,-14.8125
2025-07-28 12:50:00-04:00,-14.8125
2025-07-28 12:55:00-04:00,-14.8125
2025-07-28 13:00:00-04:00,-14.8125
2025-07-28 13:05:00-04:00,-14.8125
2025-07-28 13:10:00-04:00,-14.8125
2025-07-28 13:15:00-04:00,-14.8125
2025-07-28 13:20:00-04:00,-14.8125
2025-07-28 13:25:00-04:00,-14.8125
2025-07-28 13:30:00-04:00,-14.8125
2025-07-28 13:35:00-04:00,-14.8125
2025-07-28 13:40:00-04:00,-14.8125
2025-07-28 13:45:00-04:00,-14.8125
2025-07-28 13:50:00-04:00,-14.8125
2025-07-28 13:55:00-04:00,-14.8125
2025-07-28 14:00:00-04:00,-14.8125
2025-07-28 14:05:00-04:00,-14.8125
2025-07-28 14:10:00-04:00,-14.8125
2025-07-28 14:15:00-04:00,-14.8125
2025-07-28 14:20:00-04:00,-14.8125
2025-07-28 14:25:00-04:00,-14.8125
2025-07-28 14:30:00-04:00,-14.8125
2025-07-28 14:35:00-04:00,-14.8125
2025-07-28 14:40:00-04:00,-14.8125
2025-07-28 14:45:00-04:00,-14.8125
2025-07-28 14:50:00-04:00,-14.8125
2025-07-28 14:55:00-04:00,-14.8125
2025-07-28 15:00:00-04:00,-14.8125
2025-07-28 15:05:00-04:00,-14.8125
2025-07-28 15:10:00-04:00,-14.8125
2025-07-28 15:15:00-04:00,-14.8125
2025-07-28 15:20:00-04:00,-14.8125
2025-07-28 15:25:00-04:00,-14.8125
2025-07-28 15:30:00-04:00,-14.8125
2025-07-28 15:35:00-04:00,-14.8125
2025-07-28 15:40:00-04:00,-14.8125
2025-07-28 15:45:00-04:00,-14.8125
2025-07-28 15:50:00-04:00,-14.8125
2025-07-28 15:55:00-04:00,-14.8125
2025-07-29 09:30:00-04:00,0.0
2025-07-29 09:35:00-04:00,0.0
2025-07-29 09:40:00-04:00,0.0
2025-07-29 09:45:00-04:00,0.0
2025-07-29 09:50:00-04:00,0.0
2025-07-29 09:55:00-04:00,0.0
2025-07-29 10:00:00-04:00,-0.5
2025-07-29 10:05:00-04:00,-15.8125
2025-07-29 10:10:00-04:00,-15.8125
2025-07-29 10:15:00-04:00,-9.5625
2025-07-29 10:20:00-04:00,-14.5625
2025-07-29 10:25:00-04:00,-25.8125
2025-07-29 10:30:00-04:00,-22.0625
2025-07-29 10:35:00-04:00,-28.3125
2025-07-29 10:40:00-04:00,-31.0
2025-07-29 10:45:00-04:00,-31.5
2025-07-29 10:50:00-04:00,-62.0
2025-07-29 10:55:00-04:00,-62.5
2025-07-29 11:00:00-04:00,-78.75
2025-07-29 11:05:00-04:00,-82.5
2025-07-29 11:10:00-04:00,-81.25
2025-07-29 11:15:00-04:00,-93.0
2025-07-29 11:20:00-04:00,-93.0
2025-07-29 11:25:00-04:00,-93.0
2025-07-29 11:30:00-04:00,-93.0
2025-07-29 11:35:00-04:00,-93.0
2025-07-29 11:40:00-04:00,-93.0
2025-07-29 11:45:00-04:00,-93.0
2025-07-29 11:50:00-04:00,-93.0
2025-07-29 11:55:00-04:00,-93.0
2025-07-29 12:00:00-04:00,-93.0
2025-07-29 12:05:00-04:00,-93.0
2025-07-29 12:10:00-04:00,-93.0
2025-07-29 12:15:00-04:00,-93.0
2025-07-29 12:20:00-04:00,-93.0
2025-07-29 12:25:00-04:00,-93.0
2025-07-29 12:30:00-04:00,-93.0
2025-07-29 12:35:00-04:00,-93.0
2025-07-29 12:40:00-04:00,-93.0
2025-07-29 12:45:00-04:00,-93.0
2025-07-29 12:50:00-04:00,-93.0
2025-07-29 12:55:00-04:00,-93.0
2025-07-29 13:00:00-04:00,-93.0
2025-07-29 13:05:00-04:00,-93.0
2025-07-29 13:10:00-04:00,-93.0
2025-07-29 13:15:00-04:00,-93.0
2025-07-29 13:20:00-04:00,-93.0
2025-07-29 13:25:00-04:00,-93.0
2025-07-29 13:30:00-04:00,-93.0
2025-07-29 13:35:00-04:00,-93.0
2025-07-29 13:40:00-04:00,-93.0
2025-07-29 13:45:00-04:00,-93.0
2025-07-29 13:50:00-04:00,-93.0
2025-07-29 13:55:00-04:00,-93.0
2025-07-29 14:00:00-04:00,-93.0
2025-07-29 14:05:00-04:00,-93.0
2025-07-29 14:10:00-04:00,-93.0
2025-07-29 14:15:00-04:00,-93.0
2025-07-29 14:20:00-04:00,-93.0
2025-07-29 14:25:00-04:00,-93.0
2025-07-29 14:30:00-04:00,-93.0
2025-07-29 14:35:00-04:00,-93.0
2025-07-29 14:40:00-04:00,-93.0
2025-07-29 14:45:00-04:00,-93.0
2025-07-29 14:50:00-04:00,-93.0
2025-07-29 14:55:00-04:00,-93.0
2025-07-29 15:00:00-04:00,-93.0
2025-07-29 15:05:00-04:00,-93.0
2025-07-29 15:10:00-04:00,-93.0
2025-07-29 15:15:00-04:00,-93.0
2025-07-29 15:20:00-04:00,-93.0
2025-07-29 15:25:00-04:00,-93.0
2025-07-29 15:30:00-04:00,-93.0
2025-07-29 15:35:00-04:00,-93.0
2025-07-29 15:40:00-04:00,-93.0
2025-07-29 15:45:00-04:00,-93.0
2025-07-29 15:50:00-04:00,-93.0
2025-07-29 15:55:00-04:00,-93.0
2025-07-30 09:30:00-04:00,0.0
2025-07-30 09:35:00-04:00,0.0
2025-07-30 09:40:00-04:00,0.0
2025-07-30 09:45:00-04:00,0.0
2025-07-30 09:50:00-04:00,0.0
2025-07-30 09:55:00-04:00,0.0
2025-07-30 10:00:00-04:00,0.0
2025-07-30 10:05:00-04:00,0.0
2025-07-30 10:10:00-04:00,0.0
2025-07-30 10:15:00-04:00,0.0
2025-07-30 10:20:00-04:00,0.0
2025-07-30 10:25:00-04:00,0.0
2025-07-30 10:30:00-04:00,0.0
2025-07-30 10:35:00-04:00,0.0
2025-07-30 10:40:00-04:00,0.0
2025-07-30 10:45:00-04:00,0.0
2025-07-30 10:50:00-04:00,0.0
2025-07-30 10:55:00-04:00,0.0
2025-07-30 11:00:00-04:00,0.0
2025-07-30 11:05:00-04:00,0.0
2025-07-30 11:10:00-04:00,0.0
2025-07-30 11:15:00-04:00,0.0
2025-07-30 11:20:00-04:00,0.0
2025-07-30 11:25:00-04:00,0.0
2025-07-30 11:30:00-04:00,0.0
2025-07-30 11:35:00-04:00,0.0
2025-07-30 11:40:00-04:00,0.0
2025-07-30 11:45:00-04:00,0.0
2025-07-30 11:50:00-04:00,0.0
2025-07-30 11:55:00-04:00,0.0
2025-07-30 12:00:00-04:00,0.0
2025-07-30 12:05:00-04:00,0.0
2025-07-30 12:10:00-04:00,0.0
2025-07-30 12:15:00-04:00,0.0
2025-07-30 12:20:00-04:00,0.0
2025-07-30 12:25:00-04:00,0.0
2025-07-30 12:30:00-04:00,0.0
2025-07-30 12:35:00-04:00,0.0
2025-07-30 12:40:00-04:00,0.0
2025-07-30 12:45:00-04:00,0.0
2025-07-30 12:50:00-04:00,0.0
2025-07-30 12:55:00-04:00,0.0
2025-07-30 13:00:00-04:00,0.0
2025-07-30 13:05:00-04:00,0.0
2025-07-30 13:10:00-04:00,0.0
2025-07-30 13:15:00-04:00,0.0
2025-07-30 13:20:00-04:00,0.0
2025-07-30 13:25:00-04:00,0.0
2025-07-30 13:30:00-04:00,0.0
2025-07-30 13:35:00-04:00,0.0
2025-07-30 13:40:00-04:00,0.0
2025-07-30 13:45:00-04:00,0.0
2025-07-30 13:50:00-04:00,0.0
2025-07-30 13:55:00-04:00,0.0
2025-07-30 14:00:00-04:00,0.0
2025-07-30 14:05:00-04:00,0.0
2025-07-30 14:10:00-04:00,0.0
2025-07-30 14:15:00-04:00,0.0
2025-07-30 14:20:00-04:00,0.0
2025-07-30 14:25:00-04:00,0.0
2025-07-30 14:30:00-04:00,0.0
2025-07-30 14:35:00-04:00,0.0
2025-07-30 14:40:00-04:00,0.0
2025-07-30 14:45:00-04:00,0.0
2025-07-30 14:50:00-04:00,0.0
2025-07-30 14:55:00-04:00,0.0
2025-07-30 15:00:00-04:00,0.0
2025-07-30 15:05:00-04:00,0.0
2025-07-30 15:10:00-04:00,0.0
2025-07-30 15:15:00-04:00,0.0
2025-07-30 15:20:00-04:00,0.0
2025-07-30 15:25:00-04:00,0.0
2025-07-30 15:30:00-04:00,0.0
2025-07-30 15:35:00-04:00,0.0
2025-07-30 15:40:00-04:00,0.0
2025-07-30 15:45:00-04:00,0.0
2025-07-30 15:50:00-04:00,0.0
2025-07-30 15:55:00-04:00,0.0
2025-07-31 09:30:00-04:00,0.0
2025-07-31 09:35:00-04:00,0.0
2025-07-31 09:40:00-04:00,0.0
2025-07-31 09:45:00-04:00,0.0
2025-07-31 09:50:00-04:00,0.0
2025-07-31 09:55:00-04:00,0.0
2025-07-31 10:00:00-04:00,0.0
2025-07-31 10:05:00-04:00,0.0
2025-07-31 10:10:00-04:00,0.0
2025-07-31 10:15:00-04:00,0.0
2025-07-31 10:20:00-04:00,0.0
2025-07-31 10:25:00-04:00,-0.5
2025-07-31 10:30:00-04:00,-25.1875
2025-07-31 10:35:00-04:00,-31.0
2025-07-31 10:40:00-04:00,-31.5
2025-07-31 10:45:00-04:00,-62.0
2025-07-31 10:50:00-04:00,-62.5
2025-07-31 10:55:00-04:00,-93.0
2025-07-31 11:00:00-04:00,-93.5
2025-07-31 11:05:00-04:00,-119.4375
2025-07-31 11:10:00-04:00,-124.0
2025-07-31 11:15:00-04:00,-124.5
2025-07-31 11:20:00-04:00,-134.1875
2025-07-31 11:25:00-04:00,-129.1875
2025-07-31 11:30:00-04:00,-78.4375
2025-07-31 11:35:00-04:00,-78.4375
2025-07-31 11:40:00-04:00,-78.4375
2025-07-31 11:45:00-04:00,-78.4375
2025-07-31 11:50:00-04:00,-78.4375
2025-07-31 11:55:00-04:00,-78.4375
2025-07-31 12:00:00-04:00,-78.4375
2025-07-31 12:05:00-04:00,-78.4375
2025-07-31 12:10:00-04:00,-78.4375
2025-07-31 12:15:00-04:00,-78.4375
2025-07-31 12:20:00-04:00,-78.4375
2025-07-31 12:25:00-04:00,-78.4375
2025-07-31 12:30:00-04:00,-78.4375
2025-07-31 12:35:00-04:00,-78.4375
2025-07-31 12:40:00-04:00,-78.4375
2025-07-31 12:45:00-04:00,-78.4375
2025-07-31 12:50:00-04:00,-78.4375
2025-07-31 12:55:00-04:00,-78.4375
2025-07-31 13:00:00-04:00,-78.4375
2025-07-31 13:05:00-04:00,-78.4375
2025-07-31 13:10:00-04:00,-78.4375
2025-07-31 13:15:00-04:00,-78.4375
2025-07-31 13:20:00-04:00,-78.4375
2025-07-31 13:25:00-04:00,-78.4375
2025-07-31 13:30:00-04:00,-78.4375
2025-07-31 13:35:00-04:00,-78.4375
2025-07-31 13:40:00-04:00,-78.4375
2025-07-31 13:45:00-04:00,-78.4375
2025-07-31 13:50:00-04:00,-78.4375
2025-07-31 13:55:00-04:00,-78.4375
2025-07-31 14:00:00-04:00,-78.4375
2025-07-31 14:05:00-04:00,-78.4375
2025-07-31 14:10:00-04:00,-78.4375
2025-07-31 14:15:00-04:00,-78.4375
2025-07-31 14:20:00-04:00,-78.4375
2025-07-31 14:25:00-04:00,-78.4375
2025-07-31 14:30:00-04:00,-78.4375
2025-07-31 14:35:00-04:00,-78.4375
2025-07-31 14:40:00-04:00,-78.4375
2025-07-31 14:45:00-04:00,-78.4375
2025-07-31 14:50:00-04:00,-78.4375
2025-07-31 14:55:00-04:00,-78.4375
2025-07-31 15:00:00-04:00,-78.4375
2025-07-31 15:05:00-04:00,-78.4375
2025-07-31 15:10:00-04:00,-78.4375
2025-07-31 15:15:00-04:00,-78.4375
2025-07-31 15:20:00-04:00,-78.4375
2025-07-31 15:25:00-04:00,-78.4375
2025-07-31 15:30:00-04:00,-78.4375
2025-07-31 15:35:00-04:00,-78.4375
2025-07-31 15:40:00-04:00,-78.4375
2025-07-31 15:45:00-04:00,-78.4375
2025-07-31 15:50:00-04:00,-78.4375
2025-07-31 15:55:00-04:00,-78.4375
