ts_event,equity
2025-02-03 09:30:00-05:00,0.0
2025-02-03 09:35:00-05:00,36.25
2025-02-03 09:40:00-05:00,-12.5
2025-02-03 09:45:00-05:00,-12.5
2025-02-03 09:50:00-05:00,-12.5
2025-02-03 09:55:00-05:00,-12.5
2025-02-03 10:00:00-05:00,-12.5
2025-02-03 10:05:00-05:00,-12.5
2025-02-03 10:10:00-05:00,-12.5
2025-02-03 10:15:00-05:00,-12.5
2025-02-03 10:20:00-05:00,-12.5
2025-02-03 10:25:00-05:00,45.0
2025-02-03 10:30:00-05:00,65.0
2025-02-03 10:35:00-05:00,61.25
2025-02-03 10:40:00-05:00,133.75
2025-02-03 10:45:00-05:00,101.25
2025-02-03 10:50:00-05:00,103.75
2025-02-03 10:55:00-05:00,122.5
2025-02-03 11:00:00-05:00,107.5
2025-02-03 11:05:00-05:00,112.5
2025-02-03 11:10:00-05:00,137.5
2025-02-03 11:15:00-05:00,162.5
2025-02-03 11:20:00-05:00,160.0
2025-02-03 11:25:00-05:00,122.5
2025-02-03 11:30:00-05:00,152.5
2025-02-03 11:35:00-05:00,165.0
2025-02-03 11:40:00-05:00,165.0
2025-02-03 11:45:00-05:00,132.5
2025-02-03 11:50:00-05:00,156.25
2025-02-03 11:55:00-05:00,93.75
2025-02-03 12:00:00-05:00,87.5
2025-02-03 12:05:00-05:00,101.25
2025-02-03 12:10:00-05:00,88.75
2025-02-03 12:15:00-05:00,97.5
2025-02-03 12:20:00-05:00,97.5
2025-02-03 12:25:00-05:00,97.5
2025-02-03 12:30:00-05:00,97.5
2025-02-03 12:35:00-05:00,97.5
2025-02-03 12:40:00-05:00,97.5
2025-02-03 12:45:00-05:00,97.5
2025-02-03 12:50:00-05:00,97.5
2025-02-03 12:55:00-05:00,97.5
2025-02-03 13:00:00-05:00,97.5
2025-02-03 13:05:00-05:00,97.5
2025-02-03 13:10:00-05:00,97.5
2025-02-03 13:15:00-05:00,97.5
2025-02-03 13:20:00-05:00,97.5
2025-02-03 13:25:00-05:00,97.5
2025-02-03 13:30:00-05:00,97.5
2025-02-03 13:35:00-05:00,88.75
2025-02-03 13:40:00-05:00,68.75
2025-02-03 13:45:00-05:00,102.5
2025-02-03 13:50:00-05:00,118.75
2025-02-03 13:55:00-05:00,120.0
2025-02-03 14:00:00-05:00,121.25
2025-02-03 14:05:00-05:00,133.75
2025-02-03 14:10:00-05:00,161.25
2025-02-03 14:15:00-05:00,175.0
2025-02-03 14:20:00-05:00,173.75
2025-02-03 14:25:00-05:00,153.75
2025-02-03 14:30:00-05:00,165.0
2025-02-03 14:35:00-05:00,153.75
2025-02-03 14:40:00-05:00,175.0
2025-02-03 14:45:00-05:00,187.5
2025-02-03 14:50:00-05:00,176.25
2025-02-03 14:55:00-05:00,165.0
2025-02-03 15:00:00-05:00,176.25
2025-02-03 15:05:00-05:00,148.75
2025-02-03 15:10:00-05:00,132.5
2025-02-03 15:15:00-05:00,153.75
2025-02-03 15:20:00-05:00,147.5
2025-02-03 15:25:00-05:00,106.25
2025-02-03 15:30:00-05:00,111.25
2025-02-03 15:35:00-05:00,115.0
2025-02-03 15:40:00-05:00,130.0
2025-02-03 15:45:00-05:00,118.75
2025-02-03 15:50:00-05:00,131.25
2025-02-03 15:55:00-05:00,157.5
2025-02-04 09:30:00-05:00,0.0
2025-02-04 09:35:00-05:00,0.0
2025-02-04 09:40:00-05:00,0.0
2025-02-04 09:45:00-05:00,0.0
2025-02-04 09:50:00-05:00,0.0
2025-02-04 09:55:00-05:00,0.0
2025-02-04 10:00:00-05:00,0.0
2025-02-04 10:05:00-05:00,0.0
2025-02-04 10:10:00-05:00,0.0
2025-02-04 10:15:00-05:00,93.75
2025-02-04 10:20:00-05:00,56.25
2025-02-04 10:25:00-05:00,41.25
2025-02-04 10:30:00-05:00,56.25
2025-02-04 10:35:00-05:00,88.75
2025-02-04 10:40:00-05:00,83.75
2025-02-04 10:45:00-05:00,71.25
2025-02-04 10:50:00-05:00,68.75
2025-02-04 10:55:00-05:00,23.75
2025-02-04 11:00:00-05:00,101.25
2025-02-04 11:05:00-05:00,118.75
2025-02-04 11:10:00-05:00,121.25
2025-02-04 11:15:00-05:00,123.75
2025-02-04 11:20:00-05:00,131.25
2025-02-04 11:25:00-05:00,186.25
2025-02-04 11:30:00-05:00,158.75
2025-02-04 11:35:00-05:00,186.25
2025-02-04 11:40:00-05:00,138.75
2025-02-04 11:45:00-05:00,91.25
2025-02-04 11:50:00-05:00,118.75
2025-02-04 11:55:00-05:00,126.25
2025-02-04 12:00:00-05:00,141.25
2025-02-04 12:05:00-05:00,118.75
2025-02-04 12:10:00-05:00,138.75
2025-02-04 12:15:00-05:00,43.75
2025-02-04 12:20:00-05:00,41.25
2025-02-04 12:25:00-05:00,-19.375
2025-02-04 12:30:00-05:00,-40.0
2025-02-04 12:35:00-05:00,-40.0
2025-02-04 12:40:00-05:00,-40.0
2025-02-04 12:45:00-05:00,-50.0
2025-02-04 12:50:00-05:00,-50.0
2025-02-04 12:55:00-05:00,-50.0
2025-02-04 13:00:00-05:00,-80.0
2025-02-04 13:05:00-05:00,-80.0
2025-02-04 13:10:00-05:00,-80.0
2025-02-04 13:15:00-05:00,-80.0
2025-02-04 13:20:00-05:00,-80.0
2025-02-04 13:25:00-05:00,-83.75
2025-02-04 13:30:00-05:00,-83.75
2025-02-04 13:35:00-05:00,-83.75
2025-02-04 13:40:00-05:00,-91.25
2025-02-04 13:45:00-05:00,-83.75
2025-02-04 13:50:00-05:00,-88.75
2025-02-04 13:55:00-05:00,-116.25
2025-02-04 14:00:00-05:00,-71.25
2025-02-04 14:05:00-05:00,-36.25
2025-02-04 14:10:00-05:00,-21.25
2025-02-04 14:15:00-05:00,-6.25
2025-02-04 14:20:00-05:00,1.25
2025-02-04 14:25:00-05:00,-1.25
2025-02-04 14:30:00-05:00,21.25
2025-02-04 14:35:00-05:00,13.75
2025-02-04 14:40:00-05:00,13.75
2025-02-04 14:45:00-05:00,-6.25
2025-02-04 14:50:00-05:00,1.25
2025-02-04 14:55:00-05:00,-41.25
2025-02-04 15:00:00-05:00,-43.75
2025-02-04 15:05:00-05:00,-28.75
2025-02-04 15:10:00-05:00,-6.25
2025-02-04 15:15:00-05:00,-26.25
2025-02-04 15:20:00-05:00,-61.25
2025-02-04 15:25:00-05:00,-83.75
2025-02-04 15:30:00-05:00,-72.5
2025-02-04 15:35:00-05:00,-72.5
2025-02-04 15:40:00-05:00,-72.5
2025-02-04 15:45:00-05:00,-72.5
2025-02-04 15:50:00-05:00,-72.5
2025-02-04 15:55:00-05:00,-72.5
2025-02-05 09:30:00-05:00,0.0
2025-02-05 09:35:00-05:00,-27.5
2025-02-05 09:40:00-05:00,-23.75
2025-02-05 09:45:00-05:00,-15.0
2025-02-05 09:50:00-05:00,12.5
2025-02-05 09:55:00-05:00,18.75
2025-02-05 10:00:00-05:00,85.0
2025-02-05 10:05:00-05:00,50.0
2025-02-05 10:10:00-05:00,23.75
2025-02-05 10:15:00-05:00,38.75
2025-02-05 10:20:00-05:00,12.5
2025-02-05 10:25:00-05:00,-10.0
2025-02-05 10:30:00-05:00,-3.75
2025-02-05 10:35:00-05:00,-22.5
2025-02-05 10:40:00-05:00,-17.5
2025-02-05 10:45:00-05:00,-1.25
2025-02-05 10:50:00-05:00,-15.0
2025-02-05 10:55:00-05:00,-8.75
2025-02-05 11:00:00-05:00,-15.0
2025-02-05 11:05:00-05:00,-15.0
2025-02-05 11:10:00-05:00,-33.75
2025-02-05 11:15:00-05:00,-60.0
2025-02-05 11:20:00-05:00,-60.0
2025-02-05 11:25:00-05:00,-18.75
2025-02-05 11:30:00-05:00,-10.0
2025-02-05 11:35:00-05:00,-2.5
2025-02-05 11:40:00-05:00,10.0
2025-02-05 11:45:00-05:00,23.75
2025-02-05 11:50:00-05:00,52.5
2025-02-05 11:55:00-05:00,51.25
2025-02-05 12:00:00-05:00,66.25
2025-02-05 12:05:00-05:00,70.0
2025-02-05 12:10:00-05:00,63.75
2025-02-05 12:15:00-05:00,57.5
2025-02-05 12:20:00-05:00,46.25
2025-02-05 12:25:00-05:00,43.75
2025-02-05 12:30:00-05:00,42.5
2025-02-05 12:35:00-05:00,42.5
2025-02-05 12:40:00-05:00,46.25
2025-02-05 12:45:00-05:00,56.25
2025-02-05 12:50:00-05:00,58.75
2025-02-05 12:55:00-05:00,51.25
2025-02-05 13:00:00-05:00,57.5
2025-02-05 13:05:00-05:00,50.0
2025-02-05 13:10:00-05:00,55.0
2025-02-05 13:15:00-05:00,60.0
2025-02-05 13:20:00-05:00,51.25
2025-02-05 13:25:00-05:00,47.5
2025-02-05 13:30:00-05:00,58.75
2025-02-05 13:35:00-05:00,76.25
2025-02-05 13:40:00-05:00,73.75
2025-02-05 13:45:00-05:00,75.0
2025-02-05 13:50:00-05:00,63.75
2025-02-05 13:55:00-05:00,66.25
2025-02-05 14:00:00-05:00,73.75
2025-02-05 14:05:00-05:00,95.0
2025-02-05 14:10:00-05:00,91.25
2025-02-05 14:15:00-05:00,87.5
2025-02-05 14:20:00-05:00,91.25
2025-02-05 14:25:00-05:00,83.75
2025-02-05 14:30:00-05:00,81.25
2025-02-05 14:35:00-05:00,83.75
2025-02-05 14:40:00-05:00,77.5
2025-02-05 14:45:00-05:00,77.5
2025-02-05 14:50:00-05:00,66.25
2025-02-05 14:55:00-05:00,72.5
2025-02-05 15:00:00-05:00,81.25
2025-02-05 15:05:00-05:00,86.25
2025-02-05 15:10:00-05:00,88.75
2025-02-05 15:15:00-05:00,103.75
2025-02-05 15:20:00-05:00,117.5
2025-02-05 15:25:00-05:00,105.0
2025-02-05 15:30:00-05:00,100.0
2025-02-05 15:35:00-05:00,93.75
2025-02-05 15:40:00-05:00,68.75
2025-02-05 15:45:00-05:00,73.75
2025-02-05 15:50:00-05:00,93.75
2025-02-05 15:55:00-05:00,126.25
2025-02-06 09:30:00-05:00,0.0
2025-02-06 09:35:00-05:00,0.0
2025-02-06 09:40:00-05:00,0.0
2025-02-06 09:45:00-05:00,0.0
2025-02-06 09:50:00-05:00,0.0
2025-02-06 09:55:00-05:00,0.0
2025-02-06 10:00:00-05:00,0.0
2025-02-06 10:05:00-05:00,0.0
2025-02-06 10:10:00-05:00,0.0
2025-02-06 10:15:00-05:00,0.0
2025-02-06 10:20:00-05:00,0.0
2025-02-06 10:25:00-05:00,0.0
2025-02-06 10:30:00-05:00,0.0
2025-02-06 10:35:00-05:00,0.0
2025-02-06 10:40:00-05:00,0.0
2025-02-06 10:45:00-05:00,0.0
2025-02-06 10:50:00-05:00,0.0
2025-02-06 10:55:00-05:00,0.0
2025-02-06 11:00:00-05:00,-27.5
2025-02-06 11:05:00-05:00,-57.5
2025-02-06 11:10:00-05:00,-50.0
2025-02-06 11:15:00-05:00,-50.0
2025-02-06 11:20:00-05:00,-50.0
2025-02-06 11:25:00-05:00,-50.0
2025-02-06 11:30:00-05:00,-90.0
2025-02-06 11:35:00-05:00,-90.0
2025-02-06 11:40:00-05:00,-90.0
2025-02-06 11:45:00-05:00,-90.0
2025-02-06 11:50:00-05:00,-90.0
2025-02-06 11:55:00-05:00,-90.0
2025-02-06 12:00:00-05:00,-90.0
2025-02-06 12:05:00-05:00,-90.0
2025-02-06 12:10:00-05:00,-90.0
2025-02-06 12:15:00-05:00,-90.0
2025-02-06 12:20:00-05:00,-90.0
2025-02-06 12:25:00-05:00,-90.0
2025-02-06 12:30:00-05:00,-90.0
2025-02-06 12:35:00-05:00,-97.5
2025-02-06 12:40:00-05:00,-97.5
2025-02-06 12:45:00-05:00,-97.5
2025-02-06 12:50:00-05:00,-97.5
2025-02-06 12:55:00-05:00,-122.5
2025-02-06 13:00:00-05:00,-122.5
2025-02-06 13:05:00-05:00,-122.5
2025-02-06 13:10:00-05:00,-122.5
2025-02-06 13:15:00-05:00,-122.5
2025-02-06 13:20:00-05:00,-122.5
2025-02-06 13:25:00-05:00,-122.5
2025-02-06 13:30:00-05:00,-122.5
2025-02-06 13:35:00-05:00,-122.5
2025-02-06 13:40:00-05:00,-122.5
2025-02-06 13:45:00-05:00,-122.5
2025-02-06 13:50:00-05:00,-122.5
2025-02-06 13:55:00-05:00,-122.5
2025-02-06 14:00:00-05:00,-122.5
2025-02-06 14:05:00-05:00,-122.5
2025-02-06 14:10:00-05:00,-122.5
2025-02-06 14:15:00-05:00,-128.75
2025-02-06 14:20:00-05:00,-116.25
2025-02-06 14:25:00-05:00,-61.25
2025-02-06 14:30:00-05:00,88.75
2025-02-06 14:35:00-05:00,36.25
2025-02-06 14:40:00-05:00,58.75
2025-02-06 14:45:00-05:00,-6.25
2025-02-06 14:50:00-05:00,-18.75
2025-02-06 14:55:00-05:00,23.75
2025-02-06 15:00:00-05:00,21.25
2025-02-06 15:05:00-05:00,-6.25
2025-02-06 15:10:00-05:00,-26.25
2025-02-06 15:15:00-05:00,-56.25
2025-02-06 15:20:00-05:00,-71.25
2025-02-06 15:25:00-05:00,-81.25
2025-02-06 15:30:00-05:00,-83.75
2025-02-06 15:35:00-05:00,-93.75
2025-02-06 15:40:00-05:00,-111.25
2025-02-06 15:45:00-05:00,-111.25
2025-02-06 15:50:00-05:00,-111.25
2025-02-06 15:55:00-05:00,-111.25
2025-02-07 09:30:00-05:00,0.0
2025-02-07 09:35:00-05:00,0.0
2025-02-07 09:40:00-05:00,0.0
2025-02-07 09:45:00-05:00,0.0
2025-02-07 09:50:00-05:00,0.0
2025-02-07 09:55:00-05:00,0.0
2025-02-07 10:00:00-05:00,0.0
2025-02-07 10:05:00-05:00,0.0
2025-02-07 10:10:00-05:00,0.0
2025-02-07 10:15:00-05:00,0.0
2025-02-07 10:20:00-05:00,0.0
2025-02-07 10:25:00-05:00,0.0
2025-02-07 10:30:00-05:00,-13.75
2025-02-07 10:35:00-05:00,-8.75
2025-02-07 10:40:00-05:00,21.25
2025-02-07 10:45:00-05:00,-18.75
2025-02-07 10:50:00-05:00,288.75
2025-02-07 10:55:00-05:00,126.25
2025-02-07 11:00:00-05:00,258.75
2025-02-07 11:05:00-05:00,121.25
2025-02-07 11:10:00-05:00,221.25
2025-02-07 11:15:00-05:00,103.75
2025-02-07 11:20:00-05:00,163.75
2025-02-07 11:25:00-05:00,268.75
2025-02-07 11:30:00-05:00,203.75
2025-02-07 11:35:00-05:00,253.75
2025-02-07 11:40:00-05:00,263.75
2025-02-07 11:45:00-05:00,286.25
2025-02-07 11:50:00-05:00,306.25
2025-02-07 11:55:00-05:00,311.25
2025-02-07 12:00:00-05:00,333.75
2025-02-07 12:05:00-05:00,233.75
2025-02-07 12:10:00-05:00,213.75
2025-02-07 12:15:00-05:00,323.75
2025-02-07 12:20:00-05:00,331.25
2025-02-07 12:25:00-05:00,306.25
2025-02-07 12:30:00-05:00,311.25
2025-02-07 12:35:00-05:00,241.25
2025-02-07 12:40:00-05:00,246.25
2025-02-07 12:45:00-05:00,216.25
2025-02-07 12:50:00-05:00,226.25
2025-02-07 12:55:00-05:00,253.75
2025-02-07 13:00:00-05:00,94.375
2025-02-07 13:05:00-05:00,94.375
2025-02-07 13:10:00-05:00,94.375
2025-02-07 13:15:00-05:00,94.375
2025-02-07 13:20:00-05:00,94.375
2025-02-07 13:25:00-05:00,94.375
2025-02-07 13:30:00-05:00,94.375
2025-02-07 13:35:00-05:00,94.375
2025-02-07 13:40:00-05:00,94.375
2025-02-07 13:45:00-05:00,94.375
2025-02-07 13:50:00-05:00,94.375
2025-02-07 13:55:00-05:00,94.375
2025-02-07 14:00:00-05:00,94.375
2025-02-07 14:05:00-05:00,94.375
2025-02-07 14:10:00-05:00,297.5
2025-02-07 14:15:00-05:00,302.5
2025-02-07 14:20:00-05:00,307.5
2025-02-07 14:25:00-05:00,335.0
2025-02-07 14:30:00-05:00,290.0
2025-02-07 14:35:00-05:00,270.0
2025-02-07 14:40:00-05:00,255.0
2025-02-07 14:45:00-05:00,242.5
2025-02-07 14:50:00-05:00,270.0
2025-02-07 14:55:00-05:00,277.5
2025-02-07 15:00:00-05:00,335.0
2025-02-07 15:05:00-05:00,320.0
2025-02-07 15:10:00-05:00,355.0
2025-02-07 15:15:00-05:00,335.0
2025-02-07 15:20:00-05:00,340.0
2025-02-07 15:25:00-05:00,355.0
2025-02-07 15:30:00-05:00,290.0
2025-02-07 15:35:00-05:00,322.5
2025-02-07 15:40:00-05:00,322.5
2025-02-07 15:45:00-05:00,312.5
2025-02-07 15:50:00-05:00,287.5
2025-02-07 15:55:00-05:00,307.5
2025-02-10 09:30:00-05:00,0.0
2025-02-10 09:35:00-05:00,0.0
2025-02-10 09:40:00-05:00,-25.0
2025-02-10 09:45:00-05:00,-40.0
2025-02-10 09:50:00-05:00,2.5
2025-02-10 09:55:00-05:00,17.5
2025-02-10 10:00:00-05:00,82.5
2025-02-10 10:05:00-05:00,125.0
2025-02-10 10:10:00-05:00,105.0
2025-02-10 10:15:00-05:00,107.5
2025-02-10 10:20:00-05:00,115.0
2025-02-10 10:25:00-05:00,142.5
2025-02-10 10:30:00-05:00,147.5
2025-02-10 10:35:00-05:00,147.5
2025-02-10 10:40:00-05:00,152.5
2025-02-10 10:45:00-05:00,192.5
2025-02-10 10:50:00-05:00,187.5
2025-02-10 10:55:00-05:00,155.0
2025-02-10 11:00:00-05:00,160.0
2025-02-10 11:05:00-05:00,145.0
2025-02-10 11:10:00-05:00,137.5
2025-02-10 11:15:00-05:00,97.5
2025-02-10 11:20:00-05:00,107.5
2025-02-10 11:25:00-05:00,100.0
2025-02-10 11:30:00-05:00,70.0
2025-02-10 11:35:00-05:00,46.25
2025-02-10 11:40:00-05:00,46.25
2025-02-10 11:45:00-05:00,83.75
2025-02-10 11:50:00-05:00,83.75
2025-02-10 11:55:00-05:00,83.75
2025-02-10 12:00:00-05:00,68.75
2025-02-10 12:05:00-05:00,68.75
2025-02-10 12:10:00-05:00,68.75
2025-02-10 12:15:00-05:00,68.75
2025-02-10 12:20:00-05:00,68.75
2025-02-10 12:25:00-05:00,68.75
2025-02-10 12:30:00-05:00,68.75
2025-02-10 12:35:00-05:00,68.75
2025-02-10 12:40:00-05:00,68.75
2025-02-10 12:45:00-05:00,68.75
2025-02-10 12:50:00-05:00,68.75
2025-02-10 12:55:00-05:00,68.75
2025-02-10 13:00:00-05:00,68.75
2025-02-10 13:05:00-05:00,68.75
2025-02-10 13:10:00-05:00,78.75
2025-02-10 13:15:00-05:00,66.25
2025-02-10 13:20:00-05:00,73.75
2025-02-10 13:25:00-05:00,61.25
2025-02-10 13:30:00-05:00,58.75
2025-02-10 13:35:00-05:00,71.25
2025-02-10 13:40:00-05:00,73.75
2025-02-10 13:45:00-05:00,83.75
2025-02-10 13:50:00-05:00,103.75
2025-02-10 13:55:00-05:00,98.75
2025-02-10 14:00:00-05:00,86.25
2025-02-10 14:05:00-05:00,103.75
2025-02-10 14:10:00-05:00,118.75
2025-02-10 14:15:00-05:00,103.75
2025-02-10 14:20:00-05:00,121.25
2025-02-10 14:25:00-05:00,108.75
2025-02-10 14:30:00-05:00,111.25
2025-02-10 14:35:00-05:00,98.75
2025-02-10 14:40:00-05:00,88.75
2025-02-10 14:45:00-05:00,78.75
2025-02-10 14:50:00-05:00,93.75
2025-02-10 14:55:00-05:00,86.25
2025-02-10 15:00:00-05:00,91.25
2025-02-10 15:05:00-05:00,96.25
2025-02-10 15:10:00-05:00,113.75
2025-02-10 15:15:00-05:00,93.75
2025-02-10 15:20:00-05:00,75.0
2025-02-10 15:25:00-05:00,75.0
2025-02-10 15:30:00-05:00,75.0
2025-02-10 15:35:00-05:00,75.0
2025-02-10 15:40:00-05:00,75.0
2025-02-10 15:45:00-05:00,75.0
2025-02-10 15:50:00-05:00,75.0
2025-02-10 15:55:00-05:00,75.0
2025-02-11 09:30:00-05:00,0.0
2025-02-11 09:35:00-05:00,-3.75
2025-02-11 09:40:00-05:00,-10.0
2025-02-11 09:45:00-05:00,5.0
2025-02-11 09:50:00-05:00,-8.75
2025-02-11 09:55:00-05:00,-3.75
2025-02-11 10:00:00-05:00,2.5
2025-02-11 10:05:00-05:00,-5.0
2025-02-11 10:10:00-05:00,-3.75
2025-02-11 10:15:00-05:00,-3.75
2025-02-11 10:20:00-05:00,-17.5
2025-02-11 10:25:00-05:00,-47.5
2025-02-11 10:30:00-05:00,-47.5
2025-02-11 10:35:00-05:00,-62.5
2025-02-11 10:40:00-05:00,-68.75
2025-02-11 10:45:00-05:00,-91.25
2025-02-11 10:50:00-05:00,-91.25
2025-02-11 10:55:00-05:00,-115.0
2025-02-11 11:00:00-05:00,-117.5
2025-02-11 11:05:00-05:00,-113.75
2025-02-11 11:10:00-05:00,-110.0
2025-02-11 11:15:00-05:00,-111.25
2025-02-11 11:20:00-05:00,-108.75
2025-02-11 11:25:00-05:00,-122.5
2025-02-11 11:30:00-05:00,-122.5
2025-02-11 11:35:00-05:00,-112.5
2025-02-11 11:40:00-05:00,-112.5
2025-02-11 11:45:00-05:00,-120.0
2025-02-11 11:50:00-05:00,-142.5
2025-02-11 11:55:00-05:00,-143.75
2025-02-11 12:00:00-05:00,-168.75
2025-02-11 12:05:00-05:00,-168.75
2025-02-11 12:10:00-05:00,-165.0
2025-02-11 12:15:00-05:00,-193.75
2025-02-11 12:20:00-05:00,-212.5
2025-02-11 12:25:00-05:00,-212.5
2025-02-11 12:30:00-05:00,-206.25
2025-02-11 12:35:00-05:00,-198.75
2025-02-11 12:40:00-05:00,-195.0
2025-02-11 12:45:00-05:00,-196.25
2025-02-11 12:50:00-05:00,-187.5
2025-02-11 12:55:00-05:00,-185.0
2025-02-11 13:00:00-05:00,-183.75
2025-02-11 13:05:00-05:00,-192.5
2025-02-11 13:10:00-05:00,-190.0
2025-02-11 13:15:00-05:00,-202.5
2025-02-11 13:20:00-05:00,-192.5
2025-02-11 13:25:00-05:00,-196.25
2025-02-11 13:30:00-05:00,-226.25
2025-02-11 13:35:00-05:00,-226.25
2025-02-11 13:40:00-05:00,-222.5
2025-02-11 13:45:00-05:00,-227.5
2025-02-11 13:50:00-05:00,-241.25
2025-02-11 13:55:00-05:00,-245.0
2025-02-11 14:00:00-05:00,-237.5
2025-02-11 14:05:00-05:00,-242.5
2025-02-11 14:10:00-05:00,-252.5
2025-02-11 14:15:00-05:00,-247.5
2025-02-11 14:20:00-05:00,-240.0
2025-02-11 14:25:00-05:00,-238.75
2025-02-11 14:30:00-05:00,-235.0
2025-02-11 14:35:00-05:00,-220.0
2025-02-11 14:40:00-05:00,-192.5
2025-02-11 14:45:00-05:00,-201.25
2025-02-11 14:50:00-05:00,-198.75
2025-02-11 14:55:00-05:00,-203.75
2025-02-11 15:00:00-05:00,-197.5
2025-02-11 15:05:00-05:00,-207.5
2025-02-11 15:10:00-05:00,-198.75
2025-02-11 15:15:00-05:00,-206.25
2025-02-11 15:20:00-05:00,-217.5
2025-02-11 15:25:00-05:00,-211.25
2025-02-11 15:30:00-05:00,-210.0
2025-02-11 15:35:00-05:00,-232.5
2025-02-11 15:40:00-05:00,-227.5
2025-02-11 15:45:00-05:00,-232.5
2025-02-11 15:50:00-05:00,-232.5
2025-02-11 15:55:00-05:00,-213.75
2025-02-12 09:30:00-05:00,0.0
2025-02-12 09:35:00-05:00,-23.75
2025-02-12 09:40:00-05:00,-48.75
2025-02-12 09:45:00-05:00,-48.75
2025-02-12 09:50:00-05:00,-68.75
2025-02-12 09:55:00-05:00,-62.5
2025-02-12 10:00:00-05:00,13.75
2025-02-12 10:05:00-05:00,-8.75
2025-02-12 10:10:00-05:00,17.5
2025-02-12 10:15:00-05:00,-53.75
2025-02-12 10:20:00-05:00,-90.0
2025-02-12 10:25:00-05:00,-90.0
2025-02-12 10:30:00-05:00,-108.75
2025-02-12 10:35:00-05:00,-158.75
2025-02-12 10:40:00-05:00,-158.75
2025-02-12 10:45:00-05:00,-158.75
2025-02-12 10:50:00-05:00,-158.75
2025-02-12 10:55:00-05:00,-158.75
2025-02-12 11:00:00-05:00,-183.75
2025-02-12 11:05:00-05:00,-207.5
2025-02-12 11:10:00-05:00,-207.5
2025-02-12 11:15:00-05:00,-210.0
2025-02-12 11:20:00-05:00,-226.25
2025-02-12 11:25:00-05:00,-227.5
2025-02-12 11:30:00-05:00,-213.75
2025-02-12 11:35:00-05:00,-213.75
2025-02-12 11:40:00-05:00,-180.0
2025-02-12 11:45:00-05:00,-181.25
2025-02-12 11:50:00-05:00,-181.25
2025-02-12 11:55:00-05:00,-181.25
2025-02-12 12:00:00-05:00,-181.25
2025-02-12 12:05:00-05:00,-183.75
2025-02-12 12:10:00-05:00,-166.25
2025-02-12 12:15:00-05:00,-167.5
2025-02-12 12:20:00-05:00,-161.25
2025-02-12 12:25:00-05:00,-160.0
2025-02-12 12:30:00-05:00,-162.5
2025-02-12 12:35:00-05:00,-173.75
2025-02-12 12:40:00-05:00,-187.5
2025-02-12 12:45:00-05:00,-155.0
2025-02-12 12:50:00-05:00,-137.5
2025-02-12 12:55:00-05:00,-130.0
2025-02-12 13:00:00-05:00,-148.75
2025-02-12 13:05:00-05:00,-153.75
2025-02-12 13:10:00-05:00,-147.5
2025-02-12 13:15:00-05:00,-163.75
2025-02-12 13:20:00-05:00,-166.25
2025-02-12 13:25:00-05:00,-171.25
2025-02-12 13:30:00-05:00,-167.5
2025-02-12 13:35:00-05:00,-167.5
2025-02-12 13:40:00-05:00,-202.5
2025-02-12 13:45:00-05:00,-202.5
2025-02-12 13:50:00-05:00,-202.5
2025-02-12 13:55:00-05:00,-202.5
2025-02-12 14:00:00-05:00,-202.5
2025-02-12 14:05:00-05:00,-202.5
2025-02-12 14:10:00-05:00,-202.5
2025-02-12 14:15:00-05:00,-203.75
2025-02-12 14:20:00-05:00,-220.0
2025-02-12 14:25:00-05:00,-221.25
2025-02-12 14:30:00-05:00,-238.75
2025-02-12 14:35:00-05:00,-238.75
2025-02-12 14:40:00-05:00,-243.75
2025-02-12 14:45:00-05:00,-276.25
2025-02-12 14:50:00-05:00,-276.25
2025-02-12 14:55:00-05:00,-286.25
2025-02-12 15:00:00-05:00,-287.5
2025-02-12 15:05:00-05:00,-288.75
2025-02-12 15:10:00-05:00,-293.75
2025-02-12 15:15:00-05:00,-297.5
2025-02-12 15:20:00-05:00,-297.5
2025-02-12 15:25:00-05:00,-316.25
2025-02-12 15:30:00-05:00,-316.25
2025-02-12 15:35:00-05:00,-332.5
2025-02-12 15:40:00-05:00,-356.25
2025-02-12 15:45:00-05:00,-356.25
2025-02-12 15:50:00-05:00,-351.25
2025-02-12 15:55:00-05:00,-351.25
2025-02-13 09:30:00-05:00,0.0
2025-02-13 09:35:00-05:00,38.75
2025-02-13 09:40:00-05:00,3.75
2025-02-13 09:45:00-05:00,3.75
2025-02-13 09:50:00-05:00,-15.0
2025-02-13 09:55:00-05:00,-15.0
2025-02-13 10:00:00-05:00,-1.25
2025-02-13 10:05:00-05:00,-11.25
2025-02-13 10:10:00-05:00,6.25
2025-02-13 10:15:00-05:00,47.5
2025-02-13 10:20:00-05:00,53.75
2025-02-13 10:25:00-05:00,46.25
2025-02-13 10:30:00-05:00,62.5
2025-02-13 10:35:00-05:00,90.0
2025-02-13 10:40:00-05:00,106.25
2025-02-13 10:45:00-05:00,97.5
2025-02-13 10:50:00-05:00,90.0
2025-02-13 10:55:00-05:00,98.75
2025-02-13 11:00:00-05:00,97.5
2025-02-13 11:05:00-05:00,103.75
2025-02-13 11:10:00-05:00,112.5
2025-02-13 11:15:00-05:00,111.25
2025-02-13 11:20:00-05:00,107.5
2025-02-13 11:25:00-05:00,77.5
2025-02-13 11:30:00-05:00,82.5
2025-02-13 11:35:00-05:00,73.75
2025-02-13 11:40:00-05:00,76.25
2025-02-13 11:45:00-05:00,78.75
2025-02-13 11:50:00-05:00,60.0
2025-02-13 11:55:00-05:00,47.5
2025-02-13 12:00:00-05:00,47.5
2025-02-13 12:05:00-05:00,47.5
2025-02-13 12:10:00-05:00,47.5
2025-02-13 12:15:00-05:00,47.5
2025-02-13 12:20:00-05:00,47.5
2025-02-13 12:25:00-05:00,47.5
2025-02-13 12:30:00-05:00,47.5
2025-02-13 12:35:00-05:00,47.5
2025-02-13 12:40:00-05:00,47.5
2025-02-13 12:45:00-05:00,47.5
2025-02-13 12:50:00-05:00,47.5
2025-02-13 12:55:00-05:00,47.5
2025-02-13 13:00:00-05:00,47.5
2025-02-13 13:05:00-05:00,47.5
2025-02-13 13:10:00-05:00,47.5
2025-02-13 13:15:00-05:00,47.5
2025-02-13 13:20:00-05:00,10.0
2025-02-13 13:25:00-05:00,10.0
2025-02-13 13:30:00-05:00,3.75
2025-02-13 13:35:00-05:00,-21.25
2025-02-13 13:40:00-05:00,-21.25
2025-02-13 13:45:00-05:00,-36.25
2025-02-13 13:50:00-05:00,-36.25
2025-02-13 13:55:00-05:00,-68.75
2025-02-13 14:00:00-05:00,-68.75
2025-02-13 14:05:00-05:00,-52.5
2025-02-13 14:10:00-05:00,-53.75
2025-02-13 14:15:00-05:00,-42.5
2025-02-13 14:20:00-05:00,-47.5
2025-02-13 14:25:00-05:00,-40.0
2025-02-13 14:30:00-05:00,-26.25
2025-02-13 14:35:00-05:00,-16.25
2025-02-13 14:40:00-05:00,-27.5
2025-02-13 14:45:00-05:00,-17.5
2025-02-13 14:50:00-05:00,3.75
2025-02-13 14:55:00-05:00,-8.75
2025-02-13 15:00:00-05:00,0.0
2025-02-13 15:05:00-05:00,8.75
2025-02-13 15:10:00-05:00,10.0
2025-02-13 15:15:00-05:00,28.75
2025-02-13 15:20:00-05:00,13.75
2025-02-13 15:25:00-05:00,25.0
2025-02-13 15:30:00-05:00,10.0
2025-02-13 15:35:00-05:00,20.0
2025-02-13 15:40:00-05:00,2.5
2025-02-13 15:45:00-05:00,16.25
2025-02-13 15:50:00-05:00,15.0
2025-02-13 15:55:00-05:00,30.0
2025-02-14 09:30:00-05:00,0.0
2025-02-14 09:35:00-05:00,0.0
2025-02-14 09:40:00-05:00,0.0
2025-02-14 09:45:00-05:00,0.0
2025-02-14 09:50:00-05:00,0.0
2025-02-14 09:55:00-05:00,0.0
2025-02-14 10:00:00-05:00,0.0
2025-02-14 10:05:00-05:00,0.0
2025-02-14 10:10:00-05:00,0.0
2025-02-14 10:15:00-05:00,0.0
2025-02-14 10:20:00-05:00,0.0
2025-02-14 10:25:00-05:00,0.0
2025-02-14 10:30:00-05:00,0.0
2025-02-14 10:35:00-05:00,0.0
2025-02-14 10:40:00-05:00,0.0
2025-02-14 10:45:00-05:00,0.0
2025-02-14 10:50:00-05:00,0.0
2025-02-14 10:55:00-05:00,0.0
2025-02-14 11:00:00-05:00,0.0
2025-02-14 11:05:00-05:00,0.0
2025-02-14 11:10:00-05:00,0.0
2025-02-14 11:15:00-05:00,0.0
2025-02-14 11:20:00-05:00,10.0
2025-02-14 11:25:00-05:00,-12.5
2025-02-14 11:30:00-05:00,-5.0
2025-02-14 11:35:00-05:00,-12.5
2025-02-14 11:40:00-05:00,-20.0
2025-02-14 11:45:00-05:00,15.0
2025-02-14 11:50:00-05:00,-20.0
2025-02-14 11:55:00-05:00,-21.25
2025-02-14 12:00:00-05:00,-21.25
2025-02-14 12:05:00-05:00,7.5
2025-02-14 12:10:00-05:00,15.0
2025-02-14 12:15:00-05:00,12.5
2025-02-14 12:20:00-05:00,20.0
2025-02-14 12:25:00-05:00,42.5
2025-02-14 12:30:00-05:00,30.0
2025-02-14 12:35:00-05:00,40.0
2025-02-14 12:40:00-05:00,47.5
2025-02-14 12:45:00-05:00,0.0
2025-02-14 12:50:00-05:00,-20.0
2025-02-14 12:55:00-05:00,-17.5
2025-02-14 13:00:00-05:00,-17.5
2025-02-14 13:05:00-05:00,-25.0
2025-02-14 13:10:00-05:00,-20.0
2025-02-14 13:15:00-05:00,-20.0
2025-02-14 13:20:00-05:00,-20.625
2025-02-14 13:25:00-05:00,-20.625
2025-02-14 13:30:00-05:00,-42.5
2025-02-14 13:35:00-05:00,-42.5
2025-02-14 13:40:00-05:00,-42.5
2025-02-14 13:45:00-05:00,-42.5
2025-02-14 13:50:00-05:00,-42.5
2025-02-14 13:55:00-05:00,-42.5
2025-02-14 14:00:00-05:00,-42.5
2025-02-14 14:05:00-05:00,-42.5
2025-02-14 14:10:00-05:00,-42.5
2025-02-14 14:15:00-05:00,-42.5
2025-02-14 14:20:00-05:00,-42.5
2025-02-14 14:25:00-05:00,-42.5
2025-02-14 14:30:00-05:00,-42.5
2025-02-14 14:35:00-05:00,-42.5
2025-02-14 14:40:00-05:00,-42.5
2025-02-14 14:45:00-05:00,-42.5
2025-02-14 14:50:00-05:00,-42.5
2025-02-14 14:55:00-05:00,-53.75
2025-02-14 15:00:00-05:00,-53.75
2025-02-14 15:05:00-05:00,-56.25
2025-02-14 15:10:00-05:00,-61.25
2025-02-14 15:15:00-05:00,-62.5
2025-02-14 15:20:00-05:00,-62.5
2025-02-14 15:25:00-05:00,-38.75
2025-02-14 15:30:00-05:00,-71.25
2025-02-14 15:35:00-05:00,-83.75
2025-02-14 15:40:00-05:00,-43.75
2025-02-14 15:45:00-05:00,-33.75
2025-02-14 15:50:00-05:00,-81.25
2025-02-14 15:55:00-05:00,-38.75
2025-02-17 09:30:00-05:00,0.0
2025-02-17 09:35:00-05:00,-17.5
2025-02-17 09:40:00-05:00,-17.5
2025-02-17 09:45:00-05:00,-17.5
2025-02-17 09:50:00-05:00,-17.5
2025-02-17 09:55:00-05:00,-17.5
2025-02-17 10:00:00-05:00,-17.5
2025-02-17 10:05:00-05:00,-17.5
2025-02-17 10:10:00-05:00,-19.375
2025-02-17 10:15:00-05:00,-19.375
2025-02-17 10:20:00-05:00,-15.0
2025-02-17 10:25:00-05:00,-10.0
2025-02-17 10:30:00-05:00,-5.0
2025-02-17 10:35:00-05:00,-2.5
2025-02-17 10:40:00-05:00,-5.0
2025-02-17 10:45:00-05:00,-7.5
2025-02-17 10:50:00-05:00,-10.0
2025-02-17 10:55:00-05:00,0.0
2025-02-17 11:00:00-05:00,12.5
2025-02-17 11:05:00-05:00,22.5
2025-02-17 11:10:00-05:00,25.0
2025-02-17 11:15:00-05:00,37.5
2025-02-17 11:20:00-05:00,40.0
2025-02-17 11:25:00-05:00,45.0
2025-02-17 11:30:00-05:00,32.5
2025-02-17 11:35:00-05:00,42.5
2025-02-17 11:40:00-05:00,50.0
2025-02-17 11:45:00-05:00,45.0
2025-02-17 11:50:00-05:00,45.0
2025-02-17 11:55:00-05:00,35.0
2025-02-17 12:00:00-05:00,25.0
2025-02-17 12:05:00-05:00,25.0
2025-02-17 12:10:00-05:00,25.0
2025-02-17 12:15:00-05:00,25.0
2025-02-17 12:20:00-05:00,30.0
2025-02-17 12:25:00-05:00,32.5
2025-02-17 12:30:00-05:00,42.5
2025-02-17 12:35:00-05:00,45.0
2025-02-17 12:40:00-05:00,45.0
2025-02-17 12:45:00-05:00,45.0
2025-02-17 12:50:00-05:00,10.3125
2025-02-17 12:55:00-05:00,10.3125
2025-02-18 09:30:00-05:00,0.0
2025-02-18 09:35:00-05:00,-15.0
2025-02-18 09:40:00-05:00,40.0
2025-02-18 09:45:00-05:00,35.0
2025-02-18 09:50:00-05:00,22.5
2025-02-18 09:55:00-05:00,47.5
2025-02-18 10:00:00-05:00,80.0
2025-02-18 10:05:00-05:00,70.0
2025-02-18 10:10:00-05:00,50.0
2025-02-18 10:15:00-05:00,105.0
2025-02-18 10:20:00-05:00,77.5
2025-02-18 10:25:00-05:00,97.5
2025-02-18 10:30:00-05:00,95.0
2025-02-18 10:35:00-05:00,57.5
2025-02-18 10:40:00-05:00,45.0
2025-02-18 10:45:00-05:00,67.5
2025-02-18 10:50:00-05:00,10.0
2025-02-18 10:55:00-05:00,2.5
2025-02-18 11:00:00-05:00,15.0
2025-02-18 11:05:00-05:00,5.0
2025-02-18 11:10:00-05:00,17.5
2025-02-18 11:15:00-05:00,17.5
2025-02-18 11:20:00-05:00,17.5
2025-02-18 11:25:00-05:00,-7.5
2025-02-18 11:30:00-05:00,-7.5
2025-02-18 11:35:00-05:00,-7.5
2025-02-18 11:40:00-05:00,-7.5
2025-02-18 11:45:00-05:00,-7.5
2025-02-18 11:50:00-05:00,-7.5
2025-02-18 11:55:00-05:00,-7.5
2025-02-18 12:00:00-05:00,-7.5
2025-02-18 12:05:00-05:00,-7.5
2025-02-18 12:10:00-05:00,-20.0
2025-02-18 12:15:00-05:00,-20.0
2025-02-18 12:20:00-05:00,-20.0
2025-02-18 12:25:00-05:00,-27.5
2025-02-18 12:30:00-05:00,-32.5
2025-02-18 12:35:00-05:00,-52.5
2025-02-18 12:40:00-05:00,-47.5
2025-02-18 12:45:00-05:00,-50.0
2025-02-18 12:50:00-05:00,-72.5
2025-02-18 12:55:00-05:00,-65.0
2025-02-18 13:00:00-05:00,-55.0
2025-02-18 13:05:00-05:00,-55.0
2025-02-18 13:10:00-05:00,-55.0
2025-02-18 13:15:00-05:00,-38.75
2025-02-18 13:20:00-05:00,-43.75
2025-02-18 13:25:00-05:00,-43.75
2025-02-18 13:30:00-05:00,-26.25
2025-02-18 13:35:00-05:00,-18.75
2025-02-18 13:40:00-05:00,-8.75
2025-02-18 13:45:00-05:00,-33.75
2025-02-18 13:50:00-05:00,-38.75
2025-02-18 13:55:00-05:00,-21.25
2025-02-18 14:00:00-05:00,-21.25
2025-02-18 14:05:00-05:00,71.25
2025-02-18 14:10:00-05:00,61.25
2025-02-18 14:15:00-05:00,86.25
2025-02-18 14:20:00-05:00,3.75
2025-02-18 14:25:00-05:00,23.75
2025-02-18 14:30:00-05:00,-3.75
2025-02-18 14:35:00-05:00,31.25
2025-02-18 14:40:00-05:00,6.25
2025-02-18 14:45:00-05:00,-28.75
2025-02-18 14:50:00-05:00,-43.75
2025-02-18 14:55:00-05:00,-43.75
2025-02-18 15:00:00-05:00,-38.75
2025-02-18 15:05:00-05:00,-44.375
2025-02-18 15:10:00-05:00,-44.375
2025-02-18 15:15:00-05:00,-44.375
2025-02-18 15:20:00-05:00,-44.375
2025-02-18 15:25:00-05:00,-44.375
2025-02-18 15:30:00-05:00,-44.375
2025-02-18 15:35:00-05:00,-44.375
2025-02-18 15:40:00-05:00,-44.375
2025-02-18 15:45:00-05:00,-44.375
2025-02-18 15:50:00-05:00,-51.25
2025-02-18 15:55:00-05:00,-51.25
2025-02-19 09:30:00-05:00,0.0
2025-02-19 09:35:00-05:00,0.0
2025-02-19 09:40:00-05:00,0.0
2025-02-19 09:45:00-05:00,0.0
2025-02-19 09:50:00-05:00,0.0
2025-02-19 09:55:00-05:00,0.0
2025-02-19 10:00:00-05:00,0.0
2025-02-19 10:05:00-05:00,0.0
2025-02-19 10:10:00-05:00,0.0
2025-02-19 10:15:00-05:00,-16.25
2025-02-19 10:20:00-05:00,-16.25
2025-02-19 10:25:00-05:00,-16.25
2025-02-19 10:30:00-05:00,-16.25
2025-02-19 10:35:00-05:00,-16.25
2025-02-19 10:40:00-05:00,-61.25
2025-02-19 10:45:00-05:00,-61.25
2025-02-19 10:50:00-05:00,-61.25
2025-02-19 10:55:00-05:00,-61.25
2025-02-19 11:00:00-05:00,-61.25
2025-02-19 11:05:00-05:00,-61.25
2025-02-19 11:10:00-05:00,-61.25
2025-02-19 11:15:00-05:00,-61.25
2025-02-19 11:20:00-05:00,-61.25
2025-02-19 11:25:00-05:00,-61.25
2025-02-19 11:30:00-05:00,-61.25
2025-02-19 11:35:00-05:00,-61.25
2025-02-19 11:40:00-05:00,-61.25
2025-02-19 11:45:00-05:00,-61.25
2025-02-19 11:50:00-05:00,-61.25
2025-02-19 11:55:00-05:00,-61.25
2025-02-19 12:00:00-05:00,-61.25
2025-02-19 12:05:00-05:00,-61.25
2025-02-19 12:10:00-05:00,-61.25
2025-02-19 12:15:00-05:00,-61.25
2025-02-19 12:20:00-05:00,-61.25
2025-02-19 12:25:00-05:00,-61.25
2025-02-19 12:30:00-05:00,-61.25
2025-02-19 12:35:00-05:00,-61.25
2025-02-19 12:40:00-05:00,-61.25
2025-02-19 12:45:00-05:00,-61.25
2025-02-19 12:50:00-05:00,-78.75
2025-02-19 12:55:00-05:00,-78.75
2025-02-19 13:00:00-05:00,-78.75
2025-02-19 13:05:00-05:00,-50.0
2025-02-19 13:10:00-05:00,-32.5
2025-02-19 13:15:00-05:00,-92.5
2025-02-19 13:20:00-05:00,-90.0
2025-02-19 13:25:00-05:00,-110.0
2025-02-19 13:30:00-05:00,-103.125
2025-02-19 13:35:00-05:00,-130.0
2025-02-19 13:40:00-05:00,-130.0
2025-02-19 13:45:00-05:00,-130.0
2025-02-19 13:50:00-05:00,-130.0
2025-02-19 13:55:00-05:00,-130.0
2025-02-19 14:00:00-05:00,-130.0
2025-02-19 14:05:00-05:00,-130.0
2025-02-19 14:10:00-05:00,-130.0
2025-02-19 14:15:00-05:00,-130.0
2025-02-19 14:20:00-05:00,-130.0
2025-02-19 14:25:00-05:00,-130.0
2025-02-19 14:30:00-05:00,-130.0
2025-02-19 14:35:00-05:00,-130.0
2025-02-19 14:40:00-05:00,-130.0
2025-02-19 14:45:00-05:00,-130.0
2025-02-19 14:50:00-05:00,-130.0
2025-02-19 14:55:00-05:00,-130.0
2025-02-19 15:00:00-05:00,-130.0
2025-02-19 15:05:00-05:00,-130.0
2025-02-19 15:10:00-05:00,-130.0
2025-02-19 15:15:00-05:00,-130.0
2025-02-19 15:20:00-05:00,-130.0
2025-02-19 15:25:00-05:00,-130.0
2025-02-19 15:30:00-05:00,-130.0
2025-02-19 15:35:00-05:00,-130.0
2025-02-19 15:40:00-05:00,-130.0
2025-02-19 15:45:00-05:00,-130.0
2025-02-19 15:50:00-05:00,-130.0
2025-02-19 15:55:00-05:00,-130.0
2025-02-20 09:30:00-05:00,0.0
2025-02-20 09:35:00-05:00,-7.5
2025-02-20 09:40:00-05:00,36.25
2025-02-20 09:45:00-05:00,43.75
2025-02-20 09:50:00-05:00,91.25
2025-02-20 09:55:00-05:00,142.5
2025-02-20 10:00:00-05:00,147.5
2025-02-20 10:05:00-05:00,172.5
2025-02-20 10:10:00-05:00,142.5
2025-02-20 10:15:00-05:00,115.0
2025-02-20 10:20:00-05:00,116.25
2025-02-20 10:25:00-05:00,106.25
2025-02-20 10:30:00-05:00,106.25
2025-02-20 10:35:00-05:00,128.75
2025-02-20 10:40:00-05:00,138.75
2025-02-20 10:45:00-05:00,171.25
2025-02-20 10:50:00-05:00,187.5
2025-02-20 10:55:00-05:00,197.5
2025-02-20 11:00:00-05:00,192.5
2025-02-20 11:05:00-05:00,157.5
2025-02-20 11:10:00-05:00,156.25
2025-02-20 11:15:00-05:00,183.75
2025-02-20 11:20:00-05:00,163.75
2025-02-20 11:25:00-05:00,151.25
2025-02-20 11:30:00-05:00,171.25
2025-02-20 11:35:00-05:00,185.0
2025-02-20 11:40:00-05:00,165.0
2025-02-20 11:45:00-05:00,185.0
2025-02-20 11:50:00-05:00,182.5
2025-02-20 11:55:00-05:00,192.5
2025-02-20 12:00:00-05:00,162.5
2025-02-20 12:05:00-05:00,145.0
2025-02-20 12:10:00-05:00,135.0
2025-02-20 12:15:00-05:00,125.0
2025-02-20 12:20:00-05:00,126.25
2025-02-20 12:25:00-05:00,125.0
2025-02-20 12:30:00-05:00,128.75
2025-02-20 12:35:00-05:00,120.0
2025-02-20 12:40:00-05:00,136.25
2025-02-20 12:45:00-05:00,112.5
2025-02-20 12:50:00-05:00,112.5
2025-02-20 12:55:00-05:00,112.5
2025-02-20 13:00:00-05:00,112.5
2025-02-20 13:05:00-05:00,112.5
2025-02-20 13:10:00-05:00,112.5
2025-02-20 13:15:00-05:00,112.5
2025-02-20 13:20:00-05:00,112.5
2025-02-20 13:25:00-05:00,105.0
2025-02-20 13:30:00-05:00,88.75
2025-02-20 13:35:00-05:00,85.0
2025-02-20 13:40:00-05:00,71.25
2025-02-20 13:45:00-05:00,71.25
2025-02-20 13:50:00-05:00,76.25
2025-02-20 13:55:00-05:00,60.0
2025-02-20 14:00:00-05:00,53.75
2025-02-20 14:05:00-05:00,46.25
2025-02-20 14:10:00-05:00,46.25
2025-02-20 14:15:00-05:00,51.25
2025-02-20 14:20:00-05:00,50.0
2025-02-20 14:25:00-05:00,41.25
2025-02-20 14:30:00-05:00,26.25
2025-02-20 14:35:00-05:00,20.0
2025-02-20 14:40:00-05:00,40.0
2025-02-20 14:45:00-05:00,73.75
2025-02-20 14:50:00-05:00,75.0
2025-02-20 14:55:00-05:00,75.0
2025-02-20 15:00:00-05:00,75.0
2025-02-20 15:05:00-05:00,67.5
2025-02-20 15:10:00-05:00,65.0
2025-02-20 15:15:00-05:00,71.25
2025-02-20 15:20:00-05:00,76.25
2025-02-20 15:25:00-05:00,75.0
2025-02-20 15:30:00-05:00,80.0
2025-02-20 15:35:00-05:00,65.0
2025-02-20 15:40:00-05:00,80.0
2025-02-20 15:45:00-05:00,98.75
2025-02-20 15:50:00-05:00,97.5
2025-02-20 15:55:00-05:00,105.0
2025-02-21 09:30:00-05:00,0.0
2025-02-21 09:35:00-05:00,0.0
2025-02-21 09:40:00-05:00,0.0
2025-02-21 09:45:00-05:00,0.0
2025-02-21 09:50:00-05:00,32.5
2025-02-21 09:55:00-05:00,50.0
2025-02-21 10:00:00-05:00,80.0
2025-02-21 10:05:00-05:00,55.0
2025-02-21 10:10:00-05:00,95.0
2025-02-21 10:15:00-05:00,102.5
2025-02-21 10:20:00-05:00,167.5
2025-02-21 10:25:00-05:00,220.0
2025-02-21 10:30:00-05:00,245.0
2025-02-21 10:35:00-05:00,212.5
2025-02-21 10:40:00-05:00,317.5
2025-02-21 10:45:00-05:00,255.0
2025-02-21 10:50:00-05:00,277.5
2025-02-21 10:55:00-05:00,212.5
2025-02-21 11:00:00-05:00,242.5
2025-02-21 11:05:00-05:00,240.0
2025-02-21 11:10:00-05:00,180.0
2025-02-21 11:15:00-05:00,175.0
2025-02-21 11:20:00-05:00,162.5
2025-02-21 11:25:00-05:00,200.0
2025-02-21 11:30:00-05:00,175.0
2025-02-21 11:35:00-05:00,157.5
2025-02-21 11:40:00-05:00,205.0
2025-02-21 11:45:00-05:00,217.5
2025-02-21 11:50:00-05:00,125.0
2025-02-21 11:55:00-05:00,125.0
2025-02-21 12:00:00-05:00,125.0
2025-02-21 12:05:00-05:00,125.0
2025-02-21 12:10:00-05:00,125.0
2025-02-21 12:15:00-05:00,125.0
2025-02-21 12:20:00-05:00,296.25
2025-02-21 12:25:00-05:00,286.25
2025-02-21 12:30:00-05:00,328.75
2025-02-21 12:35:00-05:00,381.25
2025-02-21 12:40:00-05:00,351.25
2025-02-21 12:45:00-05:00,398.75
2025-02-21 12:50:00-05:00,433.75
2025-02-21 12:55:00-05:00,473.75
2025-02-21 13:00:00-05:00,538.75
2025-02-21 13:05:00-05:00,578.75
2025-02-21 13:10:00-05:00,563.75
2025-02-21 13:15:00-05:00,576.25
2025-02-21 13:20:00-05:00,591.25
2025-02-21 13:25:00-05:00,641.25
2025-02-21 13:30:00-05:00,653.75
2025-02-21 13:35:00-05:00,616.25
2025-02-21 13:40:00-05:00,678.75
2025-02-21 13:45:00-05:00,668.75
2025-02-21 13:50:00-05:00,641.25
2025-02-21 13:55:00-05:00,683.75
2025-02-21 14:00:00-05:00,726.25
2025-02-21 14:05:00-05:00,683.75
2025-02-21 14:10:00-05:00,646.25
2025-02-21 14:15:00-05:00,723.75
2025-02-21 14:20:00-05:00,791.25
2025-02-21 14:25:00-05:00,868.75
2025-02-21 14:30:00-05:00,846.25
2025-02-21 14:35:00-05:00,878.75
2025-02-21 14:40:00-05:00,848.75
2025-02-21 14:45:00-05:00,863.75
2025-02-21 14:50:00-05:00,848.75
2025-02-21 14:55:00-05:00,856.25
2025-02-21 15:00:00-05:00,858.75
2025-02-21 15:05:00-05:00,863.75
2025-02-21 15:10:00-05:00,846.25
2025-02-21 15:15:00-05:00,831.25
2025-02-21 15:20:00-05:00,798.75
2025-02-21 15:25:00-05:00,803.75
2025-02-21 15:30:00-05:00,791.25
2025-02-21 15:35:00-05:00,796.25
2025-02-21 15:40:00-05:00,853.75
2025-02-21 15:45:00-05:00,841.25
2025-02-21 15:50:00-05:00,470.625
2025-02-21 15:55:00-05:00,470.625
2025-02-24 09:30:00-05:00,0.0
2025-02-24 09:35:00-05:00,-45.0
2025-02-24 09:40:00-05:00,-45.0
2025-02-24 09:45:00-05:00,-68.75
2025-02-24 09:50:00-05:00,-120.0
2025-02-24 09:55:00-05:00,-120.0
2025-02-24 10:00:00-05:00,-120.0
2025-02-24 10:05:00-05:00,-147.5
2025-02-24 10:10:00-05:00,-201.25
2025-02-24 10:15:00-05:00,-201.25
2025-02-24 10:20:00-05:00,-242.5
2025-02-24 10:25:00-05:00,-242.5
2025-02-24 10:30:00-05:00,-238.75
2025-02-24 10:35:00-05:00,-243.75
2025-02-24 10:40:00-05:00,-227.5
2025-02-24 10:45:00-05:00,-246.25
2025-02-24 10:50:00-05:00,-210.0
2025-02-24 10:55:00-05:00,-230.0
2025-02-24 11:00:00-05:00,-247.5
2025-02-24 11:05:00-05:00,-250.0
2025-02-24 11:10:00-05:00,-268.75
2025-02-24 11:15:00-05:00,-293.75
2025-02-24 11:20:00-05:00,-293.75
2025-02-24 11:25:00-05:00,-340.0
2025-02-24 11:30:00-05:00,-340.0
2025-02-24 11:35:00-05:00,-381.25
2025-02-24 11:40:00-05:00,-381.25
2025-02-24 11:45:00-05:00,-373.75
2025-02-24 11:50:00-05:00,-376.25
2025-02-24 11:55:00-05:00,-400.0
2025-02-24 12:00:00-05:00,-365.0
2025-02-24 12:05:00-05:00,-376.25
2025-02-24 12:10:00-05:00,-376.25
2025-02-24 12:15:00-05:00,-332.5
2025-02-24 12:20:00-05:00,-333.75
2025-02-24 12:25:00-05:00,-345.0
2025-02-24 12:30:00-05:00,-355.0
2025-02-24 12:35:00-05:00,-331.25
2025-02-24 12:40:00-05:00,-321.25
2025-02-24 12:45:00-05:00,-323.75
2025-02-24 12:50:00-05:00,-350.0
2025-02-24 12:55:00-05:00,-366.25
2025-02-24 13:00:00-05:00,-358.75
2025-02-24 13:05:00-05:00,-343.75
2025-02-24 13:10:00-05:00,-350.0
2025-02-24 13:15:00-05:00,-322.5
2025-02-24 13:20:00-05:00,-330.0
2025-02-24 13:25:00-05:00,-327.5
2025-02-24 13:30:00-05:00,-330.0
2025-02-24 13:35:00-05:00,-331.25
2025-02-24 13:40:00-05:00,-326.25
2025-02-24 13:45:00-05:00,-348.75
2025-02-24 13:50:00-05:00,-343.75
2025-02-24 13:55:00-05:00,-365.0
2025-02-24 14:00:00-05:00,-331.25
2025-02-24 14:05:00-05:00,-355.0
2025-02-24 14:10:00-05:00,-365.0
2025-02-24 14:15:00-05:00,-365.0
2025-02-24 14:20:00-05:00,-365.0
2025-02-24 14:25:00-05:00,-365.0
2025-02-24 14:30:00-05:00,-365.0
2025-02-24 14:35:00-05:00,-365.0
2025-02-24 14:40:00-05:00,-365.0
2025-02-24 14:45:00-05:00,-365.0
2025-02-24 14:50:00-05:00,-365.0
2025-02-24 14:55:00-05:00,-366.25
2025-02-24 15:00:00-05:00,-348.75
2025-02-24 15:05:00-05:00,-361.25
2025-02-24 15:10:00-05:00,-360.0
2025-02-24 15:15:00-05:00,-361.25
2025-02-24 15:20:00-05:00,-340.0
2025-02-24 15:25:00-05:00,-332.5
2025-02-24 15:30:00-05:00,-352.5
2025-02-24 15:35:00-05:00,-336.25
2025-02-24 15:40:00-05:00,-318.75
2025-02-24 15:45:00-05:00,-335.0
2025-02-24 15:50:00-05:00,-250.0
2025-02-24 15:55:00-05:00,-240.0
2025-02-25 09:30:00-05:00,0.0
2025-02-25 09:35:00-05:00,0.0
2025-02-25 09:40:00-05:00,0.0
2025-02-25 09:45:00-05:00,0.0
2025-02-25 09:50:00-05:00,0.0
2025-02-25 09:55:00-05:00,0.0
2025-02-25 10:00:00-05:00,0.0
2025-02-25 10:05:00-05:00,0.0
2025-02-25 10:10:00-05:00,0.0
2025-02-25 10:15:00-05:00,0.0
2025-02-25 10:20:00-05:00,0.0
2025-02-25 10:25:00-05:00,0.0
2025-02-25 10:30:00-05:00,0.0
2025-02-25 10:35:00-05:00,0.0
2025-02-25 10:40:00-05:00,0.0
2025-02-25 10:45:00-05:00,0.0
2025-02-25 10:50:00-05:00,0.0
2025-02-25 10:55:00-05:00,0.0
2025-02-25 11:00:00-05:00,0.0
2025-02-25 11:05:00-05:00,0.0
2025-02-25 11:10:00-05:00,0.0
2025-02-25 11:15:00-05:00,0.0
2025-02-25 11:20:00-05:00,0.0
2025-02-25 11:25:00-05:00,0.0
2025-02-25 11:30:00-05:00,0.0
2025-02-25 11:35:00-05:00,0.0
2025-02-25 11:40:00-05:00,0.0
2025-02-25 11:45:00-05:00,0.0
2025-02-25 11:50:00-05:00,0.0
2025-02-25 11:55:00-05:00,0.0
2025-02-25 12:00:00-05:00,-23.75
2025-02-25 12:05:00-05:00,-23.75
2025-02-25 12:10:00-05:00,-23.75
2025-02-25 12:15:00-05:00,-23.75
2025-02-25 12:20:00-05:00,-23.75
2025-02-25 12:25:00-05:00,-23.75
2025-02-25 12:30:00-05:00,27.5
2025-02-25 12:35:00-05:00,60.0
2025-02-25 12:40:00-05:00,65.0
2025-02-25 12:45:00-05:00,65.0
2025-02-25 12:50:00-05:00,90.0
2025-02-25 12:55:00-05:00,132.5
2025-02-25 13:00:00-05:00,202.5
2025-02-25 13:05:00-05:00,225.0
2025-02-25 13:10:00-05:00,150.0
2025-02-25 13:15:00-05:00,112.5
2025-02-25 13:20:00-05:00,152.5
2025-02-25 13:25:00-05:00,22.5
2025-02-25 13:30:00-05:00,65.0
2025-02-25 13:35:00-05:00,215.0
2025-02-25 13:40:00-05:00,217.5
2025-02-25 13:45:00-05:00,215.0
2025-02-25 13:50:00-05:00,162.5
2025-02-25 13:55:00-05:00,125.0
2025-02-25 14:00:00-05:00,112.5
2025-02-25 14:05:00-05:00,112.5
2025-02-25 14:10:00-05:00,7.5
2025-02-25 14:15:00-05:00,3.125
2025-02-25 14:20:00-05:00,3.75
2025-02-25 14:25:00-05:00,3.75
2025-02-25 14:30:00-05:00,3.75
2025-02-25 14:35:00-05:00,60.0
2025-02-25 14:40:00-05:00,60.0
2025-02-25 14:45:00-05:00,60.0
2025-02-25 14:50:00-05:00,60.0
2025-02-25 14:55:00-05:00,60.0
2025-02-25 15:00:00-05:00,60.0
2025-02-25 15:05:00-05:00,43.75
2025-02-25 15:10:00-05:00,36.25
2025-02-25 15:15:00-05:00,83.75
2025-02-25 15:20:00-05:00,173.75
2025-02-25 15:25:00-05:00,108.75
2025-02-25 15:30:00-05:00,73.75
2025-02-25 15:35:00-05:00,1.875
2025-02-25 15:40:00-05:00,1.875
2025-02-25 15:45:00-05:00,-16.25
2025-02-25 15:50:00-05:00,-103.75
2025-02-25 15:55:00-05:00,-58.75
2025-02-26 09:30:00-05:00,0.0
2025-02-26 09:35:00-05:00,0.0
2025-02-26 09:40:00-05:00,-10.0
2025-02-26 09:45:00-05:00,-72.5
2025-02-26 09:50:00-05:00,-172.5
2025-02-26 09:55:00-05:00,-172.5
2025-02-26 10:00:00-05:00,-172.5
2025-02-26 10:05:00-05:00,-172.5
2025-02-26 10:10:00-05:00,-172.5
2025-02-26 10:15:00-05:00,-172.5
2025-02-26 10:20:00-05:00,-172.5
2025-02-26 10:25:00-05:00,-172.5
2025-02-26 10:30:00-05:00,-172.5
2025-02-26 10:35:00-05:00,-172.5
2025-02-26 10:40:00-05:00,-172.5
2025-02-26 10:45:00-05:00,-172.5
2025-02-26 10:50:00-05:00,-172.5
2025-02-26 10:55:00-05:00,-172.5
2025-02-26 11:00:00-05:00,-172.5
2025-02-26 11:05:00-05:00,-172.5
2025-02-26 11:10:00-05:00,-172.5
2025-02-26 11:15:00-05:00,-172.5
2025-02-26 11:20:00-05:00,-172.5
2025-02-26 11:25:00-05:00,-172.5
2025-02-26 11:30:00-05:00,-172.5
2025-02-26 11:35:00-05:00,-172.5
2025-02-26 11:40:00-05:00,-172.5
2025-02-26 11:45:00-05:00,-172.5
2025-02-26 11:50:00-05:00,-172.5
2025-02-26 11:55:00-05:00,-172.5
2025-02-26 12:00:00-05:00,-172.5
2025-02-26 12:05:00-05:00,-172.5
2025-02-26 12:10:00-05:00,-172.5
2025-02-26 12:15:00-05:00,-172.5
2025-02-26 12:20:00-05:00,-172.5
2025-02-26 12:25:00-05:00,-172.5
2025-02-26 12:30:00-05:00,-172.5
2025-02-26 12:35:00-05:00,-82.5
2025-02-26 12:40:00-05:00,-87.5
2025-02-26 12:45:00-05:00,-52.5
2025-02-26 12:50:00-05:00,12.5
2025-02-26 12:55:00-05:00,85.0
2025-02-26 13:00:00-05:00,105.0
2025-02-26 13:05:00-05:00,97.5
2025-02-26 13:10:00-05:00,102.5
2025-02-26 13:15:00-05:00,140.0
2025-02-26 13:20:00-05:00,117.5
2025-02-26 13:25:00-05:00,257.5
2025-02-26 13:30:00-05:00,212.5
2025-02-26 13:35:00-05:00,267.5
2025-02-26 13:40:00-05:00,285.0
2025-02-26 13:45:00-05:00,327.5
2025-02-26 13:50:00-05:00,342.5
2025-02-26 13:55:00-05:00,392.5
2025-02-26 14:00:00-05:00,397.5
2025-02-26 14:05:00-05:00,432.5
2025-02-26 14:10:00-05:00,397.5
2025-02-26 14:15:00-05:00,342.5
2025-02-26 14:20:00-05:00,307.5
2025-02-26 14:25:00-05:00,310.0
2025-02-26 14:30:00-05:00,257.5
2025-02-26 14:35:00-05:00,242.5
2025-02-26 14:40:00-05:00,232.5
2025-02-26 14:45:00-05:00,250.0
2025-02-26 14:50:00-05:00,250.0
2025-02-26 14:55:00-05:00,372.5
2025-02-26 15:00:00-05:00,380.0
2025-02-26 15:05:00-05:00,65.0
2025-02-26 15:10:00-05:00,65.0
2025-02-26 15:15:00-05:00,65.0
2025-02-26 15:20:00-05:00,65.0
2025-02-26 15:25:00-05:00,65.0
2025-02-26 15:30:00-05:00,65.0
2025-02-26 15:35:00-05:00,65.0
2025-02-26 15:40:00-05:00,65.0
2025-02-26 15:45:00-05:00,65.0
2025-02-26 15:50:00-05:00,65.0
2025-02-26 15:55:00-05:00,65.0
2025-02-27 09:30:00-05:00,0.0
2025-02-27 09:35:00-05:00,3.75
2025-02-27 09:40:00-05:00,-82.5
2025-02-27 09:45:00-05:00,-82.5
2025-02-27 09:50:00-05:00,-173.75
2025-02-27 09:55:00-05:00,-173.75
2025-02-27 10:00:00-05:00,-173.75
2025-02-27 10:05:00-05:00,-173.75
2025-02-27 10:10:00-05:00,-173.75
2025-02-27 10:15:00-05:00,-173.75
2025-02-27 10:20:00-05:00,-231.25
2025-02-27 10:25:00-05:00,-231.25
2025-02-27 10:30:00-05:00,-175.0
2025-02-27 10:35:00-05:00,-217.5
2025-02-27 10:40:00-05:00,-211.25
2025-02-27 10:45:00-05:00,-221.25
2025-02-27 10:50:00-05:00,-157.5
2025-02-27 10:55:00-05:00,-131.25
2025-02-27 11:00:00-05:00,-142.5
2025-02-27 11:05:00-05:00,-152.5
2025-02-27 11:10:00-05:00,-223.75
2025-02-27 11:15:00-05:00,-253.75
2025-02-27 11:20:00-05:00,-276.25
2025-02-27 11:25:00-05:00,-343.75
2025-02-27 11:30:00-05:00,-343.75
2025-02-27 11:35:00-05:00,-362.5
2025-02-27 11:40:00-05:00,-362.5
2025-02-27 11:45:00-05:00,-362.5
2025-02-27 11:50:00-05:00,-312.5
2025-02-27 11:55:00-05:00,-293.75
2025-02-27 12:00:00-05:00,-318.75
2025-02-27 12:05:00-05:00,-291.25
2025-02-27 12:10:00-05:00,-290.0
2025-02-27 12:15:00-05:00,-255.0
2025-02-27 12:20:00-05:00,-301.25
2025-02-27 12:25:00-05:00,-368.75
2025-02-27 12:30:00-05:00,-370.0
2025-02-27 12:35:00-05:00,-365.0
2025-02-27 12:40:00-05:00,-311.25
2025-02-27 12:45:00-05:00,-311.25
2025-02-27 12:50:00-05:00,-332.5
2025-02-27 12:55:00-05:00,-342.5
2025-02-27 13:00:00-05:00,-360.0
2025-02-27 13:05:00-05:00,-358.75
2025-02-27 13:10:00-05:00,-405.0
2025-02-27 13:15:00-05:00,-405.0
2025-02-27 13:20:00-05:00,-383.75
2025-02-27 13:25:00-05:00,-406.25
2025-02-27 13:30:00-05:00,-393.75
2025-02-27 13:35:00-05:00,-393.75
2025-02-27 13:40:00-05:00,-418.75
2025-02-27 13:45:00-05:00,-415.0
2025-02-27 13:50:00-05:00,-407.5
2025-02-27 13:55:00-05:00,-452.5
2025-02-27 14:00:00-05:00,-452.5
2025-02-27 14:05:00-05:00,-452.5
2025-02-27 14:10:00-05:00,-452.5
2025-02-27 14:15:00-05:00,-452.5
2025-02-27 14:20:00-05:00,-452.5
2025-02-27 14:25:00-05:00,-452.5
2025-02-27 14:30:00-05:00,-452.5
2025-02-27 14:35:00-05:00,-452.5
2025-02-27 14:40:00-05:00,-452.5
2025-02-27 14:45:00-05:00,-452.5
2025-02-27 14:50:00-05:00,-452.5
2025-02-27 14:55:00-05:00,-452.5
2025-02-27 15:00:00-05:00,-452.5
2025-02-27 15:05:00-05:00,-452.5
2025-02-27 15:10:00-05:00,-452.5
2025-02-27 15:15:00-05:00,-452.5
2025-02-27 15:20:00-05:00,-452.5
2025-02-27 15:25:00-05:00,-452.5
2025-02-27 15:30:00-05:00,-452.5
2025-02-27 15:35:00-05:00,-452.5
2025-02-27 15:40:00-05:00,-452.5
2025-02-27 15:45:00-05:00,-452.5
2025-02-27 15:50:00-05:00,-452.5
2025-02-27 15:55:00-05:00,-452.5
2025-02-28 09:30:00-05:00,0.0
2025-02-28 09:35:00-05:00,-101.25
2025-02-28 09:40:00-05:00,-101.25
2025-02-28 09:45:00-05:00,-71.25
2025-02-28 09:50:00-05:00,-90.0
2025-02-28 09:55:00-05:00,-108.75
2025-02-28 10:00:00-05:00,-116.25
2025-02-28 10:05:00-05:00,-143.75
2025-02-28 10:10:00-05:00,-143.75
2025-02-28 10:15:00-05:00,-76.25
2025-02-28 10:20:00-05:00,-156.25
2025-02-28 10:25:00-05:00,-188.75
2025-02-28 10:30:00-05:00,-188.75
2025-02-28 10:35:00-05:00,-225.0
2025-02-28 10:40:00-05:00,-225.0
2025-02-28 10:45:00-05:00,-218.75
2025-02-28 10:50:00-05:00,-186.25
2025-02-28 10:55:00-05:00,-155.0
2025-02-28 11:00:00-05:00,-168.75
2025-02-28 11:05:00-05:00,-175.0
2025-02-28 11:10:00-05:00,-218.75
2025-02-28 11:15:00-05:00,-238.75
2025-02-28 11:20:00-05:00,-250.0
2025-02-28 11:25:00-05:00,-296.25
2025-02-28 11:30:00-05:00,-296.25
2025-02-28 11:35:00-05:00,-285.0
2025-02-28 11:40:00-05:00,-267.5
2025-02-28 11:45:00-05:00,-258.75
2025-02-28 11:50:00-05:00,-258.75
2025-02-28 11:55:00-05:00,-258.75
2025-02-28 12:00:00-05:00,-258.75
2025-02-28 12:05:00-05:00,-270.0
2025-02-28 12:10:00-05:00,-270.0
2025-02-28 12:15:00-05:00,-270.0
2025-02-28 12:20:00-05:00,-270.0
2025-02-28 12:25:00-05:00,-270.0
2025-02-28 12:30:00-05:00,-270.0
2025-02-28 12:35:00-05:00,-268.75
2025-02-28 12:40:00-05:00,-201.25
2025-02-28 12:45:00-05:00,-147.5
2025-02-28 12:50:00-05:00,-186.25
2025-02-28 12:55:00-05:00,-120.0
2025-02-28 13:00:00-05:00,-140.0
2025-02-28 13:05:00-05:00,-132.5
2025-02-28 13:10:00-05:00,-141.25
2025-02-28 13:15:00-05:00,-67.5
2025-02-28 13:20:00-05:00,-66.25
2025-02-28 13:25:00-05:00,-170.0
2025-02-28 13:30:00-05:00,-203.75
2025-02-28 13:35:00-05:00,-228.75
2025-02-28 13:40:00-05:00,-232.5
2025-02-28 13:45:00-05:00,-222.5
2025-02-28 13:50:00-05:00,-221.25
2025-02-28 13:55:00-05:00,-116.25
2025-02-28 14:00:00-05:00,-153.75
2025-02-28 14:05:00-05:00,-167.5
2025-02-28 14:10:00-05:00,-160.0
2025-02-28 14:15:00-05:00,-160.0
2025-02-28 14:20:00-05:00,-160.0
2025-02-28 14:25:00-05:00,-160.0
2025-02-28 14:30:00-05:00,-160.0
2025-02-28 14:35:00-05:00,-120.0
2025-02-28 14:40:00-05:00,-100.0
2025-02-28 14:45:00-05:00,-81.25
2025-02-28 14:50:00-05:00,-86.25
2025-02-28 14:55:00-05:00,-66.25
2025-02-28 15:00:00-05:00,-28.75
2025-02-28 15:05:00-05:00,-18.75
2025-02-28 15:10:00-05:00,-35.0
2025-02-28 15:15:00-05:00,-50.0
2025-02-28 15:20:00-05:00,-53.75
2025-02-28 15:25:00-05:00,11.25
2025-02-28 15:30:00-05:00,-52.5
2025-02-28 15:35:00-05:00,-18.75
2025-02-28 15:40:00-05:00,21.25
2025-02-28 15:45:00-05:00,62.5
2025-02-28 15:50:00-05:00,157.5
2025-02-28 15:55:00-05:00,232.5
2025-03-03 09:30:00-05:00,0.0
2025-03-03 09:35:00-05:00,0.0
2025-03-03 09:40:00-05:00,0.0
2025-03-03 09:45:00-05:00,0.0
2025-03-03 09:50:00-05:00,0.0
2025-03-03 09:55:00-05:00,0.0
2025-03-03 10:00:00-05:00,0.0
2025-03-03 10:05:00-05:00,0.0
2025-03-03 10:10:00-05:00,0.0
2025-03-03 10:15:00-05:00,0.0
2025-03-03 10:20:00-05:00,0.0
2025-03-03 10:25:00-05:00,0.0
2025-03-03 10:30:00-05:00,0.0
2025-03-03 10:35:00-05:00,0.0
2025-03-03 10:40:00-05:00,0.0
2025-03-03 10:45:00-05:00,0.0
2025-03-03 10:50:00-05:00,0.0
2025-03-03 10:55:00-05:00,0.0
2025-03-03 11:00:00-05:00,-36.25
2025-03-03 11:05:00-05:00,-36.25
2025-03-03 11:10:00-05:00,-93.75
2025-03-03 11:15:00-05:00,-85.0
2025-03-03 11:20:00-05:00,-173.75
2025-03-03 11:25:00-05:00,-173.75
2025-03-03 11:30:00-05:00,-173.75
2025-03-03 11:35:00-05:00,-173.75
2025-03-03 11:40:00-05:00,-105.0
2025-03-03 11:45:00-05:00,-205.625
2025-03-03 11:50:00-05:00,-205.625
2025-03-03 11:55:00-05:00,-261.25
2025-03-03 12:00:00-05:00,-263.75
2025-03-03 12:05:00-05:00,-276.25
2025-03-03 12:10:00-05:00,-264.6875
2025-03-03 12:15:00-05:00,-264.6875
2025-03-03 12:20:00-05:00,-299.84375
2025-03-03 12:25:00-05:00,-327.5
2025-03-03 12:30:00-05:00,-327.5
2025-03-03 12:35:00-05:00,-327.5
2025-03-03 12:40:00-05:00,-327.5
2025-03-03 12:45:00-05:00,-327.5
2025-03-03 12:50:00-05:00,-327.5
2025-03-03 12:55:00-05:00,-327.5
2025-03-03 13:00:00-05:00,-327.5
2025-03-03 13:05:00-05:00,-327.5
2025-03-03 13:10:00-05:00,-100.0
2025-03-03 13:15:00-05:00,-142.5
2025-03-03 13:20:00-05:00,-167.5
2025-03-03 13:25:00-05:00,22.5
2025-03-03 13:30:00-05:00,60.0
2025-03-03 13:35:00-05:00,67.5
2025-03-03 13:40:00-05:00,-12.5
2025-03-03 13:45:00-05:00,-40.0
2025-03-03 13:50:00-05:00,-45.0
2025-03-03 13:55:00-05:00,-85.0
2025-03-03 14:00:00-05:00,-137.5
2025-03-03 14:05:00-05:00,-142.5
2025-03-03 14:10:00-05:00,-102.5
2025-03-03 14:15:00-05:00,-12.5
2025-03-03 14:20:00-05:00,-52.5
2025-03-03 14:25:00-05:00,-17.5
2025-03-03 14:30:00-05:00,-112.5
2025-03-03 14:35:00-05:00,-137.5
2025-03-03 14:40:00-05:00,-261.25
2025-03-03 14:45:00-05:00,-261.25
2025-03-03 14:50:00-05:00,-261.25
2025-03-03 14:55:00-05:00,53.75
2025-03-03 15:00:00-05:00,223.75
2025-03-03 15:05:00-05:00,293.75
2025-03-03 15:10:00-05:00,371.25
2025-03-03 15:15:00-05:00,391.25
2025-03-03 15:20:00-05:00,463.75
2025-03-03 15:25:00-05:00,538.75
2025-03-03 15:30:00-05:00,523.75
2025-03-03 15:35:00-05:00,608.75
2025-03-03 15:40:00-05:00,603.75
2025-03-03 15:45:00-05:00,478.75
2025-03-03 15:50:00-05:00,418.75
2025-03-03 15:55:00-05:00,258.75
2025-03-04 09:30:00-05:00,0.0
2025-03-04 09:35:00-05:00,0.0
2025-03-04 09:40:00-05:00,0.0
2025-03-04 09:45:00-05:00,0.0
2025-03-04 09:50:00-05:00,0.0
2025-03-04 09:55:00-05:00,0.0
2025-03-04 10:00:00-05:00,0.0
2025-03-04 10:05:00-05:00,0.0
2025-03-04 10:10:00-05:00,0.0
2025-03-04 10:15:00-05:00,0.0
2025-03-04 10:20:00-05:00,0.0
2025-03-04 10:25:00-05:00,0.0
2025-03-04 10:30:00-05:00,0.0
2025-03-04 10:35:00-05:00,0.0
2025-03-04 10:40:00-05:00,0.0
2025-03-04 10:45:00-05:00,0.0
2025-03-04 10:50:00-05:00,0.0
2025-03-04 10:55:00-05:00,0.0
2025-03-04 11:00:00-05:00,0.0
2025-03-04 11:05:00-05:00,0.0
2025-03-04 11:10:00-05:00,0.0
2025-03-04 11:15:00-05:00,0.0
2025-03-04 11:20:00-05:00,0.0
2025-03-04 11:25:00-05:00,0.0
2025-03-04 11:30:00-05:00,0.0
2025-03-04 11:35:00-05:00,0.0
2025-03-04 11:40:00-05:00,0.0
2025-03-04 11:45:00-05:00,0.0
2025-03-04 11:50:00-05:00,0.0
2025-03-04 11:55:00-05:00,2.5
2025-03-04 12:00:00-05:00,32.5
2025-03-04 12:05:00-05:00,-27.5
2025-03-04 12:10:00-05:00,27.5
2025-03-04 12:15:00-05:00,72.5
2025-03-04 12:20:00-05:00,112.5
2025-03-04 12:25:00-05:00,192.5
2025-03-04 12:30:00-05:00,160.0
2025-03-04 12:35:00-05:00,175.0
2025-03-04 12:40:00-05:00,135.0
2025-03-04 12:45:00-05:00,157.5
2025-03-04 12:50:00-05:00,110.0
2025-03-04 12:55:00-05:00,55.0
2025-03-04 13:00:00-05:00,90.0
2025-03-04 13:05:00-05:00,257.5
2025-03-04 13:10:00-05:00,380.0
2025-03-04 13:15:00-05:00,275.0
2025-03-04 13:20:00-05:00,202.5
2025-03-04 13:25:00-05:00,160.0
2025-03-04 13:30:00-05:00,232.5
2025-03-04 13:35:00-05:00,280.0
2025-03-04 13:40:00-05:00,317.5
2025-03-04 13:45:00-05:00,307.5
2025-03-04 13:50:00-05:00,375.0
2025-03-04 13:55:00-05:00,435.0
2025-03-04 14:00:00-05:00,560.0
2025-03-04 14:05:00-05:00,617.5
2025-03-04 14:10:00-05:00,562.5
2025-03-04 14:15:00-05:00,582.5
2025-03-04 14:20:00-05:00,672.5
2025-03-04 14:25:00-05:00,550.0
2025-03-04 14:30:00-05:00,515.0
2025-03-04 14:35:00-05:00,602.5
2025-03-04 14:40:00-05:00,627.5
2025-03-04 14:45:00-05:00,620.0
2025-03-04 14:50:00-05:00,632.5
2025-03-04 14:55:00-05:00,692.5
2025-03-04 15:00:00-05:00,657.5
2025-03-04 15:05:00-05:00,712.5
2025-03-04 15:10:00-05:00,755.0
2025-03-04 15:15:00-05:00,805.0
2025-03-04 15:20:00-05:00,935.0
2025-03-04 15:25:00-05:00,792.5
2025-03-04 15:30:00-05:00,515.0
2025-03-04 15:35:00-05:00,412.5
2025-03-04 15:40:00-05:00,407.5
2025-03-04 15:45:00-05:00,120.0
2025-03-04 15:50:00-05:00,156.25
2025-03-04 15:55:00-05:00,156.25
2025-03-05 09:30:00-05:00,0.0
2025-03-05 09:35:00-05:00,0.0
2025-03-05 09:40:00-05:00,0.0
2025-03-05 09:45:00-05:00,-88.75
2025-03-05 09:50:00-05:00,-88.75
2025-03-05 09:55:00-05:00,-88.75
2025-03-05 10:00:00-05:00,-88.75
2025-03-05 10:05:00-05:00,-72.5
2025-03-05 10:10:00-05:00,-72.5
2025-03-05 10:15:00-05:00,-72.5
2025-03-05 10:20:00-05:00,-72.5
2025-03-05 10:25:00-05:00,-72.5
2025-03-05 10:30:00-05:00,-72.5
2025-03-05 10:35:00-05:00,-72.5
2025-03-05 10:40:00-05:00,-72.5
2025-03-05 10:45:00-05:00,-72.5
2025-03-05 10:50:00-05:00,-72.5
2025-03-05 10:55:00-05:00,-72.5
2025-03-05 11:00:00-05:00,-72.5
2025-03-05 11:05:00-05:00,-72.5
2025-03-05 11:10:00-05:00,-72.5
2025-03-05 11:15:00-05:00,-72.5
2025-03-05 11:20:00-05:00,-72.5
2025-03-05 11:25:00-05:00,-72.5
2025-03-05 11:30:00-05:00,-72.5
2025-03-05 11:35:00-05:00,-72.5
2025-03-05 11:40:00-05:00,-72.5
2025-03-05 11:45:00-05:00,-72.5
2025-03-05 11:50:00-05:00,-72.5
2025-03-05 11:55:00-05:00,-72.5
2025-03-05 12:00:00-05:00,-72.5
2025-03-05 12:05:00-05:00,-72.5
2025-03-05 12:10:00-05:00,-72.5
2025-03-05 12:15:00-05:00,-72.5
2025-03-05 12:20:00-05:00,-72.5
2025-03-05 12:25:00-05:00,-10.0
2025-03-05 12:30:00-05:00,7.5
2025-03-05 12:35:00-05:00,42.5
2025-03-05 12:40:00-05:00,40.0
2025-03-05 12:45:00-05:00,27.5
2025-03-05 12:50:00-05:00,125.0
2025-03-05 12:55:00-05:00,195.0
2025-03-05 13:00:00-05:00,197.5
2025-03-05 13:05:00-05:00,-47.5
2025-03-05 13:10:00-05:00,57.5
2025-03-05 13:15:00-05:00,75.0
2025-03-05 13:20:00-05:00,85.0
2025-03-05 13:25:00-05:00,42.5
2025-03-05 13:30:00-05:00,0.0
2025-03-05 13:35:00-05:00,57.5
2025-03-05 13:40:00-05:00,-27.5
2025-03-05 13:45:00-05:00,132.5
2025-03-05 13:50:00-05:00,177.5
2025-03-05 13:55:00-05:00,265.0
2025-03-05 14:00:00-05:00,357.5
2025-03-05 14:05:00-05:00,505.0
2025-03-05 14:10:00-05:00,512.5
2025-03-05 14:15:00-05:00,400.0
2025-03-05 14:20:00-05:00,507.5
2025-03-05 14:25:00-05:00,395.0
2025-03-05 14:30:00-05:00,435.0
2025-03-05 14:35:00-05:00,420.0
2025-03-05 14:40:00-05:00,412.5
2025-03-05 14:45:00-05:00,485.0
2025-03-05 14:50:00-05:00,497.5
2025-03-05 14:55:00-05:00,427.5
2025-03-05 15:00:00-05:00,557.5
2025-03-05 15:05:00-05:00,587.5
2025-03-05 15:10:00-05:00,580.0
2025-03-05 15:15:00-05:00,445.0
2025-03-05 15:20:00-05:00,425.0
2025-03-05 15:25:00-05:00,530.0
2025-03-05 15:30:00-05:00,445.0
2025-03-05 15:35:00-05:00,462.5
2025-03-05 15:40:00-05:00,495.0
2025-03-05 15:45:00-05:00,427.5
2025-03-05 15:50:00-05:00,480.0
2025-03-05 15:55:00-05:00,425.0
2025-03-06 09:30:00-05:00,0.0
2025-03-06 09:35:00-05:00,0.0
2025-03-06 09:40:00-05:00,133.75
2025-03-06 09:45:00-05:00,18.75
2025-03-06 09:50:00-05:00,6.25
2025-03-06 09:55:00-05:00,48.75
2025-03-06 10:00:00-05:00,-66.875
2025-03-06 10:05:00-05:00,-66.875
2025-03-06 10:10:00-05:00,-200.0
2025-03-06 10:15:00-05:00,-163.4375
2025-03-06 10:20:00-05:00,-163.4375
2025-03-06 10:25:00-05:00,-302.5
2025-03-06 10:30:00-05:00,-272.5
2025-03-06 10:35:00-05:00,-290.46875
2025-03-06 10:40:00-05:00,-290.46875
2025-03-06 10:45:00-05:00,-360.0
2025-03-06 10:50:00-05:00,-258.984375
2025-03-06 10:55:00-05:00,-276.25
2025-03-06 11:00:00-05:00,-276.25
2025-03-06 11:05:00-05:00,-276.25
2025-03-06 11:10:00-05:00,-276.25
2025-03-06 11:15:00-05:00,-276.25
2025-03-06 11:20:00-05:00,-276.25
2025-03-06 11:25:00-05:00,-276.25
2025-03-06 11:30:00-05:00,-276.25
2025-03-06 11:35:00-05:00,-276.25
2025-03-06 11:40:00-05:00,-276.25
2025-03-06 11:45:00-05:00,-276.25
2025-03-06 11:50:00-05:00,-132.5
2025-03-06 11:55:00-05:00,-55.0
2025-03-06 12:00:00-05:00,70.0
2025-03-06 12:05:00-05:00,12.5
2025-03-06 12:10:00-05:00,105.0
2025-03-06 12:15:00-05:00,50.0
2025-03-06 12:20:00-05:00,62.5
2025-03-06 12:25:00-05:00,142.5
2025-03-06 12:30:00-05:00,107.5
2025-03-06 12:35:00-05:00,177.5
2025-03-06 12:40:00-05:00,137.5
2025-03-06 12:45:00-05:00,272.5
2025-03-06 12:50:00-05:00,212.5
2025-03-06 12:55:00-05:00,92.5
2025-03-06 13:00:00-05:00,145.0
2025-03-06 13:05:00-05:00,147.5
2025-03-06 13:10:00-05:00,100.0
2025-03-06 13:15:00-05:00,20.0
2025-03-06 13:20:00-05:00,10.0
2025-03-06 13:25:00-05:00,145.0
2025-03-06 13:30:00-05:00,150.0
2025-03-06 13:35:00-05:00,282.5
2025-03-06 13:40:00-05:00,280.0
2025-03-06 13:45:00-05:00,230.0
2025-03-06 13:50:00-05:00,177.5
2025-03-06 13:55:00-05:00,185.0
2025-03-06 14:00:00-05:00,295.0
2025-03-06 14:05:00-05:00,240.0
2025-03-06 14:10:00-05:00,240.0
2025-03-06 14:15:00-05:00,302.5
2025-03-06 14:20:00-05:00,270.0
2025-03-06 14:25:00-05:00,335.0
2025-03-06 14:30:00-05:00,330.0
2025-03-06 14:35:00-05:00,312.5
2025-03-06 14:40:00-05:00,217.5
2025-03-06 14:45:00-05:00,20.0
2025-03-06 14:50:00-05:00,15.0
2025-03-06 14:55:00-05:00,295.0
2025-03-06 15:00:00-05:00,182.5
2025-03-06 15:05:00-05:00,-61.875
2025-03-06 15:10:00-05:00,-61.875
2025-03-06 15:15:00-05:00,-61.875
2025-03-06 15:20:00-05:00,-61.875
2025-03-06 15:25:00-05:00,-61.875
2025-03-06 15:30:00-05:00,-61.875
2025-03-06 15:35:00-05:00,-61.875
2025-03-06 15:40:00-05:00,-61.875
2025-03-06 15:45:00-05:00,-61.875
2025-03-06 15:50:00-05:00,-61.875
2025-03-06 15:55:00-05:00,-61.875
2025-03-07 09:30:00-05:00,0.0
2025-03-07 09:35:00-05:00,-35.0
2025-03-07 09:40:00-05:00,-35.0
2025-03-07 09:45:00-05:00,42.5
2025-03-07 09:50:00-05:00,53.75
2025-03-07 09:55:00-05:00,-30.0
2025-03-07 10:00:00-05:00,10.0
2025-03-07 10:05:00-05:00,3.75
2025-03-07 10:10:00-05:00,-68.75
2025-03-07 10:15:00-05:00,-68.75
2025-03-07 10:20:00-05:00,-25.0
2025-03-07 10:25:00-05:00,-63.75
2025-03-07 10:30:00-05:00,-181.25
2025-03-07 10:35:00-05:00,-181.25
2025-03-07 10:40:00-05:00,-206.25
2025-03-07 10:45:00-05:00,-318.75
2025-03-07 10:50:00-05:00,-318.75
2025-03-07 10:55:00-05:00,-318.75
2025-03-07 11:00:00-05:00,-291.25
2025-03-07 11:05:00-05:00,-301.25
2025-03-07 11:10:00-05:00,-290.0
2025-03-07 11:15:00-05:00,-226.25
2025-03-07 11:20:00-05:00,-202.5
2025-03-07 11:25:00-05:00,-156.25
2025-03-07 11:30:00-05:00,-152.5
2025-03-07 11:35:00-05:00,-131.25
2025-03-07 11:40:00-05:00,-126.25
2025-03-07 11:45:00-05:00,-102.5
2025-03-07 11:50:00-05:00,-92.5
2025-03-07 11:55:00-05:00,-127.5
2025-03-07 12:00:00-05:00,-145.0
2025-03-07 12:05:00-05:00,-96.25
2025-03-07 12:10:00-05:00,-121.25
2025-03-07 12:15:00-05:00,-78.75
2025-03-07 12:20:00-05:00,-148.75
2025-03-07 12:25:00-05:00,-176.25
2025-03-07 12:30:00-05:00,-241.25
2025-03-07 12:35:00-05:00,-245.0
2025-03-07 12:40:00-05:00,-335.0
2025-03-07 12:45:00-05:00,-335.0
2025-03-07 12:50:00-05:00,-258.75
2025-03-07 12:55:00-05:00,-400.0
2025-03-07 13:00:00-05:00,-400.0
2025-03-07 13:05:00-05:00,-405.0
2025-03-07 13:10:00-05:00,-368.75
2025-03-07 13:15:00-05:00,-358.75
2025-03-07 13:20:00-05:00,-413.75
2025-03-07 13:25:00-05:00,-412.5
2025-03-07 13:30:00-05:00,-396.25
2025-03-07 13:35:00-05:00,-316.25
2025-03-07 13:40:00-05:00,-336.25
2025-03-07 13:45:00-05:00,-317.5
2025-03-07 13:50:00-05:00,-283.75
2025-03-07 13:55:00-05:00,-278.75
2025-03-07 14:00:00-05:00,-256.25
2025-03-07 14:05:00-05:00,-331.25
2025-03-07 14:10:00-05:00,-286.25
2025-03-07 14:15:00-05:00,-243.75
2025-03-07 14:20:00-05:00,-182.5
2025-03-07 14:25:00-05:00,-210.0
2025-03-07 14:30:00-05:00,-211.25
2025-03-07 14:35:00-05:00,-205.0
2025-03-07 14:40:00-05:00,-252.5
2025-03-07 14:45:00-05:00,-293.75
2025-03-07 14:50:00-05:00,-276.25
2025-03-07 14:55:00-05:00,-282.5
2025-03-07 15:00:00-05:00,-288.75
2025-03-07 15:05:00-05:00,-221.25
2025-03-07 15:10:00-05:00,-247.5
2025-03-07 15:15:00-05:00,-222.5
2025-03-07 15:20:00-05:00,-268.75
2025-03-07 15:25:00-05:00,-243.75
2025-03-07 15:30:00-05:00,-238.75
2025-03-07 15:35:00-05:00,-347.5
2025-03-07 15:40:00-05:00,-347.5
2025-03-07 15:45:00-05:00,-347.5
2025-03-07 15:50:00-05:00,-347.5
2025-03-07 15:55:00-05:00,-347.5
2025-03-10 09:30:00-04:00,0.0
2025-03-10 09:35:00-04:00,-63.75
2025-03-10 09:40:00-04:00,-63.75
2025-03-10 09:45:00-04:00,-25.0
2025-03-10 09:50:00-04:00,43.75
2025-03-10 09:55:00-04:00,26.25
2025-03-10 10:00:00-04:00,97.5
2025-03-10 10:05:00-04:00,101.25
2025-03-10 10:10:00-04:00,76.25
2025-03-10 10:15:00-04:00,105.0
2025-03-10 10:20:00-04:00,77.5
2025-03-10 10:25:00-04:00,118.75
2025-03-10 10:30:00-04:00,160.0
2025-03-10 10:35:00-04:00,143.75
2025-03-10 10:40:00-04:00,166.25
2025-03-10 10:45:00-04:00,160.0
2025-03-10 10:50:00-04:00,213.75
2025-03-10 10:55:00-04:00,196.25
2025-03-10 11:00:00-04:00,158.75
2025-03-10 11:05:00-04:00,127.5
2025-03-10 11:10:00-04:00,133.75
2025-03-10 11:15:00-04:00,185.0
2025-03-10 11:20:00-04:00,150.0
2025-03-10 11:25:00-04:00,137.5
2025-03-10 11:30:00-04:00,97.5
2025-03-10 11:35:00-04:00,118.75
2025-03-10 11:40:00-04:00,195.0
2025-03-10 11:45:00-04:00,141.25
2025-03-10 11:50:00-04:00,162.5
2025-03-10 11:55:00-04:00,202.5
2025-03-10 12:00:00-04:00,215.0
2025-03-10 12:05:00-04:00,215.0
2025-03-10 12:10:00-04:00,170.0
2025-03-10 12:15:00-04:00,238.75
2025-03-10 12:20:00-04:00,240.0
2025-03-10 12:25:00-04:00,206.25
2025-03-10 12:30:00-04:00,143.75
2025-03-10 12:35:00-04:00,256.25
2025-03-10 12:40:00-04:00,243.75
2025-03-10 12:45:00-04:00,236.25
2025-03-10 12:50:00-04:00,223.75
2025-03-10 12:55:00-04:00,242.5
2025-03-10 13:00:00-04:00,287.5
2025-03-10 13:05:00-04:00,305.0
2025-03-10 13:10:00-04:00,292.5
2025-03-10 13:15:00-04:00,285.0
2025-03-10 13:20:00-04:00,260.0
2025-03-10 13:25:00-04:00,298.75
2025-03-10 13:30:00-04:00,332.5
2025-03-10 13:35:00-04:00,343.75
2025-03-10 13:40:00-04:00,356.25
2025-03-10 13:45:00-04:00,366.25
2025-03-10 13:50:00-04:00,341.25
2025-03-10 13:55:00-04:00,373.75
2025-03-10 14:00:00-04:00,388.75
2025-03-10 14:05:00-04:00,386.25
2025-03-10 14:10:00-04:00,373.75
2025-03-10 14:15:00-04:00,382.5
2025-03-10 14:20:00-04:00,383.75
2025-03-10 14:25:00-04:00,402.5
2025-03-10 14:30:00-04:00,405.0
2025-03-10 14:35:00-04:00,430.0
2025-03-10 14:40:00-04:00,428.75
2025-03-10 14:45:00-04:00,445.0
2025-03-10 14:50:00-04:00,485.0
2025-03-10 14:55:00-04:00,528.75
2025-03-10 15:00:00-04:00,553.75
2025-03-10 15:05:00-04:00,592.5
2025-03-10 15:10:00-04:00,511.25
2025-03-10 15:15:00-04:00,451.25
2025-03-10 15:20:00-04:00,400.0
2025-03-10 15:25:00-04:00,407.5
2025-03-10 15:30:00-04:00,293.75
2025-03-10 15:35:00-04:00,325.0
2025-03-10 15:40:00-04:00,438.75
2025-03-10 15:45:00-04:00,376.25
2025-03-10 15:50:00-04:00,371.25
2025-03-10 15:55:00-04:00,397.5
2025-03-11 09:30:00-04:00,0.0
2025-03-11 09:35:00-04:00,-90.0
2025-03-11 09:40:00-04:00,-90.0
2025-03-11 09:45:00-04:00,-90.0
2025-03-11 09:50:00-04:00,-90.0
2025-03-11 09:55:00-04:00,-93.75
2025-03-11 10:00:00-04:00,-93.75
2025-03-11 10:05:00-04:00,-228.75
2025-03-11 10:10:00-04:00,-228.75
2025-03-11 10:15:00-04:00,-228.75
2025-03-11 10:20:00-04:00,-136.25
2025-03-11 10:25:00-04:00,-21.25
2025-03-11 10:30:00-04:00,-36.25
2025-03-11 10:35:00-04:00,98.75
2025-03-11 10:40:00-04:00,48.75
2025-03-11 10:45:00-04:00,73.75
2025-03-11 10:50:00-04:00,-123.75
2025-03-11 10:55:00-04:00,96.25
2025-03-11 11:00:00-04:00,81.25
2025-03-11 11:05:00-04:00,-226.25
2025-03-11 11:10:00-04:00,-213.75
2025-03-11 11:15:00-04:00,-263.75
2025-03-11 11:20:00-04:00,-151.25
2025-03-11 11:25:00-04:00,-138.75
2025-03-11 11:30:00-04:00,-238.75
2025-03-11 11:35:00-04:00,-276.25
2025-03-11 11:40:00-04:00,-276.25
2025-03-11 11:45:00-04:00,-276.25
2025-03-11 11:50:00-04:00,-276.25
2025-03-11 11:55:00-04:00,-276.25
2025-03-11 12:00:00-04:00,-276.25
2025-03-11 12:05:00-04:00,-276.25
2025-03-11 12:10:00-04:00,-276.25
2025-03-11 12:15:00-04:00,-276.25
2025-03-11 12:20:00-04:00,-276.25
2025-03-11 12:25:00-04:00,-276.25
2025-03-11 12:30:00-04:00,-268.75
2025-03-11 12:35:00-04:00,-176.25
2025-03-11 12:40:00-04:00,-151.25
2025-03-11 12:45:00-04:00,-191.25
2025-03-11 12:50:00-04:00,-81.25
2025-03-11 12:55:00-04:00,-53.75
2025-03-11 13:00:00-04:00,6.25
2025-03-11 13:05:00-04:00,6.25
2025-03-11 13:10:00-04:00,36.25
2025-03-11 13:15:00-04:00,16.25
2025-03-11 13:20:00-04:00,93.75
2025-03-11 13:25:00-04:00,156.25
2025-03-11 13:30:00-04:00,116.25
2025-03-11 13:35:00-04:00,81.25
2025-03-11 13:40:00-04:00,-11.25
2025-03-11 13:45:00-04:00,-96.25
2025-03-11 13:50:00-04:00,-106.25
2025-03-11 13:55:00-04:00,-53.75
2025-03-11 14:00:00-04:00,-263.75
2025-03-11 14:05:00-04:00,-285.0
2025-03-11 14:10:00-04:00,-351.25
2025-03-11 14:15:00-04:00,-351.25
2025-03-11 14:20:00-04:00,-351.25
2025-03-11 14:25:00-04:00,-351.25
2025-03-11 14:30:00-04:00,-351.25
2025-03-11 14:35:00-04:00,-351.25
2025-03-11 14:40:00-04:00,-351.25
2025-03-11 14:45:00-04:00,-351.25
2025-03-11 14:50:00-04:00,-351.25
2025-03-11 14:55:00-04:00,-351.25
2025-03-11 15:00:00-04:00,-351.25
2025-03-11 15:05:00-04:00,-351.25
2025-03-11 15:10:00-04:00,-351.25
2025-03-11 15:15:00-04:00,-351.25
2025-03-11 15:20:00-04:00,-351.25
2025-03-11 15:25:00-04:00,-351.25
2025-03-11 15:30:00-04:00,-351.25
2025-03-11 15:35:00-04:00,-351.25
2025-03-11 15:40:00-04:00,-351.25
2025-03-11 15:45:00-04:00,-351.25
2025-03-11 15:50:00-04:00,-351.25
2025-03-11 15:55:00-04:00,-351.25
2025-03-12 09:30:00-04:00,0.0
2025-03-12 09:35:00-04:00,0.0
2025-03-12 09:40:00-04:00,0.0
2025-03-12 09:45:00-04:00,16.25
2025-03-12 09:50:00-04:00,50.0
2025-03-12 09:55:00-04:00,56.25
2025-03-12 10:00:00-04:00,65.0
2025-03-12 10:05:00-04:00,20.0
2025-03-12 10:10:00-04:00,20.0
2025-03-12 10:15:00-04:00,20.0
2025-03-12 10:20:00-04:00,-16.25
2025-03-12 10:25:00-04:00,-16.25
2025-03-12 10:30:00-04:00,57.5
2025-03-12 10:35:00-04:00,76.25
2025-03-12 10:40:00-04:00,105.0
2025-03-12 10:45:00-04:00,123.75
2025-03-12 10:50:00-04:00,66.25
2025-03-12 10:55:00-04:00,152.5
2025-03-12 11:00:00-04:00,190.0
2025-03-12 11:05:00-04:00,207.5
2025-03-12 11:10:00-04:00,190.0
2025-03-12 11:15:00-04:00,151.25
2025-03-12 11:20:00-04:00,115.0
2025-03-12 11:25:00-04:00,87.5
2025-03-12 11:30:00-04:00,73.75
2025-03-12 11:35:00-04:00,43.75
2025-03-12 11:40:00-04:00,40.0
2025-03-12 11:45:00-04:00,3.75
2025-03-12 11:50:00-04:00,-15.0
2025-03-12 11:55:00-04:00,-15.0
2025-03-12 12:00:00-04:00,-37.5
2025-03-12 12:05:00-04:00,6.25
2025-03-12 12:10:00-04:00,50.0
2025-03-12 12:15:00-04:00,46.25
2025-03-12 12:20:00-04:00,57.5
2025-03-12 12:25:00-04:00,40.0
2025-03-12 12:30:00-04:00,82.5
2025-03-12 12:35:00-04:00,48.75
2025-03-12 12:40:00-04:00,-26.25
2025-03-12 12:45:00-04:00,58.75
2025-03-12 12:50:00-04:00,46.25
2025-03-12 12:55:00-04:00,-20.0
2025-03-12 13:00:00-04:00,-7.5
2025-03-12 13:05:00-04:00,27.5
2025-03-12 13:10:00-04:00,53.75
2025-03-12 13:15:00-04:00,46.25
2025-03-12 13:20:00-04:00,78.75
2025-03-12 13:25:00-04:00,98.75
2025-03-12 13:30:00-04:00,87.5
2025-03-12 13:35:00-04:00,77.5
2025-03-12 13:40:00-04:00,62.5
2025-03-12 13:45:00-04:00,48.75
2025-03-12 13:50:00-04:00,-2.5
2025-03-12 13:55:00-04:00,-73.75
2025-03-12 14:00:00-04:00,-73.75
2025-03-12 14:05:00-04:00,-61.25
2025-03-12 14:10:00-04:00,-107.5
2025-03-12 14:15:00-04:00,-107.5
2025-03-12 14:20:00-04:00,-103.75
2025-03-12 14:25:00-04:00,-133.75
2025-03-12 14:30:00-04:00,-151.25
2025-03-12 14:35:00-04:00,-151.25
2025-03-12 14:40:00-04:00,-191.25
2025-03-12 14:45:00-04:00,-191.25
2025-03-12 14:50:00-04:00,-166.25
2025-03-12 14:55:00-04:00,-166.25
2025-03-12 15:00:00-04:00,-198.75
2025-03-12 15:05:00-04:00,-198.75
2025-03-12 15:10:00-04:00,-218.75
2025-03-12 15:15:00-04:00,-212.5
2025-03-12 15:20:00-04:00,-261.25
2025-03-12 15:25:00-04:00,-261.25
2025-03-12 15:30:00-04:00,-270.0
2025-03-12 15:35:00-04:00,-287.5
2025-03-12 15:40:00-04:00,-278.75
2025-03-12 15:45:00-04:00,-288.75
2025-03-12 15:50:00-04:00,-287.5
2025-03-12 15:55:00-04:00,-261.25
2025-03-13 09:30:00-04:00,0.0
2025-03-13 09:35:00-04:00,0.0
2025-03-13 09:40:00-04:00,0.0
2025-03-13 09:45:00-04:00,0.0
2025-03-13 09:50:00-04:00,0.0
2025-03-13 09:55:00-04:00,0.0
2025-03-13 10:00:00-04:00,0.0
2025-03-13 10:05:00-04:00,0.0
2025-03-13 10:10:00-04:00,0.0
2025-03-13 10:15:00-04:00,0.0
2025-03-13 10:20:00-04:00,0.0
2025-03-13 10:25:00-04:00,0.0
2025-03-13 10:30:00-04:00,0.0
2025-03-13 10:35:00-04:00,0.0
2025-03-13 10:40:00-04:00,0.0
2025-03-13 10:45:00-04:00,0.0
2025-03-13 10:50:00-04:00,0.0
2025-03-13 10:55:00-04:00,0.0
2025-03-13 11:00:00-04:00,0.0
2025-03-13 11:05:00-04:00,0.0
2025-03-13 11:10:00-04:00,0.0
2025-03-13 11:15:00-04:00,0.0
2025-03-13 11:20:00-04:00,0.0
2025-03-13 11:25:00-04:00,0.0
2025-03-13 11:30:00-04:00,0.0
2025-03-13 11:35:00-04:00,0.0
2025-03-13 11:40:00-04:00,0.0
2025-03-13 11:45:00-04:00,0.0
2025-03-13 11:50:00-04:00,0.0
2025-03-13 11:55:00-04:00,0.0
2025-03-13 12:00:00-04:00,0.0
2025-03-13 12:05:00-04:00,0.0
2025-03-13 12:10:00-04:00,0.0
2025-03-13 12:15:00-04:00,0.0
2025-03-13 12:20:00-04:00,0.0
2025-03-13 12:25:00-04:00,0.0
2025-03-13 12:30:00-04:00,0.0
2025-03-13 12:35:00-04:00,0.0
2025-03-13 12:40:00-04:00,0.0
2025-03-13 12:45:00-04:00,0.0
2025-03-13 12:50:00-04:00,0.0
2025-03-13 12:55:00-04:00,0.0
2025-03-13 13:00:00-04:00,0.0
2025-03-13 13:05:00-04:00,0.0
2025-03-13 13:10:00-04:00,0.0
2025-03-13 13:15:00-04:00,0.0
2025-03-13 13:20:00-04:00,0.0
2025-03-13 13:25:00-04:00,0.0
2025-03-13 13:30:00-04:00,0.0
2025-03-13 13:35:00-04:00,0.0
2025-03-13 13:40:00-04:00,0.0
2025-03-13 13:45:00-04:00,0.0
2025-03-13 13:50:00-04:00,0.0
2025-03-13 13:55:00-04:00,0.0
2025-03-13 14:00:00-04:00,0.0
2025-03-13 14:05:00-04:00,0.0
2025-03-13 14:10:00-04:00,0.0
2025-03-13 14:15:00-04:00,0.0
2025-03-13 14:20:00-04:00,0.0
2025-03-13 14:25:00-04:00,0.0
2025-03-13 14:30:00-04:00,-7.5
2025-03-13 14:35:00-04:00,50.0
2025-03-13 14:40:00-04:00,92.5
2025-03-13 14:45:00-04:00,100.0
2025-03-13 14:50:00-04:00,37.5
2025-03-13 14:55:00-04:00,85.0
2025-03-13 15:00:00-04:00,40.0
2025-03-13 15:05:00-04:00,-55.0
2025-03-13 15:10:00-04:00,-20.0
2025-03-13 15:15:00-04:00,2.5
2025-03-13 15:20:00-04:00,-52.5
2025-03-13 15:25:00-04:00,-82.5
2025-03-13 15:30:00-04:00,-82.5
2025-03-13 15:35:00-04:00,-189.375
2025-03-13 15:40:00-04:00,-260.0
2025-03-13 15:45:00-04:00,-260.0
2025-03-13 15:50:00-04:00,-260.0
2025-03-13 15:55:00-04:00,-260.0
2025-03-14 09:30:00-04:00,0.0
2025-03-14 09:35:00-04:00,0.0
2025-03-14 09:40:00-04:00,0.0
2025-03-14 09:45:00-04:00,168.75
2025-03-14 09:50:00-04:00,213.75
2025-03-14 09:55:00-04:00,101.25
2025-03-14 10:00:00-04:00,33.75
2025-03-14 10:05:00-04:00,-19.375
2025-03-14 10:10:00-04:00,-19.375
2025-03-14 10:15:00-04:00,-36.25
2025-03-14 10:20:00-04:00,28.75
2025-03-14 10:25:00-04:00,-31.25
2025-03-14 10:30:00-04:00,36.25
2025-03-14 10:35:00-04:00,131.25
2025-03-14 10:40:00-04:00,143.75
2025-03-14 10:45:00-04:00,168.75
2025-03-14 10:50:00-04:00,178.75
2025-03-14 10:55:00-04:00,303.75
2025-03-14 11:00:00-04:00,326.25
2025-03-14 11:05:00-04:00,283.75
2025-03-14 11:10:00-04:00,306.25
2025-03-14 11:15:00-04:00,368.75
2025-03-14 11:20:00-04:00,411.25
2025-03-14 11:25:00-04:00,381.25
2025-03-14 11:30:00-04:00,433.75
2025-03-14 11:35:00-04:00,456.25
2025-03-14 11:40:00-04:00,503.75
2025-03-14 11:45:00-04:00,453.75
2025-03-14 11:50:00-04:00,451.25
2025-03-14 11:55:00-04:00,486.25
2025-03-14 12:00:00-04:00,426.25
2025-03-14 12:05:00-04:00,378.75
2025-03-14 12:10:00-04:00,356.25
2025-03-14 12:15:00-04:00,323.75
2025-03-14 12:20:00-04:00,373.75
2025-03-14 12:25:00-04:00,296.25
2025-03-14 12:30:00-04:00,343.75
2025-03-14 12:35:00-04:00,383.75
2025-03-14 12:40:00-04:00,209.6875
2025-03-14 12:45:00-04:00,209.6875
2025-03-14 12:50:00-04:00,209.6875
2025-03-14 12:55:00-04:00,209.6875
2025-03-14 13:00:00-04:00,209.6875
2025-03-14 13:05:00-04:00,209.6875
2025-03-14 13:10:00-04:00,423.75
2025-03-14 13:15:00-04:00,307.96875
2025-03-14 13:20:00-04:00,307.96875
2025-03-14 13:25:00-04:00,376.25
2025-03-14 13:30:00-04:00,351.25
2025-03-14 13:35:00-04:00,381.25
2025-03-14 13:40:00-04:00,308.359375
2025-03-14 13:45:00-04:00,308.359375
2025-03-14 13:50:00-04:00,365.0
2025-03-14 13:55:00-04:00,299.1796875
2025-03-14 14:00:00-04:00,299.1796875
2025-03-14 14:05:00-04:00,299.1796875
2025-03-14 14:10:00-04:00,299.1796875
2025-03-14 14:15:00-04:00,299.1796875
2025-03-14 14:20:00-04:00,299.1796875
2025-03-14 14:25:00-04:00,299.1796875
2025-03-14 14:30:00-04:00,299.1796875
2025-03-14 14:35:00-04:00,299.1796875
2025-03-14 14:40:00-04:00,299.1796875
2025-03-14 14:45:00-04:00,299.1796875
2025-03-14 14:50:00-04:00,341.25
2025-03-14 14:55:00-04:00,333.75
2025-03-14 15:00:00-04:00,371.25
2025-03-14 15:05:00-04:00,391.25
2025-03-14 15:10:00-04:00,426.25
2025-03-14 15:15:00-04:00,383.75
2025-03-14 15:20:00-04:00,373.75
2025-03-14 15:25:00-04:00,336.25
2025-03-14 15:30:00-04:00,363.75
2025-03-14 15:35:00-04:00,321.25
2025-03-14 15:40:00-04:00,348.75
2025-03-14 15:45:00-04:00,406.25
2025-03-14 15:50:00-04:00,496.25
2025-03-14 15:55:00-04:00,423.75
2025-03-17 09:30:00-04:00,0.0
2025-03-17 09:35:00-04:00,0.0
2025-03-17 09:40:00-04:00,0.0
2025-03-17 09:45:00-04:00,0.0
2025-03-17 09:50:00-04:00,0.0
2025-03-17 09:55:00-04:00,0.0
2025-03-17 10:00:00-04:00,0.0
2025-03-17 10:05:00-04:00,0.0
2025-03-17 10:10:00-04:00,0.0
2025-03-17 10:15:00-04:00,0.0
2025-03-17 10:20:00-04:00,0.0
2025-03-17 10:25:00-04:00,0.0
2025-03-17 10:30:00-04:00,0.0
2025-03-17 10:35:00-04:00,0.0
2025-03-17 10:40:00-04:00,0.0
2025-03-17 10:45:00-04:00,0.0
2025-03-17 10:50:00-04:00,0.0
2025-03-17 10:55:00-04:00,0.0
2025-03-17 11:00:00-04:00,0.0
2025-03-17 11:05:00-04:00,-20.0
2025-03-17 11:10:00-04:00,-36.25
2025-03-17 11:15:00-04:00,-36.25
2025-03-17 11:20:00-04:00,-36.25
2025-03-17 11:25:00-04:00,-11.25
2025-03-17 11:30:00-04:00,73.75
2025-03-17 11:35:00-04:00,81.25
2025-03-17 11:40:00-04:00,68.75
2025-03-17 11:45:00-04:00,8.75
2025-03-17 11:50:00-04:00,-21.25
2025-03-17 11:55:00-04:00,16.25
2025-03-17 12:00:00-04:00,-16.25
2025-03-17 12:05:00-04:00,-67.5
2025-03-17 12:10:00-04:00,-67.5
2025-03-17 12:15:00-04:00,-67.5
2025-03-17 12:20:00-04:00,-36.25
2025-03-17 12:25:00-04:00,-16.25
2025-03-17 12:30:00-04:00,-16.25
2025-03-17 12:35:00-04:00,-16.25
2025-03-17 12:40:00-04:00,-16.25
2025-03-17 12:45:00-04:00,-16.25
2025-03-17 12:50:00-04:00,-62.5
2025-03-17 12:55:00-04:00,-62.5
2025-03-17 13:00:00-04:00,-62.5
2025-03-17 13:05:00-04:00,-105.0
2025-03-17 13:10:00-04:00,-105.0
2025-03-17 13:15:00-04:00,-105.0
2025-03-17 13:20:00-04:00,-105.0
2025-03-17 13:25:00-04:00,-105.0
2025-03-17 13:30:00-04:00,-105.0
2025-03-17 13:35:00-04:00,-105.0
2025-03-17 13:40:00-04:00,-105.0
2025-03-17 13:45:00-04:00,-105.0
2025-03-17 13:50:00-04:00,-105.0
2025-03-17 13:55:00-04:00,-105.0
2025-03-17 14:00:00-04:00,-105.0
2025-03-17 14:05:00-04:00,-105.0
2025-03-17 14:10:00-04:00,-105.0
2025-03-17 14:15:00-04:00,-105.0
2025-03-17 14:20:00-04:00,-105.0
2025-03-17 14:25:00-04:00,-105.0
2025-03-17 14:30:00-04:00,-105.0
2025-03-17 14:35:00-04:00,-105.0
2025-03-17 14:40:00-04:00,-105.0
2025-03-17 14:45:00-04:00,-105.0
2025-03-17 14:50:00-04:00,-105.0
2025-03-17 14:55:00-04:00,-105.0
2025-03-17 15:00:00-04:00,-105.0
2025-03-17 15:05:00-04:00,-105.0
2025-03-17 15:10:00-04:00,-105.0
2025-03-17 15:15:00-04:00,-105.0
2025-03-17 15:20:00-04:00,-105.0
2025-03-17 15:25:00-04:00,-105.0
2025-03-17 15:30:00-04:00,-105.0
2025-03-17 15:35:00-04:00,-105.0
2025-03-17 15:40:00-04:00,-105.0
2025-03-17 15:45:00-04:00,-105.0
2025-03-17 15:50:00-04:00,-105.0
2025-03-17 15:55:00-04:00,-105.0
2025-03-18 09:30:00-04:00,0.0
2025-03-18 09:35:00-04:00,0.0
2025-03-18 09:40:00-04:00,0.0
2025-03-18 09:45:00-04:00,0.0
2025-03-18 09:50:00-04:00,0.0
2025-03-18 09:55:00-04:00,0.0
2025-03-18 10:00:00-04:00,0.0
2025-03-18 10:05:00-04:00,0.0
2025-03-18 10:10:00-04:00,0.0
2025-03-18 10:15:00-04:00,0.0
2025-03-18 10:20:00-04:00,0.0
2025-03-18 10:25:00-04:00,0.0
2025-03-18 10:30:00-04:00,0.0
2025-03-18 10:35:00-04:00,0.0
2025-03-18 10:40:00-04:00,0.0
2025-03-18 10:45:00-04:00,0.0
2025-03-18 10:50:00-04:00,0.0
2025-03-18 10:55:00-04:00,0.0
2025-03-18 11:00:00-04:00,0.0
2025-03-18 11:05:00-04:00,0.0
2025-03-18 11:10:00-04:00,0.0
2025-03-18 11:15:00-04:00,0.0
2025-03-18 11:20:00-04:00,0.0
2025-03-18 11:25:00-04:00,0.0
2025-03-18 11:30:00-04:00,0.0
2025-03-18 11:35:00-04:00,0.0
2025-03-18 11:40:00-04:00,0.0
2025-03-18 11:45:00-04:00,0.0
2025-03-18 11:50:00-04:00,0.0
2025-03-18 11:55:00-04:00,0.0
2025-03-18 12:00:00-04:00,0.0
2025-03-18 12:05:00-04:00,0.0
2025-03-18 12:10:00-04:00,0.0
2025-03-18 12:15:00-04:00,0.0
2025-03-18 12:20:00-04:00,0.0
2025-03-18 12:25:00-04:00,0.0
2025-03-18 12:30:00-04:00,-42.5
2025-03-18 12:35:00-04:00,-35.0
2025-03-18 12:40:00-04:00,-78.75
2025-03-18 12:45:00-04:00,-78.75
2025-03-18 12:50:00-04:00,-78.75
2025-03-18 12:55:00-04:00,-78.75
2025-03-18 13:00:00-04:00,-78.75
2025-03-18 13:05:00-04:00,-78.75
2025-03-18 13:10:00-04:00,-78.75
2025-03-18 13:15:00-04:00,-78.75
2025-03-18 13:20:00-04:00,-131.25
2025-03-18 13:25:00-04:00,-131.25
2025-03-18 13:30:00-04:00,-131.25
2025-03-18 13:35:00-04:00,-131.25
2025-03-18 13:40:00-04:00,-143.125
2025-03-18 13:45:00-04:00,-143.125
2025-03-18 13:50:00-04:00,-138.75
2025-03-18 13:55:00-04:00,-163.4375
2025-03-18 14:00:00-04:00,-222.5
2025-03-18 14:05:00-04:00,-222.5
2025-03-18 14:10:00-04:00,-222.5
2025-03-18 14:15:00-04:00,-222.5
2025-03-18 14:20:00-04:00,-222.5
2025-03-18 14:25:00-04:00,-223.75
2025-03-18 14:30:00-04:00,-223.75
2025-03-18 14:35:00-04:00,-223.75
2025-03-18 14:40:00-04:00,-242.5
2025-03-18 14:45:00-04:00,-242.5
2025-03-18 14:50:00-04:00,-242.5
2025-03-18 14:55:00-04:00,-262.5
2025-03-18 15:00:00-04:00,-285.0
2025-03-18 15:05:00-04:00,-280.0
2025-03-18 15:10:00-04:00,-280.0
2025-03-18 15:15:00-04:00,-272.5
2025-03-18 15:20:00-04:00,-272.5
2025-03-18 15:25:00-04:00,-302.5
2025-03-18 15:30:00-04:00,-287.5
2025-03-18 15:35:00-04:00,-310.0
2025-03-18 15:40:00-04:00,-310.0
2025-03-18 15:45:00-04:00,-310.0
2025-03-18 15:50:00-04:00,-310.0
2025-03-18 15:55:00-04:00,-321.25
2025-03-19 09:30:00-04:00,0.0
2025-03-19 09:35:00-04:00,0.0
2025-03-19 09:40:00-04:00,-41.25
2025-03-19 09:45:00-04:00,-41.25
2025-03-19 09:50:00-04:00,85.0
2025-03-19 09:55:00-04:00,57.5
2025-03-19 10:00:00-04:00,115.0
2025-03-19 10:05:00-04:00,192.5
2025-03-19 10:10:00-04:00,152.5
2025-03-19 10:15:00-04:00,172.5
2025-03-19 10:20:00-04:00,157.5
2025-03-19 10:25:00-04:00,110.0
2025-03-19 10:30:00-04:00,125.0
2025-03-19 10:35:00-04:00,102.5
2025-03-19 10:40:00-04:00,60.0
2025-03-19 10:45:00-04:00,72.5
2025-03-19 10:50:00-04:00,15.0
2025-03-19 10:55:00-04:00,12.5
2025-03-19 11:00:00-04:00,47.5
2025-03-19 11:05:00-04:00,115.0
2025-03-19 11:10:00-04:00,120.0
2025-03-19 11:15:00-04:00,-3.125
2025-03-19 11:20:00-04:00,-3.125
2025-03-19 11:25:00-04:00,-3.125
2025-03-19 11:30:00-04:00,-3.125
2025-03-19 11:35:00-04:00,-3.125
2025-03-19 11:40:00-04:00,-3.125
2025-03-19 11:45:00-04:00,136.25
2025-03-19 11:50:00-04:00,193.75
2025-03-19 11:55:00-04:00,171.25
2025-03-19 12:00:00-04:00,166.25
2025-03-19 12:05:00-04:00,176.25
2025-03-19 12:10:00-04:00,123.75
2025-03-19 12:15:00-04:00,116.25
2025-03-19 12:20:00-04:00,116.25
2025-03-19 12:25:00-04:00,143.75
2025-03-19 12:30:00-04:00,113.75
2025-03-19 12:35:00-04:00,96.25
2025-03-19 12:40:00-04:00,98.75
2025-03-19 12:45:00-04:00,86.25
2025-03-19 12:50:00-04:00,128.75
2025-03-19 12:55:00-04:00,86.25
2025-03-19 13:00:00-04:00,27.8125
2025-03-19 13:05:00-04:00,31.25
2025-03-19 13:10:00-04:00,31.25
2025-03-19 13:15:00-04:00,31.25
2025-03-19 13:20:00-04:00,31.25
2025-03-19 13:25:00-04:00,31.25
2025-03-19 13:30:00-04:00,31.25
2025-03-19 13:35:00-04:00,31.25
2025-03-19 13:40:00-04:00,31.25
2025-03-19 13:45:00-04:00,31.25
2025-03-19 13:50:00-04:00,31.25
2025-03-19 13:55:00-04:00,31.25
2025-03-19 14:00:00-04:00,31.25
2025-03-19 14:05:00-04:00,31.25
2025-03-19 14:10:00-04:00,31.25
2025-03-19 14:15:00-04:00,31.25
2025-03-19 14:20:00-04:00,31.25
2025-03-19 14:25:00-04:00,31.25
2025-03-19 14:30:00-04:00,136.25
2025-03-19 14:35:00-04:00,93.75
2025-03-19 14:40:00-04:00,238.75
2025-03-19 14:45:00-04:00,201.25
2025-03-19 14:50:00-04:00,308.75
2025-03-19 14:55:00-04:00,371.25
2025-03-19 15:00:00-04:00,431.25
2025-03-19 15:05:00-04:00,586.25
2025-03-19 15:10:00-04:00,556.25
2025-03-19 15:15:00-04:00,491.25
2025-03-19 15:20:00-04:00,396.25
2025-03-19 15:25:00-04:00,268.75
2025-03-19 15:30:00-04:00,353.75
2025-03-19 15:35:00-04:00,383.75
2025-03-19 15:40:00-04:00,471.25
2025-03-19 15:45:00-04:00,393.75
2025-03-19 15:50:00-04:00,306.25
2025-03-19 15:55:00-04:00,248.75
2025-03-20 09:30:00-04:00,0.0
2025-03-20 09:35:00-04:00,0.0
2025-03-20 09:40:00-04:00,-50.0
2025-03-20 09:45:00-04:00,-41.25
2025-03-20 09:50:00-04:00,-41.25
2025-03-20 09:55:00-04:00,-108.125
2025-03-20 10:00:00-04:00,-108.125
2025-03-20 10:05:00-04:00,-265.0
2025-03-20 10:10:00-04:00,-260.0
2025-03-20 10:15:00-04:00,-215.3125
2025-03-20 10:20:00-04:00,-215.3125
2025-03-20 10:25:00-04:00,-356.25
2025-03-20 10:30:00-04:00,-356.25
2025-03-20 10:35:00-04:00,-356.25
2025-03-20 10:40:00-04:00,-356.25
2025-03-20 10:45:00-04:00,-356.25
2025-03-20 10:50:00-04:00,-356.25
2025-03-20 10:55:00-04:00,-356.25
2025-03-20 11:00:00-04:00,-356.25
2025-03-20 11:05:00-04:00,-356.25
2025-03-20 11:10:00-04:00,-356.25
2025-03-20 11:15:00-04:00,-356.25
2025-03-20 11:20:00-04:00,-366.25
2025-03-20 11:25:00-04:00,-366.25
2025-03-20 11:30:00-04:00,-366.25
2025-03-20 11:35:00-04:00,-382.5
2025-03-20 11:40:00-04:00,-382.5
2025-03-20 11:45:00-04:00,-382.5
2025-03-20 11:50:00-04:00,-382.5
2025-03-20 11:55:00-04:00,-382.5
2025-03-20 12:00:00-04:00,-382.5
2025-03-20 12:05:00-04:00,-382.5
2025-03-20 12:10:00-04:00,-382.5
2025-03-20 12:15:00-04:00,-382.5
2025-03-20 12:20:00-04:00,-265.0
2025-03-20 12:25:00-04:00,-167.5
2025-03-20 12:30:00-04:00,-170.0
2025-03-20 12:35:00-04:00,-227.5
2025-03-20 12:40:00-04:00,-152.5
2025-03-20 12:45:00-04:00,-115.0
2025-03-20 12:50:00-04:00,-192.5
2025-03-20 12:55:00-04:00,-132.5
2025-03-20 13:00:00-04:00,-187.5
2025-03-20 13:05:00-04:00,-250.0
2025-03-20 13:10:00-04:00,-237.5
2025-03-20 13:15:00-04:00,-207.5
2025-03-20 13:20:00-04:00,-110.0
2025-03-20 13:25:00-04:00,-12.5
2025-03-20 13:30:00-04:00,-80.0
2025-03-20 13:35:00-04:00,-125.0
2025-03-20 13:40:00-04:00,-127.5
2025-03-20 13:45:00-04:00,-125.0
2025-03-20 13:50:00-04:00,-55.0
2025-03-20 13:55:00-04:00,-55.0
2025-03-20 14:00:00-04:00,-67.5
2025-03-20 14:05:00-04:00,-85.0
2025-03-20 14:10:00-04:00,-105.0
2025-03-20 14:15:00-04:00,-95.0
2025-03-20 14:20:00-04:00,-40.0
2025-03-20 14:25:00-04:00,52.5
2025-03-20 14:30:00-04:00,70.0
2025-03-20 14:35:00-04:00,2.5
2025-03-20 14:40:00-04:00,52.5
2025-03-20 14:45:00-04:00,-22.5
2025-03-20 14:50:00-04:00,-115.0
2025-03-20 14:55:00-04:00,17.5
2025-03-20 15:00:00-04:00,-42.5
2025-03-20 15:05:00-04:00,-30.0
2025-03-20 15:10:00-04:00,-65.0
2025-03-20 15:15:00-04:00,-105.0
2025-03-20 15:20:00-04:00,-147.5
2025-03-20 15:25:00-04:00,-7.5
2025-03-20 15:30:00-04:00,-7.5
2025-03-20 15:35:00-04:00,-7.5
2025-03-20 15:40:00-04:00,-7.5
2025-03-20 15:45:00-04:00,-7.5
2025-03-20 15:50:00-04:00,-7.5
2025-03-20 15:55:00-04:00,-7.5
2025-03-21 09:30:00-04:00,0.0
2025-03-21 09:35:00-04:00,0.0
2025-03-21 09:40:00-04:00,-27.5
2025-03-21 09:45:00-04:00,-27.5
2025-03-21 09:50:00-04:00,-60.0
2025-03-21 09:55:00-04:00,-70.0
2025-03-21 10:00:00-04:00,-25.0
2025-03-21 10:05:00-04:00,72.5
2025-03-21 10:10:00-04:00,2.5
2025-03-21 10:15:00-04:00,-27.5
2025-03-21 10:20:00-04:00,-102.5
2025-03-21 10:25:00-04:00,-75.0
2025-03-21 10:30:00-04:00,-85.0
2025-03-21 10:35:00-04:00,-12.5
2025-03-21 10:40:00-04:00,-77.5
2025-03-21 10:45:00-04:00,-95.0
2025-03-21 10:50:00-04:00,-73.75
2025-03-21 10:55:00-04:00,-73.75
2025-03-21 11:00:00-04:00,-161.25
2025-03-21 11:05:00-04:00,-161.25
2025-03-21 11:10:00-04:00,-161.25
2025-03-21 11:15:00-04:00,-146.25
2025-03-21 11:20:00-04:00,-146.25
2025-03-21 11:25:00-04:00,-146.25
2025-03-21 11:30:00-04:00,-146.25
2025-03-21 11:35:00-04:00,-146.25
2025-03-21 11:40:00-04:00,-146.25
2025-03-21 11:45:00-04:00,-146.25
2025-03-21 11:50:00-04:00,-146.25
2025-03-21 11:55:00-04:00,-155.0
2025-03-21 12:00:00-04:00,-200.0
2025-03-21 12:05:00-04:00,-209.375
2025-03-21 12:10:00-04:00,-209.375
2025-03-21 12:15:00-04:00,-301.5625
2025-03-21 12:20:00-04:00,-423.75
2025-03-21 12:25:00-04:00,-423.75
2025-03-21 12:30:00-04:00,-423.75
2025-03-21 12:35:00-04:00,-423.75
2025-03-21 12:40:00-04:00,-423.75
2025-03-21 12:45:00-04:00,-468.75
2025-03-21 12:50:00-04:00,-468.75
2025-03-21 12:55:00-04:00,-468.75
2025-03-21 13:00:00-04:00,-468.75
2025-03-21 13:05:00-04:00,-468.75
2025-03-21 13:10:00-04:00,-468.75
2025-03-21 13:15:00-04:00,-468.75
2025-03-21 13:20:00-04:00,-468.75
2025-03-21 13:25:00-04:00,-468.75
2025-03-21 13:30:00-04:00,-468.75
2025-03-21 13:35:00-04:00,-468.75
2025-03-21 13:40:00-04:00,-468.75
2025-03-21 13:45:00-04:00,-468.75
2025-03-21 13:50:00-04:00,-468.75
2025-03-21 13:55:00-04:00,-468.75
2025-03-21 14:00:00-04:00,-468.75
2025-03-21 14:05:00-04:00,-468.75
2025-03-21 14:10:00-04:00,-468.75
2025-03-21 14:15:00-04:00,-468.75
2025-03-21 14:20:00-04:00,-468.75
2025-03-21 14:25:00-04:00,-468.75
2025-03-21 14:30:00-04:00,-468.75
2025-03-21 14:35:00-04:00,-468.75
2025-03-21 14:40:00-04:00,-468.75
2025-03-21 14:45:00-04:00,-468.75
2025-03-21 14:50:00-04:00,-468.75
2025-03-21 14:55:00-04:00,-468.75
2025-03-21 15:00:00-04:00,-468.75
2025-03-21 15:05:00-04:00,-468.75
2025-03-21 15:10:00-04:00,-468.75
2025-03-21 15:15:00-04:00,-468.75
2025-03-21 15:20:00-04:00,-468.75
2025-03-21 15:25:00-04:00,-468.75
2025-03-21 15:30:00-04:00,-468.75
2025-03-21 15:35:00-04:00,-468.75
2025-03-21 15:40:00-04:00,-468.75
2025-03-21 15:45:00-04:00,-468.75
2025-03-21 15:50:00-04:00,-468.75
2025-03-21 15:55:00-04:00,-468.75
2025-03-24 09:30:00-04:00,0.0
2025-03-24 09:35:00-04:00,47.5
2025-03-24 09:40:00-04:00,58.75
2025-03-24 09:45:00-04:00,86.25
2025-03-24 09:50:00-04:00,90.0
2025-03-24 09:55:00-04:00,92.5
2025-03-24 10:00:00-04:00,86.25
2025-03-24 10:05:00-04:00,65.0
2025-03-24 10:10:00-04:00,100.0
2025-03-24 10:15:00-04:00,108.75
2025-03-24 10:20:00-04:00,120.0
2025-03-24 10:25:00-04:00,113.75
2025-03-24 10:30:00-04:00,108.75
2025-03-24 10:35:00-04:00,95.0
2025-03-24 10:40:00-04:00,100.0
2025-03-24 10:45:00-04:00,138.75
2025-03-24 10:50:00-04:00,138.75
2025-03-24 10:55:00-04:00,136.25
2025-03-24 11:00:00-04:00,138.75
2025-03-24 11:05:00-04:00,150.0
2025-03-24 11:10:00-04:00,147.5
2025-03-24 11:15:00-04:00,153.75
2025-03-24 11:20:00-04:00,147.5
2025-03-24 11:25:00-04:00,145.0
2025-03-24 11:30:00-04:00,141.25
2025-03-24 11:35:00-04:00,121.25
2025-03-24 11:40:00-04:00,127.5
2025-03-24 11:45:00-04:00,122.5
2025-03-24 11:50:00-04:00,151.25
2025-03-24 11:55:00-04:00,155.0
2025-03-24 12:00:00-04:00,160.0
2025-03-24 12:05:00-04:00,171.25
2025-03-24 12:10:00-04:00,171.25
2025-03-24 12:15:00-04:00,152.5
2025-03-24 12:20:00-04:00,168.75
2025-03-24 12:25:00-04:00,122.5
2025-03-24 12:30:00-04:00,132.5
2025-03-24 12:35:00-04:00,117.5
2025-03-24 12:40:00-04:00,120.0
2025-03-24 12:45:00-04:00,126.25
2025-03-24 12:50:00-04:00,126.25
2025-03-24 12:55:00-04:00,126.25
2025-03-24 13:00:00-04:00,126.25
2025-03-24 13:05:00-04:00,130.0
2025-03-24 13:10:00-04:00,137.5
2025-03-24 13:15:00-04:00,135.0
2025-03-24 13:20:00-04:00,135.0
2025-03-24 13:25:00-04:00,117.5
2025-03-24 13:30:00-04:00,110.0
2025-03-24 13:35:00-04:00,105.0
2025-03-24 13:40:00-04:00,117.5
2025-03-24 13:45:00-04:00,112.5
2025-03-24 13:50:00-04:00,116.25
2025-03-24 13:55:00-04:00,112.5
2025-03-24 14:00:00-04:00,152.5
2025-03-24 14:05:00-04:00,142.5
2025-03-24 14:10:00-04:00,152.5
2025-03-24 14:15:00-04:00,148.75
2025-03-24 14:20:00-04:00,156.25
2025-03-24 14:25:00-04:00,151.25
2025-03-24 14:30:00-04:00,157.5
2025-03-24 14:35:00-04:00,123.75
2025-03-24 14:40:00-04:00,103.75
2025-03-24 14:45:00-04:00,103.75
2025-03-24 14:50:00-04:00,88.75
2025-03-24 14:55:00-04:00,88.75
2025-03-24 15:00:00-04:00,100.0
2025-03-24 15:05:00-04:00,98.75
2025-03-24 15:10:00-04:00,93.75
2025-03-24 15:15:00-04:00,106.25
2025-03-24 15:20:00-04:00,113.75
2025-03-24 15:25:00-04:00,102.5
2025-03-24 15:30:00-04:00,105.0
2025-03-24 15:35:00-04:00,108.75
2025-03-24 15:40:00-04:00,117.5
2025-03-24 15:45:00-04:00,138.75
2025-03-24 15:50:00-04:00,151.25
2025-03-24 15:55:00-04:00,101.25
2025-03-25 09:30:00-04:00,0.0
2025-03-25 09:35:00-04:00,0.0
2025-03-25 09:40:00-04:00,0.0
2025-03-25 09:45:00-04:00,0.0
2025-03-25 09:50:00-04:00,0.0
2025-03-25 09:55:00-04:00,0.0
2025-03-25 10:00:00-04:00,0.0
2025-03-25 10:05:00-04:00,0.0
2025-03-25 10:10:00-04:00,0.0
2025-03-25 10:15:00-04:00,0.0
2025-03-25 10:20:00-04:00,0.0
2025-03-25 10:25:00-04:00,0.0
2025-03-25 10:30:00-04:00,0.0
2025-03-25 10:35:00-04:00,0.0
2025-03-25 10:40:00-04:00,0.0
2025-03-25 10:45:00-04:00,0.0
2025-03-25 10:50:00-04:00,0.0
2025-03-25 10:55:00-04:00,0.0
2025-03-25 11:00:00-04:00,0.0
2025-03-25 11:05:00-04:00,0.0
2025-03-25 11:10:00-04:00,0.0
2025-03-25 11:15:00-04:00,0.0
2025-03-25 11:20:00-04:00,0.0
2025-03-25 11:25:00-04:00,0.0
2025-03-25 11:30:00-04:00,0.0
2025-03-25 11:35:00-04:00,0.0
2025-03-25 11:40:00-04:00,0.0
2025-03-25 11:45:00-04:00,0.0
2025-03-25 11:50:00-04:00,0.0
2025-03-25 11:55:00-04:00,5.0
2025-03-25 12:00:00-04:00,10.0
2025-03-25 12:05:00-04:00,-7.5
2025-03-25 12:10:00-04:00,-10.0
2025-03-25 12:15:00-04:00,27.5
2025-03-25 12:20:00-04:00,-5.0
2025-03-25 12:25:00-04:00,27.5
2025-03-25 12:30:00-04:00,47.5
2025-03-25 12:35:00-04:00,40.0
2025-03-25 12:40:00-04:00,12.5
2025-03-25 12:45:00-04:00,15.0
2025-03-25 12:50:00-04:00,-25.0
2025-03-25 12:55:00-04:00,-15.0
2025-03-25 13:00:00-04:00,-52.5
2025-03-25 13:05:00-04:00,-36.25
2025-03-25 13:10:00-04:00,-36.25
2025-03-25 13:15:00-04:00,-25.625
2025-03-25 13:20:00-04:00,-25.625
2025-03-25 13:25:00-04:00,-25.625
2025-03-25 13:30:00-04:00,-25.625
2025-03-25 13:35:00-04:00,-25.625
2025-03-25 13:40:00-04:00,-22.5
2025-03-25 13:45:00-04:00,12.5
2025-03-25 13:50:00-04:00,5.0
2025-03-25 13:55:00-04:00,27.5
2025-03-25 14:00:00-04:00,25.0
2025-03-25 14:05:00-04:00,2.5
2025-03-25 14:10:00-04:00,-25.0
2025-03-25 14:15:00-04:00,-35.0
2025-03-25 14:20:00-04:00,-27.5
2025-03-25 14:25:00-04:00,-5.0
2025-03-25 14:30:00-04:00,-10.0
2025-03-25 14:35:00-04:00,12.5
2025-03-25 14:40:00-04:00,22.5
2025-03-25 14:45:00-04:00,47.5
2025-03-25 14:50:00-04:00,32.5
2025-03-25 14:55:00-04:00,47.5
2025-03-25 15:00:00-04:00,5.0
2025-03-25 15:05:00-04:00,-5.0
2025-03-25 15:10:00-04:00,22.5
2025-03-25 15:15:00-04:00,5.0
2025-03-25 15:20:00-04:00,-5.0
2025-03-25 15:25:00-04:00,30.0
2025-03-25 15:30:00-04:00,-15.0
2025-03-25 15:35:00-04:00,-12.5
2025-03-25 15:40:00-04:00,-47.5
2025-03-25 15:45:00-04:00,-64.0625
2025-03-25 15:50:00-04:00,-96.25
2025-03-25 15:55:00-04:00,-96.25
2025-03-26 09:30:00-04:00,0.0
2025-03-26 09:35:00-04:00,0.0
2025-03-26 09:40:00-04:00,0.0
2025-03-26 09:45:00-04:00,0.0
2025-03-26 09:50:00-04:00,0.0
2025-03-26 09:55:00-04:00,0.0
2025-03-26 10:00:00-04:00,0.0
2025-03-26 10:05:00-04:00,0.0
2025-03-26 10:10:00-04:00,-5.0
2025-03-26 10:15:00-04:00,60.0
2025-03-26 10:20:00-04:00,100.0
2025-03-26 10:25:00-04:00,57.5
2025-03-26 10:30:00-04:00,55.0
2025-03-26 10:35:00-04:00,60.0
2025-03-26 10:40:00-04:00,52.5
2025-03-26 10:45:00-04:00,105.0
2025-03-26 10:50:00-04:00,32.5
2025-03-26 10:55:00-04:00,55.0
2025-03-26 11:00:00-04:00,35.0
2025-03-26 11:05:00-04:00,27.5
2025-03-26 11:10:00-04:00,45.0
2025-03-26 11:15:00-04:00,65.0
2025-03-26 11:20:00-04:00,115.0
2025-03-26 11:25:00-04:00,167.5
2025-03-26 11:30:00-04:00,160.0
2025-03-26 11:35:00-04:00,142.5
2025-03-26 11:40:00-04:00,192.5
2025-03-26 11:45:00-04:00,225.0
2025-03-26 11:50:00-04:00,287.5
2025-03-26 11:55:00-04:00,337.5
2025-03-26 12:00:00-04:00,362.5
2025-03-26 12:05:00-04:00,347.5
2025-03-26 12:10:00-04:00,332.5
2025-03-26 12:15:00-04:00,367.5
2025-03-26 12:20:00-04:00,355.0
2025-03-26 12:25:00-04:00,297.5
2025-03-26 12:30:00-04:00,332.5
2025-03-26 12:35:00-04:00,347.5
2025-03-26 12:40:00-04:00,365.0
2025-03-26 12:45:00-04:00,317.5
2025-03-26 12:50:00-04:00,410.0
2025-03-26 12:55:00-04:00,457.5
2025-03-26 13:00:00-04:00,450.0
2025-03-26 13:05:00-04:00,425.0
2025-03-26 13:10:00-04:00,417.5
2025-03-26 13:15:00-04:00,492.5
2025-03-26 13:20:00-04:00,475.0
2025-03-26 13:25:00-04:00,507.5
2025-03-26 13:30:00-04:00,577.5
2025-03-26 13:35:00-04:00,570.0
2025-03-26 13:40:00-04:00,550.0
2025-03-26 13:45:00-04:00,570.0
2025-03-26 13:50:00-04:00,570.0
2025-03-26 13:55:00-04:00,602.5
2025-03-26 14:00:00-04:00,567.5
2025-03-26 14:05:00-04:00,547.5
2025-03-26 14:10:00-04:00,507.5
2025-03-26 14:15:00-04:00,507.5
2025-03-26 14:20:00-04:00,490.0
2025-03-26 14:25:00-04:00,480.0
2025-03-26 14:30:00-04:00,525.0
2025-03-26 14:35:00-04:00,537.5
2025-03-26 14:40:00-04:00,587.5
2025-03-26 14:45:00-04:00,645.0
2025-03-26 14:50:00-04:00,652.5
2025-03-26 14:55:00-04:00,665.0
2025-03-26 15:00:00-04:00,652.5
2025-03-26 15:05:00-04:00,670.0
2025-03-26 15:10:00-04:00,655.0
2025-03-26 15:15:00-04:00,587.5
2025-03-26 15:20:00-04:00,610.0
2025-03-26 15:25:00-04:00,635.0
2025-03-26 15:30:00-04:00,597.5
2025-03-26 15:35:00-04:00,612.5
2025-03-26 15:40:00-04:00,567.5
2025-03-26 15:45:00-04:00,512.5
2025-03-26 15:50:00-04:00,467.5
2025-03-26 15:55:00-04:00,266.25
2025-03-27 09:30:00-04:00,0.0
2025-03-27 09:35:00-04:00,43.75
2025-03-27 09:40:00-04:00,35.0
2025-03-27 09:45:00-04:00,-16.25
2025-03-27 09:50:00-04:00,-77.5
2025-03-27 09:55:00-04:00,-77.5
2025-03-27 10:00:00-04:00,-77.5
2025-03-27 10:05:00-04:00,-77.5
2025-03-27 10:10:00-04:00,-77.5
2025-03-27 10:15:00-04:00,-77.5
2025-03-27 10:20:00-04:00,-105.0
2025-03-27 10:25:00-04:00,-57.5
2025-03-27 10:30:00-04:00,-50.0
2025-03-27 10:35:00-04:00,-25.0
2025-03-27 10:40:00-04:00,-13.75
2025-03-27 10:45:00-04:00,-36.25
2025-03-27 10:50:00-04:00,0.0
2025-03-27 10:55:00-04:00,5.0
2025-03-27 11:00:00-04:00,0.0
2025-03-27 11:05:00-04:00,-27.5
2025-03-27 11:10:00-04:00,0.0
2025-03-27 11:15:00-04:00,6.25
2025-03-27 11:20:00-04:00,-10.0
2025-03-27 11:25:00-04:00,-40.0
2025-03-27 11:30:00-04:00,-83.75
2025-03-27 11:35:00-04:00,-100.0
2025-03-27 11:40:00-04:00,-116.25
2025-03-27 11:45:00-04:00,-116.25
2025-03-27 11:50:00-04:00,-141.25
2025-03-27 11:55:00-04:00,-120.0
2025-03-27 12:00:00-04:00,-145.0
2025-03-27 12:05:00-04:00,-180.0
2025-03-27 12:10:00-04:00,-180.0
2025-03-27 12:15:00-04:00,-215.0
2025-03-27 12:20:00-04:00,-215.0
2025-03-27 12:25:00-04:00,-186.25
2025-03-27 12:30:00-04:00,-192.5
2025-03-27 12:35:00-04:00,-182.5
2025-03-27 12:40:00-04:00,-186.25
2025-03-27 12:45:00-04:00,-130.0
2025-03-27 12:50:00-04:00,-122.5
2025-03-27 12:55:00-04:00,-86.25
2025-03-27 13:00:00-04:00,-105.0
2025-03-27 13:05:00-04:00,-125.0
2025-03-27 13:10:00-04:00,-155.0
2025-03-27 13:15:00-04:00,-136.25
2025-03-27 13:20:00-04:00,-136.25
2025-03-27 13:25:00-04:00,-92.5
2025-03-27 13:30:00-04:00,-111.25
2025-03-27 13:35:00-04:00,-105.0
2025-03-27 13:40:00-04:00,-95.0
2025-03-27 13:45:00-04:00,-127.5
2025-03-27 13:50:00-04:00,-78.75
2025-03-27 13:55:00-04:00,-87.5
2025-03-27 14:00:00-04:00,-121.25
2025-03-27 14:05:00-04:00,-145.0
2025-03-27 14:10:00-04:00,-178.75
2025-03-27 14:15:00-04:00,-163.75
2025-03-27 14:20:00-04:00,-148.75
2025-03-27 14:25:00-04:00,-148.75
2025-03-27 14:30:00-04:00,-148.75
2025-03-27 14:35:00-04:00,-148.75
2025-03-27 14:40:00-04:00,-148.75
2025-03-27 14:45:00-04:00,-127.5
2025-03-27 14:50:00-04:00,-127.5
2025-03-27 14:55:00-04:00,-196.25
2025-03-27 15:00:00-04:00,-196.25
2025-03-27 15:05:00-04:00,-187.5
2025-03-27 15:10:00-04:00,-150.0
2025-03-27 15:15:00-04:00,-136.25
2025-03-27 15:20:00-04:00,-112.5
2025-03-27 15:25:00-04:00,-115.0
2025-03-27 15:30:00-04:00,-138.75
2025-03-27 15:35:00-04:00,-173.75
2025-03-27 15:40:00-04:00,-163.75
2025-03-27 15:45:00-04:00,-155.0
2025-03-27 15:50:00-04:00,-216.25
2025-03-27 15:55:00-04:00,-255.0
2025-03-28 09:30:00-04:00,0.0
2025-03-28 09:35:00-04:00,-51.25
2025-03-28 09:40:00-04:00,-51.25
2025-03-28 09:45:00-04:00,-56.25
2025-03-28 09:50:00-04:00,-16.25
2025-03-28 09:55:00-04:00,3.75
2025-03-28 10:00:00-04:00,17.5
2025-03-28 10:05:00-04:00,87.5
2025-03-28 10:10:00-04:00,133.75
2025-03-28 10:15:00-04:00,166.25
2025-03-28 10:20:00-04:00,176.25
2025-03-28 10:25:00-04:00,225.0
2025-03-28 10:30:00-04:00,248.75
2025-03-28 10:35:00-04:00,235.0
2025-03-28 10:40:00-04:00,223.75
2025-03-28 10:45:00-04:00,265.0
2025-03-28 10:50:00-04:00,246.25
2025-03-28 10:55:00-04:00,262.5
2025-03-28 11:00:00-04:00,311.25
2025-03-28 11:05:00-04:00,293.75
2025-03-28 11:10:00-04:00,257.5
2025-03-28 11:15:00-04:00,278.75
2025-03-28 11:20:00-04:00,295.0
2025-03-28 11:25:00-04:00,257.5
2025-03-28 11:30:00-04:00,227.5
2025-03-28 11:35:00-04:00,222.5
2025-03-28 11:40:00-04:00,252.5
2025-03-28 11:45:00-04:00,243.75
2025-03-28 11:50:00-04:00,285.0
2025-03-28 11:55:00-04:00,308.75
2025-03-28 12:00:00-04:00,285.0
2025-03-28 12:05:00-04:00,292.5
2025-03-28 12:10:00-04:00,300.0
2025-03-28 12:15:00-04:00,356.25
2025-03-28 12:20:00-04:00,363.75
2025-03-28 12:25:00-04:00,363.75
2025-03-28 12:30:00-04:00,345.0
2025-03-28 12:35:00-04:00,355.0
2025-03-28 12:40:00-04:00,362.5
2025-03-28 12:45:00-04:00,345.0
2025-03-28 12:50:00-04:00,336.25
2025-03-28 12:55:00-04:00,380.0
2025-03-28 13:00:00-04:00,393.75
2025-03-28 13:05:00-04:00,420.0
2025-03-28 13:10:00-04:00,417.5
2025-03-28 13:15:00-04:00,398.75
2025-03-28 13:20:00-04:00,417.5
2025-03-28 13:25:00-04:00,436.25
2025-03-28 13:30:00-04:00,428.75
2025-03-28 13:35:00-04:00,416.25
2025-03-28 13:40:00-04:00,421.25
2025-03-28 13:45:00-04:00,425.0
2025-03-28 13:50:00-04:00,426.25
2025-03-28 13:55:00-04:00,386.25
2025-03-28 14:00:00-04:00,396.25
2025-03-28 14:05:00-04:00,378.75
2025-03-28 14:10:00-04:00,388.75
2025-03-28 14:15:00-04:00,382.5
2025-03-28 14:20:00-04:00,415.0
2025-03-28 14:25:00-04:00,407.5
2025-03-28 14:30:00-04:00,395.0
2025-03-28 14:35:00-04:00,395.0
2025-03-28 14:40:00-04:00,395.0
2025-03-28 14:45:00-04:00,395.0
2025-03-28 14:50:00-04:00,395.0
2025-03-28 14:55:00-04:00,395.0
2025-03-28 15:00:00-04:00,400.0
2025-03-28 15:05:00-04:00,378.75
2025-03-28 15:10:00-04:00,392.5
2025-03-28 15:15:00-04:00,390.0
2025-03-28 15:20:00-04:00,401.25
2025-03-28 15:25:00-04:00,415.0
2025-03-28 15:30:00-04:00,446.25
2025-03-28 15:35:00-04:00,428.75
2025-03-28 15:40:00-04:00,435.0
2025-03-28 15:45:00-04:00,403.75
2025-03-28 15:50:00-04:00,391.25
2025-03-28 15:55:00-04:00,413.75
2025-03-31 09:30:00-04:00,0.0
2025-03-31 09:35:00-04:00,0.0
2025-03-31 09:40:00-04:00,0.0
2025-03-31 09:45:00-04:00,0.0
2025-03-31 09:50:00-04:00,0.0
2025-03-31 09:55:00-04:00,0.0
2025-03-31 10:00:00-04:00,0.0
2025-03-31 10:05:00-04:00,0.0
2025-03-31 10:10:00-04:00,0.0
2025-03-31 10:15:00-04:00,0.0
2025-03-31 10:20:00-04:00,0.0
2025-03-31 10:25:00-04:00,0.0
2025-03-31 10:30:00-04:00,0.0
2025-03-31 10:35:00-04:00,0.0
2025-03-31 10:40:00-04:00,0.0
2025-03-31 10:45:00-04:00,0.0
2025-03-31 10:50:00-04:00,0.0
2025-03-31 10:55:00-04:00,0.0
2025-03-31 11:00:00-04:00,0.0
2025-03-31 11:05:00-04:00,-50.0
2025-03-31 11:10:00-04:00,-37.5
2025-03-31 11:15:00-04:00,-37.5
2025-03-31 11:20:00-04:00,61.25
2025-03-31 11:25:00-04:00,1.25
2025-03-31 11:30:00-04:00,21.25
2025-03-31 11:35:00-04:00,91.25
2025-03-31 11:40:00-04:00,68.75
2025-03-31 11:45:00-04:00,131.25
2025-03-31 11:50:00-04:00,136.25
2025-03-31 11:55:00-04:00,76.25
2025-03-31 12:00:00-04:00,106.25
2025-03-31 12:05:00-04:00,8.75
2025-03-31 12:10:00-04:00,-6.25
2025-03-31 12:15:00-04:00,81.25
2025-03-31 12:20:00-04:00,68.75
2025-03-31 12:25:00-04:00,203.75
2025-03-31 12:30:00-04:00,176.25
2025-03-31 12:35:00-04:00,181.25
2025-03-31 12:40:00-04:00,138.75
2025-03-31 12:45:00-04:00,153.75
2025-03-31 12:50:00-04:00,181.25
2025-03-31 12:55:00-04:00,76.25
2025-03-31 13:00:00-04:00,136.25
2025-03-31 13:05:00-04:00,231.25
2025-03-31 13:10:00-04:00,226.25
2025-03-31 13:15:00-04:00,96.25
2025-03-31 13:20:00-04:00,76.25
2025-03-31 13:25:00-04:00,111.25
2025-03-31 13:30:00-04:00,116.25
2025-03-31 13:35:00-04:00,156.25
2025-03-31 13:40:00-04:00,46.25
2025-03-31 13:45:00-04:00,61.25
2025-03-31 13:50:00-04:00,53.125
2025-03-31 13:55:00-04:00,53.125
2025-03-31 14:00:00-04:00,53.125
2025-03-31 14:05:00-04:00,53.125
2025-03-31 14:10:00-04:00,245.0
2025-03-31 14:15:00-04:00,312.5
2025-03-31 14:20:00-04:00,267.5
2025-03-31 14:25:00-04:00,327.5
2025-03-31 14:30:00-04:00,355.0
2025-03-31 14:35:00-04:00,380.0
2025-03-31 14:40:00-04:00,365.0
2025-03-31 14:45:00-04:00,327.5
2025-03-31 14:50:00-04:00,382.5
2025-03-31 14:55:00-04:00,270.0
2025-03-31 15:00:00-04:00,380.0
2025-03-31 15:05:00-04:00,407.5
2025-03-31 15:10:00-04:00,480.0
2025-03-31 15:15:00-04:00,470.0
2025-03-31 15:20:00-04:00,507.5
2025-03-31 15:25:00-04:00,372.5
2025-03-31 15:30:00-04:00,517.5
2025-03-31 15:35:00-04:00,497.5
2025-03-31 15:40:00-04:00,567.5
2025-03-31 15:45:00-04:00,525.0
2025-03-31 15:50:00-04:00,565.0
2025-03-31 15:55:00-04:00,540.0
2025-04-01 09:30:00-04:00,0.0
2025-04-01 09:35:00-04:00,0.0
2025-04-01 09:40:00-04:00,0.0
2025-04-01 09:45:00-04:00,0.0
2025-04-01 09:50:00-04:00,0.0
2025-04-01 09:55:00-04:00,0.0
2025-04-01 10:00:00-04:00,90.0
2025-04-01 10:05:00-04:00,160.0
2025-04-01 10:10:00-04:00,282.5
2025-04-01 10:15:00-04:00,290.0
2025-04-01 10:20:00-04:00,190.0
2025-04-01 10:25:00-04:00,200.0
2025-04-01 10:30:00-04:00,140.0
2025-04-01 10:35:00-04:00,0.0
2025-04-01 10:40:00-04:00,-45.0
2025-04-01 10:45:00-04:00,-45.0
2025-04-01 10:50:00-04:00,-130.625
2025-04-01 10:55:00-04:00,-130.625
2025-04-01 11:00:00-04:00,-252.5
2025-04-01 11:05:00-04:00,-252.5
2025-04-01 11:10:00-04:00,-252.5
2025-04-01 11:15:00-04:00,-252.5
2025-04-01 11:20:00-04:00,-252.5
2025-04-01 11:25:00-04:00,-252.5
2025-04-01 11:30:00-04:00,-252.5
2025-04-01 11:35:00-04:00,-252.5
2025-04-01 11:40:00-04:00,-252.5
2025-04-01 11:45:00-04:00,-252.5
2025-04-01 11:50:00-04:00,-252.5
2025-04-01 11:55:00-04:00,-252.5
2025-04-01 12:00:00-04:00,-252.5
2025-04-01 12:05:00-04:00,-252.5
2025-04-01 12:10:00-04:00,-252.5
2025-04-01 12:15:00-04:00,-252.5
2025-04-01 12:20:00-04:00,-252.5
2025-04-01 12:25:00-04:00,-252.5
2025-04-01 12:30:00-04:00,-252.5
2025-04-01 12:35:00-04:00,-252.5
2025-04-01 12:40:00-04:00,-252.5
2025-04-01 12:45:00-04:00,-252.5
2025-04-01 12:50:00-04:00,-311.25
2025-04-01 12:55:00-04:00,-311.25
2025-04-01 13:00:00-04:00,-367.5
2025-04-01 13:05:00-04:00,-315.0
2025-04-01 13:10:00-04:00,-362.5
2025-04-01 13:15:00-04:00,-265.0
2025-04-01 13:20:00-04:00,-255.0
2025-04-01 13:25:00-04:00,-225.0
2025-04-01 13:30:00-04:00,-197.5
2025-04-01 13:35:00-04:00,-255.0
2025-04-01 13:40:00-04:00,-217.5
2025-04-01 13:45:00-04:00,-282.5
2025-04-01 13:50:00-04:00,-237.5
2025-04-01 13:55:00-04:00,-180.0
2025-04-01 14:00:00-04:00,-72.5
2025-04-01 14:05:00-04:00,-20.0
2025-04-01 14:10:00-04:00,-52.5
2025-04-01 14:15:00-04:00,12.5
2025-04-01 14:20:00-04:00,72.5
2025-04-01 14:25:00-04:00,50.0
2025-04-01 14:30:00-04:00,40.0
2025-04-01 14:35:00-04:00,67.5
2025-04-01 14:40:00-04:00,-2.5
2025-04-01 14:45:00-04:00,72.5
2025-04-01 14:50:00-04:00,35.0
2025-04-01 14:55:00-04:00,-47.5
2025-04-01 15:00:00-04:00,-80.0
2025-04-01 15:05:00-04:00,-50.0
2025-04-01 15:10:00-04:00,-97.5
2025-04-01 15:15:00-04:00,-107.5
2025-04-01 15:20:00-04:00,-162.5
2025-04-01 15:25:00-04:00,-219.375
2025-04-01 15:30:00-04:00,-171.25
2025-04-01 15:35:00-04:00,-171.25
2025-04-01 15:40:00-04:00,-171.25
2025-04-01 15:45:00-04:00,-171.25
2025-04-01 15:50:00-04:00,-171.25
2025-04-01 15:55:00-04:00,-171.25
2025-04-02 09:30:00-04:00,0.0
2025-04-02 09:35:00-04:00,-81.25
2025-04-02 09:40:00-04:00,-81.25
2025-04-02 09:45:00-04:00,-81.25
2025-04-02 09:50:00-04:00,-81.25
2025-04-02 09:55:00-04:00,-81.25
2025-04-02 10:00:00-04:00,-81.25
2025-04-02 10:05:00-04:00,-81.25
2025-04-02 10:10:00-04:00,-81.25
2025-04-02 10:15:00-04:00,-81.25
2025-04-02 10:20:00-04:00,-81.25
2025-04-02 10:25:00-04:00,-81.25
2025-04-02 10:30:00-04:00,-81.25
2025-04-02 10:35:00-04:00,-81.25
2025-04-02 10:40:00-04:00,-81.25
2025-04-02 10:45:00-04:00,-81.25
2025-04-02 10:50:00-04:00,-81.25
2025-04-02 10:55:00-04:00,-81.25
2025-04-02 11:00:00-04:00,-81.25
2025-04-02 11:05:00-04:00,-81.25
2025-04-02 11:10:00-04:00,-81.25
2025-04-02 11:15:00-04:00,-81.25
2025-04-02 11:20:00-04:00,-81.25
2025-04-02 11:25:00-04:00,-81.25
2025-04-02 11:30:00-04:00,-81.25
2025-04-02 11:35:00-04:00,-81.25
2025-04-02 11:40:00-04:00,-81.25
2025-04-02 11:45:00-04:00,-81.25
2025-04-02 11:50:00-04:00,-81.25
2025-04-02 11:55:00-04:00,-81.25
2025-04-02 12:00:00-04:00,-81.25
2025-04-02 12:05:00-04:00,-81.25
2025-04-02 12:10:00-04:00,-81.25
2025-04-02 12:15:00-04:00,-81.25
2025-04-02 12:20:00-04:00,-81.25
2025-04-02 12:25:00-04:00,-81.25
2025-04-02 12:30:00-04:00,-81.25
2025-04-02 12:35:00-04:00,-81.25
2025-04-02 12:40:00-04:00,-81.25
2025-04-02 12:45:00-04:00,-81.25
2025-04-02 12:50:00-04:00,-81.25
2025-04-02 12:55:00-04:00,-81.25
2025-04-02 13:00:00-04:00,-81.25
2025-04-02 13:05:00-04:00,-81.25
2025-04-02 13:10:00-04:00,-81.25
2025-04-02 13:15:00-04:00,-81.25
2025-04-02 13:20:00-04:00,-81.25
2025-04-02 13:25:00-04:00,-81.25
2025-04-02 13:30:00-04:00,-81.25
2025-04-02 13:35:00-04:00,-81.25
2025-04-02 13:40:00-04:00,-81.25
2025-04-02 13:45:00-04:00,-81.25
2025-04-02 13:50:00-04:00,-81.25
2025-04-02 13:55:00-04:00,-81.25
2025-04-02 14:00:00-04:00,-81.25
2025-04-02 14:05:00-04:00,-23.75
2025-04-02 14:10:00-04:00,-38.75
2025-04-02 14:15:00-04:00,8.75
2025-04-02 14:20:00-04:00,53.75
2025-04-02 14:25:00-04:00,153.75
2025-04-02 14:30:00-04:00,56.25
2025-04-02 14:35:00-04:00,-63.75
2025-04-02 14:40:00-04:00,-71.25
2025-04-02 14:45:00-04:00,-71.25
2025-04-02 14:50:00-04:00,-13.75
2025-04-02 14:55:00-04:00,153.75
2025-04-02 15:00:00-04:00,-13.75
2025-04-02 15:05:00-04:00,3.75
2025-04-02 15:10:00-04:00,56.25
2025-04-02 15:15:00-04:00,56.25
2025-04-02 15:20:00-04:00,-8.75
2025-04-02 15:25:00-04:00,-58.75
2025-04-02 15:30:00-04:00,-117.5
2025-04-02 15:35:00-04:00,-117.5
2025-04-02 15:40:00-04:00,-183.75
2025-04-02 15:45:00-04:00,-183.75
2025-04-02 15:50:00-04:00,-183.75
2025-04-02 15:55:00-04:00,-183.75
2025-04-03 09:30:00-04:00,0.0
2025-04-03 09:35:00-04:00,0.0
2025-04-03 09:40:00-04:00,123.75
2025-04-03 09:45:00-04:00,231.25
2025-04-03 09:50:00-04:00,203.75
2025-04-03 09:55:00-04:00,261.25
2025-04-03 10:00:00-04:00,436.25
2025-04-03 10:05:00-04:00,466.25
2025-04-03 10:10:00-04:00,496.25
2025-04-03 10:15:00-04:00,546.25
2025-04-03 10:20:00-04:00,576.25
2025-04-03 10:25:00-04:00,456.25
2025-04-03 10:30:00-04:00,501.25
2025-04-03 10:35:00-04:00,538.75
2025-04-03 10:40:00-04:00,548.75
2025-04-03 10:45:00-04:00,678.75
2025-04-03 10:50:00-04:00,703.75
2025-04-03 10:55:00-04:00,751.25
2025-04-03 11:00:00-04:00,698.75
2025-04-03 11:05:00-04:00,751.25
2025-04-03 11:10:00-04:00,621.25
2025-04-03 11:15:00-04:00,551.25
2025-04-03 11:20:00-04:00,566.25
2025-04-03 11:25:00-04:00,593.75
2025-04-03 11:30:00-04:00,493.75
2025-04-03 11:35:00-04:00,421.25
2025-04-03 11:40:00-04:00,368.75
2025-04-03 11:45:00-04:00,368.75
2025-04-03 11:50:00-04:00,352.5
2025-04-03 11:55:00-04:00,352.5
2025-04-03 12:00:00-04:00,352.5
2025-04-03 12:05:00-04:00,352.5
2025-04-03 12:10:00-04:00,352.5
2025-04-03 12:15:00-04:00,352.5
2025-04-03 12:20:00-04:00,352.5
2025-04-03 12:25:00-04:00,352.5
2025-04-03 12:30:00-04:00,352.5
2025-04-03 12:35:00-04:00,352.5
2025-04-03 12:40:00-04:00,352.5
2025-04-03 12:45:00-04:00,352.5
2025-04-03 12:50:00-04:00,352.5
2025-04-03 12:55:00-04:00,352.5
2025-04-03 13:00:00-04:00,352.5
2025-04-03 13:05:00-04:00,352.5
2025-04-03 13:10:00-04:00,352.5
2025-04-03 13:15:00-04:00,352.5
2025-04-03 13:20:00-04:00,436.25
2025-04-03 13:25:00-04:00,456.25
2025-04-03 13:30:00-04:00,413.75
2025-04-03 13:35:00-04:00,368.75
2025-04-03 13:40:00-04:00,331.25
2025-04-03 13:45:00-04:00,383.75
2025-04-03 13:50:00-04:00,413.75
2025-04-03 13:55:00-04:00,493.75
2025-04-03 14:00:00-04:00,501.25
2025-04-03 14:05:00-04:00,523.75
2025-04-03 14:10:00-04:00,603.75
2025-04-03 14:15:00-04:00,613.75
2025-04-03 14:20:00-04:00,613.75
2025-04-03 14:25:00-04:00,601.25
2025-04-03 14:30:00-04:00,643.75
2025-04-03 14:35:00-04:00,558.75
2025-04-03 14:40:00-04:00,486.25
2025-04-03 14:45:00-04:00,461.25
2025-04-03 14:50:00-04:00,508.75
2025-04-03 14:55:00-04:00,498.75
2025-04-03 15:00:00-04:00,536.25
2025-04-03 15:05:00-04:00,538.75
2025-04-03 15:10:00-04:00,591.25
2025-04-03 15:15:00-04:00,731.25
2025-04-03 15:20:00-04:00,743.75
2025-04-03 15:25:00-04:00,783.75
2025-04-03 15:30:00-04:00,853.75
2025-04-03 15:35:00-04:00,821.25
2025-04-03 15:40:00-04:00,741.25
2025-04-03 15:45:00-04:00,878.75
2025-04-03 15:50:00-04:00,848.75
2025-04-03 15:55:00-04:00,916.25
2025-04-04 09:30:00-04:00,0.0
2025-04-04 09:35:00-04:00,0.0
2025-04-04 09:40:00-04:00,0.0
2025-04-04 09:45:00-04:00,0.0
2025-04-04 09:50:00-04:00,0.0
2025-04-04 09:55:00-04:00,0.0
2025-04-04 10:00:00-04:00,0.0
2025-04-04 10:05:00-04:00,0.0
2025-04-04 10:10:00-04:00,0.0
2025-04-04 10:15:00-04:00,0.0
2025-04-04 10:20:00-04:00,0.0
2025-04-04 10:25:00-04:00,0.0
2025-04-04 10:30:00-04:00,0.0
2025-04-04 10:35:00-04:00,0.0
2025-04-04 10:40:00-04:00,0.0
2025-04-04 10:45:00-04:00,0.0
2025-04-04 10:50:00-04:00,0.0
2025-04-04 10:55:00-04:00,0.0
2025-04-04 11:00:00-04:00,0.0
2025-04-04 11:05:00-04:00,-91.25
2025-04-04 11:10:00-04:00,-91.25
2025-04-04 11:15:00-04:00,-91.25
2025-04-04 11:20:00-04:00,-91.25
2025-04-04 11:25:00-04:00,-322.5
2025-04-04 11:30:00-04:00,-322.5
2025-04-04 11:35:00-04:00,-322.5
2025-04-04 11:40:00-04:00,-322.5
2025-04-04 11:45:00-04:00,-322.5
2025-04-04 11:50:00-04:00,-346.25
2025-04-04 11:55:00-04:00,-346.25
2025-04-04 12:00:00-04:00,-383.75
2025-04-04 12:05:00-04:00,-383.75
2025-04-04 12:10:00-04:00,-383.75
2025-04-04 12:15:00-04:00,-515.0
2025-04-04 12:20:00-04:00,-515.0
2025-04-04 12:25:00-04:00,-515.0
2025-04-04 12:30:00-04:00,-515.0
2025-04-04 12:35:00-04:00,-515.0
2025-04-04 12:40:00-04:00,-515.0
2025-04-04 12:45:00-04:00,-515.0
2025-04-04 12:50:00-04:00,-515.0
2025-04-04 12:55:00-04:00,-515.0
2025-04-04 13:00:00-04:00,-515.0
2025-04-04 13:05:00-04:00,-515.0
2025-04-04 13:10:00-04:00,-515.0
2025-04-04 13:15:00-04:00,-515.0
2025-04-04 13:20:00-04:00,-515.0
2025-04-04 13:25:00-04:00,-515.0
2025-04-04 13:30:00-04:00,-515.0
2025-04-04 13:35:00-04:00,-515.0
2025-04-04 13:40:00-04:00,-515.0
2025-04-04 13:45:00-04:00,-515.0
2025-04-04 13:50:00-04:00,-515.0
2025-04-04 13:55:00-04:00,-515.0
2025-04-04 14:00:00-04:00,-515.0
2025-04-04 14:05:00-04:00,-515.0
2025-04-04 14:10:00-04:00,-515.0
2025-04-04 14:15:00-04:00,-515.0
2025-04-04 14:20:00-04:00,-515.0
2025-04-04 14:25:00-04:00,-515.0
2025-04-04 14:30:00-04:00,-515.0
2025-04-04 14:35:00-04:00,-515.0
2025-04-04 14:40:00-04:00,-515.0
2025-04-04 14:45:00-04:00,-515.0
2025-04-04 14:50:00-04:00,-515.0
2025-04-04 14:55:00-04:00,-515.0
2025-04-04 15:00:00-04:00,-515.0
2025-04-04 15:05:00-04:00,-515.0
2025-04-04 15:10:00-04:00,-515.0
2025-04-04 15:15:00-04:00,-515.0
2025-04-04 15:20:00-04:00,-515.0
2025-04-04 15:25:00-04:00,-515.0
2025-04-04 15:30:00-04:00,-515.0
2025-04-04 15:35:00-04:00,-515.0
2025-04-04 15:40:00-04:00,-515.0
2025-04-04 15:45:00-04:00,-515.0
2025-04-04 15:50:00-04:00,-515.0
2025-04-04 15:55:00-04:00,-515.0
2025-04-07 09:30:00-04:00,0.0
2025-04-07 09:35:00-04:00,86.25
2025-04-07 09:40:00-04:00,188.75
2025-04-07 09:45:00-04:00,-8.75
2025-04-07 09:50:00-04:00,-237.5
2025-04-07 09:55:00-04:00,-237.5
2025-04-07 10:00:00-04:00,-191.25
2025-04-07 10:05:00-04:00,-180.0
2025-04-07 10:10:00-04:00,-1160.0
2025-04-07 10:15:00-04:00,-1160.0
2025-04-07 10:20:00-04:00,-1160.0
2025-04-07 10:25:00-04:00,-1160.0
2025-04-07 10:30:00-04:00,-1160.0
2025-04-07 10:35:00-04:00,-1160.0
2025-04-07 10:40:00-04:00,-1160.0
2025-04-07 10:45:00-04:00,-1160.0
2025-04-07 10:50:00-04:00,-1160.0
2025-04-07 10:55:00-04:00,-1160.0
2025-04-07 11:00:00-04:00,-1160.0
2025-04-07 11:05:00-04:00,-1160.0
2025-04-07 11:10:00-04:00,-1160.0
2025-04-07 11:15:00-04:00,-1160.0
2025-04-07 11:20:00-04:00,-1160.0
2025-04-07 11:25:00-04:00,-1160.0
2025-04-07 11:30:00-04:00,-1160.0
2025-04-07 11:35:00-04:00,-1160.0
2025-04-07 11:40:00-04:00,-1160.0
2025-04-07 11:45:00-04:00,-1160.0
2025-04-07 11:50:00-04:00,-1160.0
2025-04-07 11:55:00-04:00,-1160.0
2025-04-07 12:00:00-04:00,-1160.0
2025-04-07 12:05:00-04:00,-1160.0
2025-04-07 12:10:00-04:00,-1160.0
2025-04-07 12:15:00-04:00,-1160.0
2025-04-07 12:20:00-04:00,-1160.0
2025-04-07 12:25:00-04:00,-1160.0
2025-04-07 12:30:00-04:00,-1160.0
2025-04-07 12:35:00-04:00,-1160.0
2025-04-07 12:40:00-04:00,-1160.0
2025-04-07 12:45:00-04:00,-1160.0
2025-04-07 12:50:00-04:00,-1160.0
2025-04-07 12:55:00-04:00,-1160.0
2025-04-07 13:00:00-04:00,-1160.0
2025-04-07 13:05:00-04:00,-1160.0
2025-04-07 13:10:00-04:00,-1160.0
2025-04-07 13:15:00-04:00,-1160.0
2025-04-07 13:20:00-04:00,-1160.0
2025-04-07 13:25:00-04:00,-1160.0
2025-04-07 13:30:00-04:00,-1160.0
2025-04-07 13:35:00-04:00,-1160.0
2025-04-07 13:40:00-04:00,-1160.0
2025-04-07 13:45:00-04:00,-1160.0
2025-04-07 13:50:00-04:00,-1160.0
2025-04-07 13:55:00-04:00,-1160.0
2025-04-07 14:00:00-04:00,-1160.0
2025-04-07 14:05:00-04:00,-1160.0
2025-04-07 14:10:00-04:00,-1160.0
2025-04-07 14:15:00-04:00,-1160.0
2025-04-07 14:20:00-04:00,-1160.0
2025-04-07 14:25:00-04:00,-1160.0
2025-04-07 14:30:00-04:00,-1160.0
2025-04-07 14:35:00-04:00,-1160.0
2025-04-07 14:40:00-04:00,-1160.0
2025-04-07 14:45:00-04:00,-1160.0
2025-04-07 14:50:00-04:00,-1160.0
2025-04-07 14:55:00-04:00,-1160.0
2025-04-07 15:00:00-04:00,-1160.0
2025-04-07 15:05:00-04:00,-1160.0
2025-04-07 15:10:00-04:00,-1160.0
2025-04-07 15:15:00-04:00,-1160.0
2025-04-07 15:20:00-04:00,-1160.0
2025-04-07 15:25:00-04:00,-1160.0
2025-04-07 15:30:00-04:00,-1160.0
2025-04-07 15:35:00-04:00,-1160.0
2025-04-07 15:40:00-04:00,-1160.0
2025-04-07 15:45:00-04:00,-1160.0
2025-04-07 15:50:00-04:00,-1160.0
2025-04-07 15:55:00-04:00,-1160.0
2025-04-08 09:30:00-04:00,0.0
2025-04-08 09:35:00-04:00,-77.5
2025-04-08 09:40:00-04:00,-77.5
2025-04-08 09:45:00-04:00,-92.5
2025-04-08 09:50:00-04:00,16.25
2025-04-08 09:55:00-04:00,71.25
2025-04-08 10:00:00-04:00,101.25
2025-04-08 10:05:00-04:00,143.75
2025-04-08 10:10:00-04:00,130.0
2025-04-08 10:15:00-04:00,143.75
2025-04-08 10:20:00-04:00,93.75
2025-04-08 10:25:00-04:00,111.25
2025-04-08 10:30:00-04:00,131.25
2025-04-08 10:35:00-04:00,132.5
2025-04-08 10:40:00-04:00,17.5
2025-04-08 10:45:00-04:00,-17.5
2025-04-08 10:50:00-04:00,-71.25
2025-04-08 10:55:00-04:00,-170.0
2025-04-08 11:00:00-04:00,-170.0
2025-04-08 11:05:00-04:00,-232.5
2025-04-08 11:10:00-04:00,-232.5
2025-04-08 11:15:00-04:00,-240.0
2025-04-08 11:20:00-04:00,-177.5
2025-04-08 11:25:00-04:00,-146.25
2025-04-08 11:30:00-04:00,-232.5
2025-04-08 11:35:00-04:00,-311.25
2025-04-08 11:40:00-04:00,-311.25
2025-04-08 11:45:00-04:00,-223.75
2025-04-08 11:50:00-04:00,-221.25
2025-04-08 11:55:00-04:00,-278.75
2025-04-08 12:00:00-04:00,-261.25
2025-04-08 12:05:00-04:00,-221.25
2025-04-08 12:10:00-04:00,-208.75
2025-04-08 12:15:00-04:00,-106.25
2025-04-08 12:20:00-04:00,-48.75
2025-04-08 12:25:00-04:00,-137.5
2025-04-08 12:30:00-04:00,-33.75
2025-04-08 12:35:00-04:00,110.0
2025-04-08 12:40:00-04:00,137.5
2025-04-08 12:45:00-04:00,51.25
2025-04-08 12:50:00-04:00,102.5
2025-04-08 12:55:00-04:00,206.25
2025-04-08 13:00:00-04:00,182.5
2025-04-08 13:05:00-04:00,323.75
2025-04-08 13:10:00-04:00,313.75
2025-04-08 13:15:00-04:00,305.0
2025-04-08 13:20:00-04:00,341.25
2025-04-08 13:25:00-04:00,451.25
2025-04-08 13:30:00-04:00,457.5
2025-04-08 13:35:00-04:00,312.5
2025-04-08 13:40:00-04:00,178.75
2025-04-08 13:45:00-04:00,307.5
2025-04-08 13:50:00-04:00,305.0
2025-04-08 13:55:00-04:00,231.25
2025-04-08 14:00:00-04:00,272.5
2025-04-08 14:05:00-04:00,350.0
2025-04-08 14:10:00-04:00,400.0
2025-04-08 14:15:00-04:00,281.25
2025-04-08 14:20:00-04:00,325.0
2025-04-08 14:25:00-04:00,450.0
2025-04-08 14:30:00-04:00,395.0
2025-04-08 14:35:00-04:00,433.75
2025-04-08 14:40:00-04:00,498.75
2025-04-08 14:45:00-04:00,402.5
2025-04-08 14:50:00-04:00,428.75
2025-04-08 14:55:00-04:00,487.5
2025-04-08 15:00:00-04:00,555.0
2025-04-08 15:05:00-04:00,691.25
2025-04-08 15:10:00-04:00,745.0
2025-04-08 15:15:00-04:00,816.25
2025-04-08 15:20:00-04:00,725.0
2025-04-08 15:25:00-04:00,698.75
2025-04-08 15:30:00-04:00,810.0
2025-04-08 15:35:00-04:00,1002.5
2025-04-08 15:40:00-04:00,1047.5
2025-04-08 15:45:00-04:00,1110.0
2025-04-08 15:50:00-04:00,780.0
2025-04-08 15:55:00-04:00,736.25
2025-04-09 09:30:00-04:00,0.0
2025-04-09 09:35:00-04:00,0.0
2025-04-09 09:40:00-04:00,0.0
2025-04-09 09:45:00-04:00,0.0
2025-04-09 09:50:00-04:00,0.0
2025-04-09 09:55:00-04:00,0.0
2025-04-09 10:00:00-04:00,0.0
2025-04-09 10:05:00-04:00,-122.5
2025-04-09 10:10:00-04:00,-122.5
2025-04-09 10:15:00-04:00,-152.5
2025-04-09 10:20:00-04:00,-140.0
2025-04-09 10:25:00-04:00,-130.0
2025-04-09 10:30:00-04:00,82.5
2025-04-09 10:35:00-04:00,-145.0
2025-04-09 10:40:00-04:00,-262.5
2025-04-09 10:45:00-04:00,-342.5
2025-04-09 10:50:00-04:00,-350.0
2025-04-09 10:55:00-04:00,-350.0
2025-04-09 11:00:00-04:00,-531.25
2025-04-09 11:05:00-04:00,-531.25
2025-04-09 11:10:00-04:00,-531.25
2025-04-09 11:15:00-04:00,-531.25
2025-04-09 11:20:00-04:00,-531.25
2025-04-09 11:25:00-04:00,-531.25
2025-04-09 11:30:00-04:00,-531.25
2025-04-09 11:35:00-04:00,-531.25
2025-04-09 11:40:00-04:00,-531.25
2025-04-09 11:45:00-04:00,-531.25
2025-04-09 11:50:00-04:00,-531.25
2025-04-09 11:55:00-04:00,-531.25
2025-04-09 12:00:00-04:00,-531.25
2025-04-09 12:05:00-04:00,-531.25
2025-04-09 12:10:00-04:00,-531.25
2025-04-09 12:15:00-04:00,-531.25
2025-04-09 12:20:00-04:00,-531.25
2025-04-09 12:25:00-04:00,-531.25
2025-04-09 12:30:00-04:00,-531.25
2025-04-09 12:35:00-04:00,-531.25
2025-04-09 12:40:00-04:00,-531.25
2025-04-09 12:45:00-04:00,-531.25
2025-04-09 12:50:00-04:00,-531.25
2025-04-09 12:55:00-04:00,-531.25
2025-04-09 13:00:00-04:00,-531.25
2025-04-09 13:05:00-04:00,-531.25
2025-04-09 13:10:00-04:00,-531.25
2025-04-09 13:15:00-04:00,-531.25
2025-04-09 13:20:00-04:00,-531.25
2025-04-09 13:25:00-04:00,-531.25
2025-04-09 13:30:00-04:00,-531.25
2025-04-09 13:35:00-04:00,-531.25
2025-04-09 13:40:00-04:00,-531.25
2025-04-09 13:45:00-04:00,-531.25
2025-04-09 13:50:00-04:00,-531.25
2025-04-09 13:55:00-04:00,-531.25
2025-04-09 14:00:00-04:00,-531.25
2025-04-09 14:05:00-04:00,-531.25
2025-04-09 14:10:00-04:00,-531.25
2025-04-09 14:15:00-04:00,-531.25
2025-04-09 14:20:00-04:00,-531.25
2025-04-09 14:25:00-04:00,-531.25
2025-04-09 14:30:00-04:00,-531.25
2025-04-09 14:35:00-04:00,-531.25
2025-04-09 14:40:00-04:00,-531.25
2025-04-09 14:45:00-04:00,-531.25
2025-04-09 14:50:00-04:00,-531.25
2025-04-09 14:55:00-04:00,-531.25
2025-04-09 15:00:00-04:00,-531.25
2025-04-09 15:05:00-04:00,-531.25
2025-04-09 15:10:00-04:00,-531.25
2025-04-09 15:15:00-04:00,-531.25
2025-04-09 15:20:00-04:00,-531.25
2025-04-09 15:25:00-04:00,-531.25
2025-04-09 15:30:00-04:00,-531.25
2025-04-09 15:35:00-04:00,-531.25
2025-04-09 15:40:00-04:00,-531.25
2025-04-09 15:45:00-04:00,-531.25
2025-04-09 15:50:00-04:00,-531.25
2025-04-09 15:55:00-04:00,-531.25
2025-04-10 09:30:00-04:00,0.0
2025-04-10 09:35:00-04:00,0.0
2025-04-10 09:40:00-04:00,0.0
2025-04-10 09:45:00-04:00,0.0
2025-04-10 09:50:00-04:00,-80.0
2025-04-10 09:55:00-04:00,-80.0
2025-04-10 10:00:00-04:00,-61.25
2025-04-10 10:05:00-04:00,-83.75
2025-04-10 10:10:00-04:00,-13.75
2025-04-10 10:15:00-04:00,-7.5
2025-04-10 10:20:00-04:00,-128.75
2025-04-10 10:25:00-04:00,-128.75
2025-04-10 10:30:00-04:00,-271.25
2025-04-10 10:35:00-04:00,-271.25
2025-04-10 10:40:00-04:00,-241.25
2025-04-10 10:45:00-04:00,-158.75
2025-04-10 10:50:00-04:00,-155.0
2025-04-10 10:55:00-04:00,-55.0
2025-04-10 11:00:00-04:00,-73.75
2025-04-10 11:05:00-04:00,-167.5
2025-04-10 11:10:00-04:00,-62.5
2025-04-10 11:15:00-04:00,-16.25
2025-04-10 11:20:00-04:00,25.0
2025-04-10 11:25:00-04:00,73.75
2025-04-10 11:30:00-04:00,85.0
2025-04-10 11:35:00-04:00,157.5
2025-04-10 11:40:00-04:00,177.5
2025-04-10 11:45:00-04:00,215.0
2025-04-10 11:50:00-04:00,187.5
2025-04-10 11:55:00-04:00,336.25
2025-04-10 12:00:00-04:00,452.5
2025-04-10 12:05:00-04:00,376.25
2025-04-10 12:10:00-04:00,452.5
2025-04-10 12:15:00-04:00,545.0
2025-04-10 12:20:00-04:00,603.75
2025-04-10 12:25:00-04:00,678.75
2025-04-10 12:30:00-04:00,425.0
2025-04-10 12:35:00-04:00,363.75
2025-04-10 12:40:00-04:00,377.5
2025-04-10 12:45:00-04:00,295.0
2025-04-10 12:50:00-04:00,371.25
2025-04-10 12:55:00-04:00,282.5
2025-04-10 13:00:00-04:00,211.25
2025-04-10 13:05:00-04:00,396.25
2025-04-10 13:10:00-04:00,538.75
2025-04-10 13:15:00-04:00,498.75
2025-04-10 13:20:00-04:00,498.75
2025-04-10 13:25:00-04:00,498.75
2025-04-10 13:30:00-04:00,491.25
2025-04-10 13:35:00-04:00,500.0
2025-04-10 13:40:00-04:00,670.0
2025-04-10 13:45:00-04:00,666.25
2025-04-10 13:50:00-04:00,732.5
2025-04-10 13:55:00-04:00,750.0
2025-04-10 14:00:00-04:00,893.75
2025-04-10 14:05:00-04:00,665.0
2025-04-10 14:10:00-04:00,580.0
2025-04-10 14:15:00-04:00,677.5
2025-04-10 14:20:00-04:00,855.0
2025-04-10 14:25:00-04:00,960.0
2025-04-10 14:30:00-04:00,886.25
2025-04-10 14:35:00-04:00,915.0
2025-04-10 14:40:00-04:00,1015.0
2025-04-10 14:45:00-04:00,870.0
2025-04-10 14:50:00-04:00,772.5
2025-04-10 14:55:00-04:00,846.25
2025-04-10 15:00:00-04:00,975.0
2025-04-10 15:05:00-04:00,757.5
2025-04-10 15:10:00-04:00,806.25
2025-04-10 15:15:00-04:00,888.75
2025-04-10 15:20:00-04:00,833.75
2025-04-10 15:25:00-04:00,662.5
2025-04-10 15:30:00-04:00,733.75
2025-04-10 15:35:00-04:00,618.75
2025-04-10 15:40:00-04:00,761.25
2025-04-10 15:45:00-04:00,705.0
2025-04-10 15:50:00-04:00,431.25
2025-04-10 15:55:00-04:00,431.25
2025-04-11 09:30:00-04:00,0.0
2025-04-11 09:35:00-04:00,-97.5
2025-04-11 09:40:00-04:00,-97.5
2025-04-11 09:45:00-04:00,-97.5
2025-04-11 09:50:00-04:00,-97.5
2025-04-11 09:55:00-04:00,-97.5
2025-04-11 10:00:00-04:00,-152.5
2025-04-11 10:05:00-04:00,-152.5
2025-04-11 10:10:00-04:00,-202.5
2025-04-11 10:15:00-04:00,-202.5
2025-04-11 10:20:00-04:00,-286.25
2025-04-11 10:25:00-04:00,-286.25
2025-04-11 10:30:00-04:00,-133.75
2025-04-11 10:35:00-04:00,-116.25
2025-04-11 10:40:00-04:00,-55.0
2025-04-11 10:45:00-04:00,-26.25
2025-04-11 10:50:00-04:00,-96.25
2025-04-11 10:55:00-04:00,-96.25
2025-04-11 11:00:00-04:00,-87.5
2025-04-11 11:05:00-04:00,-111.25
2025-04-11 11:10:00-04:00,-32.5
2025-04-11 11:15:00-04:00,-22.5
2025-04-11 11:20:00-04:00,-13.75
2025-04-11 11:25:00-04:00,-93.75
2025-04-11 11:30:00-04:00,-122.5
2025-04-11 11:35:00-04:00,-241.25
2025-04-11 11:40:00-04:00,-241.25
2025-04-11 11:45:00-04:00,-241.25
2025-04-11 11:50:00-04:00,-248.75
2025-04-11 11:55:00-04:00,-188.75
2025-04-11 12:00:00-04:00,-188.75
2025-04-11 12:05:00-04:00,-186.25
2025-04-11 12:10:00-04:00,-141.25
2025-04-11 12:15:00-04:00,-107.5
2025-04-11 12:20:00-04:00,-165.0
2025-04-11 12:25:00-04:00,-163.75
2025-04-11 12:30:00-04:00,-45.0
2025-04-11 12:35:00-04:00,31.25
2025-04-11 12:40:00-04:00,66.25
2025-04-11 12:45:00-04:00,98.75
2025-04-11 12:50:00-04:00,82.5
2025-04-11 12:55:00-04:00,56.25
2025-04-11 13:00:00-04:00,72.5
2025-04-11 13:05:00-04:00,61.25
2025-04-11 13:10:00-04:00,43.75
2025-04-11 13:15:00-04:00,-26.25
2025-04-11 13:20:00-04:00,1.25
2025-04-11 13:25:00-04:00,-40.0
2025-04-11 13:30:00-04:00,-33.75
2025-04-11 13:35:00-04:00,108.75
2025-04-11 13:40:00-04:00,241.25
2025-04-11 13:45:00-04:00,208.75
2025-04-11 13:50:00-04:00,258.75
2025-04-11 13:55:00-04:00,203.75
2025-04-11 14:00:00-04:00,210.0
2025-04-11 14:05:00-04:00,136.25
2025-04-11 14:10:00-04:00,147.5
2025-04-11 14:15:00-04:00,90.0
2025-04-11 14:20:00-04:00,113.75
2025-04-11 14:25:00-04:00,130.0
2025-04-11 14:30:00-04:00,118.75
2025-04-11 14:35:00-04:00,133.75
2025-04-11 14:40:00-04:00,153.75
2025-04-11 14:45:00-04:00,178.75
2025-04-11 14:50:00-04:00,151.25
2025-04-11 14:55:00-04:00,80.0
2025-04-11 15:00:00-04:00,157.5
2025-04-11 15:05:00-04:00,203.75
2025-04-11 15:10:00-04:00,222.5
2025-04-11 15:15:00-04:00,218.75
2025-04-11 15:20:00-04:00,231.25
2025-04-11 15:25:00-04:00,206.25
2025-04-11 15:30:00-04:00,217.5
2025-04-11 15:35:00-04:00,197.5
2025-04-11 15:40:00-04:00,216.25
2025-04-11 15:45:00-04:00,201.25
2025-04-11 15:50:00-04:00,210.0
2025-04-11 15:55:00-04:00,158.75
2025-04-14 09:30:00-04:00,0.0
2025-04-14 09:35:00-04:00,0.0
2025-04-14 09:40:00-04:00,0.0
2025-04-14 09:45:00-04:00,0.0
2025-04-14 09:50:00-04:00,0.0
2025-04-14 09:55:00-04:00,0.0
2025-04-14 10:00:00-04:00,0.0
2025-04-14 10:05:00-04:00,0.0
2025-04-14 10:10:00-04:00,0.0
2025-04-14 10:15:00-04:00,0.0
2025-04-14 10:20:00-04:00,0.0
2025-04-14 10:25:00-04:00,0.0
2025-04-14 10:30:00-04:00,0.0
2025-04-14 10:35:00-04:00,0.0
2025-04-14 10:40:00-04:00,0.0
2025-04-14 10:45:00-04:00,0.0
2025-04-14 10:50:00-04:00,0.0
2025-04-14 10:55:00-04:00,0.0
2025-04-14 11:00:00-04:00,0.0
2025-04-14 11:05:00-04:00,0.0
2025-04-14 11:10:00-04:00,0.0
2025-04-14 11:15:00-04:00,0.0
2025-04-14 11:20:00-04:00,0.0
2025-04-14 11:25:00-04:00,0.0
2025-04-14 11:30:00-04:00,-18.75
2025-04-14 11:35:00-04:00,-18.75
2025-04-14 11:40:00-04:00,-6.875
2025-04-14 11:45:00-04:00,-6.875
2025-04-14 11:50:00-04:00,95.0
2025-04-14 11:55:00-04:00,140.0
2025-04-14 12:00:00-04:00,26.5625
2025-04-14 12:05:00-04:00,26.5625
2025-04-14 12:10:00-04:00,131.25
2025-04-14 12:15:00-04:00,3.90625
2025-04-14 12:20:00-04:00,3.90625
2025-04-14 12:25:00-04:00,76.25
2025-04-14 12:30:00-04:00,-46.171875
2025-04-14 12:35:00-04:00,-46.171875
2025-04-14 12:40:00-04:00,-120.0
2025-04-14 12:45:00-04:00,-72.5
2025-04-14 12:50:00-04:00,-62.5
2025-04-14 12:55:00-04:00,82.5
2025-04-14 13:00:00-04:00,-12.5
2025-04-14 13:05:00-04:00,-40.0
2025-04-14 13:10:00-04:00,-47.5
2025-04-14 13:15:00-04:00,-80.5859375
2025-04-14 13:20:00-04:00,-80.5859375
2025-04-14 13:25:00-04:00,-80.5859375
2025-04-14 13:30:00-04:00,-80.5859375
2025-04-14 13:35:00-04:00,-80.5859375
2025-04-14 13:40:00-04:00,-80.5859375
2025-04-14 13:45:00-04:00,-80.5859375
2025-04-14 13:50:00-04:00,-80.5859375
2025-04-14 13:55:00-04:00,-80.5859375
2025-04-14 14:00:00-04:00,-213.75
2025-04-14 14:05:00-04:00,-213.75
2025-04-14 14:10:00-04:00,-213.75
2025-04-14 14:15:00-04:00,-213.75
2025-04-14 14:20:00-04:00,-213.75
2025-04-14 14:25:00-04:00,-213.75
2025-04-14 14:30:00-04:00,-213.75
2025-04-14 14:35:00-04:00,-213.75
2025-04-14 14:40:00-04:00,-213.75
2025-04-14 14:45:00-04:00,-213.75
2025-04-14 14:50:00-04:00,-213.75
2025-04-14 14:55:00-04:00,-213.75
2025-04-14 15:00:00-04:00,-213.75
2025-04-14 15:05:00-04:00,-213.75
2025-04-14 15:10:00-04:00,-213.75
2025-04-14 15:15:00-04:00,-213.75
2025-04-14 15:20:00-04:00,-213.75
2025-04-14 15:25:00-04:00,-213.75
2025-04-14 15:30:00-04:00,-213.75
2025-04-14 15:35:00-04:00,-213.75
2025-04-14 15:40:00-04:00,-213.75
2025-04-14 15:45:00-04:00,-213.75
2025-04-14 15:50:00-04:00,-213.75
2025-04-14 15:55:00-04:00,-213.75
2025-04-15 09:30:00-04:00,0.0
2025-04-15 09:35:00-04:00,58.75
2025-04-15 09:40:00-04:00,58.75
2025-04-15 09:45:00-04:00,58.75
2025-04-15 09:50:00-04:00,58.75
2025-04-15 09:55:00-04:00,58.75
2025-04-15 10:00:00-04:00,58.75
2025-04-15 10:05:00-04:00,58.75
2025-04-15 10:10:00-04:00,58.75
2025-04-15 10:15:00-04:00,-71.875
2025-04-15 10:20:00-04:00,-71.875
2025-04-15 10:25:00-04:00,-71.875
2025-04-15 10:30:00-04:00,-128.75
2025-04-15 10:35:00-04:00,-128.75
2025-04-15 10:40:00-04:00,-128.75
2025-04-15 10:45:00-04:00,-183.75
2025-04-15 10:50:00-04:00,-183.75
2025-04-15 10:55:00-04:00,-210.0
2025-04-15 11:00:00-04:00,-210.0
2025-04-15 11:05:00-04:00,-210.0
2025-04-15 11:10:00-04:00,-210.0
2025-04-15 11:15:00-04:00,-210.0
2025-04-15 11:20:00-04:00,-210.0
2025-04-15 11:25:00-04:00,-281.25
2025-04-15 11:30:00-04:00,-281.25
2025-04-15 11:35:00-04:00,-281.25
2025-04-15 11:40:00-04:00,-345.0
2025-04-15 11:45:00-04:00,-390.0
2025-04-15 11:50:00-04:00,-295.0
2025-04-15 11:55:00-04:00,-277.5
2025-04-15 12:00:00-04:00,-242.5
2025-04-15 12:05:00-04:00,-305.0
2025-04-15 12:10:00-04:00,-305.0
2025-04-15 12:15:00-04:00,-316.25
2025-04-15 12:20:00-04:00,-316.25
2025-04-15 12:25:00-04:00,-316.25
2025-04-15 12:30:00-04:00,-316.25
2025-04-15 12:35:00-04:00,-316.25
2025-04-15 12:40:00-04:00,-316.25
2025-04-15 12:45:00-04:00,-352.5
2025-04-15 12:50:00-04:00,-352.5
2025-04-15 12:55:00-04:00,-352.5
2025-04-15 13:00:00-04:00,-352.5
2025-04-15 13:05:00-04:00,-352.5
2025-04-15 13:10:00-04:00,-352.5
2025-04-15 13:15:00-04:00,-352.5
2025-04-15 13:20:00-04:00,-352.5
2025-04-15 13:25:00-04:00,-352.5
2025-04-15 13:30:00-04:00,-352.5
2025-04-15 13:35:00-04:00,-352.5
2025-04-15 13:40:00-04:00,-352.5
2025-04-15 13:45:00-04:00,-352.5
2025-04-15 13:50:00-04:00,-352.5
2025-04-15 13:55:00-04:00,-352.5
2025-04-15 14:00:00-04:00,-352.5
2025-04-15 14:05:00-04:00,-352.5
2025-04-15 14:10:00-04:00,-352.5
2025-04-15 14:15:00-04:00,-352.5
2025-04-15 14:20:00-04:00,-352.5
2025-04-15 14:25:00-04:00,-352.5
2025-04-15 14:30:00-04:00,-352.5
2025-04-15 14:35:00-04:00,-352.5
2025-04-15 14:40:00-04:00,-352.5
2025-04-15 14:45:00-04:00,-352.5
2025-04-15 14:50:00-04:00,-352.5
2025-04-15 14:55:00-04:00,-352.5
2025-04-15 15:00:00-04:00,-352.5
2025-04-15 15:05:00-04:00,-352.5
2025-04-15 15:10:00-04:00,-352.5
2025-04-15 15:15:00-04:00,-352.5
2025-04-15 15:20:00-04:00,-352.5
2025-04-15 15:25:00-04:00,-352.5
2025-04-15 15:30:00-04:00,-352.5
2025-04-15 15:35:00-04:00,-352.5
2025-04-15 15:40:00-04:00,-352.5
2025-04-15 15:45:00-04:00,-352.5
2025-04-15 15:50:00-04:00,-352.5
2025-04-15 15:55:00-04:00,-352.5
2025-04-16 09:30:00-04:00,0.0
2025-04-16 09:35:00-04:00,-15.0
2025-04-16 09:40:00-04:00,16.25
2025-04-16 09:45:00-04:00,53.75
2025-04-16 09:50:00-04:00,115.0
2025-04-16 09:55:00-04:00,148.75
2025-04-16 10:00:00-04:00,120.0
2025-04-16 10:05:00-04:00,82.5
2025-04-16 10:10:00-04:00,137.5
2025-04-16 10:15:00-04:00,117.5
2025-04-16 10:20:00-04:00,70.0
2025-04-16 10:25:00-04:00,55.0
2025-04-16 10:30:00-04:00,38.75
2025-04-16 10:35:00-04:00,38.75
2025-04-16 10:40:00-04:00,8.75
2025-04-16 10:45:00-04:00,41.25
2025-04-16 10:50:00-04:00,42.5
2025-04-16 10:55:00-04:00,31.25
2025-04-16 11:00:00-04:00,42.5
2025-04-16 11:05:00-04:00,7.5
2025-04-16 11:10:00-04:00,5.0
2025-04-16 11:15:00-04:00,-12.5
2025-04-16 11:20:00-04:00,95.0
2025-04-16 11:25:00-04:00,105.0
2025-04-16 11:30:00-04:00,90.0
2025-04-16 11:35:00-04:00,65.0
2025-04-16 11:40:00-04:00,35.0
2025-04-16 11:45:00-04:00,3.75
2025-04-16 11:50:00-04:00,-22.5
2025-04-16 11:55:00-04:00,-22.5
2025-04-16 12:00:00-04:00,-22.5
2025-04-16 12:05:00-04:00,-22.5
2025-04-16 12:10:00-04:00,-22.5
2025-04-16 12:15:00-04:00,-25.0
2025-04-16 12:20:00-04:00,-23.75
2025-04-16 12:25:00-04:00,-26.25
2025-04-16 12:30:00-04:00,-51.25
2025-04-16 12:35:00-04:00,2.5
2025-04-16 12:40:00-04:00,-25.0
2025-04-16 12:45:00-04:00,1.25
2025-04-16 12:50:00-04:00,-5.0
2025-04-16 12:55:00-04:00,5.0
2025-04-16 13:00:00-04:00,20.0
2025-04-16 13:05:00-04:00,23.75
2025-04-16 13:10:00-04:00,23.75
2025-04-16 13:15:00-04:00,-18.75
2025-04-16 13:20:00-04:00,8.75
2025-04-16 13:25:00-04:00,-25.0
2025-04-16 13:30:00-04:00,127.5
2025-04-16 13:35:00-04:00,142.5
2025-04-16 13:40:00-04:00,191.25
2025-04-16 13:45:00-04:00,251.25
2025-04-16 13:50:00-04:00,271.25
2025-04-16 13:55:00-04:00,351.25
2025-04-16 14:00:00-04:00,287.5
2025-04-16 14:05:00-04:00,261.25
2025-04-16 14:10:00-04:00,248.75
2025-04-16 14:15:00-04:00,298.75
2025-04-16 14:20:00-04:00,240.0
2025-04-16 14:25:00-04:00,253.75
2025-04-16 14:30:00-04:00,280.0
2025-04-16 14:35:00-04:00,346.25
2025-04-16 14:40:00-04:00,357.5
2025-04-16 14:45:00-04:00,362.5
2025-04-16 14:50:00-04:00,396.25
2025-04-16 14:55:00-04:00,415.0
2025-04-16 15:00:00-04:00,445.0
2025-04-16 15:05:00-04:00,468.75
2025-04-16 15:10:00-04:00,455.0
2025-04-16 15:15:00-04:00,495.0
2025-04-16 15:20:00-04:00,521.25
2025-04-16 15:25:00-04:00,522.5
2025-04-16 15:30:00-04:00,463.75
2025-04-16 15:35:00-04:00,447.5
2025-04-16 15:40:00-04:00,430.0
2025-04-16 15:45:00-04:00,408.75
2025-04-16 15:50:00-04:00,278.75
2025-04-16 15:55:00-04:00,268.75
2025-04-17 09:30:00-04:00,0.0
2025-04-17 09:35:00-04:00,0.0
2025-04-17 09:40:00-04:00,60.0
2025-04-17 09:45:00-04:00,82.5
2025-04-17 09:50:00-04:00,192.5
2025-04-17 09:55:00-04:00,182.5
2025-04-17 10:00:00-04:00,170.0
2025-04-17 10:05:00-04:00,60.0
2025-04-17 10:10:00-04:00,47.5
2025-04-17 10:15:00-04:00,-15.0
2025-04-17 10:20:00-04:00,-43.75
2025-04-17 10:25:00-04:00,-43.75
2025-04-17 10:30:00-04:00,-147.5
2025-04-17 10:35:00-04:00,-131.875
2025-04-17 10:40:00-04:00,-131.875
2025-04-17 10:45:00-04:00,-142.1875
2025-04-17 10:50:00-04:00,-151.25
2025-04-17 10:55:00-04:00,-151.25
2025-04-17 11:00:00-04:00,-151.25
2025-04-17 11:05:00-04:00,-151.25
2025-04-17 11:10:00-04:00,-151.25
2025-04-17 11:15:00-04:00,-151.25
2025-04-17 11:20:00-04:00,-151.25
2025-04-17 11:25:00-04:00,-185.0
2025-04-17 11:30:00-04:00,-185.0
2025-04-17 11:35:00-04:00,-185.0
2025-04-17 11:40:00-04:00,-222.5
2025-04-17 11:45:00-04:00,-222.5
2025-04-17 11:50:00-04:00,-288.75
2025-04-17 11:55:00-04:00,-291.25
2025-04-17 12:00:00-04:00,-313.75
2025-04-17 12:05:00-04:00,-143.75
2025-04-17 12:10:00-04:00,-171.25
2025-04-17 12:15:00-04:00,-43.75
2025-04-17 12:20:00-04:00,-53.75
2025-04-17 12:25:00-04:00,-13.75
2025-04-17 12:30:00-04:00,16.25
2025-04-17 12:35:00-04:00,-63.75
2025-04-17 12:40:00-04:00,-151.25
2025-04-17 12:45:00-04:00,-76.25
2025-04-17 12:50:00-04:00,21.25
2025-04-17 12:55:00-04:00,31.25
2025-04-17 13:00:00-04:00,-1.25
2025-04-17 13:05:00-04:00,3.75
2025-04-17 13:10:00-04:00,-81.25
2025-04-17 13:15:00-04:00,-116.25
2025-04-17 13:20:00-04:00,-158.75
2025-04-17 13:25:00-04:00,-196.25
2025-04-17 13:30:00-04:00,-91.25
2025-04-17 13:35:00-04:00,-66.25
2025-04-17 13:40:00-04:00,-171.875
2025-04-17 13:45:00-04:00,-171.875
2025-04-17 13:50:00-04:00,-171.875
2025-04-17 13:55:00-04:00,-171.875
2025-04-17 14:00:00-04:00,-171.875
2025-04-17 14:05:00-04:00,-1.25
2025-04-17 14:10:00-04:00,-66.25
2025-04-17 14:15:00-04:00,1.25
2025-04-17 14:20:00-04:00,26.25
2025-04-17 14:25:00-04:00,-63.75
2025-04-17 14:30:00-04:00,-38.75
2025-04-17 14:35:00-04:00,16.25
2025-04-17 14:40:00-04:00,-33.75
2025-04-17 14:45:00-04:00,-147.8125
2025-04-17 14:50:00-04:00,-147.8125
2025-04-17 14:55:00-04:00,-177.03125
2025-04-17 15:00:00-04:00,-177.03125
2025-04-17 15:05:00-04:00,-199.140625
2025-04-17 15:10:00-04:00,-277.5
2025-04-17 15:15:00-04:00,-277.5
2025-04-17 15:20:00-04:00,-277.5
2025-04-17 15:25:00-04:00,-277.5
2025-04-17 15:30:00-04:00,-277.5
2025-04-17 15:35:00-04:00,-287.5
2025-04-17 15:40:00-04:00,-287.5
2025-04-17 15:45:00-04:00,-287.5
2025-04-17 15:50:00-04:00,-287.5
2025-04-17 15:55:00-04:00,-287.5
2025-04-21 09:30:00-04:00,0.0
2025-04-21 09:35:00-04:00,0.0
2025-04-21 09:40:00-04:00,0.0
2025-04-21 09:45:00-04:00,0.0
2025-04-21 09:50:00-04:00,0.0
2025-04-21 09:55:00-04:00,0.0
2025-04-21 10:00:00-04:00,0.0
2025-04-21 10:05:00-04:00,0.0
2025-04-21 10:10:00-04:00,0.0
2025-04-21 10:15:00-04:00,0.0
2025-04-21 10:20:00-04:00,0.0
2025-04-21 10:25:00-04:00,0.0
2025-04-21 10:30:00-04:00,0.0
2025-04-21 10:35:00-04:00,0.0
2025-04-21 10:40:00-04:00,0.0
2025-04-21 10:45:00-04:00,0.0
2025-04-21 10:50:00-04:00,0.0
2025-04-21 10:55:00-04:00,0.0
2025-04-21 11:00:00-04:00,0.0
2025-04-21 11:05:00-04:00,0.0
2025-04-21 11:10:00-04:00,0.0
2025-04-21 11:15:00-04:00,0.0
2025-04-21 11:20:00-04:00,0.0
2025-04-21 11:25:00-04:00,0.0
2025-04-21 11:30:00-04:00,0.0
2025-04-21 11:35:00-04:00,0.0
2025-04-21 11:40:00-04:00,0.0
2025-04-21 11:45:00-04:00,0.0
2025-04-21 11:50:00-04:00,0.0
2025-04-21 11:55:00-04:00,0.0
2025-04-21 12:00:00-04:00,0.0
2025-04-21 12:05:00-04:00,0.0
2025-04-21 12:10:00-04:00,0.0
2025-04-21 12:15:00-04:00,0.0
2025-04-21 12:20:00-04:00,0.0
2025-04-21 12:25:00-04:00,0.0
2025-04-21 12:30:00-04:00,0.0
2025-04-21 12:35:00-04:00,0.0
2025-04-21 12:40:00-04:00,0.0
2025-04-21 12:45:00-04:00,0.0
2025-04-21 12:50:00-04:00,0.0
2025-04-21 12:55:00-04:00,0.0
2025-04-21 13:00:00-04:00,0.0
2025-04-21 13:05:00-04:00,0.0
2025-04-21 13:10:00-04:00,0.0
2025-04-21 13:15:00-04:00,0.0
2025-04-21 13:20:00-04:00,0.0
2025-04-21 13:25:00-04:00,0.0
2025-04-21 13:30:00-04:00,0.0
2025-04-21 13:35:00-04:00,0.0
2025-04-21 13:40:00-04:00,0.0
2025-04-21 13:45:00-04:00,0.0
2025-04-21 13:50:00-04:00,0.0
2025-04-21 13:55:00-04:00,0.0
2025-04-21 14:00:00-04:00,0.0
2025-04-21 14:05:00-04:00,0.0
2025-04-21 14:10:00-04:00,0.0
2025-04-21 14:15:00-04:00,0.0
2025-04-21 14:20:00-04:00,0.0
2025-04-21 14:25:00-04:00,0.0
2025-04-21 14:30:00-04:00,0.0
2025-04-21 14:35:00-04:00,0.0
2025-04-21 14:40:00-04:00,0.0
2025-04-21 14:45:00-04:00,0.0
2025-04-21 14:50:00-04:00,0.0
2025-04-21 14:55:00-04:00,0.0
2025-04-21 15:00:00-04:00,0.0
2025-04-21 15:05:00-04:00,0.0
2025-04-21 15:10:00-04:00,0.0
2025-04-21 15:15:00-04:00,0.0
2025-04-21 15:20:00-04:00,0.0
2025-04-21 15:25:00-04:00,0.0
2025-04-21 15:30:00-04:00,0.0
2025-04-21 15:35:00-04:00,125.0
2025-04-21 15:40:00-04:00,172.5
2025-04-21 15:45:00-04:00,227.5
2025-04-21 15:50:00-04:00,307.5
2025-04-21 15:55:00-04:00,350.0
2025-04-22 09:30:00-04:00,0.0
2025-04-22 09:35:00-04:00,0.0
2025-04-22 09:40:00-04:00,0.0
2025-04-22 09:45:00-04:00,0.0
2025-04-22 09:50:00-04:00,0.0
2025-04-22 09:55:00-04:00,0.0
2025-04-22 10:00:00-04:00,0.0
2025-04-22 10:05:00-04:00,0.0
2025-04-22 10:10:00-04:00,0.0
2025-04-22 10:15:00-04:00,0.0
2025-04-22 10:20:00-04:00,0.0
2025-04-22 10:25:00-04:00,0.0
2025-04-22 10:30:00-04:00,0.0
2025-04-22 10:35:00-04:00,0.0
2025-04-22 10:40:00-04:00,0.0
2025-04-22 10:45:00-04:00,0.0
2025-04-22 10:50:00-04:00,0.0
2025-04-22 10:55:00-04:00,0.0
2025-04-22 11:00:00-04:00,0.0
2025-04-22 11:05:00-04:00,0.0
2025-04-22 11:10:00-04:00,0.0
2025-04-22 11:15:00-04:00,0.0
2025-04-22 11:20:00-04:00,0.0
2025-04-22 11:25:00-04:00,0.0
2025-04-22 11:30:00-04:00,0.0
2025-04-22 11:35:00-04:00,0.0
2025-04-22 11:40:00-04:00,0.0
2025-04-22 11:45:00-04:00,0.0
2025-04-22 11:50:00-04:00,0.0
2025-04-22 11:55:00-04:00,0.0
2025-04-22 12:00:00-04:00,0.0
2025-04-22 12:05:00-04:00,0.0
2025-04-22 12:10:00-04:00,0.0
2025-04-22 12:15:00-04:00,0.0
2025-04-22 12:20:00-04:00,0.0
2025-04-22 12:25:00-04:00,0.0
2025-04-22 12:30:00-04:00,0.0
2025-04-22 12:35:00-04:00,0.0
2025-04-22 12:40:00-04:00,0.0
2025-04-22 12:45:00-04:00,0.0
2025-04-22 12:50:00-04:00,0.0
2025-04-22 12:55:00-04:00,0.0
2025-04-22 13:00:00-04:00,0.0
2025-04-22 13:05:00-04:00,0.0
2025-04-22 13:10:00-04:00,0.0
2025-04-22 13:15:00-04:00,0.0
2025-04-22 13:20:00-04:00,0.0
2025-04-22 13:25:00-04:00,90.0
2025-04-22 13:30:00-04:00,57.5
2025-04-22 13:35:00-04:00,7.5
2025-04-22 13:40:00-04:00,27.5
2025-04-22 13:45:00-04:00,147.5
2025-04-22 13:50:00-04:00,85.0
2025-04-22 13:55:00-04:00,170.0
2025-04-22 14:00:00-04:00,2.5
2025-04-22 14:05:00-04:00,-42.5
2025-04-22 14:10:00-04:00,-50.0
2025-04-22 14:15:00-04:00,-50.0
2025-04-22 14:20:00-04:00,-118.75
2025-04-22 14:25:00-04:00,-118.75
2025-04-22 14:30:00-04:00,-227.5
2025-04-22 14:35:00-04:00,-212.5
2025-04-22 14:40:00-04:00,-190.625
2025-04-22 14:45:00-04:00,-280.0
2025-04-22 14:50:00-04:00,-280.0
2025-04-22 14:55:00-04:00,-280.0
2025-04-22 15:00:00-04:00,-280.0
2025-04-22 15:05:00-04:00,-280.0
2025-04-22 15:10:00-04:00,-280.0
2025-04-22 15:15:00-04:00,-248.75
2025-04-22 15:20:00-04:00,-248.75
2025-04-22 15:25:00-04:00,-248.75
2025-04-22 15:30:00-04:00,-248.75
2025-04-22 15:35:00-04:00,-248.75
2025-04-22 15:40:00-04:00,-343.75
2025-04-22 15:45:00-04:00,-343.75
2025-04-22 15:50:00-04:00,-343.75
2025-04-22 15:55:00-04:00,-343.75
2025-04-23 09:30:00-04:00,0.0
2025-04-23 09:35:00-04:00,16.25
2025-04-23 09:40:00-04:00,77.5
2025-04-23 09:45:00-04:00,155.0
2025-04-23 09:50:00-04:00,73.75
2025-04-23 09:55:00-04:00,123.75
2025-04-23 10:00:00-04:00,118.75
2025-04-23 10:05:00-04:00,125.0
2025-04-23 10:10:00-04:00,105.0
2025-04-23 10:15:00-04:00,41.25
2025-04-23 10:20:00-04:00,91.25
2025-04-23 10:25:00-04:00,141.25
2025-04-23 10:30:00-04:00,181.25
2025-04-23 10:35:00-04:00,171.25
2025-04-23 10:40:00-04:00,162.5
2025-04-23 10:45:00-04:00,130.0
2025-04-23 10:50:00-04:00,95.0
2025-04-23 10:55:00-04:00,76.25
2025-04-23 11:00:00-04:00,91.25
2025-04-23 11:05:00-04:00,67.5
2025-04-23 11:10:00-04:00,61.25
2025-04-23 11:15:00-04:00,-5.0
2025-04-23 11:20:00-04:00,48.75
2025-04-23 11:25:00-04:00,116.25
2025-04-23 11:30:00-04:00,118.75
2025-04-23 11:35:00-04:00,96.25
2025-04-23 11:40:00-04:00,151.25
2025-04-23 11:45:00-04:00,241.25
2025-04-23 11:50:00-04:00,212.5
2025-04-23 11:55:00-04:00,173.75
2025-04-23 12:00:00-04:00,187.5
2025-04-23 12:05:00-04:00,250.0
2025-04-23 12:10:00-04:00,242.5
2025-04-23 12:15:00-04:00,317.5
2025-04-23 12:20:00-04:00,318.75
2025-04-23 12:25:00-04:00,232.5
2025-04-23 12:30:00-04:00,222.5
2025-04-23 12:35:00-04:00,178.75
2025-04-23 12:40:00-04:00,187.5
2025-04-23 12:45:00-04:00,253.75
2025-04-23 12:50:00-04:00,198.75
2025-04-23 12:55:00-04:00,137.5
2025-04-23 13:00:00-04:00,125.0
2025-04-23 13:05:00-04:00,97.5
2025-04-23 13:10:00-04:00,100.0
2025-04-23 13:15:00-04:00,105.0
2025-04-23 13:20:00-04:00,102.5
2025-04-23 13:25:00-04:00,57.5
2025-04-23 13:30:00-04:00,57.5
2025-04-23 13:35:00-04:00,22.5
2025-04-23 13:40:00-04:00,22.5
2025-04-23 13:45:00-04:00,-1.25
2025-04-23 13:50:00-04:00,60.0
2025-04-23 13:55:00-04:00,65.0
2025-04-23 14:00:00-04:00,40.0
2025-04-23 14:05:00-04:00,40.0
2025-04-23 14:10:00-04:00,40.0
2025-04-23 14:15:00-04:00,40.0
2025-04-23 14:20:00-04:00,40.0
2025-04-23 14:25:00-04:00,40.0
2025-04-23 14:30:00-04:00,17.5
2025-04-23 14:35:00-04:00,16.25
2025-04-23 14:40:00-04:00,70.0
2025-04-23 14:45:00-04:00,35.0
2025-04-23 14:50:00-04:00,62.5
2025-04-23 14:55:00-04:00,51.25
2025-04-23 15:00:00-04:00,106.25
2025-04-23 15:05:00-04:00,87.5
2025-04-23 15:10:00-04:00,90.0
2025-04-23 15:15:00-04:00,112.5
2025-04-23 15:20:00-04:00,152.5
2025-04-23 15:25:00-04:00,138.75
2025-04-23 15:30:00-04:00,122.5
2025-04-23 15:35:00-04:00,153.75
2025-04-23 15:40:00-04:00,133.75
2025-04-23 15:45:00-04:00,102.5
2025-04-23 15:50:00-04:00,27.5
2025-04-23 15:55:00-04:00,106.25
2025-04-24 09:30:00-04:00,0.0
2025-04-24 09:35:00-04:00,0.0
2025-04-24 09:40:00-04:00,0.0
2025-04-24 09:45:00-04:00,0.0
2025-04-24 09:50:00-04:00,70.0
2025-04-24 09:55:00-04:00,145.0
2025-04-24 10:00:00-04:00,170.0
2025-04-24 10:05:00-04:00,222.5
2025-04-24 10:10:00-04:00,197.5
2025-04-24 10:15:00-04:00,265.0
2025-04-24 10:20:00-04:00,347.5
2025-04-24 10:25:00-04:00,427.5
2025-04-24 10:30:00-04:00,475.0
2025-04-24 10:35:00-04:00,487.5
2025-04-24 10:40:00-04:00,410.0
2025-04-24 10:45:00-04:00,400.0
2025-04-24 10:50:00-04:00,432.5
2025-04-24 10:55:00-04:00,450.0
2025-04-24 11:00:00-04:00,482.5
2025-04-24 11:05:00-04:00,487.5
2025-04-24 11:10:00-04:00,555.0
2025-04-24 11:15:00-04:00,512.5
2025-04-24 11:20:00-04:00,492.5
2025-04-24 11:25:00-04:00,455.0
2025-04-24 11:30:00-04:00,505.0
2025-04-24 11:35:00-04:00,480.0
2025-04-24 11:40:00-04:00,447.5
2025-04-24 11:45:00-04:00,492.5
2025-04-24 11:50:00-04:00,572.5
2025-04-24 11:55:00-04:00,482.5
2025-04-24 12:00:00-04:00,497.5
2025-04-24 12:05:00-04:00,440.0
2025-04-24 12:10:00-04:00,555.0
2025-04-24 12:15:00-04:00,615.0
2025-04-24 12:20:00-04:00,587.5
2025-04-24 12:25:00-04:00,652.5
2025-04-24 12:30:00-04:00,707.5
2025-04-24 12:35:00-04:00,715.0
2025-04-24 12:40:00-04:00,697.5
2025-04-24 12:45:00-04:00,690.0
2025-04-24 12:50:00-04:00,705.0
2025-04-24 12:55:00-04:00,750.0
2025-04-24 13:00:00-04:00,727.5
2025-04-24 13:05:00-04:00,682.5
2025-04-24 13:10:00-04:00,720.0
2025-04-24 13:15:00-04:00,627.5
2025-04-24 13:20:00-04:00,690.0
2025-04-24 13:25:00-04:00,705.0
2025-04-24 13:30:00-04:00,685.0
2025-04-24 13:35:00-04:00,710.0
2025-04-24 13:40:00-04:00,680.0
2025-04-24 13:45:00-04:00,712.5
2025-04-24 13:50:00-04:00,762.5
2025-04-24 13:55:00-04:00,740.0
2025-04-24 14:00:00-04:00,772.5
2025-04-24 14:05:00-04:00,777.5
2025-04-24 14:10:00-04:00,770.0
2025-04-24 14:15:00-04:00,757.5
2025-04-24 14:20:00-04:00,750.0
2025-04-24 14:25:00-04:00,762.5
2025-04-24 14:30:00-04:00,820.0
2025-04-24 14:35:00-04:00,850.0
2025-04-24 14:40:00-04:00,835.0
2025-04-24 14:45:00-04:00,855.0
2025-04-24 14:50:00-04:00,867.5
2025-04-24 14:55:00-04:00,817.5
2025-04-24 15:00:00-04:00,730.0
2025-04-24 15:05:00-04:00,722.5
2025-04-24 15:10:00-04:00,690.0
2025-04-24 15:15:00-04:00,762.5
2025-04-24 15:20:00-04:00,747.5
2025-04-24 15:25:00-04:00,692.5
2025-04-24 15:30:00-04:00,692.5
2025-04-24 15:35:00-04:00,692.5
2025-04-24 15:40:00-04:00,707.5
2025-04-24 15:45:00-04:00,707.5
2025-04-24 15:50:00-04:00,707.5
2025-04-24 15:55:00-04:00,675.0
2025-04-25 09:30:00-04:00,0.0
2025-04-25 09:35:00-04:00,32.5
2025-04-25 09:40:00-04:00,-25.0
2025-04-25 09:45:00-04:00,-68.75
2025-04-25 09:50:00-04:00,-68.75
2025-04-25 09:55:00-04:00,-80.0
2025-04-25 10:00:00-04:00,-46.25
2025-04-25 10:05:00-04:00,48.75
2025-04-25 10:10:00-04:00,55.0
2025-04-25 10:15:00-04:00,15.0
2025-04-25 10:20:00-04:00,-58.75
2025-04-25 10:25:00-04:00,-58.75
2025-04-25 10:30:00-04:00,-91.25
2025-04-25 10:35:00-04:00,-91.25
2025-04-25 10:40:00-04:00,-142.5
2025-04-25 10:45:00-04:00,-142.5
2025-04-25 10:50:00-04:00,-142.5
2025-04-25 10:55:00-04:00,-142.5
2025-04-25 11:00:00-04:00,-142.5
2025-04-25 11:05:00-04:00,-142.5
2025-04-25 11:10:00-04:00,-122.5
2025-04-25 11:15:00-04:00,-136.25
2025-04-25 11:20:00-04:00,-115.0
2025-04-25 11:25:00-04:00,-160.0
2025-04-25 11:30:00-04:00,-151.25
2025-04-25 11:35:00-04:00,-173.75
2025-04-25 11:40:00-04:00,-173.75
2025-04-25 11:45:00-04:00,-151.25
2025-04-25 11:50:00-04:00,-116.25
2025-04-25 11:55:00-04:00,-115.0
2025-04-25 12:00:00-04:00,-103.75
2025-04-25 12:05:00-04:00,-100.0
2025-04-25 12:10:00-04:00,-91.25
2025-04-25 12:15:00-04:00,-83.75
2025-04-25 12:20:00-04:00,-47.5
2025-04-25 12:25:00-04:00,-51.25
2025-04-25 12:30:00-04:00,-40.0
2025-04-25 12:35:00-04:00,-35.0
2025-04-25 12:40:00-04:00,-13.75
2025-04-25 12:45:00-04:00,-41.25
2025-04-25 12:50:00-04:00,-17.5
2025-04-25 12:55:00-04:00,-13.75
2025-04-25 13:00:00-04:00,-13.75
2025-04-25 13:05:00-04:00,13.75
2025-04-25 13:10:00-04:00,32.5
2025-04-25 13:15:00-04:00,46.25
2025-04-25 13:20:00-04:00,60.0
2025-04-25 13:25:00-04:00,82.5
2025-04-25 13:30:00-04:00,62.5
2025-04-25 13:35:00-04:00,-18.75
2025-04-25 13:40:00-04:00,-11.25
2025-04-25 13:45:00-04:00,-37.5
2025-04-25 13:50:00-04:00,-92.5
2025-04-25 13:55:00-04:00,-70.0
2025-04-25 14:00:00-04:00,-40.0
2025-04-25 14:05:00-04:00,-11.25
2025-04-25 14:10:00-04:00,1.25
2025-04-25 14:15:00-04:00,-22.5
2025-04-25 14:20:00-04:00,-60.0
2025-04-25 14:25:00-04:00,-60.0
2025-04-25 14:30:00-04:00,-70.0
2025-04-25 14:35:00-04:00,-93.75
2025-04-25 14:40:00-04:00,-93.75
2025-04-25 14:45:00-04:00,-93.75
2025-04-25 14:50:00-04:00,-101.25
2025-04-25 14:55:00-04:00,-131.25
2025-04-25 15:00:00-04:00,-131.25
2025-04-25 15:05:00-04:00,-138.75
2025-04-25 15:10:00-04:00,-157.5
2025-04-25 15:15:00-04:00,-163.75
2025-04-25 15:20:00-04:00,-163.75
2025-04-25 15:25:00-04:00,-207.5
2025-04-25 15:30:00-04:00,-207.5
2025-04-25 15:35:00-04:00,-221.25
2025-04-25 15:40:00-04:00,-205.0
2025-04-25 15:45:00-04:00,-213.75
2025-04-25 15:50:00-04:00,-275.0
2025-04-25 15:55:00-04:00,-275.0
2025-04-28 09:30:00-04:00,0.0
2025-04-28 09:35:00-04:00,0.0
2025-04-28 09:40:00-04:00,0.0
2025-04-28 09:45:00-04:00,45.0
2025-04-28 09:50:00-04:00,-27.5
2025-04-28 09:55:00-04:00,-27.5
2025-04-28 10:00:00-04:00,-38.75
2025-04-28 10:05:00-04:00,-43.75
2025-04-28 10:10:00-04:00,-73.75
2025-04-28 10:15:00-04:00,-31.25
2025-04-28 10:20:00-04:00,51.25
2025-04-28 10:25:00-04:00,-58.75
2025-04-28 10:30:00-04:00,-96.25
2025-04-28 10:35:00-04:00,-21.25
2025-04-28 10:40:00-04:00,-1.25
2025-04-28 10:45:00-04:00,26.25
2025-04-28 10:50:00-04:00,-58.75
2025-04-28 10:55:00-04:00,-65.625
2025-04-28 11:00:00-04:00,-97.5
2025-04-28 11:05:00-04:00,-97.5
2025-04-28 11:10:00-04:00,-97.5
2025-04-28 11:15:00-04:00,-97.5
2025-04-28 11:20:00-04:00,-97.5
2025-04-28 11:25:00-04:00,-97.5
2025-04-28 11:30:00-04:00,-97.5
2025-04-28 11:35:00-04:00,-97.5
2025-04-28 11:40:00-04:00,-97.5
2025-04-28 11:45:00-04:00,-97.5
2025-04-28 11:50:00-04:00,-97.5
2025-04-28 11:55:00-04:00,-97.5
2025-04-28 12:00:00-04:00,-97.5
2025-04-28 12:05:00-04:00,-97.5
2025-04-28 12:10:00-04:00,-97.5
2025-04-28 12:15:00-04:00,-97.5
2025-04-28 12:20:00-04:00,-97.5
2025-04-28 12:25:00-04:00,-97.5
2025-04-28 12:30:00-04:00,-97.5
2025-04-28 12:35:00-04:00,-97.5
2025-04-28 12:40:00-04:00,-97.5
2025-04-28 12:45:00-04:00,-97.5
2025-04-28 12:50:00-04:00,-97.5
2025-04-28 12:55:00-04:00,-97.5
2025-04-28 13:00:00-04:00,-97.5
2025-04-28 13:05:00-04:00,-97.5
2025-04-28 13:10:00-04:00,-97.5
2025-04-28 13:15:00-04:00,-97.5
2025-04-28 13:20:00-04:00,-97.5
2025-04-28 13:25:00-04:00,-97.5
2025-04-28 13:30:00-04:00,-97.5
2025-04-28 13:35:00-04:00,-97.5
2025-04-28 13:40:00-04:00,-97.5
2025-04-28 13:45:00-04:00,-97.5
2025-04-28 13:50:00-04:00,-97.5
2025-04-28 13:55:00-04:00,-97.5
2025-04-28 14:00:00-04:00,-97.5
2025-04-28 14:05:00-04:00,-97.5
2025-04-28 14:10:00-04:00,-107.5
2025-04-28 14:15:00-04:00,-115.0
2025-04-28 14:20:00-04:00,-45.0
2025-04-28 14:25:00-04:00,-20.0
2025-04-28 14:30:00-04:00,-65.0
2025-04-28 14:35:00-04:00,-17.5
2025-04-28 14:40:00-04:00,-22.5
2025-04-28 14:45:00-04:00,-15.0
2025-04-28 14:50:00-04:00,12.5
2025-04-28 14:55:00-04:00,-2.5
2025-04-28 15:00:00-04:00,65.0
2025-04-28 15:05:00-04:00,112.5
2025-04-28 15:10:00-04:00,105.0
2025-04-28 15:15:00-04:00,135.0
2025-04-28 15:20:00-04:00,205.0
2025-04-28 15:25:00-04:00,187.5
2025-04-28 15:30:00-04:00,195.0
2025-04-28 15:35:00-04:00,177.5
2025-04-28 15:40:00-04:00,205.0
2025-04-28 15:45:00-04:00,240.0
2025-04-28 15:50:00-04:00,320.0
2025-04-28 15:55:00-04:00,215.0
2025-04-29 09:30:00-04:00,0.0
2025-04-29 09:35:00-04:00,0.0
2025-04-29 09:40:00-04:00,0.0
2025-04-29 09:45:00-04:00,0.0
2025-04-29 09:50:00-04:00,0.0
2025-04-29 09:55:00-04:00,0.0
2025-04-29 10:00:00-04:00,0.0
2025-04-29 10:05:00-04:00,0.0
2025-04-29 10:10:00-04:00,0.0
2025-04-29 10:15:00-04:00,0.0
2025-04-29 10:20:00-04:00,0.0
2025-04-29 10:25:00-04:00,0.0
2025-04-29 10:30:00-04:00,0.0
2025-04-29 10:35:00-04:00,0.0
2025-04-29 10:40:00-04:00,0.0
2025-04-29 10:45:00-04:00,0.0
2025-04-29 10:50:00-04:00,0.0
2025-04-29 10:55:00-04:00,0.0
2025-04-29 11:00:00-04:00,0.0
2025-04-29 11:05:00-04:00,0.0
2025-04-29 11:10:00-04:00,0.0
2025-04-29 11:15:00-04:00,0.0
2025-04-29 11:20:00-04:00,0.0
2025-04-29 11:25:00-04:00,0.0
2025-04-29 11:30:00-04:00,0.0
2025-04-29 11:35:00-04:00,0.0
2025-04-29 11:40:00-04:00,0.0
2025-04-29 11:45:00-04:00,0.0
2025-04-29 11:50:00-04:00,0.0
2025-04-29 11:55:00-04:00,0.0
2025-04-29 12:00:00-04:00,0.0
2025-04-29 12:05:00-04:00,0.0
2025-04-29 12:10:00-04:00,0.0
2025-04-29 12:15:00-04:00,0.0
2025-04-29 12:20:00-04:00,0.0
2025-04-29 12:25:00-04:00,0.0
2025-04-29 12:30:00-04:00,0.0
2025-04-29 12:35:00-04:00,0.0
2025-04-29 12:40:00-04:00,0.0
2025-04-29 12:45:00-04:00,0.0
2025-04-29 12:50:00-04:00,0.0
2025-04-29 12:55:00-04:00,0.0
2025-04-29 13:00:00-04:00,0.0
2025-04-29 13:05:00-04:00,20.0
2025-04-29 13:10:00-04:00,-7.5
2025-04-29 13:15:00-04:00,-7.5
2025-04-29 13:20:00-04:00,-7.5
2025-04-29 13:25:00-04:00,-7.5
2025-04-29 13:30:00-04:00,-7.5
2025-04-29 13:35:00-04:00,-7.5
2025-04-29 13:40:00-04:00,-7.5
2025-04-29 13:45:00-04:00,-183.75
2025-04-29 13:50:00-04:00,-183.75
2025-04-29 13:55:00-04:00,-183.75
2025-04-29 14:00:00-04:00,-183.75
2025-04-29 14:05:00-04:00,-183.75
2025-04-29 14:10:00-04:00,-183.75
2025-04-29 14:15:00-04:00,-183.75
2025-04-29 14:20:00-04:00,-183.75
2025-04-29 14:25:00-04:00,-183.75
2025-04-29 14:30:00-04:00,-183.75
2025-04-29 14:35:00-04:00,-183.75
2025-04-29 14:40:00-04:00,-183.75
2025-04-29 14:45:00-04:00,-183.75
2025-04-29 14:50:00-04:00,-183.75
2025-04-29 14:55:00-04:00,-183.75
2025-04-29 15:00:00-04:00,-183.75
2025-04-29 15:05:00-04:00,-205.0
2025-04-29 15:10:00-04:00,-205.0
2025-04-29 15:15:00-04:00,-205.0
2025-04-29 15:20:00-04:00,-205.0
2025-04-29 15:25:00-04:00,-205.0
2025-04-29 15:30:00-04:00,-205.0
2025-04-29 15:35:00-04:00,-205.0
2025-04-29 15:40:00-04:00,-205.0
2025-04-29 15:45:00-04:00,-205.0
2025-04-29 15:50:00-04:00,-205.0
2025-04-29 15:55:00-04:00,-205.0
2025-04-30 09:30:00-04:00,0.0
2025-04-30 09:35:00-04:00,107.5
2025-04-30 09:40:00-04:00,142.5
2025-04-30 09:45:00-04:00,110.0
2025-04-30 09:50:00-04:00,171.25
2025-04-30 09:55:00-04:00,231.25
2025-04-30 10:00:00-04:00,170.0
2025-04-30 10:05:00-04:00,126.25
2025-04-30 10:10:00-04:00,72.5
2025-04-30 10:15:00-04:00,58.75
2025-04-30 10:20:00-04:00,25.0
2025-04-30 10:25:00-04:00,5.0
2025-04-30 10:30:00-04:00,-6.25
2025-04-30 10:35:00-04:00,12.5
2025-04-30 10:40:00-04:00,-21.25
2025-04-30 10:45:00-04:00,-8.75
2025-04-30 10:50:00-04:00,-12.5
2025-04-30 10:55:00-04:00,-28.75
2025-04-30 11:00:00-04:00,-71.25
2025-04-30 11:05:00-04:00,-71.25
2025-04-30 11:10:00-04:00,-67.5
2025-04-30 11:15:00-04:00,-56.25
2025-04-30 11:20:00-04:00,-55.0
2025-04-30 11:25:00-04:00,-46.25
2025-04-30 11:30:00-04:00,-27.5
2025-04-30 11:35:00-04:00,-40.0
2025-04-30 11:40:00-04:00,-10.0
2025-04-30 11:45:00-04:00,-23.75
2025-04-30 11:50:00-04:00,-37.5
2025-04-30 11:55:00-04:00,-21.25
2025-04-30 12:00:00-04:00,-17.5
2025-04-30 12:05:00-04:00,-11.25
2025-04-30 12:10:00-04:00,-40.0
2025-04-30 12:15:00-04:00,-48.75
2025-04-30 12:20:00-04:00,-87.5
2025-04-30 12:25:00-04:00,-91.25
2025-04-30 12:30:00-04:00,-115.0
2025-04-30 12:35:00-04:00,-115.0
2025-04-30 12:40:00-04:00,-121.25
2025-04-30 12:45:00-04:00,-121.25
2025-04-30 12:50:00-04:00,-121.25
2025-04-30 12:55:00-04:00,-121.25
2025-04-30 13:00:00-04:00,-121.25
2025-04-30 13:05:00-04:00,-121.25
2025-04-30 13:10:00-04:00,-121.25
2025-04-30 13:15:00-04:00,-121.25
2025-04-30 13:20:00-04:00,-121.25
2025-04-30 13:25:00-04:00,-121.25
2025-04-30 13:30:00-04:00,-87.5
2025-04-30 13:35:00-04:00,-97.5
2025-04-30 13:40:00-04:00,-78.75
2025-04-30 13:45:00-04:00,-96.25
2025-04-30 13:50:00-04:00,-75.0
2025-04-30 13:55:00-04:00,-100.0
2025-04-30 14:00:00-04:00,-103.75
2025-04-30 14:05:00-04:00,-70.0
2025-04-30 14:10:00-04:00,-58.75
2025-04-30 14:15:00-04:00,-36.25
2025-04-30 14:20:00-04:00,-55.0
2025-04-30 14:25:00-04:00,-100.0
2025-04-30 14:30:00-04:00,-101.25
2025-04-30 14:35:00-04:00,-153.75
2025-04-30 14:40:00-04:00,-153.75
2025-04-30 14:45:00-04:00,-95.0
2025-04-30 14:50:00-04:00,-117.5
2025-04-30 14:55:00-04:00,-145.0
2025-04-30 15:00:00-04:00,-145.0
2025-04-30 15:05:00-04:00,-145.0
2025-04-30 15:10:00-04:00,-145.0
2025-04-30 15:15:00-04:00,-145.0
2025-04-30 15:20:00-04:00,-145.0
2025-04-30 15:25:00-04:00,-145.0
2025-04-30 15:30:00-04:00,-145.0
2025-04-30 15:35:00-04:00,-145.0
2025-04-30 15:40:00-04:00,-145.0
2025-04-30 15:45:00-04:00,-145.0
2025-04-30 15:50:00-04:00,-35.0
2025-04-30 15:55:00-04:00,-72.5
2025-05-01 09:30:00-04:00,0.0
2025-05-01 09:35:00-04:00,0.0
2025-05-01 09:40:00-04:00,0.0
2025-05-01 09:45:00-04:00,0.0
2025-05-01 09:50:00-04:00,0.0
2025-05-01 09:55:00-04:00,0.0
2025-05-01 10:00:00-04:00,0.0
2025-05-01 10:05:00-04:00,0.0
2025-05-01 10:10:00-04:00,0.0
2025-05-01 10:15:00-04:00,0.0
2025-05-01 10:20:00-04:00,0.0
2025-05-01 10:25:00-04:00,0.0
2025-05-01 10:30:00-04:00,0.0
2025-05-01 10:35:00-04:00,0.0
2025-05-01 10:40:00-04:00,0.0
2025-05-01 10:45:00-04:00,0.0
2025-05-01 10:50:00-04:00,0.0
2025-05-01 10:55:00-04:00,0.0
2025-05-01 11:00:00-04:00,0.0
2025-05-01 11:05:00-04:00,0.0
2025-05-01 11:10:00-04:00,0.0
2025-05-01 11:15:00-04:00,0.0
2025-05-01 11:20:00-04:00,0.0
2025-05-01 11:25:00-04:00,0.0
2025-05-01 11:30:00-04:00,0.0
2025-05-01 11:35:00-04:00,0.0
2025-05-01 11:40:00-04:00,0.0
2025-05-01 11:45:00-04:00,0.0
2025-05-01 11:50:00-04:00,0.0
2025-05-01 11:55:00-04:00,0.0
2025-05-01 12:00:00-04:00,55.0
2025-05-01 12:05:00-04:00,-18.75
2025-05-01 12:10:00-04:00,-18.75
2025-05-01 12:15:00-04:00,60.0
2025-05-01 12:20:00-04:00,97.5
2025-05-01 12:25:00-04:00,10.0
2025-05-01 12:30:00-04:00,-22.5
2025-05-01 12:35:00-04:00,-32.5
2025-05-01 12:40:00-04:00,5.0
2025-05-01 12:45:00-04:00,85.0
2025-05-01 12:50:00-04:00,82.5
2025-05-01 12:55:00-04:00,75.0
2025-05-01 13:00:00-04:00,-40.625
2025-05-01 13:05:00-04:00,-40.625
2025-05-01 13:10:00-04:00,-80.0
2025-05-01 13:15:00-04:00,-117.5
2025-05-01 13:20:00-04:00,-72.8125
2025-05-01 13:25:00-04:00,-92.5
2025-05-01 13:30:00-04:00,-92.5
2025-05-01 13:35:00-04:00,-92.5
2025-05-01 13:40:00-04:00,-92.5
2025-05-01 13:45:00-04:00,-92.5
2025-05-01 13:50:00-04:00,-92.5
2025-05-01 13:55:00-04:00,-92.5
2025-05-01 14:00:00-04:00,-142.5
2025-05-01 14:05:00-04:00,-142.5
2025-05-01 14:10:00-04:00,-142.5
2025-05-01 14:15:00-04:00,-142.5
2025-05-01 14:20:00-04:00,-142.5
2025-05-01 14:25:00-04:00,-142.5
2025-05-01 14:30:00-04:00,-142.5
2025-05-01 14:35:00-04:00,-142.5
2025-05-01 14:40:00-04:00,-142.5
2025-05-01 14:45:00-04:00,-142.5
2025-05-01 14:50:00-04:00,-142.5
2025-05-01 14:55:00-04:00,-142.5
2025-05-01 15:00:00-04:00,-142.5
2025-05-01 15:05:00-04:00,-142.5
2025-05-01 15:10:00-04:00,-142.5
2025-05-01 15:15:00-04:00,-142.5
2025-05-01 15:20:00-04:00,-142.5
2025-05-01 15:25:00-04:00,-142.5
2025-05-01 15:30:00-04:00,-142.5
2025-05-01 15:35:00-04:00,-142.5
2025-05-01 15:40:00-04:00,-150.0
2025-05-01 15:45:00-04:00,-183.75
2025-05-01 15:50:00-04:00,-183.75
2025-05-01 15:55:00-04:00,60.0
2025-05-02 09:30:00-04:00,0.0
2025-05-02 09:35:00-04:00,0.0
2025-05-02 09:40:00-04:00,-20.0
2025-05-02 09:45:00-04:00,-68.75
2025-05-02 09:50:00-04:00,-68.75
2025-05-02 09:55:00-04:00,-130.0
2025-05-02 10:00:00-04:00,-82.5
2025-05-02 10:05:00-04:00,-2.5
2025-05-02 10:10:00-04:00,37.5
2025-05-02 10:15:00-04:00,45.0
2025-05-02 10:20:00-04:00,57.5
2025-05-02 10:25:00-04:00,147.5
2025-05-02 10:30:00-04:00,102.5
2025-05-02 10:35:00-04:00,100.0
2025-05-02 10:40:00-04:00,30.0
2025-05-02 10:45:00-04:00,50.0
2025-05-02 10:50:00-04:00,52.5
2025-05-02 10:55:00-04:00,100.0
2025-05-02 11:00:00-04:00,77.5
2025-05-02 11:05:00-04:00,55.0
2025-05-02 11:10:00-04:00,82.5
2025-05-02 11:15:00-04:00,87.5
2025-05-02 11:20:00-04:00,40.0
2025-05-02 11:25:00-04:00,-15.0
2025-05-02 11:30:00-04:00,60.0
2025-05-02 11:35:00-04:00,102.5
2025-05-02 11:40:00-04:00,105.0
2025-05-02 11:45:00-04:00,130.0
2025-05-02 11:50:00-04:00,100.0
2025-05-02 11:55:00-04:00,145.0
2025-05-02 12:00:00-04:00,280.0
2025-05-02 12:05:00-04:00,245.0
2025-05-02 12:10:00-04:00,312.5
2025-05-02 12:15:00-04:00,302.5
2025-05-02 12:20:00-04:00,262.5
2025-05-02 12:25:00-04:00,240.0
2025-05-02 12:30:00-04:00,267.5
2025-05-02 12:35:00-04:00,312.5
2025-05-02 12:40:00-04:00,312.5
2025-05-02 12:45:00-04:00,292.5
2025-05-02 12:50:00-04:00,290.0
2025-05-02 12:55:00-04:00,270.0
2025-05-02 13:00:00-04:00,267.5
2025-05-02 13:05:00-04:00,215.0
2025-05-02 13:10:00-04:00,212.5
2025-05-02 13:15:00-04:00,190.0
2025-05-02 13:20:00-04:00,175.0
2025-05-02 13:25:00-04:00,64.375
2025-05-02 13:30:00-04:00,64.375
2025-05-02 13:35:00-04:00,64.375
2025-05-02 13:40:00-04:00,64.375
2025-05-02 13:45:00-04:00,64.375
2025-05-02 13:50:00-04:00,64.375
2025-05-02 13:55:00-04:00,64.375
2025-05-02 14:00:00-04:00,64.375
2025-05-02 14:05:00-04:00,64.375
2025-05-02 14:10:00-04:00,64.375
2025-05-02 14:15:00-04:00,64.375
2025-05-02 14:20:00-04:00,250.0
2025-05-02 14:25:00-04:00,237.5
2025-05-02 14:30:00-04:00,265.0
2025-05-02 14:35:00-04:00,285.0
2025-05-02 14:40:00-04:00,272.5
2025-05-02 14:45:00-04:00,104.6875
2025-05-02 14:50:00-04:00,104.6875
2025-05-02 14:55:00-04:00,150.0
2025-05-02 15:00:00-04:00,96.09375
2025-05-02 15:05:00-04:00,96.09375
2025-05-02 15:10:00-04:00,78.75
2025-05-02 15:15:00-04:00,78.75
2025-05-02 15:20:00-04:00,90.0
2025-05-02 15:25:00-04:00,90.0
2025-05-02 15:30:00-04:00,90.0
2025-05-02 15:35:00-04:00,90.0
2025-05-02 15:40:00-04:00,90.0
2025-05-02 15:45:00-04:00,90.0
2025-05-02 15:50:00-04:00,90.0
2025-05-02 15:55:00-04:00,90.0
2025-05-05 09:30:00-04:00,0.0
2025-05-05 09:35:00-04:00,0.0
2025-05-05 09:40:00-04:00,0.0
2025-05-05 09:45:00-04:00,0.0
2025-05-05 09:50:00-04:00,0.0
2025-05-05 09:55:00-04:00,0.0
2025-05-05 10:00:00-04:00,0.0
2025-05-05 10:05:00-04:00,0.0
2025-05-05 10:10:00-04:00,0.0
2025-05-05 10:15:00-04:00,0.0
2025-05-05 10:20:00-04:00,0.0
2025-05-05 10:25:00-04:00,0.0
2025-05-05 10:30:00-04:00,0.0
2025-05-05 10:35:00-04:00,0.0
2025-05-05 10:40:00-04:00,0.0
2025-05-05 10:45:00-04:00,0.0
2025-05-05 10:50:00-04:00,0.0
2025-05-05 10:55:00-04:00,0.0
2025-05-05 11:00:00-04:00,10.0
2025-05-05 11:05:00-04:00,-32.5
2025-05-05 11:10:00-04:00,-35.0
2025-05-05 11:15:00-04:00,-7.5
2025-05-05 11:20:00-04:00,10.0
2025-05-05 11:25:00-04:00,-22.5
2025-05-05 11:30:00-04:00,-36.25
2025-05-05 11:35:00-04:00,-36.25
2025-05-05 11:40:00-04:00,-38.75
2025-05-05 11:45:00-04:00,-51.25
2025-05-05 11:50:00-04:00,21.25
2025-05-05 11:55:00-04:00,16.25
2025-05-05 12:00:00-04:00,56.25
2025-05-05 12:05:00-04:00,48.75
2025-05-05 12:10:00-04:00,43.75
2025-05-05 12:15:00-04:00,71.25
2025-05-05 12:20:00-04:00,71.25
2025-05-05 12:25:00-04:00,83.75
2025-05-05 12:30:00-04:00,51.25
2025-05-05 12:35:00-04:00,76.25
2025-05-05 12:40:00-04:00,86.25
2025-05-05 12:45:00-04:00,96.25
2025-05-05 12:50:00-04:00,96.25
2025-05-05 12:55:00-04:00,78.75
2025-05-05 13:00:00-04:00,51.25
2025-05-05 13:05:00-04:00,61.25
2025-05-05 13:10:00-04:00,33.75
2025-05-05 13:15:00-04:00,31.25
2025-05-05 13:20:00-04:00,16.25
2025-05-05 13:25:00-04:00,-3.75
2025-05-05 13:30:00-04:00,50.0
2025-05-05 13:35:00-04:00,50.0
2025-05-05 13:40:00-04:00,50.0
2025-05-05 13:45:00-04:00,50.0
2025-05-05 13:50:00-04:00,50.0
2025-05-05 13:55:00-04:00,50.0
2025-05-05 14:00:00-04:00,50.0
2025-05-05 14:05:00-04:00,67.5
2025-05-05 14:10:00-04:00,87.5
2025-05-05 14:15:00-04:00,65.0
2025-05-05 14:20:00-04:00,82.5
2025-05-05 14:25:00-04:00,72.5
2025-05-05 14:30:00-04:00,102.5
2025-05-05 14:35:00-04:00,102.5
2025-05-05 14:40:00-04:00,115.0
2025-05-05 14:45:00-04:00,102.5
2025-05-05 14:50:00-04:00,75.0
2025-05-05 14:55:00-04:00,37.5
2025-05-05 15:00:00-04:00,22.5
2025-05-05 15:05:00-04:00,-2.5
2025-05-05 15:10:00-04:00,16.25
2025-05-05 15:15:00-04:00,-18.75
2025-05-05 15:20:00-04:00,-18.75
2025-05-05 15:25:00-04:00,-18.75
2025-05-05 15:30:00-04:00,-18.75
2025-05-05 15:35:00-04:00,-18.75
2025-05-05 15:40:00-04:00,-18.75
2025-05-05 15:45:00-04:00,-18.75
2025-05-05 15:50:00-04:00,-18.75
2025-05-05 15:55:00-04:00,-18.75
2025-05-06 09:30:00-04:00,0.0
2025-05-06 09:35:00-04:00,0.0
2025-05-06 09:40:00-04:00,0.0
2025-05-06 09:45:00-04:00,0.0
2025-05-06 09:50:00-04:00,0.0
2025-05-06 09:55:00-04:00,0.0
2025-05-06 10:00:00-04:00,0.0
2025-05-06 10:05:00-04:00,0.0
2025-05-06 10:10:00-04:00,0.0
2025-05-06 10:15:00-04:00,0.0
2025-05-06 10:20:00-04:00,0.0
2025-05-06 10:25:00-04:00,0.0
2025-05-06 10:30:00-04:00,0.0
2025-05-06 10:35:00-04:00,0.0
2025-05-06 10:40:00-04:00,0.0
2025-05-06 10:45:00-04:00,0.0
2025-05-06 10:50:00-04:00,0.0
2025-05-06 10:55:00-04:00,0.0
2025-05-06 11:00:00-04:00,47.5
2025-05-06 11:05:00-04:00,-5.0
2025-05-06 11:10:00-04:00,27.5
2025-05-06 11:15:00-04:00,47.5
2025-05-06 11:20:00-04:00,102.5
2025-05-06 11:25:00-04:00,97.5
2025-05-06 11:30:00-04:00,122.5
2025-05-06 11:35:00-04:00,110.0
2025-05-06 11:40:00-04:00,7.5
2025-05-06 11:45:00-04:00,30.0
2025-05-06 11:50:00-04:00,-32.5
2025-05-06 11:55:00-04:00,-30.0
2025-05-06 12:00:00-04:00,10.0
2025-05-06 12:05:00-04:00,-42.5
2025-05-06 12:10:00-04:00,232.5
2025-05-06 12:15:00-04:00,150.0
2025-05-06 12:20:00-04:00,-20.0
2025-05-06 12:25:00-04:00,-10.0
2025-05-06 12:30:00-04:00,17.5
2025-05-06 12:35:00-04:00,17.5
2025-05-06 12:40:00-04:00,-8.75
2025-05-06 12:45:00-04:00,-8.75
2025-05-06 12:50:00-04:00,-8.75
2025-05-06 12:55:00-04:00,-8.75
2025-05-06 13:00:00-04:00,-8.75
2025-05-06 13:05:00-04:00,-8.75
2025-05-06 13:10:00-04:00,-8.75
2025-05-06 13:15:00-04:00,-8.75
2025-05-06 13:20:00-04:00,-8.75
2025-05-06 13:25:00-04:00,-8.75
2025-05-06 13:30:00-04:00,-8.75
2025-05-06 13:35:00-04:00,-8.75
2025-05-06 13:40:00-04:00,-8.75
2025-05-06 13:45:00-04:00,-8.75
2025-05-06 13:50:00-04:00,-8.75
2025-05-06 13:55:00-04:00,-8.75
2025-05-06 14:00:00-04:00,-8.75
2025-05-06 14:05:00-04:00,-8.75
2025-05-06 14:10:00-04:00,-8.75
2025-05-06 14:15:00-04:00,-8.75
2025-05-06 14:20:00-04:00,-8.75
2025-05-06 14:25:00-04:00,-8.75
2025-05-06 14:30:00-04:00,-8.75
2025-05-06 14:35:00-04:00,-8.75
2025-05-06 14:40:00-04:00,-28.75
2025-05-06 14:45:00-04:00,-8.75
2025-05-06 14:50:00-04:00,8.75
2025-05-06 14:55:00-04:00,56.25
2025-05-06 15:00:00-04:00,21.25
2025-05-06 15:05:00-04:00,-33.75
2025-05-06 15:10:00-04:00,8.75
2025-05-06 15:15:00-04:00,-31.25
2025-05-06 15:20:00-04:00,-11.25
2025-05-06 15:25:00-04:00,28.75
2025-05-06 15:30:00-04:00,58.75
2025-05-06 15:35:00-04:00,16.25
2025-05-06 15:40:00-04:00,58.75
2025-05-06 15:45:00-04:00,51.25
2025-05-06 15:50:00-04:00,-53.75
2025-05-06 15:55:00-04:00,-92.5
2025-05-07 09:30:00-04:00,0.0
2025-05-07 09:35:00-04:00,3.75
2025-05-07 09:40:00-04:00,-45.0
2025-05-07 09:45:00-04:00,-45.0
2025-05-07 09:50:00-04:00,-78.75
2025-05-07 09:55:00-04:00,-78.75
2025-05-07 10:00:00-04:00,-76.25
2025-05-07 10:05:00-04:00,-91.25
2025-05-07 10:10:00-04:00,-91.25
2025-05-07 10:15:00-04:00,-93.75
2025-05-07 10:20:00-04:00,-83.75
2025-05-07 10:25:00-04:00,-77.5
2025-05-07 10:30:00-04:00,-90.0
2025-05-07 10:35:00-04:00,-82.5
2025-05-07 10:40:00-04:00,-83.75
2025-05-07 10:45:00-04:00,-122.5
2025-05-07 10:50:00-04:00,-122.5
2025-05-07 10:55:00-04:00,-122.5
2025-05-07 11:00:00-04:00,-122.5
2025-05-07 11:05:00-04:00,-122.5
2025-05-07 11:10:00-04:00,-83.75
2025-05-07 11:15:00-04:00,-102.5
2025-05-07 11:20:00-04:00,-120.0
2025-05-07 11:25:00-04:00,-113.75
2025-05-07 11:30:00-04:00,-103.75
2025-05-07 11:35:00-04:00,-125.0
2025-05-07 11:40:00-04:00,-156.25
2025-05-07 11:45:00-04:00,-156.25
2025-05-07 11:50:00-04:00,-197.5
2025-05-07 11:55:00-04:00,-197.5
2025-05-07 12:00:00-04:00,-197.5
2025-05-07 12:05:00-04:00,-196.25
2025-05-07 12:10:00-04:00,-202.5
2025-05-07 12:15:00-04:00,-220.0
2025-05-07 12:20:00-04:00,-220.0
2025-05-07 12:25:00-04:00,-220.0
2025-05-07 12:30:00-04:00,-220.0
2025-05-07 12:35:00-04:00,-220.0
2025-05-07 12:40:00-04:00,-220.0
2025-05-07 12:45:00-04:00,-221.25
2025-05-07 12:50:00-04:00,-200.0
2025-05-07 12:55:00-04:00,-185.0
2025-05-07 13:00:00-04:00,-178.75
2025-05-07 13:05:00-04:00,-178.75
2025-05-07 13:10:00-04:00,-160.0
2025-05-07 13:15:00-04:00,-181.25
2025-05-07 13:20:00-04:00,-167.5
2025-05-07 13:25:00-04:00,-185.0
2025-05-07 13:30:00-04:00,-202.5
2025-05-07 13:35:00-04:00,-226.25
2025-05-07 13:40:00-04:00,-238.75
2025-05-07 13:45:00-04:00,-213.75
2025-05-07 13:50:00-04:00,-280.0
2025-05-07 13:55:00-04:00,-280.0
2025-05-07 14:00:00-04:00,-280.0
2025-05-07 14:05:00-04:00,-135.0
2025-05-07 14:10:00-04:00,-137.5
2025-05-07 14:15:00-04:00,-165.0
2025-05-07 14:20:00-04:00,-173.75
2025-05-07 14:25:00-04:00,-202.5
2025-05-07 14:30:00-04:00,-270.0
2025-05-07 14:35:00-04:00,-301.25
2025-05-07 14:40:00-04:00,-283.75
2025-05-07 14:45:00-04:00,-208.75
2025-05-07 14:50:00-04:00,-226.25
2025-05-07 14:55:00-04:00,-348.75
2025-05-07 15:00:00-04:00,-348.75
2025-05-07 15:05:00-04:00,-348.75
2025-05-07 15:10:00-04:00,-381.25
2025-05-07 15:15:00-04:00,-381.25
2025-05-07 15:20:00-04:00,-435.0
2025-05-07 15:25:00-04:00,-435.0
2025-05-07 15:30:00-04:00,-448.75
2025-05-07 15:35:00-04:00,-388.75
2025-05-07 15:40:00-04:00,-232.5
2025-05-07 15:45:00-04:00,-298.75
2025-05-07 15:50:00-04:00,-305.0
2025-05-07 15:55:00-04:00,-266.25
2025-05-08 09:30:00-04:00,0.0
2025-05-08 09:35:00-04:00,0.0
2025-05-08 09:40:00-04:00,0.0
2025-05-08 09:45:00-04:00,0.0
2025-05-08 09:50:00-04:00,0.0
2025-05-08 09:55:00-04:00,0.0
2025-05-08 10:00:00-04:00,0.0
2025-05-08 10:05:00-04:00,0.0
2025-05-08 10:10:00-04:00,0.0
2025-05-08 10:15:00-04:00,0.0
2025-05-08 10:20:00-04:00,0.0
2025-05-08 10:25:00-04:00,0.0
2025-05-08 10:30:00-04:00,0.0
2025-05-08 10:35:00-04:00,0.0
2025-05-08 10:40:00-04:00,0.0
2025-05-08 10:45:00-04:00,0.0
2025-05-08 10:50:00-04:00,0.0
2025-05-08 10:55:00-04:00,0.0
2025-05-08 11:00:00-04:00,0.0
2025-05-08 11:05:00-04:00,0.0
2025-05-08 11:10:00-04:00,-73.125
2025-05-08 11:15:00-04:00,-73.125
2025-05-08 11:20:00-04:00,-228.75
2025-05-08 11:25:00-04:00,-228.75
2025-05-08 11:30:00-04:00,-228.75
2025-05-08 11:35:00-04:00,-228.75
2025-05-08 11:40:00-04:00,-228.75
2025-05-08 11:45:00-04:00,-228.75
2025-05-08 11:50:00-04:00,-228.75
2025-05-08 11:55:00-04:00,-228.75
2025-05-08 12:00:00-04:00,-228.75
2025-05-08 12:05:00-04:00,-228.75
2025-05-08 12:10:00-04:00,-228.75
2025-05-08 12:15:00-04:00,-228.75
2025-05-08 12:20:00-04:00,-228.75
2025-05-08 12:25:00-04:00,-228.75
2025-05-08 12:30:00-04:00,-228.75
2025-05-08 12:35:00-04:00,-228.75
2025-05-08 12:40:00-04:00,-228.75
2025-05-08 12:45:00-04:00,-228.75
2025-05-08 12:50:00-04:00,-228.75
2025-05-08 12:55:00-04:00,-228.75
2025-05-08 13:00:00-04:00,-228.75
2025-05-08 13:05:00-04:00,-228.75
2025-05-08 13:10:00-04:00,-228.75
2025-05-08 13:15:00-04:00,-228.75
2025-05-08 13:20:00-04:00,-228.75
2025-05-08 13:25:00-04:00,-228.75
2025-05-08 13:30:00-04:00,-228.75
2025-05-08 13:35:00-04:00,-228.75
2025-05-08 13:40:00-04:00,-228.75
2025-05-08 13:45:00-04:00,-228.75
2025-05-08 13:50:00-04:00,-228.75
2025-05-08 13:55:00-04:00,-228.75
2025-05-08 14:00:00-04:00,-171.25
2025-05-08 14:05:00-04:00,-226.25
2025-05-08 14:10:00-04:00,-233.75
2025-05-08 14:15:00-04:00,-245.0
2025-05-08 14:20:00-04:00,-245.0
2025-05-08 14:25:00-04:00,-235.0
2025-05-08 14:30:00-04:00,-282.5
2025-05-08 14:35:00-04:00,-282.5
2025-05-08 14:40:00-04:00,-345.0
2025-05-08 14:45:00-04:00,-315.0
2025-05-08 14:50:00-04:00,-300.0
2025-05-08 14:55:00-04:00,-272.5
2025-05-08 15:00:00-04:00,-265.0
2025-05-08 15:05:00-04:00,-252.5
2025-05-08 15:10:00-04:00,-252.5
2025-05-08 15:15:00-04:00,-252.5
2025-05-08 15:20:00-04:00,-277.5
2025-05-08 15:25:00-04:00,-277.5
2025-05-08 15:30:00-04:00,-277.5
2025-05-08 15:35:00-04:00,-277.5
2025-05-08 15:40:00-04:00,-277.5
2025-05-08 15:45:00-04:00,-205.0
2025-05-08 15:50:00-04:00,-42.5
2025-05-08 15:55:00-04:00,2.5
2025-05-09 09:30:00-04:00,0.0
2025-05-09 09:35:00-04:00,0.0
2025-05-09 09:40:00-04:00,0.0
2025-05-09 09:45:00-04:00,0.0
2025-05-09 09:50:00-04:00,0.0
2025-05-09 09:55:00-04:00,0.0
2025-05-09 10:00:00-04:00,0.0
2025-05-09 10:05:00-04:00,0.0
2025-05-09 10:10:00-04:00,0.0
2025-05-09 10:15:00-04:00,0.0
2025-05-09 10:20:00-04:00,0.0
2025-05-09 10:25:00-04:00,0.0
2025-05-09 10:30:00-04:00,0.0
2025-05-09 10:35:00-04:00,0.0
2025-05-09 10:40:00-04:00,0.0
2025-05-09 10:45:00-04:00,0.0
2025-05-09 10:50:00-04:00,0.0
2025-05-09 10:55:00-04:00,0.0
2025-05-09 11:00:00-04:00,0.0
2025-05-09 11:05:00-04:00,0.0
2025-05-09 11:10:00-04:00,0.0
2025-05-09 11:15:00-04:00,0.0
2025-05-09 11:20:00-04:00,0.0
2025-05-09 11:25:00-04:00,0.0
2025-05-09 11:30:00-04:00,0.0
2025-05-09 11:35:00-04:00,0.0
2025-05-09 11:40:00-04:00,0.0
2025-05-09 11:45:00-04:00,0.0
2025-05-09 11:50:00-04:00,0.0
2025-05-09 11:55:00-04:00,0.0
2025-05-09 12:00:00-04:00,-65.625
2025-05-09 12:05:00-04:00,-65.625
2025-05-09 12:10:00-04:00,-65.625
2025-05-09 12:15:00-04:00,-65.625
2025-05-09 12:20:00-04:00,-122.5
2025-05-09 12:25:00-04:00,-122.5
2025-05-09 12:30:00-04:00,-122.5
2025-05-09 12:35:00-04:00,-122.5
2025-05-09 12:40:00-04:00,-122.5
2025-05-09 12:45:00-04:00,-122.5
2025-05-09 12:50:00-04:00,-122.5
2025-05-09 12:55:00-04:00,-122.5
2025-05-09 13:00:00-04:00,-122.5
2025-05-09 13:05:00-04:00,-122.5
2025-05-09 13:10:00-04:00,-122.5
2025-05-09 13:15:00-04:00,-122.5
2025-05-09 13:20:00-04:00,-122.5
2025-05-09 13:25:00-04:00,-122.5
2025-05-09 13:30:00-04:00,-122.5
2025-05-09 13:35:00-04:00,-122.5
2025-05-09 13:40:00-04:00,-122.5
2025-05-09 13:45:00-04:00,-122.5
2025-05-09 13:50:00-04:00,-128.75
2025-05-09 13:55:00-04:00,-91.25
2025-05-09 14:00:00-04:00,-131.25
2025-05-09 14:05:00-04:00,-135.625
2025-05-09 14:10:00-04:00,-135.625
2025-05-09 14:15:00-04:00,-135.625
2025-05-09 14:20:00-04:00,-135.625
2025-05-09 14:25:00-04:00,-135.625
2025-05-09 14:30:00-04:00,-135.625
2025-05-09 14:35:00-04:00,-135.625
2025-05-09 14:40:00-04:00,-135.625
2025-05-09 14:45:00-04:00,-135.625
2025-05-09 14:50:00-04:00,-140.0
2025-05-09 14:55:00-04:00,-140.0
2025-05-09 15:00:00-04:00,-97.5
2025-05-09 15:05:00-04:00,-52.5
2025-05-09 15:10:00-04:00,-75.0
2025-05-09 15:15:00-04:00,-72.5
2025-05-09 15:20:00-04:00,-100.0
2025-05-09 15:25:00-04:00,-127.5
2025-05-09 15:30:00-04:00,-120.0
2025-05-09 15:35:00-04:00,-150.0
2025-05-09 15:40:00-04:00,-142.5
2025-05-09 15:45:00-04:00,-182.5
2025-05-09 15:50:00-04:00,-130.0
2025-05-09 15:55:00-04:00,-195.0
2025-05-12 09:30:00-04:00,0.0
2025-05-12 09:35:00-04:00,0.0
2025-05-12 09:40:00-04:00,0.0
2025-05-12 09:45:00-04:00,0.0
2025-05-12 09:50:00-04:00,0.0
2025-05-12 09:55:00-04:00,0.0
2025-05-12 10:00:00-04:00,0.0
2025-05-12 10:05:00-04:00,0.0
2025-05-12 10:10:00-04:00,0.0
2025-05-12 10:15:00-04:00,0.0
2025-05-12 10:20:00-04:00,0.0
2025-05-12 10:25:00-04:00,0.0
2025-05-12 10:30:00-04:00,0.0
2025-05-12 10:35:00-04:00,0.0
2025-05-12 10:40:00-04:00,0.0
2025-05-12 10:45:00-04:00,0.0
2025-05-12 10:50:00-04:00,0.0
2025-05-12 10:55:00-04:00,0.0
2025-05-12 11:00:00-04:00,0.0
2025-05-12 11:05:00-04:00,0.0
2025-05-12 11:10:00-04:00,0.0
2025-05-12 11:15:00-04:00,0.0
2025-05-12 11:20:00-04:00,0.0
2025-05-12 11:25:00-04:00,0.0
2025-05-12 11:30:00-04:00,0.0
2025-05-12 11:35:00-04:00,0.0
2025-05-12 11:40:00-04:00,15.0
2025-05-12 11:45:00-04:00,7.5
2025-05-12 11:50:00-04:00,27.5
2025-05-12 11:55:00-04:00,50.0
2025-05-12 12:00:00-04:00,10.0
2025-05-12 12:05:00-04:00,-23.75
2025-05-12 12:10:00-04:00,-23.75
2025-05-12 12:15:00-04:00,-23.75
2025-05-12 12:20:00-04:00,-23.75
2025-05-12 12:25:00-04:00,-23.75
2025-05-12 12:30:00-04:00,-76.25
2025-05-12 12:35:00-04:00,-76.25
2025-05-12 12:40:00-04:00,-76.25
2025-05-12 12:45:00-04:00,-76.25
2025-05-12 12:50:00-04:00,-76.25
2025-05-12 12:55:00-04:00,-76.25
2025-05-12 13:00:00-04:00,-76.25
2025-05-12 13:05:00-04:00,-76.25
2025-05-12 13:10:00-04:00,-76.25
2025-05-12 13:15:00-04:00,-76.25
2025-05-12 13:20:00-04:00,-76.25
2025-05-12 13:25:00-04:00,-76.25
2025-05-12 13:30:00-04:00,-76.25
2025-05-12 13:35:00-04:00,-76.25
2025-05-12 13:40:00-04:00,-76.25
2025-05-12 13:45:00-04:00,-76.25
2025-05-12 13:50:00-04:00,-76.25
2025-05-12 13:55:00-04:00,-76.25
2025-05-12 14:00:00-04:00,-76.25
2025-05-12 14:05:00-04:00,-76.25
2025-05-12 14:10:00-04:00,-76.25
2025-05-12 14:15:00-04:00,-76.25
2025-05-12 14:20:00-04:00,-76.25
2025-05-12 14:25:00-04:00,-76.25
2025-05-12 14:30:00-04:00,-76.25
2025-05-12 14:35:00-04:00,-76.25
2025-05-12 14:40:00-04:00,-76.25
2025-05-12 14:45:00-04:00,-76.25
2025-05-12 14:50:00-04:00,-76.25
2025-05-12 14:55:00-04:00,-76.25
2025-05-12 15:00:00-04:00,-76.25
2025-05-12 15:05:00-04:00,-76.25
2025-05-12 15:10:00-04:00,-76.25
2025-05-12 15:15:00-04:00,-76.25
2025-05-12 15:20:00-04:00,-76.25
2025-05-12 15:25:00-04:00,-76.25
2025-05-12 15:30:00-04:00,-76.25
2025-05-12 15:35:00-04:00,-76.25
2025-05-12 15:40:00-04:00,-76.25
2025-05-12 15:45:00-04:00,-76.25
2025-05-12 15:50:00-04:00,-76.25
2025-05-12 15:55:00-04:00,-76.25
2025-05-13 09:30:00-04:00,0.0
2025-05-13 09:35:00-04:00,36.25
2025-05-13 09:40:00-04:00,46.25
2025-05-13 09:45:00-04:00,32.5
2025-05-13 09:50:00-04:00,63.75
2025-05-13 09:55:00-04:00,91.25
2025-05-13 10:00:00-04:00,113.75
2025-05-13 10:05:00-04:00,136.25
2025-05-13 10:10:00-04:00,191.25
2025-05-13 10:15:00-04:00,187.5
2025-05-13 10:20:00-04:00,190.0
2025-05-13 10:25:00-04:00,168.75
2025-05-13 10:30:00-04:00,177.5
2025-05-13 10:35:00-04:00,177.5
2025-05-13 10:40:00-04:00,136.25
2025-05-13 10:45:00-04:00,151.25
2025-05-13 10:50:00-04:00,178.75
2025-05-13 10:55:00-04:00,183.75
2025-05-13 11:00:00-04:00,181.25
2025-05-13 11:05:00-04:00,182.5
2025-05-13 11:10:00-04:00,176.25
2025-05-13 11:15:00-04:00,203.75
2025-05-13 11:20:00-04:00,198.75
2025-05-13 11:25:00-04:00,215.0
2025-05-13 11:30:00-04:00,226.25
2025-05-13 11:35:00-04:00,232.5
2025-05-13 11:40:00-04:00,231.25
2025-05-13 11:45:00-04:00,217.5
2025-05-13 11:50:00-04:00,205.0
2025-05-13 11:55:00-04:00,211.25
2025-05-13 12:00:00-04:00,182.5
2025-05-13 12:05:00-04:00,187.5
2025-05-13 12:10:00-04:00,207.5
2025-05-13 12:15:00-04:00,180.0
2025-05-13 12:20:00-04:00,192.5
2025-05-13 12:25:00-04:00,212.5
2025-05-13 12:30:00-04:00,206.25
2025-05-13 12:35:00-04:00,230.0
2025-05-13 12:40:00-04:00,230.0
2025-05-13 12:45:00-04:00,238.75
2025-05-13 12:50:00-04:00,236.25
2025-05-13 12:55:00-04:00,227.5
2025-05-13 13:00:00-04:00,227.5
2025-05-13 13:05:00-04:00,222.5
2025-05-13 13:10:00-04:00,217.5
2025-05-13 13:15:00-04:00,240.0
2025-05-13 13:20:00-04:00,245.0
2025-05-13 13:25:00-04:00,246.25
2025-05-13 13:30:00-04:00,273.75
2025-05-13 13:35:00-04:00,260.0
2025-05-13 13:40:00-04:00,252.5
2025-05-13 13:45:00-04:00,262.5
2025-05-13 13:50:00-04:00,236.25
2025-05-13 13:55:00-04:00,223.75
2025-05-13 14:00:00-04:00,230.0
2025-05-13 14:05:00-04:00,222.5
2025-05-13 14:10:00-04:00,237.5
2025-05-13 14:15:00-04:00,237.5
2025-05-13 14:20:00-04:00,236.25
2025-05-13 14:25:00-04:00,222.5
2025-05-13 14:30:00-04:00,222.5
2025-05-13 14:35:00-04:00,222.5
2025-05-13 14:40:00-04:00,222.5
2025-05-13 14:45:00-04:00,222.5
2025-05-13 14:50:00-04:00,222.5
2025-05-13 14:55:00-04:00,222.5
2025-05-13 15:00:00-04:00,222.5
2025-05-13 15:05:00-04:00,222.5
2025-05-13 15:10:00-04:00,222.5
2025-05-13 15:15:00-04:00,222.5
2025-05-13 15:20:00-04:00,207.5
2025-05-13 15:25:00-04:00,212.5
2025-05-13 15:30:00-04:00,227.5
2025-05-13 15:35:00-04:00,233.75
2025-05-13 15:40:00-04:00,223.75
2025-05-13 15:45:00-04:00,197.5
2025-05-13 15:50:00-04:00,152.5
2025-05-13 15:55:00-04:00,152.5
2025-05-14 09:30:00-04:00,0.0
2025-05-14 09:35:00-04:00,-28.75
2025-05-14 09:40:00-04:00,-28.75
2025-05-14 09:45:00-04:00,11.25
2025-05-14 09:50:00-04:00,10.0
2025-05-14 09:55:00-04:00,-17.5
2025-05-14 10:00:00-04:00,-10.0
2025-05-14 10:05:00-04:00,2.5
2025-05-14 10:10:00-04:00,-1.25
2025-05-14 10:15:00-04:00,6.25
2025-05-14 10:20:00-04:00,-6.25
2025-05-14 10:25:00-04:00,-16.25
2025-05-14 10:30:00-04:00,-11.25
2025-05-14 10:35:00-04:00,-6.25
2025-05-14 10:40:00-04:00,8.75
2025-05-14 10:45:00-04:00,-11.25
2025-05-14 10:50:00-04:00,-25.0
2025-05-14 10:55:00-04:00,-17.5
2025-05-14 11:00:00-04:00,53.75
2025-05-14 11:05:00-04:00,28.75
2025-05-14 11:10:00-04:00,3.75
2025-05-14 11:15:00-04:00,8.75
2025-05-14 11:20:00-04:00,-18.75
2025-05-14 11:25:00-04:00,-35.0
2025-05-14 11:30:00-04:00,-47.5
2025-05-14 11:35:00-04:00,-40.0
2025-05-14 11:40:00-04:00,-45.0
2025-05-14 11:45:00-04:00,-60.0
2025-05-14 11:50:00-04:00,-57.5
2025-05-14 11:55:00-04:00,-52.5
2025-05-14 12:00:00-04:00,-43.75
2025-05-14 12:05:00-04:00,-37.5
2025-05-14 12:10:00-04:00,-50.0
2025-05-14 12:15:00-04:00,-60.0
2025-05-14 12:20:00-04:00,-57.5
2025-05-14 12:25:00-04:00,-57.5
2025-05-14 12:30:00-04:00,-32.5
2025-05-14 12:35:00-04:00,-67.5
2025-05-14 12:40:00-04:00,-86.25
2025-05-14 12:45:00-04:00,-86.25
2025-05-14 12:50:00-04:00,-78.75
2025-05-14 12:55:00-04:00,-78.75
2025-05-14 13:00:00-04:00,-78.75
2025-05-14 13:05:00-04:00,-85.0
2025-05-14 13:10:00-04:00,-68.75
2025-05-14 13:15:00-04:00,-52.5
2025-05-14 13:20:00-04:00,-7.5
2025-05-14 13:25:00-04:00,-31.25
2025-05-14 13:30:00-04:00,-32.5
2025-05-14 13:35:00-04:00,-57.5
2025-05-14 13:40:00-04:00,-53.75
2025-05-14 13:45:00-04:00,-56.25
2025-05-14 13:50:00-04:00,-77.5
2025-05-14 13:55:00-04:00,-82.5
2025-05-14 14:00:00-04:00,-82.5
2025-05-14 14:05:00-04:00,-83.75
2025-05-14 14:10:00-04:00,-73.75
2025-05-14 14:15:00-04:00,-95.0
2025-05-14 14:20:00-04:00,-95.0
2025-05-14 14:25:00-04:00,-95.0
2025-05-14 14:30:00-04:00,-95.0
2025-05-14 14:35:00-04:00,-120.0
2025-05-14 14:40:00-04:00,-106.25
2025-05-14 14:45:00-04:00,-115.0
2025-05-14 14:50:00-04:00,-108.75
2025-05-14 14:55:00-04:00,-116.25
2025-05-14 15:00:00-04:00,-142.5
2025-05-14 15:05:00-04:00,-142.5
2025-05-14 15:10:00-04:00,-130.0
2025-05-14 15:15:00-04:00,-132.5
2025-05-14 15:20:00-04:00,-173.75
2025-05-14 15:25:00-04:00,-173.75
2025-05-14 15:30:00-04:00,-173.75
2025-05-14 15:35:00-04:00,-163.75
2025-05-14 15:40:00-04:00,-162.5
2025-05-14 15:45:00-04:00,-171.25
2025-05-14 15:50:00-04:00,-210.0
2025-05-14 15:55:00-04:00,-210.0
2025-05-15 09:30:00-04:00,0.0
2025-05-15 09:35:00-04:00,0.0
2025-05-15 09:40:00-04:00,-25.0
2025-05-15 09:45:00-04:00,18.75
2025-05-15 09:50:00-04:00,-10.0
2025-05-15 09:55:00-04:00,-18.75
2025-05-15 10:00:00-04:00,-55.0
2025-05-15 10:05:00-04:00,-55.0
2025-05-15 10:10:00-04:00,-55.0
2025-05-15 10:15:00-04:00,-68.75
2025-05-15 10:20:00-04:00,-71.25
2025-05-15 10:25:00-04:00,-38.75
2025-05-15 10:30:00-04:00,-23.75
2025-05-15 10:35:00-04:00,-32.5
2025-05-15 10:40:00-04:00,-42.5
2025-05-15 10:45:00-04:00,-36.25
2025-05-15 10:50:00-04:00,-60.0
2025-05-15 10:55:00-04:00,-77.5
2025-05-15 11:00:00-04:00,-107.5
2025-05-15 11:05:00-04:00,-107.5
2025-05-15 11:10:00-04:00,-107.5
2025-05-15 11:15:00-04:00,-82.5
2025-05-15 11:20:00-04:00,-73.75
2025-05-15 11:25:00-04:00,-71.25
2025-05-15 11:30:00-04:00,-75.0
2025-05-15 11:35:00-04:00,-60.0
2025-05-15 11:40:00-04:00,-23.75
2025-05-15 11:45:00-04:00,-38.75
2025-05-15 11:50:00-04:00,-50.0
2025-05-15 11:55:00-04:00,-33.75
2025-05-15 12:00:00-04:00,-27.5
2025-05-15 12:05:00-04:00,6.25
2025-05-15 12:10:00-04:00,-18.75
2025-05-15 12:15:00-04:00,-25.0
2025-05-15 12:20:00-04:00,-30.0
2025-05-15 12:25:00-04:00,-30.0
2025-05-15 12:30:00-04:00,-38.75
2025-05-15 12:35:00-04:00,-12.5
2025-05-15 12:40:00-04:00,-10.0
2025-05-15 12:45:00-04:00,12.5
2025-05-15 12:50:00-04:00,6.25
2025-05-15 12:55:00-04:00,21.25
2025-05-15 13:00:00-04:00,41.25
2025-05-15 13:05:00-04:00,21.25
2025-05-15 13:10:00-04:00,25.0
2025-05-15 13:15:00-04:00,42.5
2025-05-15 13:20:00-04:00,51.25
2025-05-15 13:25:00-04:00,45.0
2025-05-15 13:30:00-04:00,13.75
2025-05-15 13:35:00-04:00,21.25
2025-05-15 13:40:00-04:00,35.0
2025-05-15 13:45:00-04:00,16.25
2025-05-15 13:50:00-04:00,17.5
2025-05-15 13:55:00-04:00,5.0
2025-05-15 14:00:00-04:00,-8.75
2025-05-15 14:05:00-04:00,-11.25
2025-05-15 14:10:00-04:00,-25.0
2025-05-15 14:15:00-04:00,-1.25
2025-05-15 14:20:00-04:00,-17.5
2025-05-15 14:25:00-04:00,-36.25
2025-05-15 14:30:00-04:00,-67.5
2025-05-15 14:35:00-04:00,-67.5
2025-05-15 14:40:00-04:00,-68.75
2025-05-15 14:45:00-04:00,-61.25
2025-05-15 14:50:00-04:00,-53.75
2025-05-15 14:55:00-04:00,-52.5
2025-05-15 15:00:00-04:00,-67.5
2025-05-15 15:05:00-04:00,-40.0
2025-05-15 15:10:00-04:00,-40.0
2025-05-15 15:15:00-04:00,-40.0
2025-05-15 15:20:00-04:00,-40.0
2025-05-15 15:25:00-04:00,-40.0
2025-05-15 15:30:00-04:00,-76.25
2025-05-15 15:35:00-04:00,-76.25
2025-05-15 15:40:00-04:00,-88.75
2025-05-15 15:45:00-04:00,-93.75
2025-05-15 15:50:00-04:00,-91.25
2025-05-15 15:55:00-04:00,-145.0
2025-05-16 09:30:00-04:00,0.0
2025-05-16 09:35:00-04:00,-18.75
2025-05-16 09:40:00-04:00,-18.75
2025-05-16 09:45:00-04:00,5.0
2025-05-16 09:50:00-04:00,2.5
2025-05-16 09:55:00-04:00,32.5
2025-05-16 10:00:00-04:00,18.75
2025-05-16 10:05:00-04:00,10.0
2025-05-16 10:10:00-04:00,0.0
2025-05-16 10:15:00-04:00,33.75
2025-05-16 10:20:00-04:00,27.5
2025-05-16 10:25:00-04:00,7.5
2025-05-16 10:30:00-04:00,-11.25
2025-05-16 10:35:00-04:00,-20.0
2025-05-16 10:40:00-04:00,-67.5
2025-05-16 10:45:00-04:00,-67.5
2025-05-16 10:50:00-04:00,-50.0
2025-05-16 10:55:00-04:00,-56.25
2025-05-16 11:00:00-04:00,-58.75
2025-05-16 11:05:00-04:00,-58.75
2025-05-16 11:10:00-04:00,-78.75
2025-05-16 11:15:00-04:00,-78.75
2025-05-16 11:20:00-04:00,-78.75
2025-05-16 11:25:00-04:00,-96.25
2025-05-16 11:30:00-04:00,-96.25
2025-05-16 11:35:00-04:00,-96.25
2025-05-16 11:40:00-04:00,-87.5
2025-05-16 11:45:00-04:00,-97.5
2025-05-16 11:50:00-04:00,-92.5
2025-05-16 11:55:00-04:00,-108.75
2025-05-16 12:00:00-04:00,-85.0
2025-05-16 12:05:00-04:00,-81.25
2025-05-16 12:10:00-04:00,-65.0
2025-05-16 12:15:00-04:00,-65.0
2025-05-16 12:20:00-04:00,-52.5
2025-05-16 12:25:00-04:00,-56.25
2025-05-16 12:30:00-04:00,-63.75
2025-05-16 12:35:00-04:00,-48.75
2025-05-16 12:40:00-04:00,-56.25
2025-05-16 12:45:00-04:00,-71.25
2025-05-16 12:50:00-04:00,-42.5
2025-05-16 12:55:00-04:00,-47.5
2025-05-16 13:00:00-04:00,-27.5
2025-05-16 13:05:00-04:00,-27.5
2025-05-16 13:10:00-04:00,-20.0
2025-05-16 13:15:00-04:00,-2.5
2025-05-16 13:20:00-04:00,-5.0
2025-05-16 13:25:00-04:00,-3.75
2025-05-16 13:30:00-04:00,10.0
2025-05-16 13:35:00-04:00,-3.75
2025-05-16 13:40:00-04:00,-6.25
2025-05-16 13:45:00-04:00,-8.75
2025-05-16 13:50:00-04:00,-22.5
2025-05-16 13:55:00-04:00,-18.75
2025-05-16 14:00:00-04:00,-11.25
2025-05-16 14:05:00-04:00,-20.0
2025-05-16 14:10:00-04:00,-7.5
2025-05-16 14:15:00-04:00,-3.75
2025-05-16 14:20:00-04:00,2.5
2025-05-16 14:25:00-04:00,5.0
2025-05-16 14:30:00-04:00,12.5
2025-05-16 14:35:00-04:00,17.5
2025-05-16 14:40:00-04:00,25.0
2025-05-16 14:45:00-04:00,30.0
2025-05-16 14:50:00-04:00,33.75
2025-05-16 14:55:00-04:00,21.25
2025-05-16 15:00:00-04:00,33.75
2025-05-16 15:05:00-04:00,45.0
2025-05-16 15:10:00-04:00,46.25
2025-05-16 15:15:00-04:00,43.75
2025-05-16 15:20:00-04:00,38.75
2025-05-16 15:25:00-04:00,35.0
2025-05-16 15:30:00-04:00,22.5
2025-05-16 15:35:00-04:00,13.75
2025-05-16 15:40:00-04:00,12.5
2025-05-16 15:45:00-04:00,38.75
2025-05-16 15:50:00-04:00,35.0
2025-05-16 15:55:00-04:00,55.0
2025-05-19 09:30:00-04:00,0.0
2025-05-19 09:35:00-04:00,0.0
2025-05-19 09:40:00-04:00,-92.5
2025-05-19 09:45:00-04:00,-76.25
2025-05-19 09:50:00-04:00,-76.25
2025-05-19 09:55:00-04:00,-170.0
2025-05-19 10:00:00-04:00,-163.125
2025-05-19 10:05:00-04:00,-163.125
2025-05-19 10:10:00-04:00,-163.125
2025-05-19 10:15:00-04:00,-163.125
2025-05-19 10:20:00-04:00,-163.125
2025-05-19 10:25:00-04:00,-163.125
2025-05-19 10:30:00-04:00,-163.125
2025-05-19 10:35:00-04:00,-163.125
2025-05-19 10:40:00-04:00,-276.25
2025-05-19 10:45:00-04:00,-276.25
2025-05-19 10:50:00-04:00,-293.75
2025-05-19 10:55:00-04:00,-293.75
2025-05-19 11:00:00-04:00,-293.75
2025-05-19 11:05:00-04:00,-293.75
2025-05-19 11:10:00-04:00,-293.75
2025-05-19 11:15:00-04:00,-293.75
2025-05-19 11:20:00-04:00,-293.75
2025-05-19 11:25:00-04:00,-293.75
2025-05-19 11:30:00-04:00,-293.75
2025-05-19 11:35:00-04:00,-293.75
2025-05-19 11:40:00-04:00,-293.75
2025-05-19 11:45:00-04:00,-293.75
2025-05-19 11:50:00-04:00,-293.75
2025-05-19 11:55:00-04:00,-293.75
2025-05-19 12:00:00-04:00,-293.75
2025-05-19 12:05:00-04:00,-293.75
2025-05-19 12:10:00-04:00,-293.75
2025-05-19 12:15:00-04:00,-293.75
2025-05-19 12:20:00-04:00,-293.75
2025-05-19 12:25:00-04:00,-293.75
2025-05-19 12:30:00-04:00,-293.75
2025-05-19 12:35:00-04:00,-293.75
2025-05-19 12:40:00-04:00,-293.75
2025-05-19 12:45:00-04:00,-293.75
2025-05-19 12:50:00-04:00,-293.75
2025-05-19 12:55:00-04:00,-293.75
2025-05-19 13:00:00-04:00,-293.75
2025-05-19 13:05:00-04:00,-293.75
2025-05-19 13:10:00-04:00,-293.75
2025-05-19 13:15:00-04:00,-293.75
2025-05-19 13:20:00-04:00,-293.75
2025-05-19 13:25:00-04:00,-293.75
2025-05-19 13:30:00-04:00,-293.75
2025-05-19 13:35:00-04:00,-293.75
2025-05-19 13:40:00-04:00,-293.75
2025-05-19 13:45:00-04:00,-293.75
2025-05-19 13:50:00-04:00,-293.75
2025-05-19 13:55:00-04:00,-293.75
2025-05-19 14:00:00-04:00,-293.75
2025-05-19 14:05:00-04:00,-293.75
2025-05-19 14:10:00-04:00,-293.75
2025-05-19 14:15:00-04:00,-293.75
2025-05-19 14:20:00-04:00,-293.75
2025-05-19 14:25:00-04:00,-311.25
2025-05-19 14:30:00-04:00,-341.25
2025-05-19 14:35:00-04:00,-336.25
2025-05-19 14:40:00-04:00,-336.25
2025-05-19 14:45:00-04:00,-352.5
2025-05-19 14:50:00-04:00,-372.5
2025-05-19 14:55:00-04:00,-390.0
2025-05-19 15:00:00-04:00,-367.5
2025-05-19 15:05:00-04:00,-360.0
2025-05-19 15:10:00-04:00,-335.0
2025-05-19 15:15:00-04:00,-307.5
2025-05-19 15:20:00-04:00,-315.0
2025-05-19 15:25:00-04:00,-305.0
2025-05-19 15:30:00-04:00,-320.0
2025-05-19 15:35:00-04:00,-340.0
2025-05-19 15:40:00-04:00,-325.0
2025-05-19 15:45:00-04:00,-380.0
2025-05-19 15:50:00-04:00,-369.375
2025-05-19 15:55:00-04:00,-425.0
2025-05-20 09:30:00-04:00,0.0
2025-05-20 09:35:00-04:00,0.0
2025-05-20 09:40:00-04:00,0.0
2025-05-20 09:45:00-04:00,81.25
2025-05-20 09:50:00-04:00,-6.25
2025-05-20 09:55:00-04:00,31.25
2025-05-20 10:00:00-04:00,6.25
2025-05-20 10:05:00-04:00,68.75
2025-05-20 10:10:00-04:00,36.25
2025-05-20 10:15:00-04:00,18.75
2025-05-20 10:20:00-04:00,28.75
2025-05-20 10:25:00-04:00,26.25
2025-05-20 10:30:00-04:00,16.25
2025-05-20 10:35:00-04:00,-30.625
2025-05-20 10:40:00-04:00,-30.625
2025-05-20 10:45:00-04:00,-68.75
2025-05-20 10:50:00-04:00,-46.25
2025-05-20 10:55:00-04:00,26.25
2025-05-20 11:00:00-04:00,23.75
2025-05-20 11:05:00-04:00,-7.1875
2025-05-20 11:10:00-04:00,3.75
2025-05-20 11:15:00-04:00,3.75
2025-05-20 11:20:00-04:00,3.75
2025-05-20 11:25:00-04:00,3.75
2025-05-20 11:30:00-04:00,3.75
2025-05-20 11:35:00-04:00,3.75
2025-05-20 11:40:00-04:00,3.75
2025-05-20 11:45:00-04:00,-7.5
2025-05-20 11:50:00-04:00,5.0
2025-05-20 11:55:00-04:00,-32.5
2025-05-20 12:00:00-04:00,-15.0
2025-05-20 12:05:00-04:00,20.0
2025-05-20 12:10:00-04:00,35.0
2025-05-20 12:15:00-04:00,35.0
2025-05-20 12:20:00-04:00,50.0
2025-05-20 12:25:00-04:00,22.5
2025-05-20 12:30:00-04:00,12.5
2025-05-20 12:35:00-04:00,-32.5
2025-05-20 12:40:00-04:00,-25.625
2025-05-20 12:45:00-04:00,-25.625
2025-05-20 12:50:00-04:00,-60.0
2025-05-20 12:55:00-04:00,-42.8125
2025-05-20 13:00:00-04:00,-75.0
2025-05-20 13:05:00-04:00,-75.0
2025-05-20 13:10:00-04:00,-75.0
2025-05-20 13:15:00-04:00,-75.0
2025-05-20 13:20:00-04:00,-75.0
2025-05-20 13:25:00-04:00,-75.0
2025-05-20 13:30:00-04:00,-75.0
2025-05-20 13:35:00-04:00,-75.0
2025-05-20 13:40:00-04:00,-75.0
2025-05-20 13:45:00-04:00,-75.0
2025-05-20 13:50:00-04:00,-75.0
2025-05-20 13:55:00-04:00,-75.0
2025-05-20 14:00:00-04:00,-81.25
2025-05-20 14:05:00-04:00,-71.25
2025-05-20 14:10:00-04:00,-76.25
2025-05-20 14:15:00-04:00,-33.75
2025-05-20 14:20:00-04:00,43.75
2025-05-20 14:25:00-04:00,141.25
2025-05-20 14:30:00-04:00,123.75
2025-05-20 14:35:00-04:00,78.75
2025-05-20 14:40:00-04:00,126.25
2025-05-20 14:45:00-04:00,128.75
2025-05-20 14:50:00-04:00,131.25
2025-05-20 14:55:00-04:00,133.75
2025-05-20 15:00:00-04:00,243.75
2025-05-20 15:05:00-04:00,158.75
2025-05-20 15:10:00-04:00,128.75
2025-05-20 15:15:00-04:00,108.75
2025-05-20 15:20:00-04:00,93.75
2025-05-20 15:25:00-04:00,88.75
2025-05-20 15:30:00-04:00,21.25
2025-05-20 15:35:00-04:00,6.25
2025-05-20 15:40:00-04:00,56.25
2025-05-20 15:45:00-04:00,53.75
2025-05-20 15:50:00-04:00,-46.875
2025-05-20 15:55:00-04:00,-42.5
2025-05-21 09:30:00-04:00,0.0
2025-05-21 09:35:00-04:00,-16.25
2025-05-21 09:40:00-04:00,-16.25
2025-05-21 09:45:00-04:00,-16.25
2025-05-21 09:50:00-04:00,-43.75
2025-05-21 09:55:00-04:00,-8.75
2025-05-21 10:00:00-04:00,-76.25
2025-05-21 10:05:00-04:00,-78.75
2025-05-21 10:10:00-04:00,-18.75
2025-05-21 10:15:00-04:00,-28.75
2025-05-21 10:20:00-04:00,-43.75
2025-05-21 10:25:00-04:00,13.75
2025-05-21 10:30:00-04:00,51.25
2025-05-21 10:35:00-04:00,-8.75
2025-05-21 10:40:00-04:00,46.25
2025-05-21 10:45:00-04:00,26.25
2025-05-21 10:50:00-04:00,16.25
2025-05-21 10:55:00-04:00,-88.75
2025-05-21 11:00:00-04:00,-61.25
2025-05-21 11:05:00-04:00,-152.5
2025-05-21 11:10:00-04:00,-152.5
2025-05-21 11:15:00-04:00,-152.5
2025-05-21 11:20:00-04:00,-152.5
2025-05-21 11:25:00-04:00,-152.5
2025-05-21 11:30:00-04:00,-152.5
2025-05-21 11:35:00-04:00,-152.5
2025-05-21 11:40:00-04:00,-152.5
2025-05-21 11:45:00-04:00,-152.5
2025-05-21 11:50:00-04:00,-152.5
2025-05-21 11:55:00-04:00,-152.5
2025-05-21 12:00:00-04:00,-152.5
2025-05-21 12:05:00-04:00,-152.5
2025-05-21 12:10:00-04:00,-152.5
2025-05-21 12:15:00-04:00,-152.5
2025-05-21 12:20:00-04:00,-152.5
2025-05-21 12:25:00-04:00,-152.5
2025-05-21 12:30:00-04:00,-152.5
2025-05-21 12:35:00-04:00,-152.5
2025-05-21 12:40:00-04:00,-152.5
2025-05-21 12:45:00-04:00,-152.5
2025-05-21 12:50:00-04:00,-152.5
2025-05-21 12:55:00-04:00,-152.5
2025-05-21 13:00:00-04:00,-152.5
2025-05-21 13:05:00-04:00,-152.5
2025-05-21 13:10:00-04:00,-152.5
2025-05-21 13:15:00-04:00,60.0
2025-05-21 13:20:00-04:00,282.5
2025-05-21 13:25:00-04:00,420.0
2025-05-21 13:30:00-04:00,290.0
2025-05-21 13:35:00-04:00,112.5
2025-05-21 13:40:00-04:00,247.5
2025-05-21 13:45:00-04:00,227.5
2025-05-21 13:50:00-04:00,270.0
2025-05-21 13:55:00-04:00,275.0
2025-05-21 14:00:00-04:00,380.0
2025-05-21 14:05:00-04:00,270.0
2025-05-21 14:10:00-04:00,355.0
2025-05-21 14:15:00-04:00,380.0
2025-05-21 14:20:00-04:00,415.0
2025-05-21 14:25:00-04:00,357.5
2025-05-21 14:30:00-04:00,292.5
2025-05-21 14:35:00-04:00,335.0
2025-05-21 14:40:00-04:00,302.5
2025-05-21 14:45:00-04:00,415.0
2025-05-21 14:50:00-04:00,455.0
2025-05-21 14:55:00-04:00,485.0
2025-05-21 15:00:00-04:00,470.0
2025-05-21 15:05:00-04:00,612.5
2025-05-21 15:10:00-04:00,535.0
2025-05-21 15:15:00-04:00,595.0
2025-05-21 15:20:00-04:00,652.5
2025-05-21 15:25:00-04:00,662.5
2025-05-21 15:30:00-04:00,542.5
2025-05-21 15:35:00-04:00,462.5
2025-05-21 15:40:00-04:00,440.0
2025-05-21 15:45:00-04:00,490.0
2025-05-21 15:50:00-04:00,540.0
2025-05-21 15:55:00-04:00,590.0
2025-05-22 09:30:00-04:00,0.0
2025-05-22 09:35:00-04:00,0.0
2025-05-22 09:40:00-04:00,0.0
2025-05-22 09:45:00-04:00,0.0
2025-05-22 09:50:00-04:00,0.0
2025-05-22 09:55:00-04:00,0.0
2025-05-22 10:00:00-04:00,0.0
2025-05-22 10:05:00-04:00,0.0
2025-05-22 10:10:00-04:00,0.0
2025-05-22 10:15:00-04:00,0.0
2025-05-22 10:20:00-04:00,-81.25
2025-05-22 10:25:00-04:00,-81.25
2025-05-22 10:30:00-04:00,-81.25
2025-05-22 10:35:00-04:00,-186.25
2025-05-22 10:40:00-04:00,-186.25
2025-05-22 10:45:00-04:00,-186.25
2025-05-22 10:50:00-04:00,-186.25
2025-05-22 10:55:00-04:00,-186.25
2025-05-22 11:00:00-04:00,-186.25
2025-05-22 11:05:00-04:00,-178.75
2025-05-22 11:10:00-04:00,-178.75
2025-05-22 11:15:00-04:00,-178.75
2025-05-22 11:20:00-04:00,-178.75
2025-05-22 11:25:00-04:00,-178.75
2025-05-22 11:30:00-04:00,-178.75
2025-05-22 11:35:00-04:00,-178.75
2025-05-22 11:40:00-04:00,-178.75
2025-05-22 11:45:00-04:00,-178.75
2025-05-22 11:50:00-04:00,-156.25
2025-05-22 11:55:00-04:00,-141.25
2025-05-22 12:00:00-04:00,-128.75
2025-05-22 12:05:00-04:00,-118.75
2025-05-22 12:10:00-04:00,-63.75
2025-05-22 12:15:00-04:00,-91.25
2025-05-22 12:20:00-04:00,-121.25
2025-05-22 12:25:00-04:00,-131.25
2025-05-22 12:30:00-04:00,-163.75
2025-05-22 12:35:00-04:00,-146.25
2025-05-22 12:40:00-04:00,-163.75
2025-05-22 12:45:00-04:00,-213.75
2025-05-22 12:50:00-04:00,-186.25
2025-05-22 12:55:00-04:00,-218.75
2025-05-22 13:00:00-04:00,-271.25
2025-05-22 13:05:00-04:00,-271.25
2025-05-22 13:10:00-04:00,-271.25
2025-05-22 13:15:00-04:00,-271.25
2025-05-22 13:20:00-04:00,-231.25
2025-05-22 13:25:00-04:00,-231.25
2025-05-22 13:30:00-04:00,-231.25
2025-05-22 13:35:00-04:00,-231.25
2025-05-22 13:40:00-04:00,-231.25
2025-05-22 13:45:00-04:00,-231.25
2025-05-22 13:50:00-04:00,-216.25
2025-05-22 13:55:00-04:00,-181.25
2025-05-22 14:00:00-04:00,-168.75
2025-05-22 14:05:00-04:00,-186.25
2025-05-22 14:10:00-04:00,-163.75
2025-05-22 14:15:00-04:00,-138.75
2025-05-22 14:20:00-04:00,-133.75
2025-05-22 14:25:00-04:00,-161.25
2025-05-22 14:30:00-04:00,-161.25
2025-05-22 14:35:00-04:00,-208.75
2025-05-22 14:40:00-04:00,-201.25
2025-05-22 14:45:00-04:00,-203.75
2025-05-22 14:50:00-04:00,-168.75
2025-05-22 14:55:00-04:00,-136.25
2025-05-22 15:00:00-04:00,-113.75
2025-05-22 15:05:00-04:00,-136.25
2025-05-22 15:10:00-04:00,-101.25
2025-05-22 15:15:00-04:00,-131.25
2025-05-22 15:20:00-04:00,-128.75
2025-05-22 15:25:00-04:00,-68.75
2025-05-22 15:30:00-04:00,-118.75
2025-05-22 15:35:00-04:00,-161.25
2025-05-22 15:40:00-04:00,-213.75
2025-05-22 15:45:00-04:00,-216.25
2025-05-22 15:50:00-04:00,-275.0
2025-05-22 15:55:00-04:00,-372.5
2025-05-23 09:30:00-04:00,0.0
2025-05-23 09:35:00-04:00,0.0
2025-05-23 09:40:00-04:00,0.0
2025-05-23 09:45:00-04:00,0.0
2025-05-23 09:50:00-04:00,0.0
2025-05-23 09:55:00-04:00,0.0
2025-05-23 10:00:00-04:00,0.0
2025-05-23 10:05:00-04:00,0.0
2025-05-23 10:10:00-04:00,0.0
2025-05-23 10:15:00-04:00,0.0
2025-05-23 10:20:00-04:00,0.0
2025-05-23 10:25:00-04:00,0.0
2025-05-23 10:30:00-04:00,0.0
2025-05-23 10:35:00-04:00,0.0
2025-05-23 10:40:00-04:00,0.0
2025-05-23 10:45:00-04:00,0.0
2025-05-23 10:50:00-04:00,0.0
2025-05-23 10:55:00-04:00,0.0
2025-05-23 11:00:00-04:00,0.0
2025-05-23 11:05:00-04:00,0.0
2025-05-23 11:10:00-04:00,-8.75
2025-05-23 11:15:00-04:00,-8.75
2025-05-23 11:20:00-04:00,66.25
2025-05-23 11:25:00-04:00,76.25
2025-05-23 11:30:00-04:00,146.25
2025-05-23 11:35:00-04:00,123.75
2025-05-23 11:40:00-04:00,138.75
2025-05-23 11:45:00-04:00,131.25
2025-05-23 11:50:00-04:00,68.75
2025-05-23 11:55:00-04:00,31.25
2025-05-23 12:00:00-04:00,11.25
2025-05-23 12:05:00-04:00,28.75
2025-05-23 12:10:00-04:00,38.75
2025-05-23 12:15:00-04:00,31.25
2025-05-23 12:20:00-04:00,118.75
2025-05-23 12:25:00-04:00,93.75
2025-05-23 12:30:00-04:00,51.25
2025-05-23 12:35:00-04:00,131.25
2025-05-23 12:40:00-04:00,123.75
2025-05-23 12:45:00-04:00,158.75
2025-05-23 12:50:00-04:00,178.75
2025-05-23 12:55:00-04:00,126.25
2025-05-23 13:00:00-04:00,168.75
2025-05-23 13:05:00-04:00,208.75
2025-05-23 13:10:00-04:00,228.75
2025-05-23 13:15:00-04:00,303.75
2025-05-23 13:20:00-04:00,308.75
2025-05-23 13:25:00-04:00,338.75
2025-05-23 13:30:00-04:00,286.25
2025-05-23 13:35:00-04:00,296.25
2025-05-23 13:40:00-04:00,268.75
2025-05-23 13:45:00-04:00,306.25
2025-05-23 13:50:00-04:00,341.25
2025-05-23 13:55:00-04:00,316.25
2025-05-23 14:00:00-04:00,366.25
2025-05-23 14:05:00-04:00,383.75
2025-05-23 14:10:00-04:00,383.75
2025-05-23 14:15:00-04:00,318.75
2025-05-23 14:20:00-04:00,321.25
2025-05-23 14:25:00-04:00,306.25
2025-05-23 14:30:00-04:00,338.75
2025-05-23 14:35:00-04:00,326.25
2025-05-23 14:40:00-04:00,323.75
2025-05-23 14:45:00-04:00,331.25
2025-05-23 14:50:00-04:00,331.25
2025-05-23 14:55:00-04:00,308.75
2025-05-23 15:00:00-04:00,123.75
2025-05-23 15:05:00-04:00,123.75
2025-05-23 15:10:00-04:00,219.375
2025-05-23 15:15:00-04:00,219.375
2025-05-23 15:20:00-04:00,219.375
2025-05-23 15:25:00-04:00,219.375
2025-05-23 15:30:00-04:00,219.375
2025-05-23 15:35:00-04:00,219.375
2025-05-23 15:40:00-04:00,219.375
2025-05-23 15:45:00-04:00,219.375
2025-05-23 15:50:00-04:00,203.75
2025-05-23 15:55:00-04:00,203.75
2025-05-26 09:30:00-04:00,0.0
2025-05-26 09:35:00-04:00,0.0
2025-05-26 09:40:00-04:00,11.25
2025-05-26 09:45:00-04:00,-13.75
2025-05-26 09:50:00-04:00,-41.25
2025-05-26 09:55:00-04:00,-30.625
2025-05-26 10:00:00-04:00,-30.625
2025-05-26 10:05:00-04:00,-77.5
2025-05-26 10:10:00-04:00,-62.5
2025-05-26 10:15:00-04:00,-67.5
2025-05-26 10:20:00-04:00,-67.5
2025-05-26 10:25:00-04:00,-67.5
2025-05-26 10:30:00-04:00,-97.5
2025-05-26 10:35:00-04:00,-127.5
2025-05-26 10:40:00-04:00,-120.0
2025-05-26 10:45:00-04:00,-84.0625
2025-05-26 10:50:00-04:00,-84.0625
2025-05-26 10:55:00-04:00,-123.90625
2025-05-26 11:00:00-04:00,-123.90625
2025-05-26 11:05:00-04:00,-176.25
2025-05-26 11:10:00-04:00,-176.25
2025-05-26 11:15:00-04:00,-176.25
2025-05-26 11:20:00-04:00,-176.25
2025-05-26 11:25:00-04:00,-176.25
2025-05-26 11:30:00-04:00,-176.25
2025-05-26 11:35:00-04:00,-176.25
2025-05-26 11:40:00-04:00,-176.25
2025-05-26 11:45:00-04:00,-176.25
2025-05-26 11:50:00-04:00,-148.75
2025-05-26 11:55:00-04:00,-141.25
2025-05-26 12:00:00-04:00,-133.75
2025-05-26 12:05:00-04:00,-131.25
2025-05-26 12:10:00-04:00,-131.25
2025-05-26 12:15:00-04:00,-141.25
2025-05-26 12:20:00-04:00,-158.75
2025-05-26 12:25:00-04:00,-158.75
2025-05-26 12:30:00-04:00,-168.75
2025-05-26 12:35:00-04:00,-151.25
2025-05-26 12:40:00-04:00,-148.75
2025-05-26 12:45:00-04:00,-143.75
2025-05-26 12:50:00-04:00,-141.25
2025-05-26 12:55:00-04:00,-106.25
2025-05-27 09:30:00-04:00,0.0
2025-05-27 09:35:00-04:00,0.0
2025-05-27 09:40:00-04:00,-43.75
2025-05-27 09:45:00-04:00,-35.625
2025-05-27 09:50:00-04:00,-35.625
2025-05-27 09:55:00-04:00,-82.5
2025-05-27 10:00:00-04:00,-95.3125
2025-05-27 10:05:00-04:00,-95.3125
2025-05-27 10:10:00-04:00,-167.5
2025-05-27 10:15:00-04:00,-167.5
2025-05-27 10:20:00-04:00,-167.5
2025-05-27 10:25:00-04:00,-167.5
2025-05-27 10:30:00-04:00,-167.5
2025-05-27 10:35:00-04:00,-167.5
2025-05-27 10:40:00-04:00,-167.5
2025-05-27 10:45:00-04:00,-167.5
2025-05-27 10:50:00-04:00,-167.5
2025-05-27 10:55:00-04:00,-167.5
2025-05-27 11:00:00-04:00,-167.5
2025-05-27 11:05:00-04:00,-167.5
2025-05-27 11:10:00-04:00,-167.5
2025-05-27 11:15:00-04:00,-167.5
2025-05-27 11:20:00-04:00,-167.5
2025-05-27 11:25:00-04:00,-167.5
2025-05-27 11:30:00-04:00,-167.5
2025-05-27 11:35:00-04:00,-167.5
2025-05-27 11:40:00-04:00,-167.5
2025-05-27 11:45:00-04:00,-167.5
2025-05-27 11:50:00-04:00,-167.5
2025-05-27 11:55:00-04:00,-167.5
2025-05-27 12:00:00-04:00,-167.5
2025-05-27 12:05:00-04:00,-167.5
2025-05-27 12:10:00-04:00,-167.5
2025-05-27 12:15:00-04:00,-167.5
2025-05-27 12:20:00-04:00,-167.5
2025-05-27 12:25:00-04:00,-167.5
2025-05-27 12:30:00-04:00,-167.5
2025-05-27 12:35:00-04:00,-167.5
2025-05-27 12:40:00-04:00,-167.5
2025-05-27 12:45:00-04:00,-167.5
2025-05-27 12:50:00-04:00,-167.5
2025-05-27 12:55:00-04:00,-167.5
2025-05-27 13:00:00-04:00,-167.5
2025-05-27 13:05:00-04:00,-167.5
2025-05-27 13:10:00-04:00,-167.5
2025-05-27 13:15:00-04:00,-167.5
2025-05-27 13:20:00-04:00,-167.5
2025-05-27 13:25:00-04:00,-167.5
2025-05-27 13:30:00-04:00,-167.5
2025-05-27 13:35:00-04:00,-167.5
2025-05-27 13:40:00-04:00,-167.5
2025-05-27 13:45:00-04:00,-167.5
2025-05-27 13:50:00-04:00,-167.5
2025-05-27 13:55:00-04:00,-167.5
2025-05-27 14:00:00-04:00,-167.5
2025-05-27 14:05:00-04:00,-167.5
2025-05-27 14:10:00-04:00,-167.5
2025-05-27 14:15:00-04:00,-167.5
2025-05-27 14:20:00-04:00,-167.5
2025-05-27 14:25:00-04:00,-167.5
2025-05-27 14:30:00-04:00,-167.5
2025-05-27 14:35:00-04:00,-167.5
2025-05-27 14:40:00-04:00,-167.5
2025-05-27 14:45:00-04:00,-167.5
2025-05-27 14:50:00-04:00,-167.5
2025-05-27 14:55:00-04:00,-167.5
2025-05-27 15:00:00-04:00,-167.5
2025-05-27 15:05:00-04:00,-167.5
2025-05-27 15:10:00-04:00,-167.5
2025-05-27 15:15:00-04:00,-167.5
2025-05-27 15:20:00-04:00,-167.5
2025-05-27 15:25:00-04:00,-167.5
2025-05-27 15:30:00-04:00,-167.5
2025-05-27 15:35:00-04:00,-167.5
2025-05-27 15:40:00-04:00,-167.5
2025-05-27 15:45:00-04:00,-167.5
2025-05-27 15:50:00-04:00,-176.25
2025-05-27 15:55:00-04:00,-211.875
2025-05-28 09:30:00-04:00,0.0
2025-05-28 09:35:00-04:00,30.0
2025-05-28 09:40:00-04:00,20.0
2025-05-28 09:45:00-04:00,-38.75
2025-05-28 09:50:00-04:00,-38.75
2025-05-28 09:55:00-04:00,-58.75
2025-05-28 10:00:00-04:00,-58.75
2025-05-28 10:05:00-04:00,-58.75
2025-05-28 10:10:00-04:00,-58.75
2025-05-28 10:15:00-04:00,-58.75
2025-05-28 10:20:00-04:00,-58.75
2025-05-28 10:25:00-04:00,-58.75
2025-05-28 10:30:00-04:00,-58.75
2025-05-28 10:35:00-04:00,-32.5
2025-05-28 10:40:00-04:00,-40.0
2025-05-28 10:45:00-04:00,-38.75
2025-05-28 10:50:00-04:00,-15.0
2025-05-28 10:55:00-04:00,-15.0
2025-05-28 11:00:00-04:00,-52.5
2025-05-28 11:05:00-04:00,-32.5
2025-05-28 11:10:00-04:00,-5.0
2025-05-28 11:15:00-04:00,-33.75
2025-05-28 11:20:00-04:00,-28.75
2025-05-28 11:25:00-04:00,-17.5
2025-05-28 11:30:00-04:00,-8.75
2025-05-28 11:35:00-04:00,-16.25
2025-05-28 11:40:00-04:00,-6.25
2025-05-28 11:45:00-04:00,-12.5
2025-05-28 11:50:00-04:00,-25.0
2025-05-28 11:55:00-04:00,-1.25
2025-05-28 12:00:00-04:00,-23.75
2025-05-28 12:05:00-04:00,-40.0
2025-05-28 12:10:00-04:00,-36.25
2025-05-28 12:15:00-04:00,-38.75
2025-05-28 12:20:00-04:00,-31.25
2025-05-28 12:25:00-04:00,-41.25
2025-05-28 12:30:00-04:00,-41.25
2025-05-28 12:35:00-04:00,-41.25
2025-05-28 12:40:00-04:00,-41.25
2025-05-28 12:45:00-04:00,-41.25
2025-05-28 12:50:00-04:00,-41.25
2025-05-28 12:55:00-04:00,-41.25
2025-05-28 13:00:00-04:00,-41.25
2025-05-28 13:05:00-04:00,-41.25
2025-05-28 13:10:00-04:00,-41.25
2025-05-28 13:15:00-04:00,-41.25
2025-05-28 13:20:00-04:00,-53.75
2025-05-28 13:25:00-04:00,-53.75
2025-05-28 13:30:00-04:00,-53.75
2025-05-28 13:35:00-04:00,-53.75
2025-05-28 13:40:00-04:00,-53.75
2025-05-28 13:45:00-04:00,-53.75
2025-05-28 13:50:00-04:00,-53.75
2025-05-28 13:55:00-04:00,-53.75
2025-05-28 14:00:00-04:00,-81.25
2025-05-28 14:05:00-04:00,-73.75
2025-05-28 14:10:00-04:00,-85.0
2025-05-28 14:15:00-04:00,-85.0
2025-05-28 14:20:00-04:00,-100.0
2025-05-28 14:25:00-04:00,-100.0
2025-05-28 14:30:00-04:00,-98.75
2025-05-28 14:35:00-04:00,-102.5
2025-05-28 14:40:00-04:00,-102.5
2025-05-28 14:45:00-04:00,-92.5
2025-05-28 14:50:00-04:00,-35.0
2025-05-28 14:55:00-04:00,-83.75
2025-05-28 15:00:00-04:00,-98.75
2025-05-28 15:05:00-04:00,-122.5
2025-05-28 15:10:00-04:00,-122.5
2025-05-28 15:15:00-04:00,-133.75
2025-05-28 15:20:00-04:00,-133.75
2025-05-28 15:25:00-04:00,-130.0
2025-05-28 15:30:00-04:00,-120.0
2025-05-28 15:35:00-04:00,-91.25
2025-05-28 15:40:00-04:00,-92.5
2025-05-28 15:45:00-04:00,-88.75
2025-05-28 15:50:00-04:00,-27.5
2025-05-28 15:55:00-04:00,-37.5
2025-05-29 09:30:00-04:00,0.0
2025-05-29 09:35:00-04:00,-22.5
2025-05-29 09:40:00-04:00,-22.5
2025-05-29 09:45:00-04:00,-22.5
2025-05-29 09:50:00-04:00,-22.5
2025-05-29 09:55:00-04:00,-21.25
2025-05-29 10:00:00-04:00,-21.25
2025-05-29 10:05:00-04:00,-116.875
2025-05-29 10:10:00-04:00,-116.875
2025-05-29 10:15:00-04:00,-190.9375
2025-05-29 10:20:00-04:00,-190.9375
2025-05-29 10:25:00-04:00,-160.0
2025-05-29 10:30:00-04:00,-232.5
2025-05-29 10:35:00-04:00,-181.71875
2025-05-29 10:40:00-04:00,-181.71875
2025-05-29 10:45:00-04:00,-181.71875
2025-05-29 10:50:00-04:00,-181.71875
2025-05-29 10:55:00-04:00,-181.71875
2025-05-29 11:00:00-04:00,-188.359375
2025-05-29 11:05:00-04:00,-203.75
2025-05-29 11:10:00-04:00,-203.75
2025-05-29 11:15:00-04:00,-203.75
2025-05-29 11:20:00-04:00,-203.75
2025-05-29 11:25:00-04:00,-203.75
2025-05-29 11:30:00-04:00,-203.75
2025-05-29 11:35:00-04:00,-300.0
2025-05-29 11:40:00-04:00,-246.875
2025-05-29 11:45:00-04:00,-310.0
2025-05-29 11:50:00-04:00,-310.0
2025-05-29 11:55:00-04:00,-310.0
2025-05-29 12:00:00-04:00,-310.0
2025-05-29 12:05:00-04:00,-310.0
2025-05-29 12:10:00-04:00,-310.0
2025-05-29 12:15:00-04:00,-310.0
2025-05-29 12:20:00-04:00,-310.0
2025-05-29 12:25:00-04:00,-310.0
2025-05-29 12:30:00-04:00,-310.0
2025-05-29 12:35:00-04:00,-310.0
2025-05-29 12:40:00-04:00,-310.0
2025-05-29 12:45:00-04:00,-333.75
2025-05-29 12:50:00-04:00,-333.75
2025-05-29 12:55:00-04:00,-333.75
2025-05-29 13:00:00-04:00,-333.75
2025-05-29 13:05:00-04:00,-343.125
2025-05-29 13:10:00-04:00,-343.125
2025-05-29 13:15:00-04:00,-362.8125
2025-05-29 13:20:00-04:00,-362.8125
2025-05-29 13:25:00-04:00,-362.8125
2025-05-29 13:30:00-04:00,-362.8125
2025-05-29 13:35:00-04:00,-362.8125
2025-05-29 13:40:00-04:00,-362.8125
2025-05-29 13:45:00-04:00,-362.8125
2025-05-29 13:50:00-04:00,-362.8125
2025-05-29 13:55:00-04:00,-428.75
2025-05-29 14:00:00-04:00,-428.75
2025-05-29 14:05:00-04:00,-428.75
2025-05-29 14:10:00-04:00,-428.75
2025-05-29 14:15:00-04:00,-428.75
2025-05-29 14:20:00-04:00,-428.75
2025-05-29 14:25:00-04:00,-428.75
2025-05-29 14:30:00-04:00,-428.75
2025-05-29 14:35:00-04:00,-428.75
2025-05-29 14:40:00-04:00,-427.5
2025-05-29 14:45:00-04:00,-427.5
2025-05-29 14:50:00-04:00,-427.5
2025-05-29 14:55:00-04:00,-427.5
2025-05-29 15:00:00-04:00,-427.5
2025-05-29 15:05:00-04:00,-427.5
2025-05-29 15:10:00-04:00,-427.5
2025-05-29 15:15:00-04:00,-427.5
2025-05-29 15:20:00-04:00,-427.5
2025-05-29 15:25:00-04:00,-451.875
2025-05-29 15:30:00-04:00,-451.875
2025-05-29 15:35:00-04:00,-451.875
2025-05-29 15:40:00-04:00,-451.875
2025-05-29 15:45:00-04:00,-451.875
2025-05-29 15:50:00-04:00,-451.875
2025-05-29 15:55:00-04:00,-451.875
2025-05-30 09:30:00-04:00,0.0
2025-05-30 09:35:00-04:00,0.0
2025-05-30 09:40:00-04:00,-5.0
2025-05-30 09:45:00-04:00,17.5
2025-05-30 09:50:00-04:00,16.25
2025-05-30 09:55:00-04:00,31.25
2025-05-30 10:00:00-04:00,-35.0
2025-05-30 10:05:00-04:00,-35.0
2025-05-30 10:10:00-04:00,-58.75
2025-05-30 10:15:00-04:00,-72.5
2025-05-30 10:20:00-04:00,-72.5
2025-05-30 10:25:00-04:00,-85.0
2025-05-30 10:30:00-04:00,-80.0
2025-05-30 10:35:00-04:00,-98.75
2025-05-30 10:40:00-04:00,-98.75
2025-05-30 10:45:00-04:00,-97.5
2025-05-30 10:50:00-04:00,-115.0
2025-05-30 10:55:00-04:00,-122.5
2025-05-30 11:00:00-04:00,-118.75
2025-05-30 11:05:00-04:00,-111.25
2025-05-30 11:10:00-04:00,-125.0
2025-05-30 11:15:00-04:00,-151.25
2025-05-30 11:20:00-04:00,-151.25
2025-05-30 11:25:00-04:00,-132.5
2025-05-30 11:30:00-04:00,-182.5
2025-05-30 11:35:00-04:00,-182.5
2025-05-30 11:40:00-04:00,-161.25
2025-05-30 11:45:00-04:00,-188.75
2025-05-30 11:50:00-04:00,-191.25
2025-05-30 11:55:00-04:00,-181.25
2025-05-30 12:00:00-04:00,-167.5
2025-05-30 12:05:00-04:00,-207.5
2025-05-30 12:10:00-04:00,-195.0
2025-05-30 12:15:00-04:00,-146.25
2025-05-30 12:20:00-04:00,-123.75
2025-05-30 12:25:00-04:00,-32.5
2025-05-30 12:30:00-04:00,15.0
2025-05-30 12:35:00-04:00,-36.25
2025-05-30 12:40:00-04:00,-7.5
2025-05-30 12:45:00-04:00,-5.0
2025-05-30 12:50:00-04:00,28.75
2025-05-30 12:55:00-04:00,0.0
2025-05-30 13:00:00-04:00,-32.5
2025-05-30 13:05:00-04:00,-75.0
2025-05-30 13:10:00-04:00,-50.0
2025-05-30 13:15:00-04:00,-67.5
2025-05-30 13:20:00-04:00,-63.75
2025-05-30 13:25:00-04:00,-75.0
2025-05-30 13:30:00-04:00,-78.75
2025-05-30 13:35:00-04:00,-93.75
2025-05-30 13:40:00-04:00,-70.0
2025-05-30 13:45:00-04:00,-82.5
2025-05-30 13:50:00-04:00,-110.0
2025-05-30 13:55:00-04:00,-110.0
2025-05-30 14:00:00-04:00,-110.0
2025-05-30 14:05:00-04:00,-110.0
2025-05-30 14:10:00-04:00,-105.0
2025-05-30 14:15:00-04:00,-51.25
2025-05-30 14:20:00-04:00,-60.0
2025-05-30 14:25:00-04:00,-65.0
2025-05-30 14:30:00-04:00,-86.25
2025-05-30 14:35:00-04:00,-60.0
2025-05-30 14:40:00-04:00,-83.75
2025-05-30 14:45:00-04:00,-57.5
2025-05-30 14:50:00-04:00,-46.25
2025-05-30 14:55:00-04:00,-43.75
2025-05-30 15:00:00-04:00,-7.5
2025-05-30 15:05:00-04:00,-8.75
2025-05-30 15:10:00-04:00,0.0
2025-05-30 15:15:00-04:00,32.5
2025-05-30 15:20:00-04:00,38.75
2025-05-30 15:25:00-04:00,55.0
2025-05-30 15:30:00-04:00,41.25
2025-05-30 15:35:00-04:00,40.0
2025-05-30 15:40:00-04:00,18.75
2025-05-30 15:45:00-04:00,31.25
2025-05-30 15:50:00-04:00,-3.75
2025-05-30 15:55:00-04:00,-8.75
2025-06-02 09:30:00-04:00,0.0
2025-06-02 09:35:00-04:00,0.0
2025-06-02 09:40:00-04:00,0.0
2025-06-02 09:45:00-04:00,0.0
2025-06-02 09:50:00-04:00,0.0
2025-06-02 09:55:00-04:00,111.25
2025-06-02 10:00:00-04:00,188.75
2025-06-02 10:05:00-04:00,91.25
2025-06-02 10:10:00-04:00,91.25
2025-06-02 10:15:00-04:00,81.25
2025-06-02 10:20:00-04:00,-4.375
2025-06-02 10:25:00-04:00,-4.375
2025-06-02 10:30:00-04:00,-59.6875
2025-06-02 10:35:00-04:00,-59.6875
2025-06-02 10:40:00-04:00,-95.0
2025-06-02 10:45:00-04:00,-122.5
2025-06-02 10:50:00-04:00,-110.0
2025-06-02 10:55:00-04:00,-116.09375
2025-06-02 11:00:00-04:00,-155.0
2025-06-02 11:05:00-04:00,-155.0
2025-06-02 11:10:00-04:00,-155.0
2025-06-02 11:15:00-04:00,-155.0
2025-06-02 11:20:00-04:00,-155.0
2025-06-02 11:25:00-04:00,-155.0
2025-06-02 11:30:00-04:00,-155.0
2025-06-02 11:35:00-04:00,-167.5
2025-06-02 11:40:00-04:00,-167.5
2025-06-02 11:45:00-04:00,-167.5
2025-06-02 11:50:00-04:00,-167.5
2025-06-02 11:55:00-04:00,-167.5
2025-06-02 12:00:00-04:00,-167.5
2025-06-02 12:05:00-04:00,-167.5
2025-06-02 12:10:00-04:00,-167.5
2025-06-02 12:15:00-04:00,-167.5
2025-06-02 12:20:00-04:00,-167.5
2025-06-02 12:25:00-04:00,-167.5
2025-06-02 12:30:00-04:00,-167.5
2025-06-02 12:35:00-04:00,-167.5
2025-06-02 12:40:00-04:00,-167.5
2025-06-02 12:45:00-04:00,-167.5
2025-06-02 12:50:00-04:00,-167.5
2025-06-02 12:55:00-04:00,-167.5
2025-06-02 13:00:00-04:00,-167.5
2025-06-02 13:05:00-04:00,-167.5
2025-06-02 13:10:00-04:00,-167.5
2025-06-02 13:15:00-04:00,-167.5
2025-06-02 13:20:00-04:00,-167.5
2025-06-02 13:25:00-04:00,-167.5
2025-06-02 13:30:00-04:00,-167.5
2025-06-02 13:35:00-04:00,-167.5
2025-06-02 13:40:00-04:00,-167.5
2025-06-02 13:45:00-04:00,-167.5
2025-06-02 13:50:00-04:00,-167.5
2025-06-02 13:55:00-04:00,-167.5
2025-06-02 14:00:00-04:00,-167.5
2025-06-02 14:05:00-04:00,-167.5
2025-06-02 14:10:00-04:00,-167.5
2025-06-02 14:15:00-04:00,-167.5
2025-06-02 14:20:00-04:00,-167.5
2025-06-02 14:25:00-04:00,-167.5
2025-06-02 14:30:00-04:00,-167.5
2025-06-02 14:35:00-04:00,-167.5
2025-06-02 14:40:00-04:00,-167.5
2025-06-02 14:45:00-04:00,-167.5
2025-06-02 14:50:00-04:00,-167.5
2025-06-02 14:55:00-04:00,-167.5
2025-06-02 15:00:00-04:00,-167.5
2025-06-02 15:05:00-04:00,-167.5
2025-06-02 15:10:00-04:00,-167.5
2025-06-02 15:15:00-04:00,-167.5
2025-06-02 15:20:00-04:00,-167.5
2025-06-02 15:25:00-04:00,-167.5
2025-06-02 15:30:00-04:00,-167.5
2025-06-02 15:35:00-04:00,-167.5
2025-06-02 15:40:00-04:00,-167.5
2025-06-02 15:45:00-04:00,-167.5
2025-06-02 15:50:00-04:00,-167.5
2025-06-02 15:55:00-04:00,-167.5
2025-06-03 09:30:00-04:00,0.0
2025-06-03 09:35:00-04:00,0.0
2025-06-03 09:40:00-04:00,0.0
2025-06-03 09:45:00-04:00,0.0
2025-06-03 09:50:00-04:00,0.0
2025-06-03 09:55:00-04:00,0.0
2025-06-03 10:00:00-04:00,0.0
2025-06-03 10:05:00-04:00,0.0
2025-06-03 10:10:00-04:00,0.0
2025-06-03 10:15:00-04:00,0.0
2025-06-03 10:20:00-04:00,0.0
2025-06-03 10:25:00-04:00,0.0
2025-06-03 10:30:00-04:00,0.0
2025-06-03 10:35:00-04:00,0.0
2025-06-03 10:40:00-04:00,0.0
2025-06-03 10:45:00-04:00,0.0
2025-06-03 10:50:00-04:00,0.0
2025-06-03 10:55:00-04:00,0.0
2025-06-03 11:00:00-04:00,0.0
2025-06-03 11:05:00-04:00,0.0
2025-06-03 11:10:00-04:00,0.0
2025-06-03 11:15:00-04:00,0.0
2025-06-03 11:20:00-04:00,0.0
2025-06-03 11:25:00-04:00,0.0
2025-06-03 11:30:00-04:00,0.0
2025-06-03 11:35:00-04:00,0.0
2025-06-03 11:40:00-04:00,0.0
2025-06-03 11:45:00-04:00,0.0
2025-06-03 11:50:00-04:00,0.0
2025-06-03 11:55:00-04:00,0.0
2025-06-03 12:00:00-04:00,0.0
2025-06-03 12:05:00-04:00,0.0
2025-06-03 12:10:00-04:00,0.0
2025-06-03 12:15:00-04:00,0.0
2025-06-03 12:20:00-04:00,0.0
2025-06-03 12:25:00-04:00,0.0
2025-06-03 12:30:00-04:00,0.0
2025-06-03 12:35:00-04:00,0.0
2025-06-03 12:40:00-04:00,0.0
2025-06-03 12:45:00-04:00,0.0
2025-06-03 12:50:00-04:00,0.0
2025-06-03 12:55:00-04:00,0.0
2025-06-03 13:00:00-04:00,0.0
2025-06-03 13:05:00-04:00,0.0
2025-06-03 13:10:00-04:00,0.0
2025-06-03 13:15:00-04:00,0.0
2025-06-03 13:20:00-04:00,0.0
2025-06-03 13:25:00-04:00,0.0
2025-06-03 13:30:00-04:00,0.0
2025-06-03 13:35:00-04:00,0.0
2025-06-03 13:40:00-04:00,0.0
2025-06-03 13:45:00-04:00,0.0
2025-06-03 13:50:00-04:00,0.0
2025-06-03 13:55:00-04:00,0.0
2025-06-03 14:00:00-04:00,0.0
2025-06-03 14:05:00-04:00,0.0
2025-06-03 14:10:00-04:00,30.0
2025-06-03 14:15:00-04:00,-5.0
2025-06-03 14:20:00-04:00,-15.0
2025-06-03 14:25:00-04:00,-35.0
2025-06-03 14:30:00-04:00,-35.0
2025-06-03 14:35:00-04:00,-60.0
2025-06-03 14:40:00-04:00,-85.0
2025-06-03 14:45:00-04:00,-82.5
2025-06-03 14:50:00-04:00,-67.5
2025-06-03 14:55:00-04:00,-80.0
2025-06-03 15:00:00-04:00,-65.0
2025-06-03 15:05:00-04:00,-56.25
2025-06-03 15:10:00-04:00,-56.25
2025-06-03 15:15:00-04:00,-73.75
2025-06-03 15:20:00-04:00,-73.75
2025-06-03 15:25:00-04:00,-73.75
2025-06-03 15:30:00-04:00,-73.75
2025-06-03 15:35:00-04:00,-73.75
2025-06-03 15:40:00-04:00,-73.75
2025-06-03 15:45:00-04:00,-73.75
2025-06-03 15:50:00-04:00,-73.75
2025-06-03 15:55:00-04:00,-113.75
2025-06-04 09:30:00-04:00,0.0
2025-06-04 09:35:00-04:00,0.0
2025-06-04 09:40:00-04:00,-31.25
2025-06-04 09:45:00-04:00,11.25
2025-06-04 09:50:00-04:00,-33.75
2025-06-04 09:55:00-04:00,-11.25
2025-06-04 10:00:00-04:00,-53.125
2025-06-04 10:05:00-04:00,-53.125
2025-06-04 10:10:00-04:00,-77.5
2025-06-04 10:15:00-04:00,-47.5
2025-06-04 10:20:00-04:00,-47.5
2025-06-04 10:25:00-04:00,2.5
2025-06-04 10:30:00-04:00,-7.5
2025-06-04 10:35:00-04:00,-27.5
2025-06-04 10:40:00-04:00,-57.5
2025-06-04 10:45:00-04:00,-37.5
2025-06-04 10:50:00-04:00,-42.5
2025-06-04 10:55:00-04:00,-2.5
2025-06-04 11:00:00-04:00,-5.0
2025-06-04 11:05:00-04:00,15.0
2025-06-04 11:10:00-04:00,-5.0
2025-06-04 11:15:00-04:00,-12.5
2025-06-04 11:20:00-04:00,-20.0
2025-06-04 11:25:00-04:00,-55.0
2025-06-04 11:30:00-04:00,-52.5
2025-06-04 11:35:00-04:00,-45.0
2025-06-04 11:40:00-04:00,-97.5
2025-06-04 11:45:00-04:00,-61.5625
2025-06-04 11:50:00-04:00,-61.25
2025-06-04 11:55:00-04:00,-61.25
2025-06-04 12:00:00-04:00,-61.25
2025-06-04 12:05:00-04:00,-61.25
2025-06-04 12:10:00-04:00,-61.25
2025-06-04 12:15:00-04:00,-61.25
2025-06-04 12:20:00-04:00,-61.25
2025-06-04 12:25:00-04:00,-61.25
2025-06-04 12:30:00-04:00,-61.25
2025-06-04 12:35:00-04:00,-61.25
2025-06-04 12:40:00-04:00,-61.25
2025-06-04 12:45:00-04:00,-61.25
2025-06-04 12:50:00-04:00,-61.25
2025-06-04 12:55:00-04:00,-61.25
2025-06-04 13:00:00-04:00,-61.25
2025-06-04 13:05:00-04:00,-61.25
2025-06-04 13:10:00-04:00,-61.25
2025-06-04 13:15:00-04:00,-66.25
2025-06-04 13:20:00-04:00,-66.25
2025-06-04 13:25:00-04:00,-53.75
2025-06-04 13:30:00-04:00,-53.75
2025-06-04 13:35:00-04:00,-58.75
2025-06-04 13:40:00-04:00,-51.25
2025-06-04 13:45:00-04:00,-33.75
2025-06-04 13:50:00-04:00,-41.25
2025-06-04 13:55:00-04:00,-28.75
2025-06-04 14:00:00-04:00,-13.75
2025-06-04 14:05:00-04:00,-31.25
2025-06-04 14:10:00-04:00,-38.75
2025-06-04 14:15:00-04:00,-33.75
2025-06-04 14:20:00-04:00,-31.25
2025-06-04 14:25:00-04:00,-26.25
2025-06-04 14:30:00-04:00,-53.75
2025-06-04 14:35:00-04:00,-51.25
2025-06-04 14:40:00-04:00,-41.25
2025-06-04 14:45:00-04:00,-63.75
2025-06-04 14:50:00-04:00,-73.75
2025-06-04 14:55:00-04:00,-88.75
2025-06-04 15:00:00-04:00,-88.75
2025-06-04 15:05:00-04:00,-107.5
2025-06-04 15:10:00-04:00,-107.5
2025-06-04 15:15:00-04:00,-107.5
2025-06-04 15:20:00-04:00,-107.5
2025-06-04 15:25:00-04:00,-107.5
2025-06-04 15:30:00-04:00,-107.5
2025-06-04 15:35:00-04:00,-107.5
2025-06-04 15:40:00-04:00,-107.5
2025-06-04 15:45:00-04:00,-107.5
2025-06-04 15:50:00-04:00,-107.5
2025-06-04 15:55:00-04:00,-107.5
2025-06-05 09:30:00-04:00,0.0
2025-06-05 09:35:00-04:00,0.0
2025-06-05 09:40:00-04:00,0.0
2025-06-05 09:45:00-04:00,0.0
2025-06-05 09:50:00-04:00,0.0
2025-06-05 09:55:00-04:00,0.0
2025-06-05 10:00:00-04:00,0.0
2025-06-05 10:05:00-04:00,0.0
2025-06-05 10:10:00-04:00,0.0
2025-06-05 10:15:00-04:00,0.0
2025-06-05 10:20:00-04:00,0.0
2025-06-05 10:25:00-04:00,0.0
2025-06-05 10:30:00-04:00,0.0
2025-06-05 10:35:00-04:00,0.0
2025-06-05 10:40:00-04:00,0.0
2025-06-05 10:45:00-04:00,0.0
2025-06-05 10:50:00-04:00,0.0
2025-06-05 10:55:00-04:00,0.0
2025-06-05 11:00:00-04:00,58.75
2025-06-05 11:05:00-04:00,41.25
2025-06-05 11:10:00-04:00,51.25
2025-06-05 11:15:00-04:00,133.75
2025-06-05 11:20:00-04:00,148.75
2025-06-05 11:25:00-04:00,163.75
2025-06-05 11:30:00-04:00,156.25
2025-06-05 11:35:00-04:00,151.25
2025-06-05 11:40:00-04:00,158.75
2025-06-05 11:45:00-04:00,131.25
2025-06-05 11:50:00-04:00,141.25
2025-06-05 11:55:00-04:00,176.25
2025-06-05 12:00:00-04:00,188.75
2025-06-05 12:05:00-04:00,146.25
2025-06-05 12:10:00-04:00,103.75
2025-06-05 12:15:00-04:00,66.25
2025-06-05 12:20:00-04:00,61.25
2025-06-05 12:25:00-04:00,83.75
2025-06-05 12:30:00-04:00,63.75
2025-06-05 12:35:00-04:00,13.75
2025-06-05 12:40:00-04:00,13.75
2025-06-05 12:45:00-04:00,13.75
2025-06-05 12:50:00-04:00,13.75
2025-06-05 12:55:00-04:00,13.75
2025-06-05 13:00:00-04:00,13.75
2025-06-05 13:05:00-04:00,13.75
2025-06-05 13:10:00-04:00,13.75
2025-06-05 13:15:00-04:00,13.75
2025-06-05 13:20:00-04:00,13.75
2025-06-05 13:25:00-04:00,13.75
2025-06-05 13:30:00-04:00,13.75
2025-06-05 13:35:00-04:00,13.75
2025-06-05 13:40:00-04:00,13.75
2025-06-05 13:45:00-04:00,13.75
2025-06-05 13:50:00-04:00,13.75
2025-06-05 13:55:00-04:00,13.75
2025-06-05 14:00:00-04:00,13.75
2025-06-05 14:05:00-04:00,13.75
2025-06-05 14:10:00-04:00,13.75
2025-06-05 14:15:00-04:00,13.75
2025-06-05 14:20:00-04:00,13.75
2025-06-05 14:25:00-04:00,13.75
2025-06-05 14:30:00-04:00,13.75
2025-06-05 14:35:00-04:00,13.75
2025-06-05 14:40:00-04:00,13.75
2025-06-05 14:45:00-04:00,13.75
2025-06-05 14:50:00-04:00,13.75
2025-06-05 14:55:00-04:00,13.75
2025-06-05 15:00:00-04:00,13.75
2025-06-05 15:05:00-04:00,13.75
2025-06-05 15:10:00-04:00,13.75
2025-06-05 15:15:00-04:00,13.75
2025-06-05 15:20:00-04:00,13.75
2025-06-05 15:25:00-04:00,13.75
2025-06-05 15:30:00-04:00,13.75
2025-06-05 15:35:00-04:00,13.75
2025-06-05 15:40:00-04:00,13.75
2025-06-05 15:45:00-04:00,13.75
2025-06-05 15:50:00-04:00,13.75
2025-06-05 15:55:00-04:00,13.75
2025-06-06 09:30:00-04:00,0.0
2025-06-06 09:35:00-04:00,0.0
2025-06-06 09:40:00-04:00,98.75
2025-06-06 09:45:00-04:00,111.25
2025-06-06 09:50:00-04:00,78.75
2025-06-06 09:55:00-04:00,91.25
2025-06-06 10:00:00-04:00,31.25
2025-06-06 10:05:00-04:00,68.75
2025-06-06 10:10:00-04:00,53.75
2025-06-06 10:15:00-04:00,21.25
2025-06-06 10:20:00-04:00,56.25
2025-06-06 10:25:00-04:00,-23.75
2025-06-06 10:30:00-04:00,-18.125
2025-06-06 10:35:00-04:00,-18.125
2025-06-06 10:40:00-04:00,-3.75
2025-06-06 10:45:00-04:00,3.75
2025-06-06 10:50:00-04:00,-3.75
2025-06-06 10:55:00-04:00,-41.25
2025-06-06 11:00:00-04:00,-6.25
2025-06-06 11:05:00-04:00,31.25
2025-06-06 11:10:00-04:00,-5.9375
2025-06-06 11:15:00-04:00,-83.75
2025-06-06 11:20:00-04:00,-83.75
2025-06-06 11:25:00-04:00,-83.75
2025-06-06 11:30:00-04:00,-83.75
2025-06-06 11:35:00-04:00,-83.75
2025-06-06 11:40:00-04:00,-83.75
2025-06-06 11:45:00-04:00,-83.75
2025-06-06 11:50:00-04:00,-85.0
2025-06-06 11:55:00-04:00,-85.0
2025-06-06 12:00:00-04:00,-85.0
2025-06-06 12:05:00-04:00,-85.0
2025-06-06 12:10:00-04:00,-85.0
2025-06-06 12:15:00-04:00,-85.0
2025-06-06 12:20:00-04:00,-85.0
2025-06-06 12:25:00-04:00,-85.0
2025-06-06 12:30:00-04:00,-85.0
2025-06-06 12:35:00-04:00,-85.0
2025-06-06 12:40:00-04:00,-85.0
2025-06-06 12:45:00-04:00,-85.0
2025-06-06 12:50:00-04:00,-85.0
2025-06-06 12:55:00-04:00,-85.0
2025-06-06 13:00:00-04:00,-85.0
2025-06-06 13:05:00-04:00,-85.0
2025-06-06 13:10:00-04:00,-85.0
2025-06-06 13:15:00-04:00,-85.0
2025-06-06 13:20:00-04:00,-85.0
2025-06-06 13:25:00-04:00,-85.0
2025-06-06 13:30:00-04:00,-85.0
2025-06-06 13:35:00-04:00,-85.0
2025-06-06 13:40:00-04:00,-85.0
2025-06-06 13:45:00-04:00,-85.0
2025-06-06 13:50:00-04:00,-85.0
2025-06-06 13:55:00-04:00,-85.0
2025-06-06 14:00:00-04:00,-85.0
2025-06-06 14:05:00-04:00,-27.5
2025-06-06 14:10:00-04:00,-42.5
2025-06-06 14:15:00-04:00,-10.0
2025-06-06 14:20:00-04:00,-22.5
2025-06-06 14:25:00-04:00,-52.5
2025-06-06 14:30:00-04:00,10.0
2025-06-06 14:35:00-04:00,-17.5
2025-06-06 14:40:00-04:00,-30.0
2025-06-06 14:45:00-04:00,-40.0
2025-06-06 14:50:00-04:00,-20.0
2025-06-06 14:55:00-04:00,-40.0
2025-06-06 15:00:00-04:00,-30.0
2025-06-06 15:05:00-04:00,-47.5
2025-06-06 15:10:00-04:00,-42.5
2025-06-06 15:15:00-04:00,-60.0
2025-06-06 15:20:00-04:00,-82.5
2025-06-06 15:25:00-04:00,-77.5
2025-06-06 15:30:00-04:00,-83.75
2025-06-06 15:35:00-04:00,-83.75
2025-06-06 15:40:00-04:00,-83.75
2025-06-06 15:45:00-04:00,-83.75
2025-06-06 15:50:00-04:00,-83.75
2025-06-06 15:55:00-04:00,-95.0
2025-06-09 09:30:00-04:00,0.0
2025-06-09 09:35:00-04:00,0.0
2025-06-09 09:40:00-04:00,0.0
2025-06-09 09:45:00-04:00,0.0
2025-06-09 09:50:00-04:00,0.0
2025-06-09 09:55:00-04:00,0.0
2025-06-09 10:00:00-04:00,0.0
2025-06-09 10:05:00-04:00,0.0
2025-06-09 10:10:00-04:00,0.0
2025-06-09 10:15:00-04:00,0.0
2025-06-09 10:20:00-04:00,0.0
2025-06-09 10:25:00-04:00,0.0
2025-06-09 10:30:00-04:00,28.75
2025-06-09 10:35:00-04:00,13.75
2025-06-09 10:40:00-04:00,-31.25
2025-06-09 10:45:00-04:00,-28.125
2025-06-09 10:50:00-04:00,-28.125
2025-06-09 10:55:00-04:00,-28.125
2025-06-09 11:00:00-04:00,-35.0
2025-06-09 11:05:00-04:00,-15.0
2025-06-09 11:10:00-04:00,-42.5
2025-06-09 11:15:00-04:00,-44.0625
2025-06-09 11:20:00-04:00,-44.0625
2025-06-09 11:25:00-04:00,-67.5
2025-06-09 11:30:00-04:00,-67.5
2025-06-09 11:35:00-04:00,-67.5
2025-06-09 11:40:00-04:00,-61.25
2025-06-09 11:45:00-04:00,-61.25
2025-06-09 11:50:00-04:00,-61.25
2025-06-09 11:55:00-04:00,-61.25
2025-06-09 12:00:00-04:00,-61.25
2025-06-09 12:05:00-04:00,-88.75
2025-06-09 12:10:00-04:00,-66.25
2025-06-09 12:15:00-04:00,-71.25
2025-06-09 12:20:00-04:00,-56.25
2025-06-09 12:25:00-04:00,-73.75
2025-06-09 12:30:00-04:00,-43.75
2025-06-09 12:35:00-04:00,-33.75
2025-06-09 12:40:00-04:00,-18.75
2025-06-09 12:45:00-04:00,-11.25
2025-06-09 12:50:00-04:00,43.75
2025-06-09 12:55:00-04:00,18.75
2025-06-09 13:00:00-04:00,26.25
2025-06-09 13:05:00-04:00,31.25
2025-06-09 13:10:00-04:00,16.25
2025-06-09 13:15:00-04:00,-21.25
2025-06-09 13:20:00-04:00,8.75
2025-06-09 13:25:00-04:00,36.25
2025-06-09 13:30:00-04:00,13.75
2025-06-09 13:35:00-04:00,31.25
2025-06-09 13:40:00-04:00,53.75
2025-06-09 13:45:00-04:00,43.75
2025-06-09 13:50:00-04:00,61.25
2025-06-09 13:55:00-04:00,43.75
2025-06-09 14:00:00-04:00,33.75
2025-06-09 14:05:00-04:00,36.25
2025-06-09 14:10:00-04:00,56.25
2025-06-09 14:15:00-04:00,48.75
2025-06-09 14:20:00-04:00,56.25
2025-06-09 14:25:00-04:00,56.25
2025-06-09 14:30:00-04:00,48.75
2025-06-09 14:35:00-04:00,6.25
2025-06-09 14:40:00-04:00,13.75
2025-06-09 14:45:00-04:00,26.25
2025-06-09 14:50:00-04:00,36.25
2025-06-09 14:55:00-04:00,46.25
2025-06-09 15:00:00-04:00,-7.5
2025-06-09 15:05:00-04:00,-7.5
2025-06-09 15:10:00-04:00,-7.5
2025-06-09 15:15:00-04:00,-7.5
2025-06-09 15:20:00-04:00,-7.5
2025-06-09 15:25:00-04:00,-7.5
2025-06-09 15:30:00-04:00,-7.5
2025-06-09 15:35:00-04:00,-7.5
2025-06-09 15:40:00-04:00,5.0
2025-06-09 15:45:00-04:00,5.0
2025-06-09 15:50:00-04:00,5.0
2025-06-09 15:55:00-04:00,5.0
2025-06-10 09:30:00-04:00,0.0
2025-06-10 09:35:00-04:00,0.0
2025-06-10 09:40:00-04:00,0.0
2025-06-10 09:45:00-04:00,0.0
2025-06-10 09:50:00-04:00,0.0
2025-06-10 09:55:00-04:00,0.0
2025-06-10 10:00:00-04:00,0.0
2025-06-10 10:05:00-04:00,0.0
2025-06-10 10:10:00-04:00,0.0
2025-06-10 10:15:00-04:00,0.0
2025-06-10 10:20:00-04:00,22.5
2025-06-10 10:25:00-04:00,15.0
2025-06-10 10:30:00-04:00,7.5
2025-06-10 10:35:00-04:00,22.5
2025-06-10 10:40:00-04:00,55.0
2025-06-10 10:45:00-04:00,45.0
2025-06-10 10:50:00-04:00,50.0
2025-06-10 10:55:00-04:00,7.5
2025-06-10 11:00:00-04:00,32.5
2025-06-10 11:05:00-04:00,2.5
2025-06-10 11:10:00-04:00,17.5
2025-06-10 11:15:00-04:00,25.0
2025-06-10 11:20:00-04:00,12.5
2025-06-10 11:25:00-04:00,15.0
2025-06-10 11:30:00-04:00,-51.25
2025-06-10 11:35:00-04:00,-81.25
2025-06-10 11:40:00-04:00,-81.25
2025-06-10 11:45:00-04:00,-81.25
2025-06-10 11:50:00-04:00,-81.25
2025-06-10 11:55:00-04:00,-75.0
2025-06-10 12:00:00-04:00,-75.0
2025-06-10 12:05:00-04:00,-75.0
2025-06-10 12:10:00-04:00,-75.0
2025-06-10 12:15:00-04:00,-75.0
2025-06-10 12:20:00-04:00,-65.0
2025-06-10 12:25:00-04:00,-50.0
2025-06-10 12:30:00-04:00,-40.0
2025-06-10 12:35:00-04:00,-40.0
2025-06-10 12:40:00-04:00,-60.0
2025-06-10 12:45:00-04:00,-47.5
2025-06-10 12:50:00-04:00,-15.0
2025-06-10 12:55:00-04:00,-22.5
2025-06-10 13:00:00-04:00,-50.0
2025-06-10 13:05:00-04:00,-27.5
2025-06-10 13:10:00-04:00,12.5
2025-06-10 13:15:00-04:00,-20.0
2025-06-10 13:20:00-04:00,-17.5
2025-06-10 13:25:00-04:00,-45.0
2025-06-10 13:30:00-04:00,-47.5
2025-06-10 13:35:00-04:00,-55.0
2025-06-10 13:40:00-04:00,-70.0
2025-06-10 13:45:00-04:00,-85.0
2025-06-10 13:50:00-04:00,-77.5
2025-06-10 13:55:00-04:00,-107.5
2025-06-10 14:00:00-04:00,-107.5
2025-06-10 14:05:00-04:00,-107.5
2025-06-10 14:10:00-04:00,-107.5
2025-06-10 14:15:00-04:00,-107.5
2025-06-10 14:20:00-04:00,-107.5
2025-06-10 14:25:00-04:00,-107.5
2025-06-10 14:30:00-04:00,-107.5
2025-06-10 14:35:00-04:00,-107.5
2025-06-10 14:40:00-04:00,-107.5
2025-06-10 14:45:00-04:00,-107.5
2025-06-10 14:50:00-04:00,-107.5
2025-06-10 14:55:00-04:00,-107.5
2025-06-10 15:00:00-04:00,-107.5
2025-06-10 15:05:00-04:00,-40.0
2025-06-10 15:10:00-04:00,-60.0
2025-06-10 15:15:00-04:00,-85.0
2025-06-10 15:20:00-04:00,-72.5
2025-06-10 15:25:00-04:00,-85.0
2025-06-10 15:30:00-04:00,-107.5
2025-06-10 15:35:00-04:00,-120.0
2025-06-10 15:40:00-04:00,-120.0
2025-06-10 15:45:00-04:00,-153.75
2025-06-10 15:50:00-04:00,-111.25
2025-06-10 15:55:00-04:00,-41.25
2025-06-11 09:30:00-04:00,0.0
2025-06-11 09:35:00-04:00,0.0
2025-06-11 09:40:00-04:00,0.0
2025-06-11 09:45:00-04:00,0.0
2025-06-11 09:50:00-04:00,0.0
2025-06-11 09:55:00-04:00,0.0
2025-06-11 10:00:00-04:00,0.0
2025-06-11 10:05:00-04:00,0.0
2025-06-11 10:10:00-04:00,0.0
2025-06-11 10:15:00-04:00,0.0
2025-06-11 10:20:00-04:00,0.0
2025-06-11 10:25:00-04:00,0.0
2025-06-11 10:30:00-04:00,0.0
2025-06-11 10:35:00-04:00,0.0
2025-06-11 10:40:00-04:00,0.0
2025-06-11 10:45:00-04:00,0.0
2025-06-11 10:50:00-04:00,0.0
2025-06-11 10:55:00-04:00,0.0
2025-06-11 11:00:00-04:00,0.0
2025-06-11 11:05:00-04:00,0.0
2025-06-11 11:10:00-04:00,0.0
2025-06-11 11:15:00-04:00,0.0
2025-06-11 11:20:00-04:00,0.0
2025-06-11 11:25:00-04:00,0.0
2025-06-11 11:30:00-04:00,0.0
2025-06-11 11:35:00-04:00,0.0
2025-06-11 11:40:00-04:00,0.0
2025-06-11 11:45:00-04:00,7.5
2025-06-11 11:50:00-04:00,-42.5
2025-06-11 11:55:00-04:00,17.5
2025-06-11 12:00:00-04:00,40.0
2025-06-11 12:05:00-04:00,75.0
2025-06-11 12:10:00-04:00,95.0
2025-06-11 12:15:00-04:00,132.5
2025-06-11 12:20:00-04:00,120.0
2025-06-11 12:25:00-04:00,52.5
2025-06-11 12:30:00-04:00,45.0
2025-06-11 12:35:00-04:00,90.0
2025-06-11 12:40:00-04:00,70.0
2025-06-11 12:45:00-04:00,37.5
2025-06-11 12:50:00-04:00,45.0
2025-06-11 12:55:00-04:00,35.0
2025-06-11 13:00:00-04:00,-30.0
2025-06-11 13:05:00-04:00,-50.0
2025-06-11 13:10:00-04:00,-22.5
2025-06-11 13:15:00-04:00,-22.5
2025-06-11 13:20:00-04:00,-22.5
2025-06-11 13:25:00-04:00,-22.5
2025-06-11 13:30:00-04:00,-22.5
2025-06-11 13:35:00-04:00,-22.5
2025-06-11 13:40:00-04:00,-22.5
2025-06-11 13:45:00-04:00,-22.5
2025-06-11 13:50:00-04:00,-22.5
2025-06-11 13:55:00-04:00,-22.5
2025-06-11 14:00:00-04:00,-22.5
2025-06-11 14:05:00-04:00,-3.75
2025-06-11 14:10:00-04:00,-3.75
2025-06-11 14:15:00-04:00,86.25
2025-06-11 14:20:00-04:00,28.75
2025-06-11 14:25:00-04:00,46.25
2025-06-11 14:30:00-04:00,-3.75
2025-06-11 14:35:00-04:00,-3.75
2025-06-11 14:40:00-04:00,-62.5
2025-06-11 14:45:00-04:00,-75.0
2025-06-11 14:50:00-04:00,0.0
2025-06-11 14:55:00-04:00,57.5
2025-06-11 15:00:00-04:00,85.0
2025-06-11 15:05:00-04:00,62.5
2025-06-11 15:10:00-04:00,50.0
2025-06-11 15:15:00-04:00,115.0
2025-06-11 15:20:00-04:00,47.5
2025-06-11 15:25:00-04:00,90.0
2025-06-11 15:30:00-04:00,157.5
2025-06-11 15:35:00-04:00,82.5
2025-06-11 15:40:00-04:00,65.0
2025-06-11 15:45:00-04:00,105.0
2025-06-11 15:50:00-04:00,42.5
2025-06-11 15:55:00-04:00,-10.0
2025-06-12 09:30:00-04:00,0.0
2025-06-12 09:35:00-04:00,0.0
2025-06-12 09:40:00-04:00,0.0
2025-06-12 09:45:00-04:00,0.0
2025-06-12 09:50:00-04:00,0.0
2025-06-12 09:55:00-04:00,0.0
2025-06-12 10:00:00-04:00,0.0
2025-06-12 10:05:00-04:00,52.5
2025-06-12 10:10:00-04:00,95.0
2025-06-12 10:15:00-04:00,130.0
2025-06-12 10:20:00-04:00,132.5
2025-06-12 10:25:00-04:00,157.5
2025-06-12 10:30:00-04:00,172.5
2025-06-12 10:35:00-04:00,200.0
2025-06-12 10:40:00-04:00,205.0
2025-06-12 10:45:00-04:00,212.5
2025-06-12 10:50:00-04:00,192.5
2025-06-12 10:55:00-04:00,175.0
2025-06-12 11:00:00-04:00,260.0
2025-06-12 11:05:00-04:00,230.0
2025-06-12 11:10:00-04:00,230.0
2025-06-12 11:15:00-04:00,172.5
2025-06-12 11:20:00-04:00,105.0
2025-06-12 11:25:00-04:00,150.0
2025-06-12 11:30:00-04:00,137.5
2025-06-12 11:35:00-04:00,120.0
2025-06-12 11:40:00-04:00,142.5
2025-06-12 11:45:00-04:00,52.5
2025-06-12 11:50:00-04:00,52.5
2025-06-12 11:55:00-04:00,52.5
2025-06-12 12:00:00-04:00,52.5
2025-06-12 12:05:00-04:00,52.5
2025-06-12 12:10:00-04:00,52.5
2025-06-12 12:15:00-04:00,52.5
2025-06-12 12:20:00-04:00,52.5
2025-06-12 12:25:00-04:00,52.5
2025-06-12 12:30:00-04:00,52.5
2025-06-12 12:35:00-04:00,52.5
2025-06-12 12:40:00-04:00,157.5
2025-06-12 12:45:00-04:00,127.5
2025-06-12 12:50:00-04:00,72.5
2025-06-12 12:55:00-04:00,72.5
2025-06-12 13:00:00-04:00,121.25
2025-06-12 13:05:00-04:00,146.25
2025-06-12 13:10:00-04:00,158.75
2025-06-12 13:15:00-04:00,168.75
2025-06-12 13:20:00-04:00,143.75
2025-06-12 13:25:00-04:00,141.25
2025-06-12 13:30:00-04:00,193.75
2025-06-12 13:35:00-04:00,181.25
2025-06-12 13:40:00-04:00,183.75
2025-06-12 13:45:00-04:00,158.75
2025-06-12 13:50:00-04:00,178.75
2025-06-12 13:55:00-04:00,156.25
2025-06-12 14:00:00-04:00,166.25
2025-06-12 14:05:00-04:00,178.75
2025-06-12 14:10:00-04:00,153.75
2025-06-12 14:15:00-04:00,166.25
2025-06-12 14:20:00-04:00,138.75
2025-06-12 14:25:00-04:00,128.75
2025-06-12 14:30:00-04:00,128.75
2025-06-12 14:35:00-04:00,110.625
2025-06-12 14:40:00-04:00,110.625
2025-06-12 14:45:00-04:00,110.625
2025-06-12 14:50:00-04:00,110.625
2025-06-12 14:55:00-04:00,110.625
2025-06-12 15:00:00-04:00,110.625
2025-06-12 15:05:00-04:00,110.625
2025-06-12 15:10:00-04:00,110.625
2025-06-12 15:15:00-04:00,110.625
2025-06-12 15:20:00-04:00,150.0
2025-06-12 15:25:00-04:00,152.5
2025-06-12 15:30:00-04:00,140.0
2025-06-12 15:35:00-04:00,137.5
2025-06-12 15:40:00-04:00,101.5625
2025-06-12 15:45:00-04:00,101.5625
2025-06-12 15:50:00-04:00,94.53125
2025-06-12 15:55:00-04:00,94.53125
2025-06-13 09:30:00-04:00,0.0
2025-06-13 09:35:00-04:00,0.0
2025-06-13 09:40:00-04:00,21.25
2025-06-13 09:45:00-04:00,91.25
2025-06-13 09:50:00-04:00,141.25
2025-06-13 09:55:00-04:00,188.75
2025-06-13 10:00:00-04:00,153.75
2025-06-13 10:05:00-04:00,141.25
2025-06-13 10:10:00-04:00,193.75
2025-06-13 10:15:00-04:00,211.25
2025-06-13 10:20:00-04:00,228.75
2025-06-13 10:25:00-04:00,313.75
2025-06-13 10:30:00-04:00,248.75
2025-06-13 10:35:00-04:00,158.75
2025-06-13 10:40:00-04:00,196.25
2025-06-13 10:45:00-04:00,218.75
2025-06-13 10:50:00-04:00,98.75
2025-06-13 10:55:00-04:00,76.25
2025-06-13 11:00:00-04:00,58.75
2025-06-13 11:05:00-04:00,46.25
2025-06-13 11:10:00-04:00,26.25
2025-06-13 11:15:00-04:00,26.25
2025-06-13 11:20:00-04:00,26.25
2025-06-13 11:25:00-04:00,26.25
2025-06-13 11:30:00-04:00,26.25
2025-06-13 11:35:00-04:00,26.25
2025-06-13 11:40:00-04:00,26.25
2025-06-13 11:45:00-04:00,26.25
2025-06-13 11:50:00-04:00,26.25
2025-06-13 11:55:00-04:00,26.25
2025-06-13 12:00:00-04:00,26.25
2025-06-13 12:05:00-04:00,26.25
2025-06-13 12:10:00-04:00,26.25
2025-06-13 12:15:00-04:00,26.25
2025-06-13 12:20:00-04:00,26.25
2025-06-13 12:25:00-04:00,26.25
2025-06-13 12:30:00-04:00,26.25
2025-06-13 12:35:00-04:00,26.25
2025-06-13 12:40:00-04:00,26.25
2025-06-13 12:45:00-04:00,26.25
2025-06-13 12:50:00-04:00,26.25
2025-06-13 12:55:00-04:00,26.25
2025-06-13 13:00:00-04:00,26.25
2025-06-13 13:05:00-04:00,26.25
2025-06-13 13:10:00-04:00,26.25
2025-06-13 13:15:00-04:00,26.25
2025-06-13 13:20:00-04:00,33.75
2025-06-13 13:25:00-04:00,93.75
2025-06-13 13:30:00-04:00,93.75
2025-06-13 13:35:00-04:00,106.25
2025-06-13 13:40:00-04:00,103.75
2025-06-13 13:45:00-04:00,113.75
2025-06-13 13:50:00-04:00,46.25
2025-06-13 13:55:00-04:00,68.75
2025-06-13 14:00:00-04:00,131.25
2025-06-13 14:05:00-04:00,161.25
2025-06-13 14:10:00-04:00,183.75
2025-06-13 14:15:00-04:00,191.25
2025-06-13 14:20:00-04:00,236.25
2025-06-13 14:25:00-04:00,333.75
2025-06-13 14:30:00-04:00,388.75
2025-06-13 14:35:00-04:00,443.75
2025-06-13 14:40:00-04:00,431.25
2025-06-13 14:45:00-04:00,428.75
2025-06-13 14:50:00-04:00,341.25
2025-06-13 14:55:00-04:00,326.25
2025-06-13 15:00:00-04:00,366.25
2025-06-13 15:05:00-04:00,298.75
2025-06-13 15:10:00-04:00,306.25
2025-06-13 15:15:00-04:00,353.75
2025-06-13 15:20:00-04:00,401.25
2025-06-13 15:25:00-04:00,421.25
2025-06-13 15:30:00-04:00,433.75
2025-06-13 15:35:00-04:00,368.75
2025-06-13 15:40:00-04:00,433.75
2025-06-13 15:45:00-04:00,416.25
2025-06-13 15:50:00-04:00,451.25
2025-06-13 15:55:00-04:00,353.75
2025-06-16 09:30:00-04:00,0.0
2025-06-16 09:35:00-04:00,0.0
2025-06-16 09:40:00-04:00,-15.0
2025-06-16 09:45:00-04:00,62.5
2025-06-16 09:50:00-04:00,127.5
2025-06-16 09:55:00-04:00,157.5
2025-06-16 10:00:00-04:00,195.0
2025-06-16 10:05:00-04:00,150.0
2025-06-16 10:10:00-04:00,215.0
2025-06-16 10:15:00-04:00,250.0
2025-06-16 10:20:00-04:00,247.5
2025-06-16 10:25:00-04:00,257.5
2025-06-16 10:30:00-04:00,282.5
2025-06-16 10:35:00-04:00,252.5
2025-06-16 10:40:00-04:00,270.0
2025-06-16 10:45:00-04:00,245.0
2025-06-16 10:50:00-04:00,237.5
2025-06-16 10:55:00-04:00,240.0
2025-06-16 11:00:00-04:00,225.0
2025-06-16 11:05:00-04:00,202.5
2025-06-16 11:10:00-04:00,220.0
2025-06-16 11:15:00-04:00,237.5
2025-06-16 11:20:00-04:00,250.0
2025-06-16 11:25:00-04:00,190.0
2025-06-16 11:30:00-04:00,195.0
2025-06-16 11:35:00-04:00,98.75
2025-06-16 11:40:00-04:00,98.75
2025-06-16 11:45:00-04:00,98.75
2025-06-16 11:50:00-04:00,98.75
2025-06-16 11:55:00-04:00,98.75
2025-06-16 12:00:00-04:00,175.0
2025-06-16 12:05:00-04:00,175.0
2025-06-16 12:10:00-04:00,175.0
2025-06-16 12:15:00-04:00,175.0
2025-06-16 12:20:00-04:00,175.0
2025-06-16 12:25:00-04:00,170.0
2025-06-16 12:30:00-04:00,170.0
2025-06-16 12:35:00-04:00,170.0
2025-06-16 12:40:00-04:00,170.0
2025-06-16 12:45:00-04:00,170.0
2025-06-16 12:50:00-04:00,170.0
2025-06-16 12:55:00-04:00,170.0
2025-06-16 13:00:00-04:00,170.0
2025-06-16 13:05:00-04:00,170.0
2025-06-16 13:10:00-04:00,170.0
2025-06-16 13:15:00-04:00,170.0
2025-06-16 13:20:00-04:00,170.0
2025-06-16 13:25:00-04:00,170.0
2025-06-16 13:30:00-04:00,170.0
2025-06-16 13:35:00-04:00,170.0
2025-06-16 13:40:00-04:00,170.0
2025-06-16 13:45:00-04:00,170.0
2025-06-16 13:50:00-04:00,170.0
2025-06-16 13:55:00-04:00,170.0
2025-06-16 14:00:00-04:00,170.0
2025-06-16 14:05:00-04:00,170.0
2025-06-16 14:10:00-04:00,170.0
2025-06-16 14:15:00-04:00,170.0
2025-06-16 14:20:00-04:00,170.0
2025-06-16 14:25:00-04:00,170.0
2025-06-16 14:30:00-04:00,170.0
2025-06-16 14:35:00-04:00,170.0
2025-06-16 14:40:00-04:00,170.0
2025-06-16 14:45:00-04:00,170.0
2025-06-16 14:50:00-04:00,170.0
2025-06-16 14:55:00-04:00,170.0
2025-06-16 15:00:00-04:00,170.0
2025-06-16 15:05:00-04:00,170.0
2025-06-16 15:10:00-04:00,170.0
2025-06-16 15:15:00-04:00,170.0
2025-06-16 15:20:00-04:00,170.0
2025-06-16 15:25:00-04:00,170.0
2025-06-16 15:30:00-04:00,170.0
2025-06-16 15:35:00-04:00,170.0
2025-06-16 15:40:00-04:00,170.0
2025-06-16 15:45:00-04:00,170.0
2025-06-16 15:50:00-04:00,170.0
2025-06-16 15:55:00-04:00,170.0
2025-06-17 09:30:00-04:00,0.0
2025-06-17 09:35:00-04:00,0.0
2025-06-17 09:40:00-04:00,0.0
2025-06-17 09:45:00-04:00,0.0
2025-06-17 09:50:00-04:00,0.0
2025-06-17 09:55:00-04:00,0.0
2025-06-17 10:00:00-04:00,0.0
2025-06-17 10:05:00-04:00,0.0
2025-06-17 10:10:00-04:00,0.0
2025-06-17 10:15:00-04:00,0.0
2025-06-17 10:20:00-04:00,0.0
2025-06-17 10:25:00-04:00,0.0
2025-06-17 10:30:00-04:00,0.0
2025-06-17 10:35:00-04:00,0.0
2025-06-17 10:40:00-04:00,0.0
2025-06-17 10:45:00-04:00,0.0
2025-06-17 10:50:00-04:00,0.0
2025-06-17 10:55:00-04:00,0.0
2025-06-17 11:00:00-04:00,0.0
2025-06-17 11:05:00-04:00,0.0
2025-06-17 11:10:00-04:00,50.0
2025-06-17 11:15:00-04:00,0.0
2025-06-17 11:20:00-04:00,-30.0
2025-06-17 11:25:00-04:00,-37.5
2025-06-17 11:30:00-04:00,-75.0
2025-06-17 11:35:00-04:00,-75.0
2025-06-17 11:40:00-04:00,-75.0
2025-06-17 11:45:00-04:00,-87.5
2025-06-17 11:50:00-04:00,-87.5
2025-06-17 11:55:00-04:00,-87.5
2025-06-17 12:00:00-04:00,-87.5
2025-06-17 12:05:00-04:00,-87.5
2025-06-17 12:10:00-04:00,-87.5
2025-06-17 12:15:00-04:00,-87.5
2025-06-17 12:20:00-04:00,-93.75
2025-06-17 12:25:00-04:00,-96.25
2025-06-17 12:30:00-04:00,-63.75
2025-06-17 12:35:00-04:00,-76.25
2025-06-17 12:40:00-04:00,-115.625
2025-06-17 12:45:00-04:00,-115.625
2025-06-17 12:50:00-04:00,-115.625
2025-06-17 12:55:00-04:00,-188.75
2025-06-17 13:00:00-04:00,-188.75
2025-06-17 13:05:00-04:00,-188.75
2025-06-17 13:10:00-04:00,-188.75
2025-06-17 13:15:00-04:00,-188.75
2025-06-17 13:20:00-04:00,-188.75
2025-06-17 13:25:00-04:00,-188.75
2025-06-17 13:30:00-04:00,-188.75
2025-06-17 13:35:00-04:00,-188.75
2025-06-17 13:40:00-04:00,-188.75
2025-06-17 13:45:00-04:00,-188.75
2025-06-17 13:50:00-04:00,-188.75
2025-06-17 13:55:00-04:00,-188.75
2025-06-17 14:00:00-04:00,-188.75
2025-06-17 14:05:00-04:00,-188.75
2025-06-17 14:10:00-04:00,-188.75
2025-06-17 14:15:00-04:00,-188.75
2025-06-17 14:20:00-04:00,-188.75
2025-06-17 14:25:00-04:00,-188.75
2025-06-17 14:30:00-04:00,-188.75
2025-06-17 14:35:00-04:00,-188.75
2025-06-17 14:40:00-04:00,-188.75
2025-06-17 14:45:00-04:00,-188.75
2025-06-17 14:50:00-04:00,-188.75
2025-06-17 14:55:00-04:00,-188.75
2025-06-17 15:00:00-04:00,-188.75
2025-06-17 15:05:00-04:00,-188.75
2025-06-17 15:10:00-04:00,-188.75
2025-06-17 15:15:00-04:00,-188.75
2025-06-17 15:20:00-04:00,-188.75
2025-06-17 15:25:00-04:00,-188.75
2025-06-17 15:30:00-04:00,-188.75
2025-06-17 15:35:00-04:00,-188.75
2025-06-17 15:40:00-04:00,-188.75
2025-06-17 15:45:00-04:00,-188.75
2025-06-17 15:50:00-04:00,-188.75
2025-06-17 15:55:00-04:00,-188.75
2025-06-18 09:30:00-04:00,0.0
2025-06-18 09:35:00-04:00,27.5
2025-06-18 09:40:00-04:00,32.5
2025-06-18 09:45:00-04:00,63.75
2025-06-18 09:50:00-04:00,82.5
2025-06-18 09:55:00-04:00,78.75
2025-06-18 10:00:00-04:00,102.5
2025-06-18 10:05:00-04:00,103.75
2025-06-18 10:10:00-04:00,127.5
2025-06-18 10:15:00-04:00,143.75
2025-06-18 10:20:00-04:00,162.5
2025-06-18 10:25:00-04:00,162.5
2025-06-18 10:30:00-04:00,181.25
2025-06-18 10:35:00-04:00,182.5
2025-06-18 10:40:00-04:00,175.0
2025-06-18 10:45:00-04:00,167.5
2025-06-18 10:50:00-04:00,155.0
2025-06-18 10:55:00-04:00,167.5
2025-06-18 11:00:00-04:00,168.75
2025-06-18 11:05:00-04:00,146.25
2025-06-18 11:10:00-04:00,143.75
2025-06-18 11:15:00-04:00,138.75
2025-06-18 11:20:00-04:00,131.25
2025-06-18 11:25:00-04:00,131.25
2025-06-18 11:30:00-04:00,130.0
2025-06-18 11:35:00-04:00,133.75
2025-06-18 11:40:00-04:00,122.5
2025-06-18 11:45:00-04:00,122.5
2025-06-18 11:50:00-04:00,122.5
2025-06-18 11:55:00-04:00,122.5
2025-06-18 12:00:00-04:00,122.5
2025-06-18 12:05:00-04:00,122.5
2025-06-18 12:10:00-04:00,122.5
2025-06-18 12:15:00-04:00,122.5
2025-06-18 12:20:00-04:00,122.5
2025-06-18 12:25:00-04:00,122.5
2025-06-18 12:30:00-04:00,115.0
2025-06-18 12:35:00-04:00,112.5
2025-06-18 12:40:00-04:00,108.75
2025-06-18 12:45:00-04:00,108.75
2025-06-18 12:50:00-04:00,110.0
2025-06-18 12:55:00-04:00,115.0
2025-06-18 13:00:00-04:00,105.0
2025-06-18 13:05:00-04:00,106.25
2025-06-18 13:10:00-04:00,113.75
2025-06-18 13:15:00-04:00,112.5
2025-06-18 13:20:00-04:00,130.0
2025-06-18 13:25:00-04:00,143.75
2025-06-18 13:30:00-04:00,166.25
2025-06-18 13:35:00-04:00,142.5
2025-06-18 13:40:00-04:00,122.5
2025-06-18 13:45:00-04:00,112.5
2025-06-18 13:50:00-04:00,95.0
2025-06-18 13:55:00-04:00,101.25
2025-06-18 14:00:00-04:00,155.0
2025-06-18 14:05:00-04:00,132.5
2025-06-18 14:10:00-04:00,113.75
2025-06-18 14:15:00-04:00,131.25
2025-06-18 14:20:00-04:00,132.5
2025-06-18 14:25:00-04:00,117.5
2025-06-18 14:30:00-04:00,77.5
2025-06-18 14:35:00-04:00,77.5
2025-06-18 14:40:00-04:00,110.0
2025-06-18 14:45:00-04:00,67.5
2025-06-18 14:50:00-04:00,18.75
2025-06-18 14:55:00-04:00,18.75
2025-06-18 15:00:00-04:00,55.0
2025-06-18 15:05:00-04:00,87.5
2025-06-18 15:10:00-04:00,36.25
2025-06-18 15:15:00-04:00,43.75
2025-06-18 15:20:00-04:00,31.25
2025-06-18 15:25:00-04:00,111.25
2025-06-18 15:30:00-04:00,65.0
2025-06-18 15:35:00-04:00,50.0
2025-06-18 15:40:00-04:00,17.5
2025-06-18 15:45:00-04:00,17.5
2025-06-18 15:50:00-04:00,58.75
2025-06-18 15:55:00-04:00,65.0
2025-06-19 09:30:00-04:00,0.0
2025-06-19 09:35:00-04:00,0.0
2025-06-19 09:40:00-04:00,0.0
2025-06-19 09:45:00-04:00,0.0
2025-06-19 09:50:00-04:00,0.0
2025-06-19 09:55:00-04:00,0.0
2025-06-19 10:00:00-04:00,0.0
2025-06-19 10:05:00-04:00,0.0
2025-06-19 10:10:00-04:00,0.0
2025-06-19 10:15:00-04:00,0.0
2025-06-19 10:20:00-04:00,0.0
2025-06-19 10:25:00-04:00,0.0
2025-06-19 10:30:00-04:00,0.0
2025-06-19 10:35:00-04:00,0.0
2025-06-19 10:40:00-04:00,0.0
2025-06-19 10:45:00-04:00,0.0
2025-06-19 10:50:00-04:00,0.0
2025-06-19 10:55:00-04:00,0.0
2025-06-19 11:00:00-04:00,0.0
2025-06-19 11:05:00-04:00,0.0
2025-06-19 11:10:00-04:00,0.0
2025-06-19 11:15:00-04:00,12.5
2025-06-19 11:20:00-04:00,-28.75
2025-06-19 11:25:00-04:00,-28.75
2025-06-19 11:30:00-04:00,-60.0
2025-06-19 11:35:00-04:00,-60.0
2025-06-19 11:40:00-04:00,-60.0
2025-06-19 11:45:00-04:00,-60.0
2025-06-19 11:50:00-04:00,-128.75
2025-06-19 11:55:00-04:00,-128.75
2025-06-19 12:00:00-04:00,-128.75
2025-06-19 12:05:00-04:00,-128.75
2025-06-19 12:10:00-04:00,-128.75
2025-06-19 12:15:00-04:00,-128.75
2025-06-19 12:20:00-04:00,-128.75
2025-06-19 12:25:00-04:00,-126.25
2025-06-19 12:30:00-04:00,-126.25
2025-06-19 12:35:00-04:00,-126.25
2025-06-19 12:40:00-04:00,-126.25
2025-06-19 12:45:00-04:00,-143.75
2025-06-19 12:50:00-04:00,-138.75
2025-06-19 12:55:00-04:00,-160.0
2025-06-20 09:30:00-04:00,0.0
2025-06-20 09:35:00-04:00,40.0
2025-06-20 09:40:00-04:00,48.75
2025-06-20 09:45:00-04:00,-20.0
2025-06-20 09:50:00-04:00,-33.75
2025-06-20 09:55:00-04:00,-33.75
2025-06-20 10:00:00-04:00,-31.25
2025-06-20 10:05:00-04:00,-55.0
2025-06-20 10:10:00-04:00,-50.0
2025-06-20 10:15:00-04:00,-42.5
2025-06-20 10:20:00-04:00,-112.5
2025-06-20 10:25:00-04:00,-112.5
2025-06-20 10:30:00-04:00,-133.75
2025-06-20 10:35:00-04:00,-108.75
2025-06-20 10:40:00-04:00,-157.5
2025-06-20 10:45:00-04:00,-157.5
2025-06-20 10:50:00-04:00,-157.5
2025-06-20 10:55:00-04:00,-157.5
2025-06-20 11:00:00-04:00,-121.25
2025-06-20 11:05:00-04:00,-153.75
2025-06-20 11:10:00-04:00,-197.5
2025-06-20 11:15:00-04:00,-197.5
2025-06-20 11:20:00-04:00,-192.5
2025-06-20 11:25:00-04:00,-181.25
2025-06-20 11:30:00-04:00,-220.0
2025-06-20 11:35:00-04:00,-240.0
2025-06-20 11:40:00-04:00,-240.0
2025-06-20 11:45:00-04:00,-231.25
2025-06-20 11:50:00-04:00,-170.0
2025-06-20 11:55:00-04:00,-162.5
2025-06-20 12:00:00-04:00,-162.5
2025-06-20 12:05:00-04:00,-162.5
2025-06-20 12:10:00-04:00,-162.5
2025-06-20 12:15:00-04:00,-162.5
2025-06-20 12:20:00-04:00,-162.5
2025-06-20 12:25:00-04:00,-162.5
2025-06-20 12:30:00-04:00,-178.75
2025-06-20 12:35:00-04:00,-190.0
2025-06-20 12:40:00-04:00,-178.75
2025-06-20 12:45:00-04:00,-166.25
2025-06-20 12:50:00-04:00,-193.75
2025-06-20 12:55:00-04:00,-193.75
2025-06-20 13:00:00-04:00,-182.5
2025-06-20 13:05:00-04:00,-182.5
2025-06-20 13:10:00-04:00,-196.25
2025-06-20 13:15:00-04:00,-166.25
2025-06-20 13:20:00-04:00,-155.0
2025-06-20 13:25:00-04:00,-103.75
2025-06-20 13:30:00-04:00,-101.25
2025-06-20 13:35:00-04:00,-76.25
2025-06-20 13:40:00-04:00,-97.5
2025-06-20 13:45:00-04:00,-101.25
2025-06-20 13:50:00-04:00,-113.75
2025-06-20 13:55:00-04:00,-130.0
2025-06-20 14:00:00-04:00,-145.0
2025-06-20 14:05:00-04:00,-143.75
2025-06-20 14:10:00-04:00,-146.25
2025-06-20 14:15:00-04:00,-193.75
2025-06-20 14:20:00-04:00,-191.25
2025-06-20 14:25:00-04:00,-172.5
2025-06-20 14:30:00-04:00,-182.5
2025-06-20 14:35:00-04:00,-168.75
2025-06-20 14:40:00-04:00,-168.75
2025-06-20 14:45:00-04:00,-168.75
2025-06-20 14:50:00-04:00,-168.75
2025-06-20 14:55:00-04:00,-168.75
2025-06-20 15:00:00-04:00,-168.75
2025-06-20 15:05:00-04:00,-168.75
2025-06-20 15:10:00-04:00,-168.75
2025-06-20 15:15:00-04:00,-168.75
2025-06-20 15:20:00-04:00,-167.5
2025-06-20 15:25:00-04:00,-153.75
2025-06-20 15:30:00-04:00,-166.25
2025-06-20 15:35:00-04:00,-156.25
2025-06-20 15:40:00-04:00,-165.0
2025-06-20 15:45:00-04:00,-153.75
2025-06-20 15:50:00-04:00,-191.25
2025-06-20 15:55:00-04:00,-190.0
2025-06-23 09:30:00-04:00,0.0
2025-06-23 09:35:00-04:00,0.0
2025-06-23 09:40:00-04:00,0.0
2025-06-23 09:45:00-04:00,57.5
2025-06-23 09:50:00-04:00,97.5
2025-06-23 09:55:00-04:00,112.5
2025-06-23 10:00:00-04:00,175.0
2025-06-23 10:05:00-04:00,222.5
2025-06-23 10:10:00-04:00,207.5
2025-06-23 10:15:00-04:00,242.5
2025-06-23 10:20:00-04:00,245.0
2025-06-23 10:25:00-04:00,202.5
2025-06-23 10:30:00-04:00,220.0
2025-06-23 10:35:00-04:00,172.5
2025-06-23 10:40:00-04:00,195.0
2025-06-23 10:45:00-04:00,155.0
2025-06-23 10:50:00-04:00,145.0
2025-06-23 10:55:00-04:00,95.0
2025-06-23 11:00:00-04:00,170.0
2025-06-23 11:05:00-04:00,190.0
2025-06-23 11:10:00-04:00,202.5
2025-06-23 11:15:00-04:00,197.5
2025-06-23 11:20:00-04:00,162.5
2025-06-23 11:25:00-04:00,82.5
2025-06-23 11:30:00-04:00,82.5
2025-06-23 11:35:00-04:00,82.5
2025-06-23 11:40:00-04:00,82.5
2025-06-23 11:45:00-04:00,82.5
2025-06-23 11:50:00-04:00,82.5
2025-06-23 11:55:00-04:00,82.5
2025-06-23 12:00:00-04:00,82.5
2025-06-23 12:05:00-04:00,82.5
2025-06-23 12:10:00-04:00,82.5
2025-06-23 12:15:00-04:00,82.5
2025-06-23 12:20:00-04:00,82.5
2025-06-23 12:25:00-04:00,82.5
2025-06-23 12:30:00-04:00,82.5
2025-06-23 12:35:00-04:00,82.5
2025-06-23 12:40:00-04:00,82.5
2025-06-23 12:45:00-04:00,82.5
2025-06-23 12:50:00-04:00,82.5
2025-06-23 12:55:00-04:00,82.5
2025-06-23 13:00:00-04:00,82.5
2025-06-23 13:05:00-04:00,82.5
2025-06-23 13:10:00-04:00,82.5
2025-06-23 13:15:00-04:00,82.5
2025-06-23 13:20:00-04:00,82.5
2025-06-23 13:25:00-04:00,82.5
2025-06-23 13:30:00-04:00,252.5
2025-06-23 13:35:00-04:00,312.5
2025-06-23 13:40:00-04:00,292.5
2025-06-23 13:45:00-04:00,295.0
2025-06-23 13:50:00-04:00,252.5
2025-06-23 13:55:00-04:00,277.5
2025-06-23 14:00:00-04:00,307.5
2025-06-23 14:05:00-04:00,297.5
2025-06-23 14:10:00-04:00,307.5
2025-06-23 14:15:00-04:00,320.0
2025-06-23 14:20:00-04:00,285.0
2025-06-23 14:25:00-04:00,260.0
2025-06-23 14:30:00-04:00,292.5
2025-06-23 14:35:00-04:00,272.5
2025-06-23 14:40:00-04:00,275.0
2025-06-23 14:45:00-04:00,250.0
2025-06-23 14:50:00-04:00,240.0
2025-06-23 14:55:00-04:00,275.0
2025-06-23 15:00:00-04:00,342.5
2025-06-23 15:05:00-04:00,312.5
2025-06-23 15:10:00-04:00,196.25
2025-06-23 15:15:00-04:00,196.25
2025-06-23 15:20:00-04:00,335.0
2025-06-23 15:25:00-04:00,357.5
2025-06-23 15:30:00-04:00,350.0
2025-06-23 15:35:00-04:00,357.5
2025-06-23 15:40:00-04:00,340.0
2025-06-23 15:45:00-04:00,350.0
2025-06-23 15:50:00-04:00,422.5
2025-06-23 15:55:00-04:00,440.0
2025-06-24 09:30:00-04:00,0.0
2025-06-24 09:35:00-04:00,0.0
2025-06-24 09:40:00-04:00,0.0
2025-06-24 09:45:00-04:00,0.0
2025-06-24 09:50:00-04:00,0.0
2025-06-24 09:55:00-04:00,0.0
2025-06-24 10:00:00-04:00,0.0
2025-06-24 10:05:00-04:00,0.0
2025-06-24 10:10:00-04:00,0.0
2025-06-24 10:15:00-04:00,0.0
2025-06-24 10:20:00-04:00,0.0
2025-06-24 10:25:00-04:00,0.0
2025-06-24 10:30:00-04:00,0.0
2025-06-24 10:35:00-04:00,0.0
2025-06-24 10:40:00-04:00,0.0
2025-06-24 10:45:00-04:00,0.0
2025-06-24 10:50:00-04:00,0.0
2025-06-24 10:55:00-04:00,0.0
2025-06-24 11:00:00-04:00,0.0
2025-06-24 11:05:00-04:00,0.0
2025-06-24 11:10:00-04:00,0.0
2025-06-24 11:15:00-04:00,0.0
2025-06-24 11:20:00-04:00,0.0
2025-06-24 11:25:00-04:00,0.0
2025-06-24 11:30:00-04:00,0.0
2025-06-24 11:35:00-04:00,0.0
2025-06-24 11:40:00-04:00,0.0
2025-06-24 11:45:00-04:00,0.0
2025-06-24 11:50:00-04:00,0.0
2025-06-24 11:55:00-04:00,0.0
2025-06-24 12:00:00-04:00,0.0
2025-06-24 12:05:00-04:00,0.0
2025-06-24 12:10:00-04:00,0.0
2025-06-24 12:15:00-04:00,0.0
2025-06-24 12:20:00-04:00,0.0
2025-06-24 12:25:00-04:00,0.0
2025-06-24 12:30:00-04:00,0.0
2025-06-24 12:35:00-04:00,0.0
2025-06-24 12:40:00-04:00,0.0
2025-06-24 12:45:00-04:00,0.0
2025-06-24 12:50:00-04:00,0.0
2025-06-24 12:55:00-04:00,0.0
2025-06-24 13:00:00-04:00,0.0
2025-06-24 13:05:00-04:00,0.0
2025-06-24 13:10:00-04:00,0.0
2025-06-24 13:15:00-04:00,0.0
2025-06-24 13:20:00-04:00,0.0
2025-06-24 13:25:00-04:00,0.0
2025-06-24 13:30:00-04:00,0.0
2025-06-24 13:35:00-04:00,0.0
2025-06-24 13:40:00-04:00,0.0
2025-06-24 13:45:00-04:00,0.0
2025-06-24 13:50:00-04:00,0.0
2025-06-24 13:55:00-04:00,0.0
2025-06-24 14:00:00-04:00,0.0
2025-06-24 14:05:00-04:00,0.0
2025-06-24 14:10:00-04:00,0.0
2025-06-24 14:15:00-04:00,0.0
2025-06-24 14:20:00-04:00,0.0
2025-06-24 14:25:00-04:00,0.0
2025-06-24 14:30:00-04:00,0.0
2025-06-24 14:35:00-04:00,0.0
2025-06-24 14:40:00-04:00,0.0
2025-06-24 14:45:00-04:00,0.0
2025-06-24 14:50:00-04:00,0.0
2025-06-24 14:55:00-04:00,0.0
2025-06-24 15:00:00-04:00,0.0
2025-06-24 15:05:00-04:00,0.0
2025-06-24 15:10:00-04:00,0.0
2025-06-24 15:15:00-04:00,0.0
2025-06-24 15:20:00-04:00,0.0
2025-06-24 15:25:00-04:00,0.0
2025-06-24 15:30:00-04:00,0.0
2025-06-24 15:35:00-04:00,0.0
2025-06-24 15:40:00-04:00,0.0
2025-06-24 15:45:00-04:00,0.0
2025-06-24 15:50:00-04:00,0.0
2025-06-24 15:55:00-04:00,0.0
2025-06-25 09:30:00-04:00,0.0
2025-06-25 09:35:00-04:00,0.0
2025-06-25 09:40:00-04:00,0.0
2025-06-25 09:45:00-04:00,0.0
2025-06-25 09:50:00-04:00,0.0
2025-06-25 09:55:00-04:00,0.0
2025-06-25 10:00:00-04:00,0.0
2025-06-25 10:05:00-04:00,0.0
2025-06-25 10:10:00-04:00,0.0
2025-06-25 10:15:00-04:00,0.0
2025-06-25 10:20:00-04:00,0.0
2025-06-25 10:25:00-04:00,0.0
2025-06-25 10:30:00-04:00,0.0
2025-06-25 10:35:00-04:00,0.0
2025-06-25 10:40:00-04:00,-47.5
2025-06-25 10:45:00-04:00,-47.5
2025-06-25 10:50:00-04:00,-47.5
2025-06-25 10:55:00-04:00,-47.5
2025-06-25 11:00:00-04:00,-47.5
2025-06-25 11:05:00-04:00,-7.5
2025-06-25 11:10:00-04:00,-7.5
2025-06-25 11:15:00-04:00,2.5
2025-06-25 11:20:00-04:00,-15.0
2025-06-25 11:25:00-04:00,-15.0
2025-06-25 11:30:00-04:00,30.0
2025-06-25 11:35:00-04:00,2.5
2025-06-25 11:40:00-04:00,7.5
2025-06-25 11:45:00-04:00,7.5
2025-06-25 11:50:00-04:00,-5.0
2025-06-25 11:55:00-04:00,7.5
2025-06-25 12:00:00-04:00,-7.5
2025-06-25 12:05:00-04:00,10.0
2025-06-25 12:10:00-04:00,-15.0
2025-06-25 12:15:00-04:00,-7.5
2025-06-25 12:20:00-04:00,0.0
2025-06-25 12:25:00-04:00,2.5
2025-06-25 12:30:00-04:00,10.0
2025-06-25 12:35:00-04:00,2.5
2025-06-25 12:40:00-04:00,22.5
2025-06-25 12:45:00-04:00,47.5
2025-06-25 12:50:00-04:00,32.5
2025-06-25 12:55:00-04:00,27.5
2025-06-25 13:00:00-04:00,50.0
2025-06-25 13:05:00-04:00,67.5
2025-06-25 13:10:00-04:00,35.0
2025-06-25 13:15:00-04:00,22.5
2025-06-25 13:20:00-04:00,-17.5
2025-06-25 13:25:00-04:00,-7.5
2025-06-25 13:30:00-04:00,35.0
2025-06-25 13:35:00-04:00,52.5
2025-06-25 13:40:00-04:00,85.0
2025-06-25 13:45:00-04:00,42.5
2025-06-25 13:50:00-04:00,50.0
2025-06-25 13:55:00-04:00,67.5
2025-06-25 14:00:00-04:00,55.0
2025-06-25 14:05:00-04:00,67.5
2025-06-25 14:10:00-04:00,60.0
2025-06-25 14:15:00-04:00,60.0
2025-06-25 14:20:00-04:00,55.0
2025-06-25 14:25:00-04:00,57.5
2025-06-25 14:30:00-04:00,72.5
2025-06-25 14:35:00-04:00,70.0
2025-06-25 14:40:00-04:00,67.5
2025-06-25 14:45:00-04:00,67.5
2025-06-25 14:50:00-04:00,62.5
2025-06-25 14:55:00-04:00,52.5
2025-06-25 15:00:00-04:00,32.5
2025-06-25 15:05:00-04:00,0.0
2025-06-25 15:10:00-04:00,-30.0
2025-06-25 15:15:00-04:00,-30.0
2025-06-25 15:20:00-04:00,-30.0
2025-06-25 15:25:00-04:00,-30.0
2025-06-25 15:30:00-04:00,-30.0
2025-06-25 15:35:00-04:00,-25.0
2025-06-25 15:40:00-04:00,-25.0
2025-06-25 15:45:00-04:00,-25.0
2025-06-25 15:50:00-04:00,-25.0
2025-06-25 15:55:00-04:00,-25.0
2025-06-26 09:30:00-04:00,0.0
2025-06-26 09:35:00-04:00,0.0
2025-06-26 09:40:00-04:00,0.0
2025-06-26 09:45:00-04:00,0.0
2025-06-26 09:50:00-04:00,0.0
2025-06-26 09:55:00-04:00,0.0
2025-06-26 10:00:00-04:00,0.0
2025-06-26 10:05:00-04:00,0.0
2025-06-26 10:10:00-04:00,0.0
2025-06-26 10:15:00-04:00,0.0
2025-06-26 10:20:00-04:00,0.0
2025-06-26 10:25:00-04:00,0.0
2025-06-26 10:30:00-04:00,0.0
2025-06-26 10:35:00-04:00,0.0
2025-06-26 10:40:00-04:00,0.0
2025-06-26 10:45:00-04:00,0.0
2025-06-26 10:50:00-04:00,0.0
2025-06-26 10:55:00-04:00,0.0
2025-06-26 11:00:00-04:00,0.0
2025-06-26 11:05:00-04:00,0.0
2025-06-26 11:10:00-04:00,0.0
2025-06-26 11:15:00-04:00,0.0
2025-06-26 11:20:00-04:00,0.0
2025-06-26 11:25:00-04:00,0.0
2025-06-26 11:30:00-04:00,0.0
2025-06-26 11:35:00-04:00,0.0
2025-06-26 11:40:00-04:00,0.0
2025-06-26 11:45:00-04:00,0.0
2025-06-26 11:50:00-04:00,0.0
2025-06-26 11:55:00-04:00,0.0
2025-06-26 12:00:00-04:00,0.0
2025-06-26 12:05:00-04:00,0.0
2025-06-26 12:10:00-04:00,0.0
2025-06-26 12:15:00-04:00,0.0
2025-06-26 12:20:00-04:00,0.0
2025-06-26 12:25:00-04:00,0.0
2025-06-26 12:30:00-04:00,0.0
2025-06-26 12:35:00-04:00,0.0
2025-06-26 12:40:00-04:00,0.0
2025-06-26 12:45:00-04:00,0.0
2025-06-26 12:50:00-04:00,0.0
2025-06-26 12:55:00-04:00,0.0
2025-06-26 13:00:00-04:00,0.0
2025-06-26 13:05:00-04:00,0.0
2025-06-26 13:10:00-04:00,0.0
2025-06-26 13:15:00-04:00,0.0
2025-06-26 13:20:00-04:00,0.0
2025-06-26 13:25:00-04:00,0.0
2025-06-26 13:30:00-04:00,0.0
2025-06-26 13:35:00-04:00,0.0
2025-06-26 13:40:00-04:00,0.0
2025-06-26 13:45:00-04:00,0.0
2025-06-26 13:50:00-04:00,0.0
2025-06-26 13:55:00-04:00,0.0
2025-06-26 14:00:00-04:00,0.0
2025-06-26 14:05:00-04:00,0.0
2025-06-26 14:10:00-04:00,0.0
2025-06-26 14:15:00-04:00,0.0
2025-06-26 14:20:00-04:00,0.0
2025-06-26 14:25:00-04:00,0.0
2025-06-26 14:30:00-04:00,0.0
2025-06-26 14:35:00-04:00,0.0
2025-06-26 14:40:00-04:00,0.0
2025-06-26 14:45:00-04:00,0.0
2025-06-26 14:50:00-04:00,0.0
2025-06-26 14:55:00-04:00,0.0
2025-06-26 15:00:00-04:00,0.0
2025-06-26 15:05:00-04:00,0.0
2025-06-26 15:10:00-04:00,0.0
2025-06-26 15:15:00-04:00,0.0
2025-06-26 15:20:00-04:00,0.0
2025-06-26 15:25:00-04:00,0.0
2025-06-26 15:30:00-04:00,0.0
2025-06-26 15:35:00-04:00,0.0
2025-06-26 15:40:00-04:00,0.0
2025-06-26 15:45:00-04:00,0.0
2025-06-26 15:50:00-04:00,0.0
2025-06-26 15:55:00-04:00,-21.25
2025-06-27 09:30:00-04:00,0.0
2025-06-27 09:35:00-04:00,0.0
2025-06-27 09:40:00-04:00,0.0
2025-06-27 09:45:00-04:00,0.0
2025-06-27 09:50:00-04:00,0.0
2025-06-27 09:55:00-04:00,0.0
2025-06-27 10:00:00-04:00,0.0
2025-06-27 10:05:00-04:00,0.0
2025-06-27 10:10:00-04:00,0.0
2025-06-27 10:15:00-04:00,0.0
2025-06-27 10:20:00-04:00,0.0
2025-06-27 10:25:00-04:00,0.0
2025-06-27 10:30:00-04:00,0.0
2025-06-27 10:35:00-04:00,0.0
2025-06-27 10:40:00-04:00,0.0
2025-06-27 10:45:00-04:00,0.0
2025-06-27 10:50:00-04:00,0.0
2025-06-27 10:55:00-04:00,0.0
2025-06-27 11:00:00-04:00,0.0
2025-06-27 11:05:00-04:00,0.0
2025-06-27 11:10:00-04:00,0.0
2025-06-27 11:15:00-04:00,0.0
2025-06-27 11:20:00-04:00,0.0
2025-06-27 11:25:00-04:00,0.0
2025-06-27 11:30:00-04:00,0.0
2025-06-27 11:35:00-04:00,0.0
2025-06-27 11:40:00-04:00,0.0
2025-06-27 11:45:00-04:00,0.0
2025-06-27 11:50:00-04:00,0.0
2025-06-27 11:55:00-04:00,0.0
2025-06-27 12:00:00-04:00,0.0
2025-06-27 12:05:00-04:00,0.0
2025-06-27 12:10:00-04:00,0.0
2025-06-27 12:15:00-04:00,0.0
2025-06-27 12:20:00-04:00,0.0
2025-06-27 12:25:00-04:00,0.0
2025-06-27 12:30:00-04:00,0.0
2025-06-27 12:35:00-04:00,0.0
2025-06-27 12:40:00-04:00,0.0
2025-06-27 12:45:00-04:00,0.0
2025-06-27 12:50:00-04:00,0.0
2025-06-27 12:55:00-04:00,0.0
2025-06-27 13:00:00-04:00,0.0
2025-06-27 13:05:00-04:00,0.0
2025-06-27 13:10:00-04:00,0.0
2025-06-27 13:15:00-04:00,0.0
2025-06-27 13:20:00-04:00,0.0
2025-06-27 13:25:00-04:00,0.0
2025-06-27 13:30:00-04:00,43.75
2025-06-27 13:35:00-04:00,23.75
2025-06-27 13:40:00-04:00,81.25
2025-06-27 13:45:00-04:00,171.25
2025-06-27 13:50:00-04:00,171.25
2025-06-27 13:55:00-04:00,146.25
2025-06-27 14:00:00-04:00,158.75
2025-06-27 14:05:00-04:00,158.75
2025-06-27 14:10:00-04:00,203.75
2025-06-27 14:15:00-04:00,253.75
2025-06-27 14:20:00-04:00,258.75
2025-06-27 14:25:00-04:00,328.75
2025-06-27 14:30:00-04:00,313.75
2025-06-27 14:35:00-04:00,406.25
2025-06-27 14:40:00-04:00,386.25
2025-06-27 14:45:00-04:00,396.25
2025-06-27 14:50:00-04:00,441.25
2025-06-27 14:55:00-04:00,438.75
2025-06-27 15:00:00-04:00,386.25
2025-06-27 15:05:00-04:00,378.75
2025-06-27 15:10:00-04:00,323.75
2025-06-27 15:15:00-04:00,346.25
2025-06-27 15:20:00-04:00,306.25
2025-06-27 15:25:00-04:00,318.75
2025-06-27 15:30:00-04:00,286.25
2025-06-27 15:35:00-04:00,266.25
2025-06-27 15:40:00-04:00,241.25
2025-06-27 15:45:00-04:00,119.375
2025-06-27 15:50:00-04:00,186.25
2025-06-27 15:55:00-04:00,186.25
2025-06-30 09:30:00-04:00,0.0
2025-06-30 09:35:00-04:00,0.0
2025-06-30 09:40:00-04:00,0.0
2025-06-30 09:45:00-04:00,0.0
2025-06-30 09:50:00-04:00,0.0
2025-06-30 09:55:00-04:00,0.0
2025-06-30 10:00:00-04:00,0.0
2025-06-30 10:05:00-04:00,0.0
2025-06-30 10:10:00-04:00,0.0
2025-06-30 10:15:00-04:00,0.0
2025-06-30 10:20:00-04:00,0.0
2025-06-30 10:25:00-04:00,0.0
2025-06-30 10:30:00-04:00,0.0
2025-06-30 10:35:00-04:00,0.0
2025-06-30 10:40:00-04:00,0.0
2025-06-30 10:45:00-04:00,0.0
2025-06-30 10:50:00-04:00,0.0
2025-06-30 10:55:00-04:00,0.0
2025-06-30 11:00:00-04:00,0.0
2025-06-30 11:05:00-04:00,0.0
2025-06-30 11:10:00-04:00,0.0
2025-06-30 11:15:00-04:00,20.0
2025-06-30 11:20:00-04:00,-2.5
2025-06-30 11:25:00-04:00,-10.0
2025-06-30 11:30:00-04:00,-28.75
2025-06-30 11:35:00-04:00,-28.75
2025-06-30 11:40:00-04:00,-63.75
2025-06-30 11:45:00-04:00,-63.75
2025-06-30 11:50:00-04:00,-63.75
2025-06-30 11:55:00-04:00,-63.75
2025-06-30 12:00:00-04:00,-63.75
2025-06-30 12:05:00-04:00,-63.75
2025-06-30 12:10:00-04:00,-63.75
2025-06-30 12:15:00-04:00,-63.75
2025-06-30 12:20:00-04:00,-63.75
2025-06-30 12:25:00-04:00,-67.5
2025-06-30 12:30:00-04:00,-67.5
2025-06-30 12:35:00-04:00,-67.5
2025-06-30 12:40:00-04:00,-67.5
2025-06-30 12:45:00-04:00,-67.5
2025-06-30 12:50:00-04:00,-67.5
2025-06-30 12:55:00-04:00,-67.5
2025-06-30 13:00:00-04:00,-67.5
2025-06-30 13:05:00-04:00,-67.5
2025-06-30 13:10:00-04:00,-67.5
2025-06-30 13:15:00-04:00,-67.5
2025-06-30 13:20:00-04:00,-67.5
2025-06-30 13:25:00-04:00,-67.5
2025-06-30 13:30:00-04:00,-67.5
2025-06-30 13:35:00-04:00,-53.75
2025-06-30 13:40:00-04:00,-41.25
2025-06-30 13:45:00-04:00,-48.75
2025-06-30 13:50:00-04:00,-46.25
2025-06-30 13:55:00-04:00,-26.25
2025-06-30 14:00:00-04:00,-48.75
2025-06-30 14:05:00-04:00,-31.25
2025-06-30 14:10:00-04:00,-36.25
2025-06-30 14:15:00-04:00,-48.75
2025-06-30 14:20:00-04:00,-68.75
2025-06-30 14:25:00-04:00,-43.75
2025-06-30 14:30:00-04:00,-8.75
2025-06-30 14:35:00-04:00,-11.25
2025-06-30 14:40:00-04:00,-8.75
2025-06-30 14:45:00-04:00,-33.75
2025-06-30 14:50:00-04:00,-66.25
2025-06-30 14:55:00-04:00,-101.875
2025-06-30 15:00:00-04:00,-150.0
2025-06-30 15:05:00-04:00,-150.0
2025-06-30 15:10:00-04:00,-150.0
2025-06-30 15:15:00-04:00,-150.0
2025-06-30 15:20:00-04:00,-150.0
2025-06-30 15:25:00-04:00,-150.0
2025-06-30 15:30:00-04:00,-150.0
2025-06-30 15:35:00-04:00,-150.0
2025-06-30 15:40:00-04:00,-150.0
2025-06-30 15:45:00-04:00,-150.0
2025-06-30 15:50:00-04:00,-150.0
2025-06-30 15:55:00-04:00,-150.0
2025-07-01 09:30:00-04:00,0.0
2025-07-01 09:35:00-04:00,-12.5
2025-07-01 09:40:00-04:00,-12.5
2025-07-01 09:45:00-04:00,-12.5
2025-07-01 09:50:00-04:00,-12.5
2025-07-01 09:55:00-04:00,-12.5
2025-07-01 10:00:00-04:00,-12.5
2025-07-01 10:05:00-04:00,-7.5
2025-07-01 10:10:00-04:00,-62.5
2025-07-01 10:15:00-04:00,-46.25
2025-07-01 10:20:00-04:00,-46.25
2025-07-01 10:25:00-04:00,-38.75
2025-07-01 10:30:00-04:00,-21.25
2025-07-01 10:35:00-04:00,1.25
2025-07-01 10:40:00-04:00,11.25
2025-07-01 10:45:00-04:00,28.75
2025-07-01 10:50:00-04:00,13.75
2025-07-01 10:55:00-04:00,21.25
2025-07-01 11:00:00-04:00,-41.25
2025-07-01 11:05:00-04:00,53.75
2025-07-01 11:10:00-04:00,101.25
2025-07-01 11:15:00-04:00,41.25
2025-07-01 11:20:00-04:00,-16.25
2025-07-01 11:25:00-04:00,-56.25
2025-07-01 11:30:00-04:00,-61.25
2025-07-01 11:35:00-04:00,-1.25
2025-07-01 11:40:00-04:00,43.75
2025-07-01 11:45:00-04:00,31.25
2025-07-01 11:50:00-04:00,-16.25
2025-07-01 11:55:00-04:00,-35.0
2025-07-01 12:00:00-04:00,-35.0
2025-07-01 12:05:00-04:00,-40.0
2025-07-01 12:10:00-04:00,-40.0
2025-07-01 12:15:00-04:00,-40.0
2025-07-01 12:20:00-04:00,-40.0
2025-07-01 12:25:00-04:00,-40.0
2025-07-01 12:30:00-04:00,-40.0
2025-07-01 12:35:00-04:00,-40.0
2025-07-01 12:40:00-04:00,-40.0
2025-07-01 12:45:00-04:00,-40.0
2025-07-01 12:50:00-04:00,-40.0
2025-07-01 12:55:00-04:00,-40.0
2025-07-01 13:00:00-04:00,-40.0
2025-07-01 13:05:00-04:00,-40.0
2025-07-01 13:10:00-04:00,-40.0
2025-07-01 13:15:00-04:00,-40.0
2025-07-01 13:20:00-04:00,-40.0
2025-07-01 13:25:00-04:00,-40.0
2025-07-01 13:30:00-04:00,-40.0
2025-07-01 13:35:00-04:00,-40.0
2025-07-01 13:40:00-04:00,-40.0
2025-07-01 13:45:00-04:00,-40.0
2025-07-01 13:50:00-04:00,-40.0
2025-07-01 13:55:00-04:00,-40.0
2025-07-01 14:00:00-04:00,-40.0
2025-07-01 14:05:00-04:00,-40.0
2025-07-01 14:10:00-04:00,-40.0
2025-07-01 14:15:00-04:00,-40.0
2025-07-01 14:20:00-04:00,-40.0
2025-07-01 14:25:00-04:00,-40.0
2025-07-01 14:30:00-04:00,-40.0
2025-07-01 14:35:00-04:00,-40.0
2025-07-01 14:40:00-04:00,-40.0
2025-07-01 14:45:00-04:00,-40.0
2025-07-01 14:50:00-04:00,-40.0
2025-07-01 14:55:00-04:00,-40.0
2025-07-01 15:00:00-04:00,-40.0
2025-07-01 15:05:00-04:00,-40.0
2025-07-01 15:10:00-04:00,-40.0
2025-07-01 15:15:00-04:00,-40.0
2025-07-01 15:20:00-04:00,-40.0
2025-07-01 15:25:00-04:00,-40.0
2025-07-01 15:30:00-04:00,-40.0
2025-07-01 15:35:00-04:00,-40.0
2025-07-01 15:40:00-04:00,-40.0
2025-07-01 15:45:00-04:00,-40.0
2025-07-01 15:50:00-04:00,-40.0
2025-07-01 15:55:00-04:00,-46.25
2025-07-02 09:30:00-04:00,0.0
2025-07-02 09:35:00-04:00,0.0
2025-07-02 09:40:00-04:00,-12.5
2025-07-02 09:45:00-04:00,-42.5
2025-07-02 09:50:00-04:00,-52.5
2025-07-02 09:55:00-04:00,-32.5
2025-07-02 10:00:00-04:00,-72.5
2025-07-02 10:05:00-04:00,-85.0
2025-07-02 10:10:00-04:00,-47.5
2025-07-02 10:15:00-04:00,-47.5
2025-07-02 10:20:00-04:00,-116.25
2025-07-02 10:25:00-04:00,-105.625
2025-07-02 10:30:00-04:00,-173.75
2025-07-02 10:35:00-04:00,-173.75
2025-07-02 10:40:00-04:00,-173.75
2025-07-02 10:45:00-04:00,-173.75
2025-07-02 10:50:00-04:00,-173.75
2025-07-02 10:55:00-04:00,-173.75
2025-07-02 11:00:00-04:00,-173.75
2025-07-02 11:05:00-04:00,-173.75
2025-07-02 11:10:00-04:00,-173.75
2025-07-02 11:15:00-04:00,-173.75
2025-07-02 11:20:00-04:00,-173.75
2025-07-02 11:25:00-04:00,-173.75
2025-07-02 11:30:00-04:00,-173.75
2025-07-02 11:35:00-04:00,-173.75
2025-07-02 11:40:00-04:00,-173.75
2025-07-02 11:45:00-04:00,-173.75
2025-07-02 11:50:00-04:00,-173.75
2025-07-02 11:55:00-04:00,-173.75
2025-07-02 12:00:00-04:00,-173.75
2025-07-02 12:05:00-04:00,-173.75
2025-07-02 12:10:00-04:00,-173.75
2025-07-02 12:15:00-04:00,-173.75
2025-07-02 12:20:00-04:00,-173.75
2025-07-02 12:25:00-04:00,-173.75
2025-07-02 12:30:00-04:00,-173.75
2025-07-02 12:35:00-04:00,-173.75
2025-07-02 12:40:00-04:00,-173.75
2025-07-02 12:45:00-04:00,-173.75
2025-07-02 12:50:00-04:00,-173.75
2025-07-02 12:55:00-04:00,-173.75
2025-07-02 13:00:00-04:00,-173.75
2025-07-02 13:05:00-04:00,-173.75
2025-07-02 13:10:00-04:00,-173.75
2025-07-02 13:15:00-04:00,-173.75
2025-07-02 13:20:00-04:00,-173.75
2025-07-02 13:25:00-04:00,-173.75
2025-07-02 13:30:00-04:00,-173.75
2025-07-02 13:35:00-04:00,-173.75
2025-07-02 13:40:00-04:00,-173.75
2025-07-02 13:45:00-04:00,-173.75
2025-07-02 13:50:00-04:00,-173.75
2025-07-02 13:55:00-04:00,-173.75
2025-07-02 14:00:00-04:00,-173.75
2025-07-02 14:05:00-04:00,-173.75
2025-07-02 14:10:00-04:00,-173.75
2025-07-02 14:15:00-04:00,-173.75
2025-07-02 14:20:00-04:00,-173.75
2025-07-02 14:25:00-04:00,-173.75
2025-07-02 14:30:00-04:00,-173.75
2025-07-02 14:35:00-04:00,-173.75
2025-07-02 14:40:00-04:00,-173.75
2025-07-02 14:45:00-04:00,-173.75
2025-07-02 14:50:00-04:00,-173.75
2025-07-02 14:55:00-04:00,-173.75
2025-07-02 15:00:00-04:00,-173.75
2025-07-02 15:05:00-04:00,-173.75
2025-07-02 15:10:00-04:00,-173.75
2025-07-02 15:15:00-04:00,-173.75
2025-07-02 15:20:00-04:00,-173.75
2025-07-02 15:25:00-04:00,-173.75
2025-07-02 15:30:00-04:00,-173.75
2025-07-02 15:35:00-04:00,-173.75
2025-07-02 15:40:00-04:00,-173.75
2025-07-02 15:45:00-04:00,-173.75
2025-07-02 15:50:00-04:00,-173.75
2025-07-02 15:55:00-04:00,-173.75
2025-07-03 09:30:00-04:00,0.0
2025-07-03 09:35:00-04:00,0.0
2025-07-03 09:40:00-04:00,0.0
2025-07-03 09:45:00-04:00,0.0
2025-07-03 09:50:00-04:00,0.0
2025-07-03 09:55:00-04:00,0.0
2025-07-03 10:00:00-04:00,0.0
2025-07-03 10:05:00-04:00,0.0
2025-07-03 10:10:00-04:00,0.0
2025-07-03 10:15:00-04:00,0.0
2025-07-03 10:20:00-04:00,0.0
2025-07-03 10:25:00-04:00,0.0
2025-07-03 10:30:00-04:00,0.0
2025-07-03 10:35:00-04:00,0.0
2025-07-03 10:40:00-04:00,0.0
2025-07-03 10:45:00-04:00,0.0
2025-07-03 10:50:00-04:00,0.0
2025-07-03 10:55:00-04:00,0.0
2025-07-03 11:00:00-04:00,0.0
2025-07-03 11:05:00-04:00,0.0
2025-07-03 11:10:00-04:00,0.0
2025-07-03 11:15:00-04:00,0.0
2025-07-03 11:20:00-04:00,0.0
2025-07-03 11:25:00-04:00,0.0
2025-07-03 11:30:00-04:00,0.0
2025-07-03 11:35:00-04:00,0.0
2025-07-03 11:40:00-04:00,0.0
2025-07-03 11:45:00-04:00,0.0
2025-07-03 11:50:00-04:00,0.0
2025-07-03 11:55:00-04:00,0.0
2025-07-03 12:00:00-04:00,0.0
2025-07-03 12:05:00-04:00,0.0
2025-07-03 12:10:00-04:00,0.0
2025-07-03 12:15:00-04:00,0.0
2025-07-03 12:20:00-04:00,0.0
2025-07-03 12:25:00-04:00,0.0
2025-07-03 12:30:00-04:00,0.0
2025-07-03 12:35:00-04:00,0.0
2025-07-03 12:40:00-04:00,0.0
2025-07-03 12:45:00-04:00,0.0
2025-07-03 12:50:00-04:00,0.0
2025-07-03 12:55:00-04:00,0.0
2025-07-03 13:00:00-04:00,-12.5
2025-07-03 13:05:00-04:00,-5.0
2025-07-03 13:10:00-04:00,-7.5
2025-07-04 09:30:00-04:00,0.0
2025-07-04 09:35:00-04:00,0.0
2025-07-04 09:40:00-04:00,0.0
2025-07-04 09:45:00-04:00,0.0
2025-07-04 09:50:00-04:00,0.0
2025-07-04 09:55:00-04:00,0.0
2025-07-04 10:00:00-04:00,0.0
2025-07-04 10:05:00-04:00,0.0
2025-07-04 10:10:00-04:00,0.0
2025-07-04 10:15:00-04:00,0.0
2025-07-04 10:20:00-04:00,0.0
2025-07-04 10:25:00-04:00,0.0
2025-07-04 10:30:00-04:00,0.0
2025-07-04 10:35:00-04:00,0.0
2025-07-04 10:40:00-04:00,0.0
2025-07-04 10:45:00-04:00,0.0
2025-07-04 10:50:00-04:00,0.0
2025-07-04 10:55:00-04:00,0.0
2025-07-04 11:00:00-04:00,0.0
2025-07-04 11:05:00-04:00,0.0
2025-07-04 11:10:00-04:00,-17.5
2025-07-04 11:15:00-04:00,-25.0
2025-07-04 11:20:00-04:00,-25.0
2025-07-04 11:25:00-04:00,-25.0
2025-07-04 11:30:00-04:00,-20.0
2025-07-04 11:35:00-04:00,-20.0
2025-07-04 11:40:00-04:00,-27.5
2025-07-04 11:45:00-04:00,-32.5
2025-07-04 11:50:00-04:00,-32.5
2025-07-04 11:55:00-04:00,-32.5
2025-07-04 12:00:00-04:00,-32.5
2025-07-04 12:05:00-04:00,-32.5
2025-07-04 12:10:00-04:00,-32.5
2025-07-04 12:15:00-04:00,-32.5
2025-07-04 12:20:00-04:00,-32.5
2025-07-04 12:25:00-04:00,-32.5
2025-07-04 12:30:00-04:00,-32.5
2025-07-04 12:35:00-04:00,-47.5
2025-07-04 12:40:00-04:00,-47.5
2025-07-04 12:45:00-04:00,-47.5
2025-07-04 12:50:00-04:00,-47.5
2025-07-04 12:55:00-04:00,-47.5
2025-07-07 09:30:00-04:00,0.0
2025-07-07 09:35:00-04:00,0.0
2025-07-07 09:40:00-04:00,13.75
2025-07-07 09:45:00-04:00,23.75
2025-07-07 09:50:00-04:00,58.75
2025-07-07 09:55:00-04:00,38.75
2025-07-07 10:00:00-04:00,-23.75
2025-07-07 10:05:00-04:00,-18.75
2025-07-07 10:10:00-04:00,-29.375
2025-07-07 10:15:00-04:00,-29.375
2025-07-07 10:20:00-04:00,-27.5
2025-07-07 10:25:00-04:00,-40.0
2025-07-07 10:30:00-04:00,-90.0
2025-07-07 10:35:00-04:00,-72.5
2025-07-07 10:40:00-04:00,-77.5
2025-07-07 10:45:00-04:00,-75.0
2025-07-07 10:50:00-04:00,-74.6875
2025-07-07 10:55:00-04:00,-126.25
2025-07-07 11:00:00-04:00,-126.25
2025-07-07 11:05:00-04:00,-126.25
2025-07-07 11:10:00-04:00,-126.25
2025-07-07 11:15:00-04:00,-126.25
2025-07-07 11:20:00-04:00,-126.25
2025-07-07 11:25:00-04:00,-126.25
2025-07-07 11:30:00-04:00,-126.25
2025-07-07 11:35:00-04:00,-126.25
2025-07-07 11:40:00-04:00,-126.25
2025-07-07 11:45:00-04:00,-126.25
2025-07-07 11:50:00-04:00,-126.25
2025-07-07 11:55:00-04:00,-126.25
2025-07-07 12:00:00-04:00,-126.25
2025-07-07 12:05:00-04:00,-126.25
2025-07-07 12:10:00-04:00,-126.25
2025-07-07 12:15:00-04:00,-126.25
2025-07-07 12:20:00-04:00,-126.25
2025-07-07 12:25:00-04:00,-126.25
2025-07-07 12:30:00-04:00,-126.25
2025-07-07 12:35:00-04:00,-126.25
2025-07-07 12:40:00-04:00,-126.25
2025-07-07 12:45:00-04:00,-126.25
2025-07-07 12:50:00-04:00,-126.25
2025-07-07 12:55:00-04:00,-126.25
2025-07-07 13:00:00-04:00,-126.25
2025-07-07 13:05:00-04:00,-126.25
2025-07-07 13:10:00-04:00,-126.25
2025-07-07 13:15:00-04:00,-126.25
2025-07-07 13:20:00-04:00,-126.25
2025-07-07 13:25:00-04:00,-126.25
2025-07-07 13:30:00-04:00,-126.25
2025-07-07 13:35:00-04:00,-126.25
2025-07-07 13:40:00-04:00,-126.25
2025-07-07 13:45:00-04:00,-126.25
2025-07-07 13:50:00-04:00,-126.25
2025-07-07 13:55:00-04:00,-126.25
2025-07-07 14:00:00-04:00,-126.25
2025-07-07 14:05:00-04:00,-126.25
2025-07-07 14:10:00-04:00,-126.25
2025-07-07 14:15:00-04:00,-126.25
2025-07-07 14:20:00-04:00,-126.25
2025-07-07 14:25:00-04:00,-126.25
2025-07-07 14:30:00-04:00,-126.25
2025-07-07 14:35:00-04:00,-126.25
2025-07-07 14:40:00-04:00,-126.25
2025-07-07 14:45:00-04:00,-126.25
2025-07-07 14:50:00-04:00,-126.25
2025-07-07 14:55:00-04:00,-126.25
2025-07-07 15:00:00-04:00,-126.25
2025-07-07 15:05:00-04:00,-126.25
2025-07-07 15:10:00-04:00,-126.25
2025-07-07 15:15:00-04:00,-126.25
2025-07-07 15:20:00-04:00,-126.25
2025-07-07 15:25:00-04:00,-126.25
2025-07-07 15:30:00-04:00,-123.75
2025-07-07 15:35:00-04:00,-133.75
2025-07-07 15:40:00-04:00,-126.25
2025-07-07 15:45:00-04:00,-116.25
2025-07-07 15:50:00-04:00,-68.75
2025-07-07 15:55:00-04:00,-18.75
2025-07-08 09:30:00-04:00,0.0
2025-07-08 09:35:00-04:00,0.0
2025-07-08 09:40:00-04:00,0.0
2025-07-08 09:45:00-04:00,0.0
2025-07-08 09:50:00-04:00,0.0
2025-07-08 09:55:00-04:00,0.0
2025-07-08 10:00:00-04:00,0.0
2025-07-08 10:05:00-04:00,0.0
2025-07-08 10:10:00-04:00,0.0
2025-07-08 10:15:00-04:00,0.0
2025-07-08 10:20:00-04:00,0.0
2025-07-08 10:25:00-04:00,0.0
2025-07-08 10:30:00-04:00,0.0
2025-07-08 10:35:00-04:00,0.0
2025-07-08 10:40:00-04:00,0.0
2025-07-08 10:45:00-04:00,0.0
2025-07-08 10:50:00-04:00,0.0
2025-07-08 10:55:00-04:00,-25.0
2025-07-08 11:00:00-04:00,-18.75
2025-07-08 11:05:00-04:00,-52.5
2025-07-08 11:10:00-04:00,-52.5
2025-07-08 11:15:00-04:00,-52.5
2025-07-08 11:20:00-04:00,-52.5
2025-07-08 11:25:00-04:00,-31.25
2025-07-08 11:30:00-04:00,-58.75
2025-07-08 11:35:00-04:00,-71.875
2025-07-08 11:40:00-04:00,-71.875
2025-07-08 11:45:00-04:00,-108.75
2025-07-08 11:50:00-04:00,-108.75
2025-07-08 11:55:00-04:00,-108.75
2025-07-08 12:00:00-04:00,-108.75
2025-07-08 12:05:00-04:00,-108.75
2025-07-08 12:10:00-04:00,-108.75
2025-07-08 12:15:00-04:00,-108.75
2025-07-08 12:20:00-04:00,-108.75
2025-07-08 12:25:00-04:00,-108.75
2025-07-08 12:30:00-04:00,-108.75
2025-07-08 12:35:00-04:00,-108.75
2025-07-08 12:40:00-04:00,-108.75
2025-07-08 12:45:00-04:00,-108.75
2025-07-08 12:50:00-04:00,-108.75
2025-07-08 12:55:00-04:00,-108.75
2025-07-08 13:00:00-04:00,-108.75
2025-07-08 13:05:00-04:00,-108.75
2025-07-08 13:10:00-04:00,-108.75
2025-07-08 13:15:00-04:00,-108.75
2025-07-08 13:20:00-04:00,-146.25
2025-07-08 13:25:00-04:00,-161.25
2025-07-08 13:30:00-04:00,-108.75
2025-07-08 13:35:00-04:00,-118.75
2025-07-08 13:40:00-04:00,-123.75
2025-07-08 13:45:00-04:00,-136.25
2025-07-08 13:50:00-04:00,-151.25
2025-07-08 13:55:00-04:00,-151.25
2025-07-08 14:00:00-04:00,-185.0
2025-07-08 14:05:00-04:00,-190.0
2025-07-08 14:10:00-04:00,-197.5
2025-07-08 14:15:00-04:00,-197.5
2025-07-08 14:20:00-04:00,-197.5
2025-07-08 14:25:00-04:00,-197.5
2025-07-08 14:30:00-04:00,-197.5
2025-07-08 14:35:00-04:00,-212.5
2025-07-08 14:40:00-04:00,-212.5
2025-07-08 14:45:00-04:00,-212.5
2025-07-08 14:50:00-04:00,-212.5
2025-07-08 14:55:00-04:00,-212.5
2025-07-08 15:00:00-04:00,-218.75
2025-07-08 15:05:00-04:00,-203.75
2025-07-08 15:10:00-04:00,-196.25
2025-07-08 15:15:00-04:00,-208.75
2025-07-08 15:20:00-04:00,-188.75
2025-07-08 15:25:00-04:00,-221.25
2025-07-08 15:30:00-04:00,-211.25
2025-07-08 15:35:00-04:00,-191.25
2025-07-08 15:40:00-04:00,-183.75
2025-07-08 15:45:00-04:00,-233.75
2025-07-08 15:50:00-04:00,-198.75
2025-07-08 15:55:00-04:00,-198.75
2025-07-09 09:30:00-04:00,0.0
2025-07-09 09:35:00-04:00,0.0
2025-07-09 09:40:00-04:00,36.25
2025-07-09 09:45:00-04:00,81.25
2025-07-09 09:50:00-04:00,73.75
2025-07-09 09:55:00-04:00,53.75
2025-07-09 10:00:00-04:00,31.25
2025-07-09 10:05:00-04:00,46.25
2025-07-09 10:10:00-04:00,46.25
2025-07-09 10:15:00-04:00,26.25
2025-07-09 10:20:00-04:00,23.75
2025-07-09 10:25:00-04:00,-38.75
2025-07-09 10:30:00-04:00,-63.125
2025-07-09 10:35:00-04:00,-63.125
2025-07-09 10:40:00-04:00,-63.125
2025-07-09 10:45:00-04:00,-63.125
2025-07-09 10:50:00-04:00,-63.125
2025-07-09 10:55:00-04:00,-181.25
2025-07-09 11:00:00-04:00,-181.25
2025-07-09 11:05:00-04:00,-181.25
2025-07-09 11:10:00-04:00,-181.25
2025-07-09 11:15:00-04:00,-181.25
2025-07-09 11:20:00-04:00,-181.25
2025-07-09 11:25:00-04:00,-181.25
2025-07-09 11:30:00-04:00,-181.25
2025-07-09 11:35:00-04:00,-181.25
2025-07-09 11:40:00-04:00,-181.25
2025-07-09 11:45:00-04:00,-181.25
2025-07-09 11:50:00-04:00,-181.25
2025-07-09 11:55:00-04:00,-181.25
2025-07-09 12:00:00-04:00,-181.25
2025-07-09 12:05:00-04:00,-181.25
2025-07-09 12:10:00-04:00,-181.25
2025-07-09 12:15:00-04:00,-181.25
2025-07-09 12:20:00-04:00,-181.25
2025-07-09 12:25:00-04:00,-181.25
2025-07-09 12:30:00-04:00,-181.25
2025-07-09 12:35:00-04:00,-181.25
2025-07-09 12:40:00-04:00,-181.25
2025-07-09 12:45:00-04:00,-181.25
2025-07-09 12:50:00-04:00,-181.25
2025-07-09 12:55:00-04:00,-187.5
2025-07-09 13:00:00-04:00,-187.5
2025-07-09 13:05:00-04:00,-187.5
2025-07-09 13:10:00-04:00,-187.5
2025-07-09 13:15:00-04:00,-187.5
2025-07-09 13:20:00-04:00,-187.5
2025-07-09 13:25:00-04:00,-187.5
2025-07-09 13:30:00-04:00,-187.5
2025-07-09 13:35:00-04:00,-187.5
2025-07-09 13:40:00-04:00,-187.5
2025-07-09 13:45:00-04:00,-187.5
2025-07-09 13:50:00-04:00,-187.5
2025-07-09 13:55:00-04:00,-187.5
2025-07-09 14:00:00-04:00,-187.5
2025-07-09 14:05:00-04:00,-132.5
2025-07-09 14:10:00-04:00,-125.0
2025-07-09 14:15:00-04:00,-137.5
2025-07-09 14:20:00-04:00,-137.5
2025-07-09 14:25:00-04:00,-150.0
2025-07-09 14:30:00-04:00,-145.0
2025-07-09 14:35:00-04:00,-125.0
2025-07-09 14:40:00-04:00,-137.5
2025-07-09 14:45:00-04:00,-135.0
2025-07-09 14:50:00-04:00,-110.0
2025-07-09 14:55:00-04:00,-95.0
2025-07-09 15:00:00-04:00,-92.5
2025-07-09 15:05:00-04:00,-122.5
2025-07-09 15:10:00-04:00,-117.5
2025-07-09 15:15:00-04:00,-90.0
2025-07-09 15:20:00-04:00,-80.0
2025-07-09 15:25:00-04:00,-77.5
2025-07-09 15:30:00-04:00,-77.5
2025-07-09 15:35:00-04:00,-65.0
2025-07-09 15:40:00-04:00,-65.0
2025-07-09 15:45:00-04:00,-52.5
2025-07-09 15:50:00-04:00,-52.5
2025-07-09 15:55:00-04:00,-40.0
2025-07-10 09:30:00-04:00,0.0
2025-07-10 09:35:00-04:00,0.0
2025-07-10 09:40:00-04:00,0.0
2025-07-10 09:45:00-04:00,0.0
2025-07-10 09:50:00-04:00,0.0
2025-07-10 09:55:00-04:00,0.0
2025-07-10 10:00:00-04:00,0.0
2025-07-10 10:05:00-04:00,0.0
2025-07-10 10:10:00-04:00,-45.0
2025-07-10 10:15:00-04:00,-43.75
2025-07-10 10:20:00-04:00,-43.75
2025-07-10 10:25:00-04:00,-66.25
2025-07-10 10:30:00-04:00,-98.75
2025-07-10 10:35:00-04:00,-90.0
2025-07-10 10:40:00-04:00,-160.0
2025-07-10 10:45:00-04:00,-160.0
2025-07-10 10:50:00-04:00,-160.0
2025-07-10 10:55:00-04:00,-160.0
2025-07-10 11:00:00-04:00,-160.0
2025-07-10 11:05:00-04:00,-160.0
2025-07-10 11:10:00-04:00,-160.0
2025-07-10 11:15:00-04:00,-160.0
2025-07-10 11:20:00-04:00,-160.0
2025-07-10 11:25:00-04:00,-160.0
2025-07-10 11:30:00-04:00,-160.0
2025-07-10 11:35:00-04:00,-160.0
2025-07-10 11:40:00-04:00,-160.0
2025-07-10 11:45:00-04:00,-160.0
2025-07-10 11:50:00-04:00,-160.0
2025-07-10 11:55:00-04:00,-160.0
2025-07-10 12:00:00-04:00,-160.0
2025-07-10 12:05:00-04:00,-160.0
2025-07-10 12:10:00-04:00,-160.0
2025-07-10 12:15:00-04:00,-160.0
2025-07-10 12:20:00-04:00,-160.0
2025-07-10 12:25:00-04:00,-160.0
2025-07-10 12:30:00-04:00,-160.0
2025-07-10 12:35:00-04:00,-160.0
2025-07-10 12:40:00-04:00,-160.0
2025-07-10 12:45:00-04:00,-160.0
2025-07-10 12:50:00-04:00,-160.0
2025-07-10 12:55:00-04:00,-160.0
2025-07-10 13:00:00-04:00,-160.0
2025-07-10 13:05:00-04:00,-160.0
2025-07-10 13:10:00-04:00,-160.0
2025-07-10 13:15:00-04:00,-160.0
2025-07-10 13:20:00-04:00,-160.0
2025-07-10 13:25:00-04:00,-160.0
2025-07-10 13:30:00-04:00,-160.0
2025-07-10 13:35:00-04:00,-160.0
2025-07-10 13:40:00-04:00,-160.0
2025-07-10 13:45:00-04:00,-160.0
2025-07-10 13:50:00-04:00,-160.0
2025-07-10 13:55:00-04:00,-160.0
2025-07-10 14:00:00-04:00,-160.0
2025-07-10 14:05:00-04:00,-160.0
2025-07-10 14:10:00-04:00,-160.0
2025-07-10 14:15:00-04:00,-160.0
2025-07-10 14:20:00-04:00,-160.0
2025-07-10 14:25:00-04:00,-160.0
2025-07-10 14:30:00-04:00,-160.0
2025-07-10 14:35:00-04:00,-160.0
2025-07-10 14:40:00-04:00,-160.0
2025-07-10 14:45:00-04:00,-160.0
2025-07-10 14:50:00-04:00,-160.0
2025-07-10 14:55:00-04:00,-160.0
2025-07-10 15:00:00-04:00,-160.0
2025-07-10 15:05:00-04:00,-160.0
2025-07-10 15:10:00-04:00,-160.0
2025-07-10 15:15:00-04:00,-160.0
2025-07-10 15:20:00-04:00,-160.0
2025-07-10 15:25:00-04:00,-160.0
2025-07-10 15:30:00-04:00,-160.0
2025-07-10 15:35:00-04:00,-160.0
2025-07-10 15:40:00-04:00,-160.0
2025-07-10 15:45:00-04:00,-160.0
2025-07-10 15:50:00-04:00,-160.0
2025-07-10 15:55:00-04:00,-148.75
2025-07-11 09:30:00-04:00,0.0
2025-07-11 09:35:00-04:00,0.0
2025-07-11 09:40:00-04:00,0.0
2025-07-11 09:45:00-04:00,0.0
2025-07-11 09:50:00-04:00,0.0
2025-07-11 09:55:00-04:00,0.0
2025-07-11 10:00:00-04:00,0.0
2025-07-11 10:05:00-04:00,0.0
2025-07-11 10:10:00-04:00,0.0
2025-07-11 10:15:00-04:00,0.0
2025-07-11 10:20:00-04:00,0.0
2025-07-11 10:25:00-04:00,0.0
2025-07-11 10:30:00-04:00,0.0
2025-07-11 10:35:00-04:00,0.0
2025-07-11 10:40:00-04:00,0.0
2025-07-11 10:45:00-04:00,0.0
2025-07-11 10:50:00-04:00,0.0
2025-07-11 10:55:00-04:00,0.0
2025-07-11 11:00:00-04:00,0.0
2025-07-11 11:05:00-04:00,-22.5
2025-07-11 11:10:00-04:00,-46.25
2025-07-11 11:15:00-04:00,-46.25
2025-07-11 11:20:00-04:00,-61.25
2025-07-11 11:25:00-04:00,-51.25
2025-07-11 11:30:00-04:00,-40.0
2025-07-11 11:35:00-04:00,-40.0
2025-07-11 11:40:00-04:00,-40.0
2025-07-11 11:45:00-04:00,-40.0
2025-07-11 11:50:00-04:00,-40.0
2025-07-11 11:55:00-04:00,-40.0
2025-07-11 12:00:00-04:00,-40.0
2025-07-11 12:05:00-04:00,-96.25
2025-07-11 12:10:00-04:00,-86.25
2025-07-11 12:15:00-04:00,-86.25
2025-07-11 12:20:00-04:00,-48.75
2025-07-11 12:25:00-04:00,-36.25
2025-07-11 12:30:00-04:00,-38.75
2025-07-11 12:35:00-04:00,-36.25
2025-07-11 12:40:00-04:00,-73.75
2025-07-11 12:45:00-04:00,-51.25
2025-07-11 12:50:00-04:00,-11.25
2025-07-11 12:55:00-04:00,3.75
2025-07-11 13:00:00-04:00,8.75
2025-07-11 13:05:00-04:00,16.25
2025-07-11 13:10:00-04:00,11.25
2025-07-11 13:15:00-04:00,23.75
2025-07-11 13:20:00-04:00,-1.25
2025-07-11 13:25:00-04:00,18.75
2025-07-11 13:30:00-04:00,13.75
2025-07-11 13:35:00-04:00,-33.75
2025-07-11 13:40:00-04:00,-33.75
2025-07-11 13:45:00-04:00,-11.25
2025-07-11 13:50:00-04:00,3.75
2025-07-11 13:55:00-04:00,23.75
2025-07-11 14:00:00-04:00,13.75
2025-07-11 14:05:00-04:00,13.75
2025-07-11 14:10:00-04:00,18.75
2025-07-11 14:15:00-04:00,3.75
2025-07-11 14:20:00-04:00,8.75
2025-07-11 14:25:00-04:00,1.25
2025-07-11 14:30:00-04:00,23.75
2025-07-11 14:35:00-04:00,31.25
2025-07-11 14:40:00-04:00,56.25
2025-07-11 14:45:00-04:00,41.25
2025-07-11 14:50:00-04:00,28.75
2025-07-11 14:55:00-04:00,11.25
2025-07-11 15:00:00-04:00,-43.75
2025-07-11 15:05:00-04:00,-21.25
2025-07-11 15:10:00-04:00,-16.25
2025-07-11 15:15:00-04:00,1.25
2025-07-11 15:20:00-04:00,23.75
2025-07-11 15:25:00-04:00,-13.125
2025-07-11 15:30:00-04:00,-13.125
2025-07-11 15:35:00-04:00,-13.125
2025-07-11 15:40:00-04:00,-13.125
2025-07-11 15:45:00-04:00,-13.125
2025-07-11 15:50:00-04:00,-13.125
2025-07-11 15:55:00-04:00,-32.5
2025-07-14 09:30:00-04:00,0.0
2025-07-14 09:35:00-04:00,0.0
2025-07-14 09:40:00-04:00,0.0
2025-07-14 09:45:00-04:00,0.0
2025-07-14 09:50:00-04:00,0.0
2025-07-14 09:55:00-04:00,0.0
2025-07-14 10:00:00-04:00,0.0
2025-07-14 10:05:00-04:00,0.0
2025-07-14 10:10:00-04:00,0.0
2025-07-14 10:15:00-04:00,0.0
2025-07-14 10:20:00-04:00,0.0
2025-07-14 10:25:00-04:00,0.0
2025-07-14 10:30:00-04:00,0.0
2025-07-14 10:35:00-04:00,0.0
2025-07-14 10:40:00-04:00,0.0
2025-07-14 10:45:00-04:00,0.0
2025-07-14 10:50:00-04:00,0.0
2025-07-14 10:55:00-04:00,0.0
2025-07-14 11:00:00-04:00,0.0
2025-07-14 11:05:00-04:00,12.5
2025-07-14 11:10:00-04:00,22.5
2025-07-14 11:15:00-04:00,15.0
2025-07-14 11:20:00-04:00,27.5
2025-07-14 11:25:00-04:00,70.0
2025-07-14 11:30:00-04:00,52.5
2025-07-14 11:35:00-04:00,80.0
2025-07-14 11:40:00-04:00,72.5
2025-07-14 11:45:00-04:00,57.5
2025-07-14 11:50:00-04:00,52.5
2025-07-14 11:55:00-04:00,50.0
2025-07-14 12:00:00-04:00,60.0
2025-07-14 12:05:00-04:00,85.0
2025-07-14 12:10:00-04:00,60.0
2025-07-14 12:15:00-04:00,47.5
2025-07-14 12:20:00-04:00,47.5
2025-07-14 12:25:00-04:00,42.5
2025-07-14 12:30:00-04:00,25.0
2025-07-14 12:35:00-04:00,27.5
2025-07-14 12:40:00-04:00,52.5
2025-07-14 12:45:00-04:00,82.5
2025-07-14 12:50:00-04:00,92.5
2025-07-14 12:55:00-04:00,85.0
2025-07-14 13:00:00-04:00,117.5
2025-07-14 13:05:00-04:00,110.0
2025-07-14 13:10:00-04:00,130.0
2025-07-14 13:15:00-04:00,145.0
2025-07-14 13:20:00-04:00,132.5
2025-07-14 13:25:00-04:00,130.0
2025-07-14 13:30:00-04:00,140.0
2025-07-14 13:35:00-04:00,142.5
2025-07-14 13:40:00-04:00,127.5
2025-07-14 13:45:00-04:00,127.5
2025-07-14 13:50:00-04:00,145.0
2025-07-14 13:55:00-04:00,127.5
2025-07-14 14:00:00-04:00,137.5
2025-07-14 14:05:00-04:00,147.5
2025-07-14 14:10:00-04:00,135.0
2025-07-14 14:15:00-04:00,132.5
2025-07-14 14:20:00-04:00,142.5
2025-07-14 14:25:00-04:00,155.0
2025-07-14 14:30:00-04:00,170.0
2025-07-14 14:35:00-04:00,157.5
2025-07-14 14:40:00-04:00,167.5
2025-07-14 14:45:00-04:00,157.5
2025-07-14 14:50:00-04:00,162.5
2025-07-14 14:55:00-04:00,155.0
2025-07-14 15:00:00-04:00,162.5
2025-07-14 15:05:00-04:00,137.5
2025-07-14 15:10:00-04:00,150.0
2025-07-14 15:15:00-04:00,140.0
2025-07-14 15:20:00-04:00,120.0
2025-07-14 15:25:00-04:00,130.0
2025-07-14 15:30:00-04:00,55.0
2025-07-14 15:35:00-04:00,55.0
2025-07-14 15:40:00-04:00,106.25
2025-07-14 15:45:00-04:00,106.25
2025-07-14 15:50:00-04:00,106.25
2025-07-14 15:55:00-04:00,106.25
2025-07-15 09:30:00-04:00,0.0
2025-07-15 09:35:00-04:00,0.0
2025-07-15 09:40:00-04:00,-41.25
2025-07-15 09:45:00-04:00,-78.75
2025-07-15 09:50:00-04:00,-61.25
2025-07-15 09:55:00-04:00,-56.875
2025-07-15 10:00:00-04:00,-56.875
2025-07-15 10:05:00-04:00,-56.875
2025-07-15 10:10:00-04:00,-56.875
2025-07-15 10:15:00-04:00,-56.875
2025-07-15 10:20:00-04:00,-56.875
2025-07-15 10:25:00-04:00,-56.875
2025-07-15 10:30:00-04:00,-56.875
2025-07-15 10:35:00-04:00,-56.875
2025-07-15 10:40:00-04:00,-56.875
2025-07-15 10:45:00-04:00,-56.875
2025-07-15 10:50:00-04:00,-176.25
2025-07-15 10:55:00-04:00,-176.25
2025-07-15 11:00:00-04:00,-176.25
2025-07-15 11:05:00-04:00,-176.25
2025-07-15 11:10:00-04:00,-176.25
2025-07-15 11:15:00-04:00,-176.25
2025-07-15 11:20:00-04:00,-176.25
2025-07-15 11:25:00-04:00,-172.5
2025-07-15 11:30:00-04:00,-172.5
2025-07-15 11:35:00-04:00,-172.5
2025-07-15 11:40:00-04:00,-172.5
2025-07-15 11:45:00-04:00,-172.5
2025-07-15 11:50:00-04:00,-172.5
2025-07-15 11:55:00-04:00,-172.5
2025-07-15 12:00:00-04:00,-172.5
2025-07-15 12:05:00-04:00,-172.5
2025-07-15 12:10:00-04:00,-172.5
2025-07-15 12:15:00-04:00,-172.5
2025-07-15 12:20:00-04:00,-172.5
2025-07-15 12:25:00-04:00,-177.5
2025-07-15 12:30:00-04:00,-177.5
2025-07-15 12:35:00-04:00,-177.5
2025-07-15 12:40:00-04:00,-177.5
2025-07-15 12:45:00-04:00,-177.5
2025-07-15 12:50:00-04:00,-177.5
2025-07-15 12:55:00-04:00,-177.5
2025-07-15 13:00:00-04:00,-177.5
2025-07-15 13:05:00-04:00,-177.5
2025-07-15 13:10:00-04:00,-177.5
2025-07-15 13:15:00-04:00,-177.5
2025-07-15 13:20:00-04:00,-177.5
2025-07-15 13:25:00-04:00,-177.5
2025-07-15 13:30:00-04:00,-177.5
2025-07-15 13:35:00-04:00,-177.5
2025-07-15 13:40:00-04:00,-177.5
2025-07-15 13:45:00-04:00,-177.5
2025-07-15 13:50:00-04:00,-177.5
2025-07-15 13:55:00-04:00,-177.5
2025-07-15 14:00:00-04:00,-177.5
2025-07-15 14:05:00-04:00,-177.5
2025-07-15 14:10:00-04:00,-177.5
2025-07-15 14:15:00-04:00,-177.5
2025-07-15 14:20:00-04:00,-177.5
2025-07-15 14:25:00-04:00,-186.25
2025-07-15 14:30:00-04:00,-171.25
2025-07-15 14:35:00-04:00,-193.75
2025-07-15 14:40:00-04:00,-213.75
2025-07-15 14:45:00-04:00,-206.25
2025-07-15 14:50:00-04:00,-215.625
2025-07-15 14:55:00-04:00,-215.625
2025-07-15 15:00:00-04:00,-272.5
2025-07-15 15:05:00-04:00,-272.5
2025-07-15 15:10:00-04:00,-272.5
2025-07-15 15:15:00-04:00,-272.5
2025-07-15 15:20:00-04:00,-272.5
2025-07-15 15:25:00-04:00,-272.5
2025-07-15 15:30:00-04:00,-272.5
2025-07-15 15:35:00-04:00,-272.5
2025-07-15 15:40:00-04:00,-272.5
2025-07-15 15:45:00-04:00,-272.5
2025-07-15 15:50:00-04:00,-272.5
2025-07-15 15:55:00-04:00,-272.5
2025-07-16 09:30:00-04:00,0.0
2025-07-16 09:35:00-04:00,0.0
2025-07-16 09:40:00-04:00,0.0
2025-07-16 09:45:00-04:00,0.0
2025-07-16 09:50:00-04:00,0.0
2025-07-16 09:55:00-04:00,0.0
2025-07-16 10:00:00-04:00,0.0
2025-07-16 10:05:00-04:00,0.0
2025-07-16 10:10:00-04:00,0.0
2025-07-16 10:15:00-04:00,0.0
2025-07-16 10:20:00-04:00,0.0
2025-07-16 10:25:00-04:00,0.0
2025-07-16 10:30:00-04:00,0.0
2025-07-16 10:35:00-04:00,0.0
2025-07-16 10:40:00-04:00,0.0
2025-07-16 10:45:00-04:00,0.0
2025-07-16 10:50:00-04:00,0.0
2025-07-16 10:55:00-04:00,0.0
2025-07-16 11:00:00-04:00,0.0
2025-07-16 11:05:00-04:00,0.0
2025-07-16 11:10:00-04:00,0.0
2025-07-16 11:15:00-04:00,0.0
2025-07-16 11:20:00-04:00,0.0
2025-07-16 11:25:00-04:00,0.0
2025-07-16 11:30:00-04:00,0.0
2025-07-16 11:35:00-04:00,0.0
2025-07-16 11:40:00-04:00,0.0
2025-07-16 11:45:00-04:00,0.0
2025-07-16 11:50:00-04:00,0.0
2025-07-16 11:55:00-04:00,0.0
2025-07-16 12:00:00-04:00,0.0
2025-07-16 12:05:00-04:00,0.0
2025-07-16 12:10:00-04:00,0.0
2025-07-16 12:15:00-04:00,0.0
2025-07-16 12:20:00-04:00,0.0
2025-07-16 12:25:00-04:00,0.0
2025-07-16 12:30:00-04:00,0.0
2025-07-16 12:35:00-04:00,0.0
2025-07-16 12:40:00-04:00,7.5
2025-07-16 12:45:00-04:00,15.0
2025-07-16 12:50:00-04:00,80.0
2025-07-16 12:55:00-04:00,120.0
2025-07-16 13:00:00-04:00,130.0
2025-07-16 13:05:00-04:00,152.5
2025-07-16 13:10:00-04:00,167.5
2025-07-16 13:15:00-04:00,165.0
2025-07-16 13:20:00-04:00,147.5
2025-07-16 13:25:00-04:00,117.5
2025-07-16 13:30:00-04:00,112.5
2025-07-16 13:35:00-04:00,132.5
2025-07-16 13:40:00-04:00,122.5
2025-07-16 13:45:00-04:00,132.5
2025-07-16 13:50:00-04:00,112.5
2025-07-16 13:55:00-04:00,117.5
2025-07-16 14:00:00-04:00,145.0
2025-07-16 14:05:00-04:00,135.0
2025-07-16 14:10:00-04:00,127.5
2025-07-16 14:15:00-04:00,105.0
2025-07-16 14:20:00-04:00,127.5
2025-07-16 14:25:00-04:00,147.5
2025-07-16 14:30:00-04:00,167.5
2025-07-16 14:35:00-04:00,185.0
2025-07-16 14:40:00-04:00,192.5
2025-07-16 14:45:00-04:00,187.5
2025-07-16 14:50:00-04:00,197.5
2025-07-16 14:55:00-04:00,245.0
2025-07-16 15:00:00-04:00,217.5
2025-07-16 15:05:00-04:00,230.0
2025-07-16 15:10:00-04:00,217.5
2025-07-16 15:15:00-04:00,210.0
2025-07-16 15:20:00-04:00,205.0
2025-07-16 15:25:00-04:00,225.0
2025-07-16 15:30:00-04:00,207.5
2025-07-16 15:35:00-04:00,252.5
2025-07-16 15:40:00-04:00,262.5
2025-07-16 15:45:00-04:00,277.5
2025-07-16 15:50:00-04:00,230.0
2025-07-16 15:55:00-04:00,222.5
2025-07-17 09:30:00-04:00,0.0
2025-07-17 09:35:00-04:00,0.0
2025-07-17 09:40:00-04:00,0.0
2025-07-17 09:45:00-04:00,0.0
2025-07-17 09:50:00-04:00,0.0
2025-07-17 09:55:00-04:00,0.0
2025-07-17 10:00:00-04:00,0.0
2025-07-17 10:05:00-04:00,0.0
2025-07-17 10:10:00-04:00,0.0
2025-07-17 10:15:00-04:00,0.0
2025-07-17 10:20:00-04:00,0.0
2025-07-17 10:25:00-04:00,0.0
2025-07-17 10:30:00-04:00,0.0
2025-07-17 10:35:00-04:00,0.0
2025-07-17 10:40:00-04:00,0.0
2025-07-17 10:45:00-04:00,0.0
2025-07-17 10:50:00-04:00,0.0
2025-07-17 10:55:00-04:00,0.0
2025-07-17 11:00:00-04:00,0.0
2025-07-17 11:05:00-04:00,0.0
2025-07-17 11:10:00-04:00,0.0
2025-07-17 11:15:00-04:00,0.0
2025-07-17 11:20:00-04:00,0.0
2025-07-17 11:25:00-04:00,0.0
2025-07-17 11:30:00-04:00,0.0
2025-07-17 11:35:00-04:00,0.0
2025-07-17 11:40:00-04:00,0.0
2025-07-17 11:45:00-04:00,0.0
2025-07-17 11:50:00-04:00,0.0
2025-07-17 11:55:00-04:00,0.0
2025-07-17 12:00:00-04:00,0.0
2025-07-17 12:05:00-04:00,0.0
2025-07-17 12:10:00-04:00,0.0
2025-07-17 12:15:00-04:00,0.0
2025-07-17 12:20:00-04:00,0.0
2025-07-17 12:25:00-04:00,0.0
2025-07-17 12:30:00-04:00,0.0
2025-07-17 12:35:00-04:00,0.0
2025-07-17 12:40:00-04:00,0.0
2025-07-17 12:45:00-04:00,0.0
2025-07-17 12:50:00-04:00,0.0
2025-07-17 12:55:00-04:00,0.0
2025-07-17 13:00:00-04:00,0.0
2025-07-17 13:05:00-04:00,0.0
2025-07-17 13:10:00-04:00,0.0
2025-07-17 13:15:00-04:00,0.0
2025-07-17 13:20:00-04:00,0.0
2025-07-17 13:25:00-04:00,0.0
2025-07-17 13:30:00-04:00,0.0
2025-07-17 13:35:00-04:00,0.0
2025-07-17 13:40:00-04:00,-25.0
2025-07-17 13:45:00-04:00,-25.0
2025-07-17 13:50:00-04:00,-25.0
2025-07-17 13:55:00-04:00,-25.0
2025-07-17 14:00:00-04:00,-25.0
2025-07-17 14:05:00-04:00,-25.0
2025-07-17 14:10:00-04:00,-25.0
2025-07-17 14:15:00-04:00,-25.0
2025-07-17 14:20:00-04:00,-25.0
2025-07-17 14:25:00-04:00,-25.0
2025-07-17 14:30:00-04:00,-25.0
2025-07-17 14:35:00-04:00,-25.0
2025-07-17 14:40:00-04:00,-25.0
2025-07-17 14:45:00-04:00,-25.0
2025-07-17 14:50:00-04:00,-25.0
2025-07-17 14:55:00-04:00,-25.0
2025-07-17 15:00:00-04:00,-25.0
2025-07-17 15:05:00-04:00,-25.0
2025-07-17 15:10:00-04:00,-25.0
2025-07-17 15:15:00-04:00,-25.0
2025-07-17 15:20:00-04:00,-25.0
2025-07-17 15:25:00-04:00,-25.0
2025-07-17 15:30:00-04:00,-25.0
2025-07-17 15:35:00-04:00,-25.0
2025-07-17 15:40:00-04:00,-25.0
2025-07-17 15:45:00-04:00,-25.0
2025-07-17 15:50:00-04:00,-25.0
2025-07-17 15:55:00-04:00,-25.0
2025-07-18 09:30:00-04:00,0.0
2025-07-18 09:35:00-04:00,0.0
2025-07-18 09:40:00-04:00,0.0
2025-07-18 09:45:00-04:00,0.0
2025-07-18 09:50:00-04:00,0.0
2025-07-18 09:55:00-04:00,0.0
2025-07-18 10:00:00-04:00,0.0
2025-07-18 10:05:00-04:00,0.0
2025-07-18 10:10:00-04:00,0.0
2025-07-18 10:15:00-04:00,0.0
2025-07-18 10:20:00-04:00,0.0
2025-07-18 10:25:00-04:00,30.0
2025-07-18 10:30:00-04:00,-2.5
2025-07-18 10:35:00-04:00,35.0
2025-07-18 10:40:00-04:00,20.0
2025-07-18 10:45:00-04:00,25.0
2025-07-18 10:50:00-04:00,20.0
2025-07-18 10:55:00-04:00,52.5
2025-07-18 11:00:00-04:00,45.0
2025-07-18 11:05:00-04:00,17.5
2025-07-18 11:10:00-04:00,35.0
2025-07-18 11:15:00-04:00,35.0
2025-07-18 11:20:00-04:00,27.5
2025-07-18 11:25:00-04:00,5.0
2025-07-18 11:30:00-04:00,-17.5
2025-07-18 11:35:00-04:00,-12.5
2025-07-18 11:40:00-04:00,-12.5
2025-07-18 11:45:00-04:00,-16.25
2025-07-18 11:50:00-04:00,-40.0
2025-07-18 11:55:00-04:00,-40.0
2025-07-18 12:00:00-04:00,-40.0
2025-07-18 12:05:00-04:00,-40.0
2025-07-18 12:10:00-04:00,-40.0
2025-07-18 12:15:00-04:00,-40.0
2025-07-18 12:20:00-04:00,-40.0
2025-07-18 12:25:00-04:00,-40.0
2025-07-18 12:30:00-04:00,-40.0
2025-07-18 12:35:00-04:00,-40.0
2025-07-18 12:40:00-04:00,-21.25
2025-07-18 12:45:00-04:00,-18.75
2025-07-18 12:50:00-04:00,-16.25
2025-07-18 12:55:00-04:00,26.25
2025-07-18 13:00:00-04:00,23.75
2025-07-18 13:05:00-04:00,13.75
2025-07-18 13:10:00-04:00,-23.75
2025-07-18 13:15:00-04:00,11.25
2025-07-18 13:20:00-04:00,6.25
2025-07-18 13:25:00-04:00,-1.25
2025-07-18 13:30:00-04:00,-36.25
2025-07-18 13:35:00-04:00,-51.25
2025-07-18 13:40:00-04:00,-28.75
2025-07-18 13:45:00-04:00,-11.25
2025-07-18 13:50:00-04:00,-3.75
2025-07-18 13:55:00-04:00,-29.375
2025-07-18 14:00:00-04:00,-29.375
2025-07-18 14:05:00-04:00,-29.375
2025-07-18 14:10:00-04:00,-29.375
2025-07-18 14:15:00-04:00,-29.375
2025-07-18 14:20:00-04:00,-29.375
2025-07-18 14:25:00-04:00,-29.375
2025-07-18 14:30:00-04:00,-29.375
2025-07-18 14:35:00-04:00,-29.375
2025-07-18 14:40:00-04:00,-29.375
2025-07-18 14:45:00-04:00,-29.375
2025-07-18 14:50:00-04:00,-29.375
2025-07-18 14:55:00-04:00,-29.375
2025-07-18 15:00:00-04:00,-29.375
2025-07-18 15:05:00-04:00,-29.375
2025-07-18 15:10:00-04:00,-29.375
2025-07-18 15:15:00-04:00,-29.375
2025-07-18 15:20:00-04:00,-29.375
2025-07-18 15:25:00-04:00,-29.375
2025-07-18 15:30:00-04:00,-29.375
2025-07-18 15:35:00-04:00,-29.375
2025-07-18 15:40:00-04:00,-29.375
2025-07-18 15:45:00-04:00,-29.375
2025-07-18 15:50:00-04:00,-29.375
2025-07-18 15:55:00-04:00,-45.0
2025-07-21 09:30:00-04:00,0.0
2025-07-21 09:35:00-04:00,0.0
2025-07-21 09:40:00-04:00,0.0
2025-07-21 09:45:00-04:00,0.0
2025-07-21 09:50:00-04:00,0.0
2025-07-21 09:55:00-04:00,0.0
2025-07-21 10:00:00-04:00,0.0
2025-07-21 10:05:00-04:00,0.0
2025-07-21 10:10:00-04:00,0.0
2025-07-21 10:15:00-04:00,0.0
2025-07-21 10:20:00-04:00,0.0
2025-07-21 10:25:00-04:00,0.0
2025-07-21 10:30:00-04:00,0.0
2025-07-21 10:35:00-04:00,0.0
2025-07-21 10:40:00-04:00,0.0
2025-07-21 10:45:00-04:00,0.0
2025-07-21 10:50:00-04:00,0.0
2025-07-21 10:55:00-04:00,0.0
2025-07-21 11:00:00-04:00,0.0
2025-07-21 11:05:00-04:00,0.0
2025-07-21 11:10:00-04:00,0.0
2025-07-21 11:15:00-04:00,0.0
2025-07-21 11:20:00-04:00,0.0
2025-07-21 11:25:00-04:00,0.0
2025-07-21 11:30:00-04:00,0.0
2025-07-21 11:35:00-04:00,0.0
2025-07-21 11:40:00-04:00,0.0
2025-07-21 11:45:00-04:00,0.0
2025-07-21 11:50:00-04:00,0.0
2025-07-21 11:55:00-04:00,0.0
2025-07-21 12:00:00-04:00,0.0
2025-07-21 12:05:00-04:00,0.0
2025-07-21 12:10:00-04:00,0.0
2025-07-21 12:15:00-04:00,0.0
2025-07-21 12:20:00-04:00,0.0
2025-07-21 12:25:00-04:00,-15.0
2025-07-21 12:30:00-04:00,-37.5
2025-07-21 12:35:00-04:00,-25.0
2025-07-21 12:40:00-04:00,-35.0
2025-07-21 12:45:00-04:00,-45.0
2025-07-21 12:50:00-04:00,-35.0
2025-07-21 12:55:00-04:00,-35.0
2025-07-21 13:00:00-04:00,-78.75
2025-07-21 13:05:00-04:00,-68.75
2025-07-21 13:10:00-04:00,-59.375
2025-07-21 13:15:00-04:00,-86.25
2025-07-21 13:20:00-04:00,-86.25
2025-07-21 13:25:00-04:00,-86.25
2025-07-21 13:30:00-04:00,-86.25
2025-07-21 13:35:00-04:00,-86.25
2025-07-21 13:40:00-04:00,-86.25
2025-07-21 13:45:00-04:00,-86.25
2025-07-21 13:50:00-04:00,-86.25
2025-07-21 13:55:00-04:00,-86.25
2025-07-21 14:00:00-04:00,-86.25
2025-07-21 14:05:00-04:00,-86.25
2025-07-21 14:10:00-04:00,-86.25
2025-07-21 14:15:00-04:00,-86.25
2025-07-21 14:20:00-04:00,-93.75
2025-07-21 14:25:00-04:00,-88.75
2025-07-21 14:30:00-04:00,-68.75
2025-07-21 14:35:00-04:00,-68.75
2025-07-21 14:40:00-04:00,-56.25
2025-07-21 14:45:00-04:00,-16.25
2025-07-21 14:50:00-04:00,-26.25
2025-07-21 14:55:00-04:00,-1.25
2025-07-21 15:00:00-04:00,23.75
2025-07-21 15:05:00-04:00,73.75
2025-07-21 15:10:00-04:00,78.75
2025-07-21 15:15:00-04:00,63.75
2025-07-21 15:20:00-04:00,66.25
2025-07-21 15:25:00-04:00,91.25
2025-07-21 15:30:00-04:00,101.25
2025-07-21 15:35:00-04:00,93.75
2025-07-21 15:40:00-04:00,148.75
2025-07-21 15:45:00-04:00,161.25
2025-07-21 15:50:00-04:00,158.75
2025-07-21 15:55:00-04:00,161.25
2025-07-22 09:30:00-04:00,0.0
2025-07-22 09:35:00-04:00,0.0
2025-07-22 09:40:00-04:00,0.0
2025-07-22 09:45:00-04:00,0.0
2025-07-22 09:50:00-04:00,0.0
2025-07-22 09:55:00-04:00,0.0
2025-07-22 10:00:00-04:00,0.0
2025-07-22 10:05:00-04:00,0.0
2025-07-22 10:10:00-04:00,0.0
2025-07-22 10:15:00-04:00,0.0
2025-07-22 10:20:00-04:00,0.0
2025-07-22 10:25:00-04:00,0.0
2025-07-22 10:30:00-04:00,0.0
2025-07-22 10:35:00-04:00,0.0
2025-07-22 10:40:00-04:00,0.0
2025-07-22 10:45:00-04:00,0.0
2025-07-22 10:50:00-04:00,0.0
2025-07-22 10:55:00-04:00,0.0
2025-07-22 11:00:00-04:00,0.0
2025-07-22 11:05:00-04:00,0.0
2025-07-22 11:10:00-04:00,0.0
2025-07-22 11:15:00-04:00,0.0
2025-07-22 11:20:00-04:00,-6.25
2025-07-22 11:25:00-04:00,-23.75
2025-07-22 11:30:00-04:00,13.75
2025-07-22 11:35:00-04:00,-28.75
2025-07-22 11:40:00-04:00,-33.75
2025-07-22 11:45:00-04:00,-13.75
2025-07-22 11:50:00-04:00,-8.75
2025-07-22 11:55:00-04:00,-26.25
2025-07-22 12:00:00-04:00,-18.75
2025-07-22 12:05:00-04:00,-11.25
2025-07-22 12:10:00-04:00,-21.25
2025-07-22 12:15:00-04:00,3.125
2025-07-22 12:20:00-04:00,3.125
2025-07-22 12:25:00-04:00,-30.9375
2025-07-22 12:30:00-04:00,-50.0
2025-07-22 12:35:00-04:00,-50.0
2025-07-22 12:40:00-04:00,-50.0
2025-07-22 12:45:00-04:00,-50.0
2025-07-22 12:50:00-04:00,-50.0
2025-07-22 12:55:00-04:00,-50.0
2025-07-22 13:00:00-04:00,-50.0
2025-07-22 13:05:00-04:00,-50.0
2025-07-22 13:10:00-04:00,-50.0
2025-07-22 13:15:00-04:00,-5.0
2025-07-22 13:20:00-04:00,0.0
2025-07-22 13:25:00-04:00,60.0
2025-07-22 13:30:00-04:00,55.0
2025-07-22 13:35:00-04:00,42.5
2025-07-22 13:40:00-04:00,20.0
2025-07-22 13:45:00-04:00,10.0
2025-07-22 13:50:00-04:00,-7.5
2025-07-22 13:55:00-04:00,-10.0
2025-07-22 14:00:00-04:00,12.5
2025-07-22 14:05:00-04:00,22.5
2025-07-22 14:10:00-04:00,5.0
2025-07-22 14:15:00-04:00,-25.0
2025-07-22 14:20:00-04:00,-5.0
2025-07-22 14:25:00-04:00,0.0
2025-07-22 14:30:00-04:00,37.5
2025-07-22 14:35:00-04:00,77.5
2025-07-22 14:40:00-04:00,67.5
2025-07-22 14:45:00-04:00,60.0
2025-07-22 14:50:00-04:00,105.0
2025-07-22 14:55:00-04:00,92.5
2025-07-22 15:00:00-04:00,77.5
2025-07-22 15:05:00-04:00,82.5
2025-07-22 15:10:00-04:00,60.0
2025-07-22 15:15:00-04:00,75.0
2025-07-22 15:20:00-04:00,80.0
2025-07-22 15:25:00-04:00,75.0
2025-07-22 15:30:00-04:00,80.0
2025-07-22 15:35:00-04:00,102.5
2025-07-22 15:40:00-04:00,87.5
2025-07-22 15:45:00-04:00,90.0
2025-07-22 15:50:00-04:00,67.5
2025-07-22 15:55:00-04:00,37.5
2025-07-23 09:30:00-04:00,0.0
2025-07-23 09:35:00-04:00,0.0
2025-07-23 09:40:00-04:00,0.0
2025-07-23 09:45:00-04:00,0.0
2025-07-23 09:50:00-04:00,0.0
2025-07-23 09:55:00-04:00,0.0
2025-07-23 10:00:00-04:00,0.0
2025-07-23 10:05:00-04:00,0.0
2025-07-23 10:10:00-04:00,0.0
2025-07-23 10:15:00-04:00,0.0
2025-07-23 10:20:00-04:00,0.0
2025-07-23 10:25:00-04:00,0.0
2025-07-23 10:30:00-04:00,0.0
2025-07-23 10:35:00-04:00,0.0
2025-07-23 10:40:00-04:00,0.0
2025-07-23 10:45:00-04:00,0.0
2025-07-23 10:50:00-04:00,0.0
2025-07-23 10:55:00-04:00,0.0
2025-07-23 11:00:00-04:00,0.0
2025-07-23 11:05:00-04:00,0.0
2025-07-23 11:10:00-04:00,0.0
2025-07-23 11:15:00-04:00,0.0
2025-07-23 11:20:00-04:00,0.0
2025-07-23 11:25:00-04:00,0.0
2025-07-23 11:30:00-04:00,0.0
2025-07-23 11:35:00-04:00,0.0
2025-07-23 11:40:00-04:00,0.0
2025-07-23 11:45:00-04:00,0.0
2025-07-23 11:50:00-04:00,0.0
2025-07-23 11:55:00-04:00,0.0
2025-07-23 12:00:00-04:00,0.0
2025-07-23 12:05:00-04:00,0.0
2025-07-23 12:10:00-04:00,0.0
2025-07-23 12:15:00-04:00,0.0
2025-07-23 12:20:00-04:00,0.0
2025-07-23 12:25:00-04:00,0.0
2025-07-23 12:30:00-04:00,0.0
2025-07-23 12:35:00-04:00,0.0
2025-07-23 12:40:00-04:00,0.0
2025-07-23 12:45:00-04:00,0.0
2025-07-23 12:50:00-04:00,0.0
2025-07-23 12:55:00-04:00,0.0
2025-07-23 13:00:00-04:00,0.0
2025-07-23 13:05:00-04:00,0.0
2025-07-23 13:10:00-04:00,0.0
2025-07-23 13:15:00-04:00,0.0
2025-07-23 13:20:00-04:00,0.0
2025-07-23 13:25:00-04:00,0.0
2025-07-23 13:30:00-04:00,0.0
2025-07-23 13:35:00-04:00,0.0
2025-07-23 13:40:00-04:00,0.0
2025-07-23 13:45:00-04:00,0.0
2025-07-23 13:50:00-04:00,0.0
2025-07-23 13:55:00-04:00,0.0
2025-07-23 14:00:00-04:00,0.0
2025-07-23 14:05:00-04:00,0.0
2025-07-23 14:10:00-04:00,0.0
2025-07-23 14:15:00-04:00,0.0
2025-07-23 14:20:00-04:00,0.0
2025-07-23 14:25:00-04:00,0.0
2025-07-23 14:30:00-04:00,0.0
2025-07-23 14:35:00-04:00,0.0
2025-07-23 14:40:00-04:00,0.0
2025-07-23 14:45:00-04:00,0.0
2025-07-23 14:50:00-04:00,0.0
2025-07-23 14:55:00-04:00,0.0
2025-07-23 15:00:00-04:00,0.0
2025-07-23 15:05:00-04:00,0.0
2025-07-23 15:10:00-04:00,0.0
2025-07-23 15:15:00-04:00,0.0
2025-07-23 15:20:00-04:00,0.0
2025-07-23 15:25:00-04:00,0.0
2025-07-23 15:30:00-04:00,0.0
2025-07-23 15:35:00-04:00,0.0
2025-07-23 15:40:00-04:00,0.0
2025-07-23 15:45:00-04:00,0.0
2025-07-23 15:50:00-04:00,0.0
2025-07-23 15:55:00-04:00,-51.25
2025-07-24 09:30:00-04:00,0.0
2025-07-24 09:35:00-04:00,0.0
2025-07-24 09:40:00-04:00,0.0
2025-07-24 09:45:00-04:00,0.0
2025-07-24 09:50:00-04:00,0.0
2025-07-24 09:55:00-04:00,0.0
2025-07-24 10:00:00-04:00,0.0
2025-07-24 10:05:00-04:00,0.0
2025-07-24 10:10:00-04:00,0.0
2025-07-24 10:15:00-04:00,0.0
2025-07-24 10:20:00-04:00,0.0
2025-07-24 10:25:00-04:00,0.0
2025-07-24 10:30:00-04:00,0.0
2025-07-24 10:35:00-04:00,0.0
2025-07-24 10:40:00-04:00,0.0
2025-07-24 10:45:00-04:00,0.0
2025-07-24 10:50:00-04:00,0.0
2025-07-24 10:55:00-04:00,0.0
2025-07-24 11:00:00-04:00,0.0
2025-07-24 11:05:00-04:00,0.0
2025-07-24 11:10:00-04:00,0.0
2025-07-24 11:15:00-04:00,0.0
2025-07-24 11:20:00-04:00,0.0
2025-07-24 11:25:00-04:00,0.0
2025-07-24 11:30:00-04:00,0.0
2025-07-24 11:35:00-04:00,0.0
2025-07-24 11:40:00-04:00,0.0
2025-07-24 11:45:00-04:00,0.0
2025-07-24 11:50:00-04:00,0.0
2025-07-24 11:55:00-04:00,0.0
2025-07-24 12:00:00-04:00,0.0
2025-07-24 12:05:00-04:00,0.0
2025-07-24 12:10:00-04:00,0.0
2025-07-24 12:15:00-04:00,-15.0
2025-07-24 12:20:00-04:00,-2.5
2025-07-24 12:25:00-04:00,22.5
2025-07-24 12:30:00-04:00,17.5
2025-07-24 12:35:00-04:00,-12.5
2025-07-24 12:40:00-04:00,-17.5
2025-07-24 12:45:00-04:00,-10.0
2025-07-24 12:50:00-04:00,-22.5
2025-07-24 12:55:00-04:00,-15.0
2025-07-24 13:00:00-04:00,-32.5
2025-07-24 13:05:00-04:00,-37.5
2025-07-24 13:10:00-04:00,-37.5
2025-07-24 13:15:00-04:00,-92.5
2025-07-24 13:20:00-04:00,-92.5
2025-07-24 13:25:00-04:00,-92.5
2025-07-24 13:30:00-04:00,-92.5
2025-07-24 13:35:00-04:00,-92.5
2025-07-24 13:40:00-04:00,-92.5
2025-07-24 13:45:00-04:00,-92.5
2025-07-24 13:50:00-04:00,-92.5
2025-07-24 13:55:00-04:00,-92.5
2025-07-24 14:00:00-04:00,-92.5
2025-07-24 14:05:00-04:00,-92.5
2025-07-24 14:10:00-04:00,-92.5
2025-07-24 14:15:00-04:00,-92.5
2025-07-24 14:20:00-04:00,-92.5
2025-07-24 14:25:00-04:00,-92.5
2025-07-24 14:30:00-04:00,-92.5
2025-07-24 14:35:00-04:00,-92.5
2025-07-24 14:40:00-04:00,-92.5
2025-07-24 14:45:00-04:00,-92.5
2025-07-24 14:50:00-04:00,-92.5
2025-07-24 14:55:00-04:00,-92.5
2025-07-24 15:00:00-04:00,-92.5
2025-07-24 15:05:00-04:00,-92.5
2025-07-24 15:10:00-04:00,-92.5
2025-07-24 15:15:00-04:00,-92.5
2025-07-24 15:20:00-04:00,-92.5
2025-07-24 15:25:00-04:00,-92.5
2025-07-24 15:30:00-04:00,-92.5
2025-07-24 15:35:00-04:00,-92.5
2025-07-24 15:40:00-04:00,-92.5
2025-07-24 15:45:00-04:00,-78.75
2025-07-24 15:50:00-04:00,-81.25
2025-07-24 15:55:00-04:00,-33.75
2025-07-25 09:30:00-04:00,0.0
2025-07-25 09:35:00-04:00,0.0
2025-07-25 09:40:00-04:00,0.0
2025-07-25 09:45:00-04:00,0.0
2025-07-25 09:50:00-04:00,0.0
2025-07-25 09:55:00-04:00,0.0
2025-07-25 10:00:00-04:00,0.0
2025-07-25 10:05:00-04:00,0.0
2025-07-25 10:10:00-04:00,0.0
2025-07-25 10:15:00-04:00,0.0
2025-07-25 10:20:00-04:00,0.0
2025-07-25 10:25:00-04:00,0.0
2025-07-25 10:30:00-04:00,0.0
2025-07-25 10:35:00-04:00,0.0
2025-07-25 10:40:00-04:00,25.0
2025-07-25 10:45:00-04:00,22.5
2025-07-25 10:50:00-04:00,15.0
2025-07-25 10:55:00-04:00,7.5
2025-07-25 11:00:00-04:00,7.5
2025-07-25 11:05:00-04:00,2.5
2025-07-25 11:10:00-04:00,17.5
2025-07-25 11:15:00-04:00,20.0
2025-07-25 11:20:00-04:00,17.5
2025-07-25 11:25:00-04:00,30.0
2025-07-25 11:30:00-04:00,15.0
2025-07-25 11:35:00-04:00,12.5
2025-07-25 11:40:00-04:00,-7.5
2025-07-25 11:45:00-04:00,10.0
2025-07-25 11:50:00-04:00,20.0
2025-07-25 11:55:00-04:00,17.5
2025-07-25 12:00:00-04:00,15.0
2025-07-25 12:05:00-04:00,32.5
2025-07-25 12:10:00-04:00,60.0
2025-07-25 12:15:00-04:00,62.5
2025-07-25 12:20:00-04:00,87.5
2025-07-25 12:25:00-04:00,105.0
2025-07-25 12:30:00-04:00,102.5
2025-07-25 12:35:00-04:00,102.5
2025-07-25 12:40:00-04:00,105.0
2025-07-25 12:45:00-04:00,110.0
2025-07-25 12:50:00-04:00,120.0
2025-07-25 12:55:00-04:00,115.0
2025-07-25 13:00:00-04:00,117.5
2025-07-25 13:05:00-04:00,115.0
2025-07-25 13:10:00-04:00,130.0
2025-07-25 13:15:00-04:00,110.0
2025-07-25 13:20:00-04:00,130.0
2025-07-25 13:25:00-04:00,137.5
2025-07-25 13:30:00-04:00,165.0
2025-07-25 13:35:00-04:00,152.5
2025-07-25 13:40:00-04:00,155.0
2025-07-25 13:45:00-04:00,157.5
2025-07-25 13:50:00-04:00,150.0
2025-07-25 13:55:00-04:00,145.0
2025-07-25 14:00:00-04:00,147.5
2025-07-25 14:05:00-04:00,147.5
2025-07-25 14:10:00-04:00,167.5
2025-07-25 14:15:00-04:00,170.0
2025-07-25 14:20:00-04:00,170.0
2025-07-25 14:25:00-04:00,165.0
2025-07-25 14:30:00-04:00,172.5
2025-07-25 14:35:00-04:00,170.0
2025-07-25 14:40:00-04:00,177.5
2025-07-25 14:45:00-04:00,177.5
2025-07-25 14:50:00-04:00,167.5
2025-07-25 14:55:00-04:00,152.5
2025-07-25 15:00:00-04:00,165.0
2025-07-25 15:05:00-04:00,162.5
2025-07-25 15:10:00-04:00,175.0
2025-07-25 15:15:00-04:00,185.0
2025-07-25 15:20:00-04:00,170.0
2025-07-25 15:25:00-04:00,167.5
2025-07-25 15:30:00-04:00,160.0
2025-07-25 15:35:00-04:00,175.0
2025-07-25 15:40:00-04:00,160.0
2025-07-25 15:45:00-04:00,165.0
2025-07-25 15:50:00-04:00,122.5
2025-07-25 15:55:00-04:00,122.5
2025-07-28 09:30:00-04:00,0.0
2025-07-28 09:35:00-04:00,0.0
2025-07-28 09:40:00-04:00,0.0
2025-07-28 09:45:00-04:00,0.0
2025-07-28 09:50:00-04:00,0.0
2025-07-28 09:55:00-04:00,0.0
2025-07-28 10:00:00-04:00,0.0
2025-07-28 10:05:00-04:00,6.25
2025-07-28 10:10:00-04:00,6.25
2025-07-28 10:15:00-04:00,-8.75
2025-07-28 10:20:00-04:00,-41.25
2025-07-28 10:25:00-04:00,-18.75
2025-07-28 10:30:00-04:00,-33.75
2025-07-28 10:35:00-04:00,-26.25
2025-07-28 10:40:00-04:00,-13.75
2025-07-28 10:45:00-04:00,-26.25
2025-07-28 10:50:00-04:00,-28.75
2025-07-28 10:55:00-04:00,-28.75
2025-07-28 11:00:00-04:00,-71.25
2025-07-28 11:05:00-04:00,-63.75
2025-07-28 11:10:00-04:00,-50.0
2025-07-28 11:15:00-04:00,-102.5
2025-07-28 11:20:00-04:00,-102.5
2025-07-28 11:25:00-04:00,-102.5
2025-07-28 11:30:00-04:00,-102.5
2025-07-28 11:35:00-04:00,-102.5
2025-07-28 11:40:00-04:00,-102.5
2025-07-28 11:45:00-04:00,-102.5
2025-07-28 11:50:00-04:00,-96.25
2025-07-28 11:55:00-04:00,-96.25
2025-07-28 12:00:00-04:00,-96.25
2025-07-28 12:05:00-04:00,-96.25
2025-07-28 12:10:00-04:00,-96.25
2025-07-28 12:15:00-04:00,-96.25
2025-07-28 12:20:00-04:00,-96.25
2025-07-28 12:25:00-04:00,-96.25
2025-07-28 12:30:00-04:00,-96.25
2025-07-28 12:35:00-04:00,-96.25
2025-07-28 12:40:00-04:00,-96.25
2025-07-28 12:45:00-04:00,-96.25
2025-07-28 12:50:00-04:00,-96.25
2025-07-28 12:55:00-04:00,-127.5
2025-07-28 13:00:00-04:00,-127.5
2025-07-28 13:05:00-04:00,-127.5
2025-07-28 13:10:00-04:00,-127.5
2025-07-28 13:15:00-04:00,-127.5
2025-07-28 13:20:00-04:00,-127.5
2025-07-28 13:25:00-04:00,-127.5
2025-07-28 13:30:00-04:00,-127.5
2025-07-28 13:35:00-04:00,-127.5
2025-07-28 13:40:00-04:00,-127.5
2025-07-28 13:45:00-04:00,-127.5
2025-07-28 13:50:00-04:00,-127.5
2025-07-28 13:55:00-04:00,-127.5
2025-07-28 14:00:00-04:00,-127.5
2025-07-28 14:05:00-04:00,-127.5
2025-07-28 14:10:00-04:00,-127.5
2025-07-28 14:15:00-04:00,-127.5
2025-07-28 14:20:00-04:00,-127.5
2025-07-28 14:25:00-04:00,-127.5
2025-07-28 14:30:00-04:00,-127.5
2025-07-28 14:35:00-04:00,-127.5
2025-07-28 14:40:00-04:00,-127.5
2025-07-28 14:45:00-04:00,-127.5
2025-07-28 14:50:00-04:00,-127.5
2025-07-28 14:55:00-04:00,-127.5
2025-07-28 15:00:00-04:00,-127.5
2025-07-28 15:05:00-04:00,-127.5
2025-07-28 15:10:00-04:00,-127.5
2025-07-28 15:15:00-04:00,-127.5
2025-07-28 15:20:00-04:00,-127.5
2025-07-28 15:25:00-04:00,-127.5
2025-07-28 15:30:00-04:00,-127.5
2025-07-28 15:35:00-04:00,-122.5
2025-07-28 15:40:00-04:00,-122.5
2025-07-28 15:45:00-04:00,-122.5
2025-07-28 15:50:00-04:00,-122.5
2025-07-28 15:55:00-04:00,-122.5
2025-07-29 09:30:00-04:00,0.0
2025-07-29 09:35:00-04:00,0.0
2025-07-29 09:40:00-04:00,0.0
2025-07-29 09:45:00-04:00,0.0
2025-07-29 09:50:00-04:00,0.0
2025-07-29 09:55:00-04:00,0.0
2025-07-29 10:00:00-04:00,0.0
2025-07-29 10:05:00-04:00,0.0
2025-07-29 10:10:00-04:00,0.0
2025-07-29 10:15:00-04:00,0.0
2025-07-29 10:20:00-04:00,0.0
2025-07-29 10:25:00-04:00,0.0
2025-07-29 10:30:00-04:00,0.0
2025-07-29 10:35:00-04:00,0.0
2025-07-29 10:40:00-04:00,0.0
2025-07-29 10:45:00-04:00,0.0
2025-07-29 10:50:00-04:00,0.0
2025-07-29 10:55:00-04:00,-5.0
2025-07-29 11:00:00-04:00,10.0
2025-07-29 11:05:00-04:00,20.0
2025-07-29 11:10:00-04:00,27.5
2025-07-29 11:15:00-04:00,47.5
2025-07-29 11:20:00-04:00,72.5
2025-07-29 11:25:00-04:00,137.5
2025-07-29 11:30:00-04:00,112.5
2025-07-29 11:35:00-04:00,140.0
2025-07-29 11:40:00-04:00,157.5
2025-07-29 11:45:00-04:00,82.5
2025-07-29 11:50:00-04:00,60.0
2025-07-29 11:55:00-04:00,80.0
2025-07-29 12:00:00-04:00,72.5
2025-07-29 12:05:00-04:00,92.5
2025-07-29 12:10:00-04:00,100.0
2025-07-29 12:15:00-04:00,92.5
2025-07-29 12:20:00-04:00,107.5
2025-07-29 12:25:00-04:00,100.0
2025-07-29 12:30:00-04:00,115.0
2025-07-29 12:35:00-04:00,147.5
2025-07-29 12:40:00-04:00,95.0
2025-07-29 12:45:00-04:00,110.0
2025-07-29 12:50:00-04:00,80.0
2025-07-29 12:55:00-04:00,50.0
2025-07-29 13:00:00-04:00,17.5
2025-07-29 13:05:00-04:00,17.5
2025-07-29 13:10:00-04:00,17.5
2025-07-29 13:15:00-04:00,17.5
2025-07-29 13:20:00-04:00,17.5
2025-07-29 13:25:00-04:00,17.5
2025-07-29 13:30:00-04:00,17.5
2025-07-29 13:35:00-04:00,17.5
2025-07-29 13:40:00-04:00,17.5
2025-07-29 13:45:00-04:00,17.5
2025-07-29 13:50:00-04:00,17.5
2025-07-29 13:55:00-04:00,2.5
2025-07-29 14:00:00-04:00,-7.5
2025-07-29 14:05:00-04:00,27.5
2025-07-29 14:10:00-04:00,17.5
2025-07-29 14:15:00-04:00,-2.5
2025-07-29 14:20:00-04:00,40.0
2025-07-29 14:25:00-04:00,35.0
2025-07-29 14:30:00-04:00,7.5
2025-07-29 14:35:00-04:00,-10.0
2025-07-29 14:40:00-04:00,-2.5
2025-07-29 14:45:00-04:00,12.5
2025-07-29 14:50:00-04:00,17.5
2025-07-29 14:55:00-04:00,30.0
2025-07-29 15:00:00-04:00,22.5
2025-07-29 15:05:00-04:00,17.5
2025-07-29 15:10:00-04:00,12.5
2025-07-29 15:15:00-04:00,12.5
2025-07-29 15:20:00-04:00,12.5
2025-07-29 15:25:00-04:00,12.5
2025-07-29 15:30:00-04:00,35.0
2025-07-29 15:35:00-04:00,100.0
2025-07-29 15:40:00-04:00,62.5
2025-07-29 15:45:00-04:00,25.0
2025-07-29 15:50:00-04:00,22.5
2025-07-29 15:55:00-04:00,5.0
2025-07-30 09:30:00-04:00,0.0
2025-07-30 09:35:00-04:00,0.0
2025-07-30 09:40:00-04:00,0.0
2025-07-30 09:45:00-04:00,-15.0
2025-07-30 09:50:00-04:00,-15.0
2025-07-30 09:55:00-04:00,2.5
2025-07-30 10:00:00-04:00,-25.0
2025-07-30 10:05:00-04:00,-10.0
2025-07-30 10:10:00-04:00,0.0
2025-07-30 10:15:00-04:00,42.5
2025-07-30 10:20:00-04:00,87.5
2025-07-30 10:25:00-04:00,65.0
2025-07-30 10:30:00-04:00,82.5
2025-07-30 10:35:00-04:00,85.0
2025-07-30 10:40:00-04:00,77.5
2025-07-30 10:45:00-04:00,62.5
2025-07-30 10:50:00-04:00,75.0
2025-07-30 10:55:00-04:00,52.5
2025-07-30 11:00:00-04:00,15.0
2025-07-30 11:05:00-04:00,5.0
2025-07-30 11:10:00-04:00,-37.5
2025-07-30 11:15:00-04:00,-37.5
2025-07-30 11:20:00-04:00,-36.25
2025-07-30 11:25:00-04:00,-36.25
2025-07-30 11:30:00-04:00,-36.25
2025-07-30 11:35:00-04:00,-36.25
2025-07-30 11:40:00-04:00,-36.25
2025-07-30 11:45:00-04:00,-36.25
2025-07-30 11:50:00-04:00,-36.25
2025-07-30 11:55:00-04:00,-36.25
2025-07-30 12:00:00-04:00,-36.25
2025-07-30 12:05:00-04:00,-36.25
2025-07-30 12:10:00-04:00,-36.25
2025-07-30 12:15:00-04:00,-36.25
2025-07-30 12:20:00-04:00,-13.75
2025-07-30 12:25:00-04:00,-18.75
2025-07-30 12:30:00-04:00,-21.25
2025-07-30 12:35:00-04:00,-33.75
2025-07-30 12:40:00-04:00,-41.25
2025-07-30 12:45:00-04:00,-38.75
2025-07-30 12:50:00-04:00,-28.75
2025-07-30 12:55:00-04:00,-31.25
2025-07-30 13:00:00-04:00,-16.25
2025-07-30 13:05:00-04:00,-46.25
2025-07-30 13:10:00-04:00,-46.25
2025-07-30 13:15:00-04:00,-46.25
2025-07-30 13:20:00-04:00,-56.25
2025-07-30 13:25:00-04:00,-56.25
2025-07-30 13:30:00-04:00,-33.75
2025-07-30 13:35:00-04:00,-8.75
2025-07-30 13:40:00-04:00,11.25
2025-07-30 13:45:00-04:00,-23.75
2025-07-30 13:50:00-04:00,-11.25
2025-07-30 13:55:00-04:00,-11.25
2025-07-30 14:00:00-04:00,-36.25
2025-07-30 14:05:00-04:00,-18.75
2025-07-30 14:10:00-04:00,-41.25
2025-07-30 14:15:00-04:00,-41.25
2025-07-30 14:20:00-04:00,-28.75
2025-07-30 14:25:00-04:00,3.75
2025-07-30 14:30:00-04:00,56.25
2025-07-30 14:35:00-04:00,-46.25
2025-07-30 14:40:00-04:00,-36.25
2025-07-30 14:45:00-04:00,-83.75
2025-07-30 14:50:00-04:00,-176.25
2025-07-30 14:55:00-04:00,-176.25
2025-07-30 15:00:00-04:00,-176.25
2025-07-30 15:05:00-04:00,-176.25
2025-07-30 15:10:00-04:00,-176.25
2025-07-30 15:15:00-04:00,-176.25
2025-07-30 15:20:00-04:00,-176.25
2025-07-30 15:25:00-04:00,-176.25
2025-07-30 15:30:00-04:00,-176.25
2025-07-30 15:35:00-04:00,-176.25
2025-07-30 15:40:00-04:00,-176.25
2025-07-30 15:45:00-04:00,-176.25
2025-07-30 15:50:00-04:00,-176.25
2025-07-30 15:55:00-04:00,-176.25
2025-07-31 09:30:00-04:00,0.0
2025-07-31 09:35:00-04:00,-37.5
2025-07-31 09:40:00-04:00,-37.5
2025-07-31 09:45:00-04:00,-5.0
2025-07-31 09:50:00-04:00,85.0
2025-07-31 09:55:00-04:00,80.0
2025-07-31 10:00:00-04:00,80.0
2025-07-31 10:05:00-04:00,97.5
2025-07-31 10:10:00-04:00,75.0
2025-07-31 10:15:00-04:00,90.0
2025-07-31 10:20:00-04:00,55.0
2025-07-31 10:25:00-04:00,27.5
2025-07-31 10:30:00-04:00,-2.5
2025-07-31 10:35:00-04:00,0.0
2025-07-31 10:40:00-04:00,-10.0
2025-07-31 10:45:00-04:00,-50.0
2025-07-31 10:50:00-04:00,-83.75
2025-07-31 10:55:00-04:00,-83.75
2025-07-31 11:00:00-04:00,-137.5
2025-07-31 11:05:00-04:00,-137.5
2025-07-31 11:10:00-04:00,-137.5
2025-07-31 11:15:00-04:00,-137.5
2025-07-31 11:20:00-04:00,-137.5
2025-07-31 11:25:00-04:00,-137.5
2025-07-31 11:30:00-04:00,-137.5
2025-07-31 11:35:00-04:00,-137.5
2025-07-31 11:40:00-04:00,-137.5
2025-07-31 11:45:00-04:00,-137.5
2025-07-31 11:50:00-04:00,-137.5
2025-07-31 11:55:00-04:00,-137.5
2025-07-31 12:00:00-04:00,-137.5
2025-07-31 12:05:00-04:00,-137.5
2025-07-31 12:10:00-04:00,-137.5
2025-07-31 12:15:00-04:00,-137.5
2025-07-31 12:20:00-04:00,-125.0
2025-07-31 12:25:00-04:00,-112.5
2025-07-31 12:30:00-04:00,-105.0
2025-07-31 12:35:00-04:00,-110.0
2025-07-31 12:40:00-04:00,-110.0
2025-07-31 12:45:00-04:00,-132.5
2025-07-31 12:50:00-04:00,-135.0
2025-07-31 12:55:00-04:00,-142.5
2025-07-31 13:00:00-04:00,-175.0
2025-07-31 13:05:00-04:00,-175.0
2025-07-31 13:10:00-04:00,-218.75
2025-07-31 13:15:00-04:00,-221.875
2025-07-31 13:20:00-04:00,-307.5
2025-07-31 13:25:00-04:00,-307.5
2025-07-31 13:30:00-04:00,-307.5
2025-07-31 13:35:00-04:00,-307.5
2025-07-31 13:40:00-04:00,-307.5
2025-07-31 13:45:00-04:00,-307.5
2025-07-31 13:50:00-04:00,-307.5
2025-07-31 13:55:00-04:00,-307.5
2025-07-31 14:00:00-04:00,-307.5
2025-07-31 14:05:00-04:00,-307.5
2025-07-31 14:10:00-04:00,-307.5
2025-07-31 14:15:00-04:00,-307.5
2025-07-31 14:20:00-04:00,-307.5
2025-07-31 14:25:00-04:00,-307.5
2025-07-31 14:30:00-04:00,-307.5
2025-07-31 14:35:00-04:00,-307.5
2025-07-31 14:40:00-04:00,-307.5
2025-07-31 14:45:00-04:00,-307.5
2025-07-31 14:50:00-04:00,-307.5
2025-07-31 14:55:00-04:00,-307.5
2025-07-31 15:00:00-04:00,-307.5
2025-07-31 15:05:00-04:00,-307.5
2025-07-31 15:10:00-04:00,-307.5
2025-07-31 15:15:00-04:00,-307.5
2025-07-31 15:20:00-04:00,-307.5
2025-07-31 15:25:00-04:00,-307.5
2025-07-31 15:30:00-04:00,-336.25
2025-07-31 15:35:00-04:00,-336.25
2025-07-31 15:40:00-04:00,-336.25
2025-07-31 15:45:00-04:00,-336.25
2025-07-31 15:50:00-04:00,-336.25
2025-07-31 15:55:00-04:00,-336.25
