ts_event,equity
2025-02-03 09:30:00-05:00,0.0
2025-02-03 09:35:00-05:00,0.0
2025-02-03 09:40:00-05:00,0.0
2025-02-03 09:45:00-05:00,0.0
2025-02-03 09:50:00-05:00,0.0
2025-02-03 09:55:00-05:00,0.0
2025-02-03 10:00:00-05:00,0.0
2025-02-03 10:05:00-05:00,0.0
2025-02-03 10:10:00-05:00,0.0
2025-02-03 10:15:00-05:00,0.0
2025-02-03 10:20:00-05:00,0.0
2025-02-03 10:25:00-05:00,0.0
2025-02-03 10:30:00-05:00,0.0
2025-02-03 10:35:00-05:00,0.0
2025-02-03 10:40:00-05:00,0.0
2025-02-03 10:45:00-05:00,0.0
2025-02-03 10:50:00-05:00,0.0
2025-02-03 10:55:00-05:00,0.0
2025-02-03 11:00:00-05:00,-0.5
2025-02-03 11:05:00-05:00,-31.0
2025-02-03 11:10:00-05:00,-31.5
2025-02-03 11:15:00-05:00,-40.5625
2025-02-03 11:20:00-05:00,-11.8125
2025-02-03 11:25:00-05:00,-56.8125
2025-02-03 11:30:00-05:00,-62.0
2025-02-03 11:35:00-05:00,-62.5
2025-02-03 11:40:00-05:00,-93.0
2025-02-03 11:45:00-05:00,-93.5
2025-02-03 11:50:00-05:00,-118.1875
2025-02-03 11:55:00-05:00,-124.0
2025-02-03 12:00:00-05:00,-124.5
2025-02-03 12:05:00-05:00,-155.0
2025-02-03 12:10:00-05:00,-155.5
2025-02-03 12:15:00-05:00,-158.8125
2025-02-03 12:20:00-05:00,-158.8125
2025-02-03 12:25:00-05:00,-158.8125
2025-02-03 12:30:00-05:00,-158.8125
2025-02-03 12:35:00-05:00,-158.8125
2025-02-03 12:40:00-05:00,-158.8125
2025-02-03 12:45:00-05:00,-158.8125
2025-02-03 12:50:00-05:00,-158.8125
2025-02-03 12:55:00-05:00,-158.8125
2025-02-03 13:00:00-05:00,-158.8125
2025-02-03 13:05:00-05:00,-158.8125
2025-02-03 13:10:00-05:00,-158.8125
2025-02-03 13:15:00-05:00,-158.8125
2025-02-03 13:20:00-05:00,-158.8125
2025-02-03 13:25:00-05:00,-158.8125
2025-02-03 13:30:00-05:00,-159.3125
2025-02-03 13:35:00-05:00,-174.3125
2025-02-03 13:40:00-05:00,-189.8125
2025-02-03 13:45:00-05:00,-190.3125
2025-02-03 13:50:00-05:00,-177.8125
2025-02-03 13:55:00-05:00,-167.8125
2025-02-03 14:00:00-05:00,-171.5625
2025-02-03 14:05:00-05:00,-175.3125
2025-02-03 14:10:00-05:00,-147.8125
2025-02-03 14:15:00-05:00,-121.5625
2025-02-03 14:20:00-05:00,-121.5625
2025-02-03 14:25:00-05:00,-129.0625
2025-02-03 14:30:00-05:00,-131.5625
2025-02-03 14:35:00-05:00,-137.8125
2025-02-03 14:40:00-05:00,-135.3125
2025-02-03 14:45:00-05:00,-106.5625
2025-02-03 14:50:00-05:00,-105.3125
2025-02-03 14:55:00-05:00,-130.3125
2025-02-03 15:00:00-05:00,-131.5625
2025-02-03 15:05:00-05:00,-139.0625
2025-02-03 15:10:00-05:00,-152.8125
2025-02-03 15:15:00-05:00,-157.8125
2025-02-03 15:20:00-05:00,-142.8125
2025-02-03 15:25:00-05:00,-181.5625
2025-02-03 15:30:00-05:00,-175.8125
2025-02-03 15:35:00-05:00,-175.8125
2025-02-03 15:40:00-05:00,-175.8125
2025-02-03 15:45:00-05:00,-175.8125
2025-02-03 15:50:00-05:00,-175.8125
2025-02-03 15:55:00-05:00,-175.8125
2025-02-04 09:30:00-05:00,0.0
2025-02-04 09:35:00-05:00,0.0
2025-02-04 09:40:00-05:00,0.0
2025-02-04 09:45:00-05:00,0.0
2025-02-04 09:50:00-05:00,0.0
2025-02-04 09:55:00-05:00,0.0
2025-02-04 10:00:00-05:00,0.0
2025-02-04 10:05:00-05:00,0.0
2025-02-04 10:10:00-05:00,-0.5
2025-02-04 10:15:00-05:00,-9.5625
2025-02-04 10:20:00-05:00,-8.3125
2025-02-04 10:25:00-05:00,-5.8125
2025-02-04 10:30:00-05:00,-23.3125
2025-02-04 10:35:00-05:00,-8.3125
2025-02-04 10:40:00-05:00,16.6875
2025-02-04 10:45:00-05:00,-5.8125
2025-02-04 10:50:00-05:00,-10.8125
2025-02-04 10:55:00-05:00,-20.8125
2025-02-04 11:00:00-05:00,-9.5625
2025-02-04 11:05:00-05:00,22.9375
2025-02-04 11:10:00-05:00,30.4375
2025-02-04 11:15:00-05:00,36.6875
2025-02-04 11:20:00-05:00,31.6875
2025-02-04 11:25:00-05:00,40.4375
2025-02-04 11:30:00-05:00,52.9375
2025-02-04 11:35:00-05:00,55.4375
2025-02-04 11:40:00-05:00,39.1875
2025-02-04 11:45:00-05:00,22.9375
2025-02-04 11:50:00-05:00,10.4375
2025-02-04 11:55:00-05:00,16.6875
2025-02-04 12:00:00-05:00,35.4375
2025-02-04 12:05:00-05:00,35.4375
2025-02-04 12:10:00-05:00,32.9375
2025-02-04 12:15:00-05:00,-14.5625
2025-02-04 12:20:00-05:00,-25.8125
2025-02-04 12:25:00-05:00,-31.0
2025-02-04 12:30:00-05:00,-31.0
2025-02-04 12:35:00-05:00,-31.0
2025-02-04 12:40:00-05:00,-31.0
2025-02-04 12:45:00-05:00,-31.0
2025-02-04 12:50:00-05:00,-31.0
2025-02-04 12:55:00-05:00,-31.0
2025-02-04 13:00:00-05:00,-31.0
2025-02-04 13:05:00-05:00,-31.0
2025-02-04 13:10:00-05:00,-31.0
2025-02-04 13:15:00-05:00,-31.0
2025-02-04 13:20:00-05:00,-31.0
2025-02-04 13:25:00-05:00,-31.0
2025-02-04 13:30:00-05:00,-31.0
2025-02-04 13:35:00-05:00,-31.5
2025-02-04 13:40:00-05:00,-41.5
2025-02-04 13:45:00-05:00,-37.75
2025-02-04 13:50:00-05:00,-42.75
2025-02-04 13:55:00-05:00,-49.0
2025-02-04 14:00:00-05:00,-59.0
2025-02-04 14:05:00-05:00,-26.5
2025-02-04 14:10:00-05:00,-9.0
2025-02-04 14:15:00-05:00,-2.75
2025-02-04 14:20:00-05:00,1.0
2025-02-04 14:25:00-05:00,1.0
2025-02-04 14:30:00-05:00,9.75
2025-02-04 14:35:00-05:00,14.75
2025-02-04 14:40:00-05:00,6.0
2025-02-04 14:45:00-05:00,2.25
2025-02-04 14:50:00-05:00,-1.5
2025-02-04 14:55:00-05:00,-42.75
2025-02-04 15:00:00-05:00,-24.0
2025-02-04 15:05:00-05:00,-14.0
2025-02-04 15:10:00-05:00,-4.0
2025-02-04 15:15:00-05:00,-10.25
2025-02-04 15:20:00-05:00,-26.5
2025-02-04 15:25:00-05:00,-34.0
2025-02-04 15:30:00-05:00,-26.6875
2025-02-04 15:35:00-05:00,-26.6875
2025-02-04 15:40:00-05:00,-26.6875
2025-02-04 15:45:00-05:00,-26.6875
2025-02-04 15:50:00-05:00,-26.6875
2025-02-04 15:55:00-05:00,-26.6875
2025-02-05 09:30:00-05:00,0.0
2025-02-05 09:35:00-05:00,0.0
2025-02-05 09:40:00-05:00,0.0
2025-02-05 09:45:00-05:00,0.0
2025-02-05 09:50:00-05:00,0.0
2025-02-05 09:55:00-05:00,0.0
2025-02-05 10:00:00-05:00,0.0
2025-02-05 10:05:00-05:00,0.0
2025-02-05 10:10:00-05:00,0.0
2025-02-05 10:15:00-05:00,0.0
2025-02-05 10:20:00-05:00,0.0
2025-02-05 10:25:00-05:00,0.0
2025-02-05 10:30:00-05:00,0.0
2025-02-05 10:35:00-05:00,0.0
2025-02-05 10:40:00-05:00,0.0
2025-02-05 10:45:00-05:00,0.0
2025-02-05 10:50:00-05:00,0.0
2025-02-05 10:55:00-05:00,0.0
2025-02-05 11:00:00-05:00,0.0
2025-02-05 11:05:00-05:00,0.0
2025-02-05 11:10:00-05:00,0.0
2025-02-05 11:15:00-05:00,0.0
2025-02-05 11:20:00-05:00,0.0
2025-02-05 11:25:00-05:00,0.0
2025-02-05 11:30:00-05:00,0.0
2025-02-05 11:35:00-05:00,0.0
2025-02-05 11:40:00-05:00,0.0
2025-02-05 11:45:00-05:00,0.0
2025-02-05 11:50:00-05:00,0.0
2025-02-05 11:55:00-05:00,0.0
2025-02-05 12:00:00-05:00,-0.5
2025-02-05 12:05:00-05:00,-1.75
2025-02-05 12:10:00-05:00,-1.75
2025-02-05 12:15:00-05:00,-11.75
2025-02-05 12:20:00-05:00,-28.0
2025-02-05 12:25:00-05:00,-19.25
2025-02-05 12:30:00-05:00,-20.5
2025-02-05 12:35:00-05:00,-24.25
2025-02-05 12:40:00-05:00,-24.25
2025-02-05 12:45:00-05:00,-15.5
2025-02-05 12:50:00-05:00,-26.75
2025-02-05 12:55:00-05:00,-15.5
2025-02-05 13:00:00-05:00,-10.5
2025-02-05 13:05:00-05:00,-14.25
2025-02-05 13:10:00-05:00,-21.75
2025-02-05 13:15:00-05:00,-14.25
2025-02-05 13:20:00-05:00,-11.75
2025-02-05 13:25:00-05:00,-31.0
2025-02-05 13:30:00-05:00,-31.5
2025-02-05 13:35:00-05:00,-27.75
2025-02-05 13:40:00-05:00,-19.0
2025-02-05 13:45:00-05:00,-16.5
2025-02-05 13:50:00-05:00,-27.75
2025-02-05 13:55:00-05:00,-32.75
2025-02-05 14:00:00-05:00,-20.25
2025-02-05 14:05:00-05:00,-11.5
2025-02-05 14:10:00-05:00,-0.25
2025-02-05 14:15:00-05:00,1.0
2025-02-05 14:20:00-05:00,-1.5
2025-02-05 14:25:00-05:00,-4.0
2025-02-05 14:30:00-05:00,-9.0
2025-02-05 14:35:00-05:00,-11.5
2025-02-05 14:40:00-05:00,-9.0
2025-02-05 14:45:00-05:00,-14.0
2025-02-05 14:50:00-05:00,-20.25
2025-02-05 14:55:00-05:00,-20.25
2025-02-05 15:00:00-05:00,-12.75
2025-02-05 15:05:00-05:00,-14.0
2025-02-05 15:10:00-05:00,-0.25
2025-02-05 15:15:00-05:00,3.5
2025-02-05 15:20:00-05:00,17.25
2025-02-05 15:25:00-05:00,16.0
2025-02-05 15:30:00-05:00,12.25
2025-02-05 15:35:00-05:00,4.75
2025-02-05 15:40:00-05:00,-20.25
2025-02-05 15:45:00-05:00,-17.75
2025-02-05 15:50:00-05:00,-25.25
2025-02-05 15:55:00-05:00,8.5
2025-02-06 09:30:00-05:00,-0.5
2025-02-06 09:35:00-05:00,-31.0
2025-02-06 09:40:00-05:00,-31.5
2025-02-06 09:45:00-05:00,-22.75
2025-02-06 09:50:00-05:00,-32.75
2025-02-06 09:55:00-05:00,-56.5
2025-02-06 10:00:00-05:00,-55.25
2025-02-06 10:05:00-05:00,-55.25
2025-02-06 10:10:00-05:00,-32.75
2025-02-06 10:15:00-05:00,-21.5
2025-02-06 10:20:00-05:00,-52.75
2025-02-06 10:25:00-05:00,-62.0
2025-02-06 10:30:00-05:00,-62.5
2025-02-06 10:35:00-05:00,-93.0
2025-02-06 10:40:00-05:00,-93.5
2025-02-06 10:45:00-05:00,-124.0
2025-02-06 10:50:00-05:00,-124.5
2025-02-06 10:55:00-05:00,-124.0625
2025-02-06 11:00:00-05:00,-124.0625
2025-02-06 11:05:00-05:00,-124.0625
2025-02-06 11:10:00-05:00,-124.0625
2025-02-06 11:15:00-05:00,-124.0625
2025-02-06 11:20:00-05:00,-124.0625
2025-02-06 11:25:00-05:00,-124.0625
2025-02-06 11:30:00-05:00,-124.5625
2025-02-06 11:35:00-05:00,-151.125
2025-02-06 11:40:00-05:00,-148.625
2025-02-06 11:45:00-05:00,-155.0625
2025-02-06 11:50:00-05:00,-155.5625
2025-02-06 11:55:00-05:00,-172.4375
2025-02-06 12:00:00-05:00,-184.9375
2025-02-06 12:05:00-05:00,-177.4375
2025-02-06 12:10:00-05:00,-183.6875
2025-02-06 12:15:00-05:00,-186.0625
2025-02-06 12:20:00-05:00,-186.5625
2025-02-06 12:25:00-05:00,-206.875
2025-02-06 12:30:00-05:00,-217.0625
2025-02-06 12:35:00-05:00,-217.0625
2025-02-06 12:40:00-05:00,-217.0625
2025-02-06 12:45:00-05:00,-217.0625
2025-02-06 12:50:00-05:00,-217.0625
2025-02-06 12:55:00-05:00,-217.5625
2025-02-06 13:00:00-05:00,-221.9375
2025-02-06 13:05:00-05:00,-231.9375
2025-02-06 13:10:00-05:00,-238.1875
2025-02-06 13:15:00-05:00,-235.6875
2025-02-06 13:20:00-05:00,-225.6875
2025-02-06 13:25:00-05:00,-230.6875
2025-02-06 13:30:00-05:00,-221.9375
2025-02-06 13:35:00-05:00,-239.4375
2025-02-06 13:40:00-05:00,-244.4375
2025-02-06 13:45:00-05:00,-244.4375
2025-02-06 13:50:00-05:00,-244.4375
2025-02-06 13:55:00-05:00,-248.0625
2025-02-06 14:00:00-05:00,-248.0625
2025-02-06 14:05:00-05:00,-248.0625
2025-02-06 14:10:00-05:00,-248.0625
2025-02-06 14:15:00-05:00,-248.0625
2025-02-06 14:20:00-05:00,-248.0625
2025-02-06 14:25:00-05:00,-248.0625
2025-02-06 14:30:00-05:00,-248.0625
2025-02-06 14:35:00-05:00,-248.0625
2025-02-06 14:40:00-05:00,-248.0625
2025-02-06 14:45:00-05:00,-248.0625
2025-02-06 14:50:00-05:00,-248.0625
2025-02-06 14:55:00-05:00,-248.0625
2025-02-06 15:00:00-05:00,-248.0625
2025-02-06 15:05:00-05:00,-248.0625
2025-02-06 15:10:00-05:00,-248.0625
2025-02-06 15:15:00-05:00,-248.0625
2025-02-06 15:20:00-05:00,-248.0625
2025-02-06 15:25:00-05:00,-248.0625
2025-02-06 15:30:00-05:00,-248.0625
2025-02-06 15:35:00-05:00,-248.0625
2025-02-06 15:40:00-05:00,-248.0625
2025-02-06 15:45:00-05:00,-248.0625
2025-02-06 15:50:00-05:00,-248.0625
2025-02-06 15:55:00-05:00,-248.0625
2025-02-07 09:30:00-05:00,-0.5
2025-02-07 09:35:00-05:00,-17.0625
2025-02-07 09:40:00-05:00,7.9375
2025-02-07 09:45:00-05:00,21.6875
2025-02-07 09:50:00-05:00,32.9375
2025-02-07 09:55:00-05:00,22.9375
2025-02-07 10:00:00-05:00,-31.0
2025-02-07 10:05:00-05:00,-31.0
2025-02-07 10:10:00-05:00,-31.0
2025-02-07 10:15:00-05:00,-31.0
2025-02-07 10:20:00-05:00,-31.0
2025-02-07 10:25:00-05:00,-31.0
2025-02-07 10:30:00-05:00,-31.0
2025-02-07 10:35:00-05:00,-31.0
2025-02-07 10:40:00-05:00,-31.0
2025-02-07 10:45:00-05:00,-31.0
2025-02-07 10:50:00-05:00,-31.0
2025-02-07 10:55:00-05:00,-31.0
2025-02-07 11:00:00-05:00,-31.0
2025-02-07 11:05:00-05:00,-31.0
2025-02-07 11:10:00-05:00,-31.0
2025-02-07 11:15:00-05:00,-31.0
2025-02-07 11:20:00-05:00,-31.0
2025-02-07 11:25:00-05:00,-31.0
2025-02-07 11:30:00-05:00,-31.0
2025-02-07 11:35:00-05:00,-31.0
2025-02-07 11:40:00-05:00,-31.0
2025-02-07 11:45:00-05:00,-31.0
2025-02-07 11:50:00-05:00,-31.0
2025-02-07 11:55:00-05:00,-31.0
2025-02-07 12:00:00-05:00,-31.0
2025-02-07 12:05:00-05:00,-31.0
2025-02-07 12:10:00-05:00,-31.0
2025-02-07 12:15:00-05:00,-31.0
2025-02-07 12:20:00-05:00,-31.0
2025-02-07 12:25:00-05:00,-31.0
2025-02-07 12:30:00-05:00,-31.0
2025-02-07 12:35:00-05:00,-31.0
2025-02-07 12:40:00-05:00,-31.0
2025-02-07 12:45:00-05:00,-31.0
2025-02-07 12:50:00-05:00,-31.0
2025-02-07 12:55:00-05:00,-31.0
2025-02-07 13:00:00-05:00,-31.0
2025-02-07 13:05:00-05:00,-31.0
2025-02-07 13:10:00-05:00,-31.0
2025-02-07 13:15:00-05:00,-31.0
2025-02-07 13:20:00-05:00,-31.0
2025-02-07 13:25:00-05:00,-31.0
2025-02-07 13:30:00-05:00,-31.0
2025-02-07 13:35:00-05:00,-31.0
2025-02-07 13:40:00-05:00,-31.0
2025-02-07 13:45:00-05:00,-31.0
2025-02-07 13:50:00-05:00,-31.0
2025-02-07 13:55:00-05:00,-31.0
2025-02-07 14:00:00-05:00,-31.0
2025-02-07 14:05:00-05:00,-31.0
2025-02-07 14:10:00-05:00,-31.0
2025-02-07 14:15:00-05:00,-31.0
2025-02-07 14:20:00-05:00,-31.0
2025-02-07 14:25:00-05:00,-31.0
2025-02-07 14:30:00-05:00,-31.0
2025-02-07 14:35:00-05:00,-31.0
2025-02-07 14:40:00-05:00,-31.0
2025-02-07 14:45:00-05:00,-31.0
2025-02-07 14:50:00-05:00,-31.0
2025-02-07 14:55:00-05:00,-31.0
2025-02-07 15:00:00-05:00,-31.5
2025-02-07 15:05:00-05:00,-41.1875
2025-02-07 15:10:00-05:00,-37.4375
2025-02-07 15:15:00-05:00,-23.6875
2025-02-07 15:20:00-05:00,-33.6875
2025-02-07 15:25:00-05:00,-27.4375
2025-02-07 15:30:00-05:00,-47.4375
2025-02-07 15:35:00-05:00,-51.1875
2025-02-07 15:40:00-05:00,-41.1875
2025-02-07 15:45:00-05:00,-41.1875
2025-02-07 15:50:00-05:00,-57.4375
2025-02-07 15:55:00-05:00,-46.1875
2025-02-10 09:30:00-05:00,0.0
2025-02-10 09:35:00-05:00,0.0
2025-02-10 09:40:00-05:00,0.0
2025-02-10 09:45:00-05:00,0.0
2025-02-10 09:50:00-05:00,0.0
2025-02-10 09:55:00-05:00,0.0
2025-02-10 10:00:00-05:00,-0.5
2025-02-10 10:05:00-05:00,12.9375
2025-02-10 10:10:00-05:00,20.4375
2025-02-10 10:15:00-05:00,20.4375
2025-02-10 10:20:00-05:00,14.1875
2025-02-10 10:25:00-05:00,27.9375
2025-02-10 10:30:00-05:00,45.4375
2025-02-10 10:35:00-05:00,42.9375
2025-02-10 10:40:00-05:00,36.6875
2025-02-10 10:45:00-05:00,51.6875
2025-02-10 10:50:00-05:00,60.4375
2025-02-10 10:55:00-05:00,50.4375
2025-02-10 11:00:00-05:00,51.6875
2025-02-10 11:05:00-05:00,36.6875
2025-02-10 11:10:00-05:00,36.6875
2025-02-10 11:15:00-05:00,12.9375
2025-02-10 11:20:00-05:00,11.6875
2025-02-10 11:25:00-05:00,21.6875
2025-02-10 11:30:00-05:00,0.4375
2025-02-10 11:35:00-05:00,14.9375
2025-02-10 11:40:00-05:00,14.9375
2025-02-10 11:45:00-05:00,14.9375
2025-02-10 11:50:00-05:00,14.9375
2025-02-10 11:55:00-05:00,14.9375
2025-02-10 12:00:00-05:00,14.9375
2025-02-10 12:05:00-05:00,14.9375
2025-02-10 12:10:00-05:00,14.9375
2025-02-10 12:15:00-05:00,14.9375
2025-02-10 12:20:00-05:00,14.9375
2025-02-10 12:25:00-05:00,14.9375
2025-02-10 12:30:00-05:00,14.9375
2025-02-10 12:35:00-05:00,14.9375
2025-02-10 12:40:00-05:00,14.9375
2025-02-10 12:45:00-05:00,14.9375
2025-02-10 12:50:00-05:00,14.9375
2025-02-10 12:55:00-05:00,14.9375
2025-02-10 13:00:00-05:00,14.4375
2025-02-10 13:05:00-05:00,12.25
2025-02-10 13:10:00-05:00,14.75
2025-02-10 13:15:00-05:00,12.25
2025-02-10 13:20:00-05:00,13.5
2025-02-10 13:25:00-05:00,12.25
2025-02-10 13:30:00-05:00,7.25
2025-02-10 13:35:00-05:00,11.0
2025-02-10 13:40:00-05:00,13.5
2025-02-10 13:45:00-05:00,18.5
2025-02-10 13:50:00-05:00,26.0
2025-02-10 13:55:00-05:00,32.25
2025-02-10 14:00:00-05:00,11.0
2025-02-10 14:05:00-05:00,24.75
2025-02-10 14:10:00-05:00,32.25
2025-02-10 14:15:00-05:00,33.5
2025-02-10 14:20:00-05:00,36.0
2025-02-10 14:25:00-05:00,28.5
2025-02-10 14:30:00-05:00,36.0
2025-02-10 14:35:00-05:00,33.5
2025-02-10 14:40:00-05:00,23.5
2025-02-10 14:45:00-05:00,17.25
2025-02-10 14:50:00-05:00,16.0
2025-02-10 14:55:00-05:00,23.5
2025-02-10 15:00:00-05:00,17.25
2025-02-10 15:05:00-05:00,28.5
2025-02-10 15:10:00-05:00,27.25
2025-02-10 15:15:00-05:00,29.75
2025-02-10 15:20:00-05:00,26.75
2025-02-10 15:25:00-05:00,26.75
2025-02-10 15:30:00-05:00,26.75
2025-02-10 15:35:00-05:00,26.75
2025-02-10 15:40:00-05:00,26.75
2025-02-10 15:45:00-05:00,26.75
2025-02-10 15:50:00-05:00,26.75
2025-02-10 15:55:00-05:00,26.75
2025-02-11 09:30:00-05:00,0.0
2025-02-11 09:35:00-05:00,0.0
2025-02-11 09:40:00-05:00,0.0
2025-02-11 09:45:00-05:00,0.0
2025-02-11 09:50:00-05:00,0.0
2025-02-11 09:55:00-05:00,0.0
2025-02-11 10:00:00-05:00,0.0
2025-02-11 10:05:00-05:00,0.0
2025-02-11 10:10:00-05:00,0.0
2025-02-11 10:15:00-05:00,0.0
2025-02-11 10:20:00-05:00,0.0
2025-02-11 10:25:00-05:00,0.0
2025-02-11 10:30:00-05:00,0.0
2025-02-11 10:35:00-05:00,0.0
2025-02-11 10:40:00-05:00,0.0
2025-02-11 10:45:00-05:00,0.0
2025-02-11 10:50:00-05:00,0.0
2025-02-11 10:55:00-05:00,0.0
2025-02-11 11:00:00-05:00,-0.5
2025-02-11 11:05:00-05:00,-12.0625
2025-02-11 11:10:00-05:00,-7.0625
2025-02-11 11:15:00-05:00,-5.8125
2025-02-11 11:20:00-05:00,1.6875
2025-02-11 11:25:00-05:00,-10.8125
2025-02-11 11:30:00-05:00,-14.5625
2025-02-11 11:35:00-05:00,-15.8125
2025-02-11 11:40:00-05:00,-3.3125
2025-02-11 11:45:00-05:00,-5.8125
2025-02-11 11:50:00-05:00,-27.0625
2025-02-11 11:55:00-05:00,-31.0
2025-02-11 12:00:00-05:00,-31.0
2025-02-11 12:05:00-05:00,-31.0
2025-02-11 12:10:00-05:00,-31.0
2025-02-11 12:15:00-05:00,-31.0
2025-02-11 12:20:00-05:00,-31.0
2025-02-11 12:25:00-05:00,-31.0
2025-02-11 12:30:00-05:00,-31.0
2025-02-11 12:35:00-05:00,-31.0
2025-02-11 12:40:00-05:00,-31.0
2025-02-11 12:45:00-05:00,-31.0
2025-02-11 12:50:00-05:00,-31.0
2025-02-11 12:55:00-05:00,-31.0
2025-02-11 13:00:00-05:00,-31.0
2025-02-11 13:05:00-05:00,-31.0
2025-02-11 13:10:00-05:00,-31.0
2025-02-11 13:15:00-05:00,-31.0
2025-02-11 13:20:00-05:00,-31.0
2025-02-11 13:25:00-05:00,-31.0
2025-02-11 13:30:00-05:00,-31.0
2025-02-11 13:35:00-05:00,-31.0
2025-02-11 13:40:00-05:00,-31.0
2025-02-11 13:45:00-05:00,-31.0
2025-02-11 13:50:00-05:00,-31.0
2025-02-11 13:55:00-05:00,-31.0
2025-02-11 14:00:00-05:00,-31.5
2025-02-11 14:05:00-05:00,-41.5
2025-02-11 14:10:00-05:00,-46.5
2025-02-11 14:15:00-05:00,-45.25
2025-02-11 14:20:00-05:00,-39.0
2025-02-11 14:25:00-05:00,-35.25
2025-02-11 14:30:00-05:00,-30.25
2025-02-11 14:35:00-05:00,-27.75
2025-02-11 14:40:00-05:00,-10.25
2025-02-11 14:45:00-05:00,2.25
2025-02-11 14:50:00-05:00,4.75
2025-02-11 14:55:00-05:00,3.5
2025-02-11 15:00:00-05:00,4.75
2025-02-11 15:05:00-05:00,-1.5
2025-02-11 15:10:00-05:00,2.25
2025-02-11 15:15:00-05:00,-5.25
2025-02-11 15:20:00-05:00,-9.0
2025-02-11 15:25:00-05:00,-12.75
2025-02-11 15:30:00-05:00,-7.75
2025-02-11 15:35:00-05:00,-22.75
2025-02-11 15:40:00-05:00,-34.0
2025-02-11 15:45:00-05:00,-31.5
2025-02-11 15:50:00-05:00,-27.75
2025-02-11 15:55:00-05:00,-15.75
2025-02-12 09:30:00-05:00,0.0
2025-02-12 09:35:00-05:00,0.0
2025-02-12 09:40:00-05:00,0.0
2025-02-12 09:45:00-05:00,0.0
2025-02-12 09:50:00-05:00,0.0
2025-02-12 09:55:00-05:00,0.0
2025-02-12 10:00:00-05:00,-0.5
2025-02-12 10:05:00-05:00,0.125
2025-02-12 10:10:00-05:00,7.625
2025-02-12 10:15:00-05:00,-31.0
2025-02-12 10:20:00-05:00,-31.5
2025-02-12 10:25:00-05:00,-62.0
2025-02-12 10:30:00-05:00,-62.5
2025-02-12 10:35:00-05:00,-93.0
2025-02-12 10:40:00-05:00,-93.0
2025-02-12 10:45:00-05:00,-93.0
2025-02-12 10:50:00-05:00,-93.0
2025-02-12 10:55:00-05:00,-93.0
2025-02-12 11:00:00-05:00,-93.0
2025-02-12 11:05:00-05:00,-93.0
2025-02-12 11:10:00-05:00,-93.0
2025-02-12 11:15:00-05:00,-93.0
2025-02-12 11:20:00-05:00,-93.0
2025-02-12 11:25:00-05:00,-93.0
2025-02-12 11:30:00-05:00,-93.0
2025-02-12 11:35:00-05:00,-93.0
2025-02-12 11:40:00-05:00,-93.0
2025-02-12 11:45:00-05:00,-93.0
2025-02-12 11:50:00-05:00,-93.0
2025-02-12 11:55:00-05:00,-93.0
2025-02-12 12:00:00-05:00,-93.0
2025-02-12 12:05:00-05:00,-93.0
2025-02-12 12:10:00-05:00,-93.0
2025-02-12 12:15:00-05:00,-93.0
2025-02-12 12:20:00-05:00,-93.0
2025-02-12 12:25:00-05:00,-93.0
2025-02-12 12:30:00-05:00,-93.0
2025-02-12 12:35:00-05:00,-93.0
2025-02-12 12:40:00-05:00,-93.0
2025-02-12 12:45:00-05:00,-93.0
2025-02-12 12:50:00-05:00,-93.0
2025-02-12 12:55:00-05:00,-93.0
2025-02-12 13:00:00-05:00,-93.0
2025-02-12 13:05:00-05:00,-93.0
2025-02-12 13:10:00-05:00,-93.0
2025-02-12 13:15:00-05:00,-93.0
2025-02-12 13:20:00-05:00,-93.0
2025-02-12 13:25:00-05:00,-93.0
2025-02-12 13:30:00-05:00,-93.0
2025-02-12 13:35:00-05:00,-93.0
2025-02-12 13:40:00-05:00,-93.0
2025-02-12 13:45:00-05:00,-93.0
2025-02-12 13:50:00-05:00,-93.0
2025-02-12 13:55:00-05:00,-93.0
2025-02-12 14:00:00-05:00,-93.0
2025-02-12 14:05:00-05:00,-93.0
2025-02-12 14:10:00-05:00,-93.5
2025-02-12 14:15:00-05:00,-94.4375
2025-02-12 14:20:00-05:00,-116.9375
2025-02-12 14:25:00-05:00,-120.6875
2025-02-12 14:30:00-05:00,-124.0
2025-02-12 14:35:00-05:00,-124.5
2025-02-12 14:40:00-05:00,-133.5625
2025-02-12 14:45:00-05:00,-155.0
2025-02-12 14:50:00-05:00,-155.0
2025-02-12 14:55:00-05:00,-155.0
2025-02-12 15:00:00-05:00,-155.0
2025-02-12 15:05:00-05:00,-155.0
2025-02-12 15:10:00-05:00,-155.0
2025-02-12 15:15:00-05:00,-155.0
2025-02-12 15:20:00-05:00,-155.0
2025-02-12 15:25:00-05:00,-155.0
2025-02-12 15:30:00-05:00,-155.0
2025-02-12 15:35:00-05:00,-155.0
2025-02-12 15:40:00-05:00,-155.0
2025-02-12 15:45:00-05:00,-155.0
2025-02-12 15:50:00-05:00,-155.0
2025-02-12 15:55:00-05:00,-155.0
2025-02-13 09:30:00-05:00,0.0
2025-02-13 09:35:00-05:00,0.0
2025-02-13 09:40:00-05:00,0.0
2025-02-13 09:45:00-05:00,0.0
2025-02-13 09:50:00-05:00,0.0
2025-02-13 09:55:00-05:00,-0.5
2025-02-13 10:00:00-05:00,7.9375
2025-02-13 10:05:00-05:00,-22.0625
2025-02-13 10:10:00-05:00,10.4375
2025-02-13 10:15:00-05:00,30.4375
2025-02-13 10:20:00-05:00,65.4375
2025-02-13 10:25:00-05:00,50.4375
2025-02-13 10:30:00-05:00,65.4375
2025-02-13 10:35:00-05:00,82.9375
2025-02-13 10:40:00-05:00,114.1875
2025-02-13 10:45:00-05:00,117.9375
2025-02-13 10:50:00-05:00,110.4375
2025-02-13 10:55:00-05:00,101.6875
2025-02-13 11:00:00-05:00,115.4375
2025-02-13 11:05:00-05:00,120.4375
2025-02-13 11:10:00-05:00,127.9375
2025-02-13 11:15:00-05:00,117.9375
2025-02-13 11:20:00-05:00,119.1875
2025-02-13 11:25:00-05:00,99.1875
2025-02-13 11:30:00-05:00,86.6875
2025-02-13 11:35:00-05:00,95.4375
2025-02-13 11:40:00-05:00,92.9375
2025-02-13 11:45:00-05:00,99.1875
2025-02-13 11:50:00-05:00,81.6875
2025-02-13 11:55:00-05:00,74.0
2025-02-13 12:00:00-05:00,74.0
2025-02-13 12:05:00-05:00,74.0
2025-02-13 12:10:00-05:00,74.0
2025-02-13 12:15:00-05:00,74.0
2025-02-13 12:20:00-05:00,74.0
2025-02-13 12:25:00-05:00,74.0
2025-02-13 12:30:00-05:00,74.0
2025-02-13 12:35:00-05:00,74.0
2025-02-13 12:40:00-05:00,74.0
2025-02-13 12:45:00-05:00,74.0
2025-02-13 12:50:00-05:00,74.0
2025-02-13 12:55:00-05:00,74.0
2025-02-13 13:00:00-05:00,74.0
2025-02-13 13:05:00-05:00,74.0
2025-02-13 13:10:00-05:00,74.0
2025-02-13 13:15:00-05:00,74.0
2025-02-13 13:20:00-05:00,74.0
2025-02-13 13:25:00-05:00,74.0
2025-02-13 13:30:00-05:00,74.0
2025-02-13 13:35:00-05:00,74.0
2025-02-13 13:40:00-05:00,74.0
2025-02-13 13:45:00-05:00,74.0
2025-02-13 13:50:00-05:00,74.0
2025-02-13 13:55:00-05:00,73.5
2025-02-13 14:00:00-05:00,81.9375
2025-02-13 14:05:00-05:00,104.4375
2025-02-13 14:10:00-05:00,116.9375
2025-02-13 14:15:00-05:00,126.9375
2025-02-13 14:20:00-05:00,129.4375
2025-02-13 14:25:00-05:00,128.1875
2025-02-13 14:30:00-05:00,135.6875
2025-02-13 14:35:00-05:00,155.6875
2025-02-13 14:40:00-05:00,151.9375
2025-02-13 14:45:00-05:00,150.6875
2025-02-13 14:50:00-05:00,164.4375
2025-02-13 14:55:00-05:00,166.9375
2025-02-13 15:00:00-05:00,169.4375
2025-02-13 15:05:00-05:00,178.1875
2025-02-13 15:10:00-05:00,183.1875
2025-02-13 15:15:00-05:00,190.6875
2025-02-13 15:20:00-05:00,193.1875
2025-02-13 15:25:00-05:00,185.6875
2025-02-13 15:30:00-05:00,188.1875
2025-02-13 15:35:00-05:00,189.4375
2025-02-13 15:40:00-05:00,184.4375
2025-02-13 15:45:00-05:00,183.1875
2025-02-13 15:50:00-05:00,186.9375
2025-02-13 15:55:00-05:00,189.4375
2025-02-14 09:30:00-05:00,-0.5
2025-02-14 09:35:00-05:00,-18.0
2025-02-14 09:40:00-05:00,8.25
2025-02-14 09:45:00-05:00,10.75
2025-02-14 09:50:00-05:00,10.75
2025-02-14 09:55:00-05:00,10.75
2025-02-14 10:00:00-05:00,-3.0
2025-02-14 10:05:00-05:00,22.0
2025-02-14 10:10:00-05:00,24.5
2025-02-14 10:15:00-05:00,4.5
2025-02-14 10:20:00-05:00,2.0
2025-02-14 10:25:00-05:00,4.5
2025-02-14 10:30:00-05:00,-1.75
2025-02-14 10:35:00-05:00,-10.5
2025-02-14 10:40:00-05:00,-19.25
2025-02-14 10:45:00-05:00,-1.75
2025-02-14 10:50:00-05:00,8.25
2025-02-14 10:55:00-05:00,17.0
2025-02-14 11:00:00-05:00,8.25
2025-02-14 11:05:00-05:00,19.5
2025-02-14 11:10:00-05:00,13.25
2025-02-14 11:15:00-05:00,2.4375
2025-02-14 11:20:00-05:00,2.4375
2025-02-14 11:25:00-05:00,2.4375
2025-02-14 11:30:00-05:00,2.4375
2025-02-14 11:35:00-05:00,2.4375
2025-02-14 11:40:00-05:00,2.4375
2025-02-14 11:45:00-05:00,2.4375
2025-02-14 11:50:00-05:00,2.4375
2025-02-14 11:55:00-05:00,2.4375
2025-02-14 12:00:00-05:00,2.4375
2025-02-14 12:05:00-05:00,2.4375
2025-02-14 12:10:00-05:00,2.4375
2025-02-14 12:15:00-05:00,2.4375
2025-02-14 12:20:00-05:00,2.4375
2025-02-14 12:25:00-05:00,2.4375
2025-02-14 12:30:00-05:00,2.4375
2025-02-14 12:35:00-05:00,2.4375
2025-02-14 12:40:00-05:00,2.4375
2025-02-14 12:45:00-05:00,2.4375
2025-02-14 12:50:00-05:00,2.4375
2025-02-14 12:55:00-05:00,2.4375
2025-02-14 13:00:00-05:00,2.4375
2025-02-14 13:05:00-05:00,2.4375
2025-02-14 13:10:00-05:00,2.4375
2025-02-14 13:15:00-05:00,2.4375
2025-02-14 13:20:00-05:00,2.4375
2025-02-14 13:25:00-05:00,2.4375
2025-02-14 13:30:00-05:00,1.9375
2025-02-14 13:35:00-05:00,3.5
2025-02-14 13:40:00-05:00,11.0
2025-02-14 13:45:00-05:00,16.0
2025-02-14 13:50:00-05:00,21.0
2025-02-14 13:55:00-05:00,17.25
2025-02-14 14:00:00-05:00,12.25
2025-02-14 14:05:00-05:00,16.0
2025-02-14 14:10:00-05:00,19.75
2025-02-14 14:15:00-05:00,12.25
2025-02-14 14:20:00-05:00,7.25
2025-02-14 14:25:00-05:00,-4.0
2025-02-14 14:30:00-05:00,-11.5
2025-02-14 14:35:00-05:00,-7.75
2025-02-14 14:40:00-05:00,-4.0
2025-02-14 14:45:00-05:00,-10.25
2025-02-14 14:50:00-05:00,-7.3125
2025-02-14 14:55:00-05:00,-7.3125
2025-02-14 15:00:00-05:00,-7.3125
2025-02-14 15:05:00-05:00,-7.3125
2025-02-14 15:10:00-05:00,-7.3125
2025-02-14 15:15:00-05:00,-7.3125
2025-02-14 15:20:00-05:00,-7.3125
2025-02-14 15:25:00-05:00,-7.3125
2025-02-14 15:30:00-05:00,-7.3125
2025-02-14 15:35:00-05:00,-7.3125
2025-02-14 15:40:00-05:00,-7.3125
2025-02-14 15:45:00-05:00,-7.3125
2025-02-14 15:50:00-05:00,-7.3125
2025-02-14 15:55:00-05:00,-7.3125
2025-02-17 09:30:00-05:00,0.0
2025-02-17 09:35:00-05:00,0.0
2025-02-17 09:40:00-05:00,0.0
2025-02-17 09:45:00-05:00,0.0
2025-02-17 09:50:00-05:00,0.0
2025-02-17 09:55:00-05:00,0.0
2025-02-17 10:00:00-05:00,0.0
2025-02-17 10:05:00-05:00,-0.5
2025-02-17 10:10:00-05:00,-4.4375
2025-02-17 10:15:00-05:00,-4.9375
2025-02-17 10:20:00-05:00,-6.8125
2025-02-17 10:25:00-05:00,-6.8125
2025-02-17 10:30:00-05:00,-3.0625
2025-02-17 10:35:00-05:00,-0.5625
2025-02-17 10:40:00-05:00,-0.5625
2025-02-17 10:45:00-05:00,-1.8125
2025-02-17 10:50:00-05:00,-3.0625
2025-02-17 10:55:00-05:00,-5.5625
2025-02-17 11:00:00-05:00,-0.5625
2025-02-17 11:05:00-05:00,10.6875
2025-02-17 11:10:00-05:00,11.9375
2025-02-17 11:15:00-05:00,15.6875
2025-02-17 11:20:00-05:00,21.9375
2025-02-17 11:25:00-05:00,24.4375
2025-02-17 11:30:00-05:00,19.4375
2025-02-17 11:35:00-05:00,20.6875
2025-02-17 11:40:00-05:00,25.6875
2025-02-17 11:45:00-05:00,25.6875
2025-02-17 11:50:00-05:00,25.6875
2025-02-17 11:55:00-05:00,20.6875
2025-02-17 12:00:00-05:00,16.9375
2025-02-17 12:05:00-05:00,14.4375
2025-02-17 12:10:00-05:00,11.9375
2025-02-17 12:15:00-05:00,14.4375
2025-02-17 12:20:00-05:00,15.6875
2025-02-17 12:25:00-05:00,18.1875
2025-02-17 12:30:00-05:00,20.6875
2025-02-17 12:35:00-05:00,24.4375
2025-02-17 12:40:00-05:00,25.6875
2025-02-17 12:45:00-05:00,16.9375
2025-02-17 12:50:00-05:00,25.1875
2025-02-17 12:55:00-05:00,24.6875
2025-02-18 09:30:00-05:00,0.0
2025-02-18 09:35:00-05:00,0.0
2025-02-18 09:40:00-05:00,0.0
2025-02-18 09:45:00-05:00,0.0
2025-02-18 09:50:00-05:00,0.0
2025-02-18 09:55:00-05:00,0.0
2025-02-18 10:00:00-05:00,0.0
2025-02-18 10:05:00-05:00,0.0
2025-02-18 10:10:00-05:00,0.0
2025-02-18 10:15:00-05:00,0.0
2025-02-18 10:20:00-05:00,0.0
2025-02-18 10:25:00-05:00,0.0
2025-02-18 10:30:00-05:00,0.0
2025-02-18 10:35:00-05:00,0.0
2025-02-18 10:40:00-05:00,0.0
2025-02-18 10:45:00-05:00,0.0
2025-02-18 10:50:00-05:00,0.0
2025-02-18 10:55:00-05:00,0.0
2025-02-18 11:00:00-05:00,0.0
2025-02-18 11:05:00-05:00,0.0
2025-02-18 11:10:00-05:00,0.0
2025-02-18 11:15:00-05:00,0.0
2025-02-18 11:20:00-05:00,0.0
2025-02-18 11:25:00-05:00,0.0
2025-02-18 11:30:00-05:00,0.0
2025-02-18 11:35:00-05:00,0.0
2025-02-18 11:40:00-05:00,0.0
2025-02-18 11:45:00-05:00,0.0
2025-02-18 11:50:00-05:00,0.0
2025-02-18 11:55:00-05:00,0.0
2025-02-18 12:00:00-05:00,0.0
2025-02-18 12:05:00-05:00,0.0
2025-02-18 12:10:00-05:00,0.0
2025-02-18 12:15:00-05:00,0.0
2025-02-18 12:20:00-05:00,0.0
2025-02-18 12:25:00-05:00,0.0
2025-02-18 12:30:00-05:00,0.0
2025-02-18 12:35:00-05:00,0.0
2025-02-18 12:40:00-05:00,0.0
2025-02-18 12:45:00-05:00,0.0
2025-02-18 12:50:00-05:00,0.0
2025-02-18 12:55:00-05:00,0.0
2025-02-18 13:00:00-05:00,0.0
2025-02-18 13:05:00-05:00,0.0
2025-02-18 13:10:00-05:00,0.0
2025-02-18 13:15:00-05:00,0.0
2025-02-18 13:20:00-05:00,0.0
2025-02-18 13:25:00-05:00,0.0
2025-02-18 13:30:00-05:00,0.0
2025-02-18 13:35:00-05:00,0.0
2025-02-18 13:40:00-05:00,0.0
2025-02-18 13:45:00-05:00,0.0
2025-02-18 13:50:00-05:00,0.0
2025-02-18 13:55:00-05:00,0.0
2025-02-18 14:00:00-05:00,0.0
2025-02-18 14:05:00-05:00,0.0
2025-02-18 14:10:00-05:00,0.0
2025-02-18 14:15:00-05:00,0.0
2025-02-18 14:20:00-05:00,0.0
2025-02-18 14:25:00-05:00,0.0
2025-02-18 14:30:00-05:00,0.0
2025-02-18 14:35:00-05:00,0.0
2025-02-18 14:40:00-05:00,0.0
2025-02-18 14:45:00-05:00,0.0
2025-02-18 14:50:00-05:00,0.0
2025-02-18 14:55:00-05:00,0.0
2025-02-18 15:00:00-05:00,0.0
2025-02-18 15:05:00-05:00,0.0
2025-02-18 15:10:00-05:00,0.0
2025-02-18 15:15:00-05:00,0.0
2025-02-18 15:20:00-05:00,0.0
2025-02-18 15:25:00-05:00,0.0
2025-02-18 15:30:00-05:00,0.0
2025-02-18 15:35:00-05:00,0.0
2025-02-18 15:40:00-05:00,0.0
2025-02-18 15:45:00-05:00,0.0
2025-02-18 15:50:00-05:00,0.0
2025-02-18 15:55:00-05:00,0.0
2025-02-19 09:30:00-05:00,-0.5
2025-02-19 09:35:00-05:00,-7.6875
2025-02-19 09:40:00-05:00,-10.1875
2025-02-19 09:45:00-05:00,-20.1875
2025-02-19 09:50:00-05:00,-17.6875
2025-02-19 09:55:00-05:00,-11.4375
2025-02-19 10:00:00-05:00,-31.0
2025-02-19 10:05:00-05:00,-31.0
2025-02-19 10:10:00-05:00,-31.0
2025-02-19 10:15:00-05:00,-31.0
2025-02-19 10:20:00-05:00,-31.0
2025-02-19 10:25:00-05:00,-31.0
2025-02-19 10:30:00-05:00,-31.0
2025-02-19 10:35:00-05:00,-31.0
2025-02-19 10:40:00-05:00,-31.0
2025-02-19 10:45:00-05:00,-31.0
2025-02-19 10:50:00-05:00,-31.0
2025-02-19 10:55:00-05:00,-31.0
2025-02-19 11:00:00-05:00,-31.5
2025-02-19 11:05:00-05:00,-24.9375
2025-02-19 11:10:00-05:00,-19.9375
2025-02-19 11:15:00-05:00,-2.4375
2025-02-19 11:20:00-05:00,-4.9375
2025-02-19 11:25:00-05:00,1.3125
2025-02-19 11:30:00-05:00,-2.4375
2025-02-19 11:35:00-05:00,1.3125
2025-02-19 11:40:00-05:00,5.0625
2025-02-19 11:45:00-05:00,20.0625
2025-02-19 11:50:00-05:00,21.3125
2025-02-19 11:55:00-05:00,28.8125
2025-02-19 12:00:00-05:00,28.8125
2025-02-19 12:05:00-05:00,35.0625
2025-02-19 12:10:00-05:00,20.0625
2025-02-19 12:15:00-05:00,17.5625
2025-02-19 12:20:00-05:00,3.8125
2025-02-19 12:25:00-05:00,-2.4375
2025-02-19 12:30:00-05:00,-9.9375
2025-02-19 12:35:00-05:00,-7.4375
2025-02-19 12:40:00-05:00,0.0625
2025-02-19 12:45:00-05:00,12.0625
2025-02-19 12:50:00-05:00,12.0625
2025-02-19 12:55:00-05:00,12.0625
2025-02-19 13:00:00-05:00,12.0625
2025-02-19 13:05:00-05:00,12.0625
2025-02-19 13:10:00-05:00,12.0625
2025-02-19 13:15:00-05:00,12.0625
2025-02-19 13:20:00-05:00,12.0625
2025-02-19 13:25:00-05:00,12.0625
2025-02-19 13:30:00-05:00,12.0625
2025-02-19 13:35:00-05:00,11.5625
2025-02-19 13:40:00-05:00,4.375
2025-02-19 13:45:00-05:00,-0.625
2025-02-19 13:50:00-05:00,-8.125
2025-02-19 13:55:00-05:00,-10.625
2025-02-19 14:00:00-05:00,-15.625
2025-02-19 14:05:00-05:00,-6.875
2025-02-19 14:10:00-05:00,3.125
2025-02-19 14:15:00-05:00,44.375
2025-02-19 14:20:00-05:00,54.375
2025-02-19 14:25:00-05:00,45.625
2025-02-19 14:30:00-05:00,49.375
2025-02-19 14:35:00-05:00,58.125
2025-02-19 14:40:00-05:00,51.875
2025-02-19 14:45:00-05:00,50.625
2025-02-19 14:50:00-05:00,59.375
2025-02-19 14:55:00-05:00,64.375
2025-02-19 15:00:00-05:00,58.125
2025-02-19 15:05:00-05:00,39.375
2025-02-19 15:10:00-05:00,39.375
2025-02-19 15:15:00-05:00,48.125
2025-02-19 15:20:00-05:00,44.375
2025-02-19 15:25:00-05:00,6.875
2025-02-19 15:30:00-05:00,20.625
2025-02-19 15:35:00-05:00,26.875
2025-02-19 15:40:00-05:00,36.0625
2025-02-19 15:45:00-05:00,36.0625
2025-02-19 15:50:00-05:00,36.0625
2025-02-19 15:55:00-05:00,36.0625
2025-02-20 09:30:00-05:00,0.0
2025-02-20 09:35:00-05:00,0.0
2025-02-20 09:40:00-05:00,0.0
2025-02-20 09:45:00-05:00,0.0
2025-02-20 09:50:00-05:00,0.0
2025-02-20 09:55:00-05:00,0.0
2025-02-20 10:00:00-05:00,-0.5
2025-02-20 10:05:00-05:00,-31.0
2025-02-20 10:10:00-05:00,-31.5
2025-02-20 10:15:00-05:00,-62.0
2025-02-20 10:20:00-05:00,-62.5
2025-02-20 10:25:00-05:00,-73.4375
2025-02-20 10:30:00-05:00,-90.9375
2025-02-20 10:35:00-05:00,-75.9375
2025-02-20 10:40:00-05:00,-54.6875
2025-02-20 10:45:00-05:00,-45.9375
2025-02-20 10:50:00-05:00,-9.6875
2025-02-20 10:55:00-05:00,-4.6875
2025-02-20 11:00:00-05:00,-8.4375
2025-02-20 11:05:00-05:00,-25.9375
2025-02-20 11:10:00-05:00,-38.4375
2025-02-20 11:15:00-05:00,-24.6875
2025-02-20 11:20:00-05:00,-20.9375
2025-02-20 11:25:00-05:00,-30.9375
2025-02-20 11:30:00-05:00,-35.9375
2025-02-20 11:35:00-05:00,-7.1875
2025-02-20 11:40:00-05:00,-15.9375
2025-02-20 11:45:00-05:00,-15.9375
2025-02-20 11:50:00-05:00,-12.1875
2025-02-20 11:55:00-05:00,1.5625
2025-02-20 12:00:00-05:00,-18.4375
2025-02-20 12:05:00-05:00,-35.9375
2025-02-20 12:10:00-05:00,-48.4375
2025-02-20 12:15:00-05:00,-49.875
2025-02-20 12:20:00-05:00,-49.875
2025-02-20 12:25:00-05:00,-49.875
2025-02-20 12:30:00-05:00,-49.875
2025-02-20 12:35:00-05:00,-49.875
2025-02-20 12:40:00-05:00,-49.875
2025-02-20 12:45:00-05:00,-49.875
2025-02-20 12:50:00-05:00,-49.875
2025-02-20 12:55:00-05:00,-49.875
2025-02-20 13:00:00-05:00,-49.875
2025-02-20 13:05:00-05:00,-49.875
2025-02-20 13:10:00-05:00,-49.875
2025-02-20 13:15:00-05:00,-49.875
2025-02-20 13:20:00-05:00,-50.375
2025-02-20 13:25:00-05:00,-61.625
2025-02-20 13:30:00-05:00,-77.875
2025-02-20 13:35:00-05:00,-80.875
2025-02-20 13:40:00-05:00,-81.375
2025-02-20 13:45:00-05:00,-94.8125
2025-02-20 13:50:00-05:00,-82.3125
2025-02-20 13:55:00-05:00,-99.8125
2025-02-20 14:00:00-05:00,-102.3125
2025-02-20 14:05:00-05:00,-102.1875
2025-02-20 14:10:00-05:00,-102.1875
2025-02-20 14:15:00-05:00,-102.1875
2025-02-20 14:20:00-05:00,-102.1875
2025-02-20 14:25:00-05:00,-102.1875
2025-02-20 14:30:00-05:00,-102.1875
2025-02-20 14:35:00-05:00,-102.1875
2025-02-20 14:40:00-05:00,-102.1875
2025-02-20 14:45:00-05:00,-102.1875
2025-02-20 14:50:00-05:00,-102.1875
2025-02-20 14:55:00-05:00,-102.1875
2025-02-20 15:00:00-05:00,-102.1875
2025-02-20 15:05:00-05:00,-102.1875
2025-02-20 15:10:00-05:00,-102.1875
2025-02-20 15:15:00-05:00,-102.1875
2025-02-20 15:20:00-05:00,-102.1875
2025-02-20 15:25:00-05:00,-102.1875
2025-02-20 15:30:00-05:00,-102.1875
2025-02-20 15:35:00-05:00,-102.1875
2025-02-20 15:40:00-05:00,-102.1875
2025-02-20 15:45:00-05:00,-102.1875
2025-02-20 15:50:00-05:00,-102.1875
2025-02-20 15:55:00-05:00,-102.1875
2025-02-21 09:30:00-05:00,0.0
2025-02-21 09:35:00-05:00,0.0
2025-02-21 09:40:00-05:00,0.0
2025-02-21 09:45:00-05:00,0.0
2025-02-21 09:50:00-05:00,0.0
2025-02-21 09:55:00-05:00,0.0
2025-02-21 10:00:00-05:00,-0.5
2025-02-21 10:05:00-05:00,-15.8125
2025-02-21 10:10:00-05:00,-25.8125
2025-02-21 10:15:00-05:00,-8.3125
2025-02-21 10:20:00-05:00,9.1875
2025-02-21 10:25:00-05:00,30.4375
2025-02-21 10:30:00-05:00,52.9375
2025-02-21 10:35:00-05:00,56.6875
2025-02-21 10:40:00-05:00,64.1875
2025-02-21 10:45:00-05:00,67.9375
2025-02-21 10:50:00-05:00,77.9375
2025-02-21 10:55:00-05:00,65.4375
2025-02-21 11:00:00-05:00,46.6875
2025-02-21 11:05:00-05:00,64.1875
2025-02-21 11:10:00-05:00,49.1875
2025-02-21 11:15:00-05:00,37.9375
2025-02-21 11:20:00-05:00,34.1875
2025-02-21 11:25:00-05:00,39.1875
2025-02-21 11:30:00-05:00,39.1875
2025-02-21 11:35:00-05:00,31.6875
2025-02-21 11:40:00-05:00,32.9375
2025-02-21 11:45:00-05:00,57.9375
2025-02-21 11:50:00-05:00,76.5
2025-02-21 11:55:00-05:00,76.5
2025-02-21 12:00:00-05:00,76.5
2025-02-21 12:05:00-05:00,76.5
2025-02-21 12:10:00-05:00,76.5
2025-02-21 12:15:00-05:00,76.0
2025-02-21 12:20:00-05:00,86.0
2025-02-21 12:25:00-05:00,81.0
2025-02-21 12:30:00-05:00,86.0
2025-02-21 12:35:00-05:00,99.75
2025-02-21 12:40:00-05:00,117.25
2025-02-21 12:45:00-05:00,122.25
2025-02-21 12:50:00-05:00,141.0
2025-02-21 12:55:00-05:00,153.5
2025-02-21 13:00:00-05:00,183.5
2025-02-21 13:05:00-05:00,206.0
2025-02-21 13:10:00-05:00,228.5
2025-02-21 13:15:00-05:00,199.75
2025-02-21 13:20:00-05:00,224.75
2025-02-21 13:25:00-05:00,223.5
2025-02-21 13:30:00-05:00,267.25
2025-02-21 13:35:00-05:00,216.0
2025-02-21 13:40:00-05:00,242.25
2025-02-21 13:45:00-05:00,274.75
2025-02-21 13:50:00-05:00,267.25
2025-02-21 13:55:00-05:00,267.25
2025-02-21 14:00:00-05:00,282.25
2025-02-21 14:05:00-05:00,289.75
2025-02-21 14:10:00-05:00,259.75
2025-02-21 14:15:00-05:00,271.0
2025-02-21 14:20:00-05:00,308.5
2025-02-21 14:25:00-05:00,341.0
2025-02-21 14:30:00-05:00,344.75
2025-02-21 14:35:00-05:00,362.25
2025-02-21 14:40:00-05:00,368.5
2025-02-21 14:45:00-05:00,367.25
2025-02-21 14:50:00-05:00,343.5
2025-02-21 14:55:00-05:00,347.25
2025-02-21 15:00:00-05:00,357.25
2025-02-21 15:05:00-05:00,364.75
2025-02-21 15:10:00-05:00,353.5
2025-02-21 15:15:00-05:00,361.0
2025-02-21 15:20:00-05:00,344.75
2025-02-21 15:25:00-05:00,344.75
2025-02-21 15:30:00-05:00,331.0
2025-02-21 15:35:00-05:00,339.75
2025-02-21 15:40:00-05:00,341.0
2025-02-21 15:45:00-05:00,359.75
2025-02-21 15:50:00-05:00,361.4375
2025-02-21 15:55:00-05:00,361.4375
2025-02-24 09:30:00-05:00,0.0
2025-02-24 09:35:00-05:00,0.0
2025-02-24 09:40:00-05:00,0.0
2025-02-24 09:45:00-05:00,0.0
2025-02-24 09:50:00-05:00,0.0
2025-02-24 09:55:00-05:00,0.0
2025-02-24 10:00:00-05:00,-0.5
2025-02-24 10:05:00-05:00,-9.875
2025-02-24 10:10:00-05:00,-31.0
2025-02-24 10:15:00-05:00,-31.5
2025-02-24 10:20:00-05:00,-58.375
2025-02-24 10:25:00-05:00,-54.625
2025-02-24 10:30:00-05:00,-20.875
2025-02-24 10:35:00-05:00,-10.875
2025-02-24 10:40:00-05:00,-13.375
2025-02-24 10:45:00-05:00,0.375
2025-02-24 10:50:00-05:00,-12.125
2025-02-24 10:55:00-05:00,7.875
2025-02-24 11:00:00-05:00,-4.625
2025-02-24 11:05:00-05:00,-29.625
2025-02-24 11:10:00-05:00,-24.625
2025-02-24 11:15:00-05:00,-45.875
2025-02-24 11:20:00-05:00,-62.0
2025-02-24 11:25:00-05:00,-62.0
2025-02-24 11:30:00-05:00,-62.0
2025-02-24 11:35:00-05:00,-62.0
2025-02-24 11:40:00-05:00,-62.0
2025-02-24 11:45:00-05:00,-62.0
2025-02-24 11:50:00-05:00,-62.0
2025-02-24 11:55:00-05:00,-62.0
2025-02-24 12:00:00-05:00,-62.0
2025-02-24 12:05:00-05:00,-62.0
2025-02-24 12:10:00-05:00,-62.0
2025-02-24 12:15:00-05:00,-62.0
2025-02-24 12:20:00-05:00,-62.0
2025-02-24 12:25:00-05:00,-62.0
2025-02-24 12:30:00-05:00,-62.0
2025-02-24 12:35:00-05:00,-62.0
2025-02-24 12:40:00-05:00,-62.0
2025-02-24 12:45:00-05:00,-62.0
2025-02-24 12:50:00-05:00,-62.0
2025-02-24 12:55:00-05:00,-62.0
2025-02-24 13:00:00-05:00,-62.0
2025-02-24 13:05:00-05:00,-62.0
2025-02-24 13:10:00-05:00,-62.0
2025-02-24 13:15:00-05:00,-62.0
2025-02-24 13:20:00-05:00,-62.0
2025-02-24 13:25:00-05:00,-62.0
2025-02-24 13:30:00-05:00,-62.0
2025-02-24 13:35:00-05:00,-62.0
2025-02-24 13:40:00-05:00,-62.0
2025-02-24 13:45:00-05:00,-62.0
2025-02-24 13:50:00-05:00,-62.0
2025-02-24 13:55:00-05:00,-62.0
2025-02-24 14:00:00-05:00,-62.0
2025-02-24 14:05:00-05:00,-62.0
2025-02-24 14:10:00-05:00,-62.0
2025-02-24 14:15:00-05:00,-62.0
2025-02-24 14:20:00-05:00,-62.0
2025-02-24 14:25:00-05:00,-62.0
2025-02-24 14:30:00-05:00,-62.0
2025-02-24 14:35:00-05:00,-62.0
2025-02-24 14:40:00-05:00,-62.0
2025-02-24 14:45:00-05:00,-62.0
2025-02-24 14:50:00-05:00,-62.5
2025-02-24 14:55:00-05:00,-58.4375
2025-02-24 15:00:00-05:00,-62.1875
2025-02-24 15:05:00-05:00,-62.1875
2025-02-24 15:10:00-05:00,-54.6875
2025-02-24 15:15:00-05:00,-70.9375
2025-02-24 15:20:00-05:00,-67.1875
2025-02-24 15:25:00-05:00,-40.9375
2025-02-24 15:30:00-05:00,-54.6875
2025-02-24 15:35:00-05:00,-54.6875
2025-02-24 15:40:00-05:00,-28.4375
2025-02-24 15:45:00-05:00,-35.9375
2025-02-24 15:50:00-05:00,-33.4375
2025-02-24 15:55:00-05:00,47.8125
2025-02-25 09:30:00-05:00,-0.5
2025-02-25 09:35:00-05:00,-31.0
2025-02-25 09:40:00-05:00,-31.5
2025-02-25 09:45:00-05:00,-25.25
2025-02-25 09:50:00-05:00,13.5
2025-02-25 09:55:00-05:00,26.0
2025-02-25 10:00:00-05:00,57.25
2025-02-25 10:05:00-05:00,113.5
2025-02-25 10:10:00-05:00,111.0
2025-02-25 10:15:00-05:00,161.0
2025-02-25 10:20:00-05:00,208.5
2025-02-25 10:25:00-05:00,228.5
2025-02-25 10:30:00-05:00,256.0
2025-02-25 10:35:00-05:00,201.0
2025-02-25 10:40:00-05:00,181.0
2025-02-25 10:45:00-05:00,192.25
2025-02-25 10:50:00-05:00,153.5
2025-02-25 10:55:00-05:00,148.5
2025-02-25 11:00:00-05:00,201.0
2025-02-25 11:05:00-05:00,213.5
2025-02-25 11:10:00-05:00,202.25
2025-02-25 11:15:00-05:00,211.0
2025-02-25 11:20:00-05:00,219.75
2025-02-25 11:25:00-05:00,223.5
2025-02-25 11:30:00-05:00,258.5
2025-02-25 11:35:00-05:00,253.5
2025-02-25 11:40:00-05:00,258.5
2025-02-25 11:45:00-05:00,209.75
2025-02-25 11:50:00-05:00,189.75
2025-02-25 11:55:00-05:00,173.9375
2025-02-25 12:00:00-05:00,173.4375
2025-02-25 12:05:00-05:00,174.375
2025-02-25 12:10:00-05:00,179.8125
2025-02-25 12:15:00-05:00,179.8125
2025-02-25 12:20:00-05:00,179.8125
2025-02-25 12:25:00-05:00,179.8125
2025-02-25 12:30:00-05:00,179.8125
2025-02-25 12:35:00-05:00,179.8125
2025-02-25 12:40:00-05:00,179.8125
2025-02-25 12:45:00-05:00,179.8125
2025-02-25 12:50:00-05:00,179.8125
2025-02-25 12:55:00-05:00,179.8125
2025-02-25 13:00:00-05:00,179.8125
2025-02-25 13:05:00-05:00,179.8125
2025-02-25 13:10:00-05:00,179.8125
2025-02-25 13:15:00-05:00,179.8125
2025-02-25 13:20:00-05:00,179.8125
2025-02-25 13:25:00-05:00,179.8125
2025-02-25 13:30:00-05:00,179.8125
2025-02-25 13:35:00-05:00,179.8125
2025-02-25 13:40:00-05:00,179.8125
2025-02-25 13:45:00-05:00,179.8125
2025-02-25 13:50:00-05:00,179.8125
2025-02-25 13:55:00-05:00,179.8125
2025-02-25 14:00:00-05:00,179.8125
2025-02-25 14:05:00-05:00,179.8125
2025-02-25 14:10:00-05:00,179.8125
2025-02-25 14:15:00-05:00,179.8125
2025-02-25 14:20:00-05:00,179.3125
2025-02-25 14:25:00-05:00,177.75
2025-02-25 14:30:00-05:00,150.25
2025-02-25 14:35:00-05:00,148.8125
2025-02-25 14:40:00-05:00,148.8125
2025-02-25 14:45:00-05:00,148.8125
2025-02-25 14:50:00-05:00,148.8125
2025-02-25 14:55:00-05:00,148.8125
2025-02-25 15:00:00-05:00,148.8125
2025-02-25 15:05:00-05:00,148.8125
2025-02-25 15:10:00-05:00,148.8125
2025-02-25 15:15:00-05:00,148.8125
2025-02-25 15:20:00-05:00,148.8125
2025-02-25 15:25:00-05:00,148.8125
2025-02-25 15:30:00-05:00,148.8125
2025-02-25 15:35:00-05:00,148.8125
2025-02-25 15:40:00-05:00,148.8125
2025-02-25 15:45:00-05:00,148.8125
2025-02-25 15:50:00-05:00,148.8125
2025-02-25 15:55:00-05:00,148.8125
2025-02-26 09:30:00-05:00,0.0
2025-02-26 09:35:00-05:00,-0.5
2025-02-26 09:40:00-05:00,-31.0
2025-02-26 09:45:00-05:00,-31.0
2025-02-26 09:50:00-05:00,-31.0
2025-02-26 09:55:00-05:00,-31.0
2025-02-26 10:00:00-05:00,-31.0
2025-02-26 10:05:00-05:00,-31.0
2025-02-26 10:10:00-05:00,-31.0
2025-02-26 10:15:00-05:00,-31.0
2025-02-26 10:20:00-05:00,-31.0
2025-02-26 10:25:00-05:00,-31.0
2025-02-26 10:30:00-05:00,-31.0
2025-02-26 10:35:00-05:00,-31.0
2025-02-26 10:40:00-05:00,-31.0
2025-02-26 10:45:00-05:00,-31.0
2025-02-26 10:50:00-05:00,-31.0
2025-02-26 10:55:00-05:00,-31.0
2025-02-26 11:00:00-05:00,-31.0
2025-02-26 11:05:00-05:00,-31.0
2025-02-26 11:10:00-05:00,-31.0
2025-02-26 11:15:00-05:00,-31.0
2025-02-26 11:20:00-05:00,-31.0
2025-02-26 11:25:00-05:00,-31.0
2025-02-26 11:30:00-05:00,-31.0
2025-02-26 11:35:00-05:00,-31.0
2025-02-26 11:40:00-05:00,-31.0
2025-02-26 11:45:00-05:00,-31.0
2025-02-26 11:50:00-05:00,-31.0
2025-02-26 11:55:00-05:00,-31.0
2025-02-26 12:00:00-05:00,-31.0
2025-02-26 12:05:00-05:00,-31.0
2025-02-26 12:10:00-05:00,-31.0
2025-02-26 12:15:00-05:00,-31.0
2025-02-26 12:20:00-05:00,-31.0
2025-02-26 12:25:00-05:00,-31.0
2025-02-26 12:30:00-05:00,-31.0
2025-02-26 12:35:00-05:00,-31.0
2025-02-26 12:40:00-05:00,-31.0
2025-02-26 12:45:00-05:00,-31.0
2025-02-26 12:50:00-05:00,-31.0
2025-02-26 12:55:00-05:00,-31.0
2025-02-26 13:00:00-05:00,-31.0
2025-02-26 13:05:00-05:00,-31.0
2025-02-26 13:10:00-05:00,-31.0
2025-02-26 13:15:00-05:00,-31.0
2025-02-26 13:20:00-05:00,-31.0
2025-02-26 13:25:00-05:00,-31.0
2025-02-26 13:30:00-05:00,-31.0
2025-02-26 13:35:00-05:00,-31.0
2025-02-26 13:40:00-05:00,-31.0
2025-02-26 13:45:00-05:00,-31.0
2025-02-26 13:50:00-05:00,-31.0
2025-02-26 13:55:00-05:00,-31.0
2025-02-26 14:00:00-05:00,-31.5
2025-02-26 14:05:00-05:00,-33.6875
2025-02-26 14:10:00-05:00,-36.1875
2025-02-26 14:15:00-05:00,-56.1875
2025-02-26 14:20:00-05:00,-62.0
2025-02-26 14:25:00-05:00,-62.5
2025-02-26 14:30:00-05:00,-88.75
2025-02-26 14:35:00-05:00,-93.0
2025-02-26 14:40:00-05:00,-93.5
2025-02-26 14:45:00-05:00,-111.625
2025-02-26 14:50:00-05:00,-91.625
2025-02-26 14:55:00-05:00,-84.125
2025-02-26 15:00:00-05:00,-47.875
2025-02-26 15:05:00-05:00,-40.5625
2025-02-26 15:10:00-05:00,-40.5625
2025-02-26 15:15:00-05:00,-40.5625
2025-02-26 15:20:00-05:00,-40.5625
2025-02-26 15:25:00-05:00,-40.5625
2025-02-26 15:30:00-05:00,-40.5625
2025-02-26 15:35:00-05:00,-40.5625
2025-02-26 15:40:00-05:00,-40.5625
2025-02-26 15:45:00-05:00,-40.5625
2025-02-26 15:50:00-05:00,-40.5625
2025-02-26 15:55:00-05:00,-40.5625
2025-02-27 09:30:00-05:00,0.0
2025-02-27 09:35:00-05:00,0.0
2025-02-27 09:40:00-05:00,0.0
2025-02-27 09:45:00-05:00,0.0
2025-02-27 09:50:00-05:00,0.0
2025-02-27 09:55:00-05:00,0.0
2025-02-27 10:00:00-05:00,0.0
2025-02-27 10:05:00-05:00,0.0
2025-02-27 10:10:00-05:00,0.0
2025-02-27 10:15:00-05:00,-0.5
2025-02-27 10:20:00-05:00,-31.0
2025-02-27 10:25:00-05:00,-31.5
2025-02-27 10:30:00-05:00,-39.3125
2025-02-27 10:35:00-05:00,-44.3125
2025-02-27 10:40:00-05:00,-26.8125
2025-02-27 10:45:00-05:00,-40.5625
2025-02-27 10:50:00-05:00,-21.8125
2025-02-27 10:55:00-05:00,29.4375
2025-02-27 11:00:00-05:00,14.4375
2025-02-27 11:05:00-05:00,30.6875
2025-02-27 11:10:00-05:00,-23.0625
2025-02-27 11:15:00-05:00,-62.0
2025-02-27 11:20:00-05:00,-62.0
2025-02-27 11:25:00-05:00,-62.0
2025-02-27 11:30:00-05:00,-62.0
2025-02-27 11:35:00-05:00,-62.0
2025-02-27 11:40:00-05:00,-62.0
2025-02-27 11:45:00-05:00,-62.5
2025-02-27 11:50:00-05:00,-62.8125
2025-02-27 11:55:00-05:00,-24.0625
2025-02-27 12:00:00-05:00,-20.3125
2025-02-27 12:05:00-05:00,-20.3125
2025-02-27 12:10:00-05:00,-6.5625
2025-02-27 12:15:00-05:00,2.1875
2025-02-27 12:20:00-05:00,-4.0625
2025-02-27 12:25:00-05:00,-69.0625
2025-02-27 12:30:00-05:00,-93.0
2025-02-27 12:35:00-05:00,-93.5
2025-02-27 12:40:00-05:00,-90.0625
2025-02-27 12:45:00-05:00,-66.3125
2025-02-27 12:50:00-05:00,-71.3125
2025-02-27 12:55:00-05:00,-66.3125
2025-02-27 13:00:00-05:00,-111.3125
2025-02-27 13:05:00-05:00,-91.3125
2025-02-27 13:10:00-05:00,-124.0
2025-02-27 13:15:00-05:00,-124.0
2025-02-27 13:20:00-05:00,-124.0
2025-02-27 13:25:00-05:00,-124.0
2025-02-27 13:30:00-05:00,-124.0
2025-02-27 13:35:00-05:00,-124.0
2025-02-27 13:40:00-05:00,-124.0
2025-02-27 13:45:00-05:00,-124.0
2025-02-27 13:50:00-05:00,-124.0
2025-02-27 13:55:00-05:00,-124.0
2025-02-27 14:00:00-05:00,-124.0
2025-02-27 14:05:00-05:00,-124.0
2025-02-27 14:10:00-05:00,-124.0
2025-02-27 14:15:00-05:00,-124.5
2025-02-27 14:20:00-05:00,-142.0
2025-02-27 14:25:00-05:00,-95.75
2025-02-27 14:30:00-05:00,-45.75
2025-02-27 14:35:00-05:00,-4.5
2025-02-27 14:40:00-05:00,19.25
2025-02-27 14:45:00-05:00,8.0
2025-02-27 14:50:00-05:00,-3.25
2025-02-27 14:55:00-05:00,-0.75
2025-02-27 15:00:00-05:00,26.75
2025-02-27 15:05:00-05:00,86.75
2025-02-27 15:10:00-05:00,101.75
2025-02-27 15:15:00-05:00,114.25
2025-02-27 15:20:00-05:00,93.0
2025-02-27 15:25:00-05:00,103.0
2025-02-27 15:30:00-05:00,118.0
2025-02-27 15:35:00-05:00,114.25
2025-02-27 15:40:00-05:00,158.0
2025-02-27 15:45:00-05:00,151.75
2025-02-27 15:50:00-05:00,144.25
2025-02-27 15:55:00-05:00,205.5
2025-02-28 09:30:00-05:00,-0.5
2025-02-28 09:35:00-05:00,-31.0
2025-02-28 09:40:00-05:00,-31.5
2025-02-28 09:45:00-05:00,-62.0
2025-02-28 09:50:00-05:00,-62.5
2025-02-28 09:55:00-05:00,-93.0
2025-02-28 10:00:00-05:00,-93.5
2025-02-28 10:05:00-05:00,-124.0
2025-02-28 10:10:00-05:00,-124.5
2025-02-28 10:15:00-05:00,-155.0
2025-02-28 10:20:00-05:00,-155.5
2025-02-28 10:25:00-05:00,-186.0
2025-02-28 10:30:00-05:00,-186.0
2025-02-28 10:35:00-05:00,-186.0
2025-02-28 10:40:00-05:00,-186.0
2025-02-28 10:45:00-05:00,-186.0
2025-02-28 10:50:00-05:00,-186.0
2025-02-28 10:55:00-05:00,-186.0
2025-02-28 11:00:00-05:00,-186.0
2025-02-28 11:05:00-05:00,-186.0
2025-02-28 11:10:00-05:00,-186.0
2025-02-28 11:15:00-05:00,-186.0
2025-02-28 11:20:00-05:00,-186.0
2025-02-28 11:25:00-05:00,-186.0
2025-02-28 11:30:00-05:00,-186.0
2025-02-28 11:35:00-05:00,-186.0
2025-02-28 11:40:00-05:00,-186.0
2025-02-28 11:45:00-05:00,-186.0
2025-02-28 11:50:00-05:00,-186.0
2025-02-28 11:55:00-05:00,-186.0
2025-02-28 12:00:00-05:00,-186.5
2025-02-28 12:05:00-05:00,-177.3125
2025-02-28 12:10:00-05:00,-177.3125
2025-02-28 12:15:00-05:00,-177.3125
2025-02-28 12:20:00-05:00,-177.3125
2025-02-28 12:25:00-05:00,-177.3125
2025-02-28 12:30:00-05:00,-177.8125
2025-02-28 12:35:00-05:00,-181.5625
2025-02-28 12:40:00-05:00,-175.3125
2025-02-28 12:45:00-05:00,-119.0625
2025-02-28 12:50:00-05:00,-111.5625
2025-02-28 12:55:00-05:00,-90.3125
2025-02-28 13:00:00-05:00,-76.5625
2025-02-28 13:05:00-05:00,-54.0625
2025-02-28 13:10:00-05:00,-44.0625
2025-02-28 13:15:00-05:00,-67.8125
2025-02-28 13:20:00-05:00,-2.8125
2025-02-28 13:25:00-05:00,-76.5625
2025-02-28 13:30:00-05:00,-106.5625
2025-02-28 13:35:00-05:00,-137.8125
2025-02-28 13:40:00-05:00,-164.0625
2025-02-28 13:45:00-05:00,-144.0625
2025-02-28 13:50:00-05:00,-155.3125
2025-02-28 13:55:00-05:00,-126.5625
2025-02-28 14:00:00-05:00,-82.8125
2025-02-28 14:05:00-05:00,-94.0625
2025-02-28 14:10:00-05:00,-65.1875
2025-02-28 14:15:00-05:00,-65.1875
2025-02-28 14:20:00-05:00,-65.1875
2025-02-28 14:25:00-05:00,-65.1875
2025-02-28 14:30:00-05:00,-65.1875
2025-02-28 14:35:00-05:00,-65.1875
2025-02-28 14:40:00-05:00,-65.1875
2025-02-28 14:45:00-05:00,-65.1875
2025-02-28 14:50:00-05:00,-65.1875
2025-02-28 14:55:00-05:00,-65.1875
2025-02-28 15:00:00-05:00,-65.1875
2025-02-28 15:05:00-05:00,-65.1875
2025-02-28 15:10:00-05:00,-65.1875
2025-02-28 15:15:00-05:00,-65.1875
2025-02-28 15:20:00-05:00,-65.1875
2025-02-28 15:25:00-05:00,-65.1875
2025-02-28 15:30:00-05:00,-65.1875
2025-02-28 15:35:00-05:00,-65.1875
2025-02-28 15:40:00-05:00,-65.1875
2025-02-28 15:45:00-05:00,-65.1875
2025-02-28 15:50:00-05:00,-65.1875
2025-02-28 15:55:00-05:00,-65.1875
2025-03-03 09:30:00-05:00,0.0
2025-03-03 09:35:00-05:00,0.0
2025-03-03 09:40:00-05:00,0.0
2025-03-03 09:45:00-05:00,0.0
2025-03-03 09:50:00-05:00,0.0
2025-03-03 09:55:00-05:00,0.0
2025-03-03 10:00:00-05:00,0.0
2025-03-03 10:05:00-05:00,0.0
2025-03-03 10:10:00-05:00,0.0
2025-03-03 10:15:00-05:00,0.0
2025-03-03 10:20:00-05:00,0.0
2025-03-03 10:25:00-05:00,0.0
2025-03-03 10:30:00-05:00,0.0
2025-03-03 10:35:00-05:00,0.0
2025-03-03 10:40:00-05:00,0.0
2025-03-03 10:45:00-05:00,0.0
2025-03-03 10:50:00-05:00,0.0
2025-03-03 10:55:00-05:00,0.0
2025-03-03 11:00:00-05:00,0.0
2025-03-03 11:05:00-05:00,0.0
2025-03-03 11:10:00-05:00,0.0
2025-03-03 11:15:00-05:00,0.0
2025-03-03 11:20:00-05:00,0.0
2025-03-03 11:25:00-05:00,0.0
2025-03-03 11:30:00-05:00,0.0
2025-03-03 11:35:00-05:00,0.0
2025-03-03 11:40:00-05:00,0.0
2025-03-03 11:45:00-05:00,0.0
2025-03-03 11:50:00-05:00,0.0
2025-03-03 11:55:00-05:00,0.0
2025-03-03 12:00:00-05:00,0.0
2025-03-03 12:05:00-05:00,0.0
2025-03-03 12:10:00-05:00,0.0
2025-03-03 12:15:00-05:00,0.0
2025-03-03 12:20:00-05:00,0.0
2025-03-03 12:25:00-05:00,0.0
2025-03-03 12:30:00-05:00,0.0
2025-03-03 12:35:00-05:00,0.0
2025-03-03 12:40:00-05:00,0.0
2025-03-03 12:45:00-05:00,0.0
2025-03-03 12:50:00-05:00,0.0
2025-03-03 12:55:00-05:00,0.0
2025-03-03 13:00:00-05:00,0.0
2025-03-03 13:05:00-05:00,0.0
2025-03-03 13:10:00-05:00,0.0
2025-03-03 13:15:00-05:00,0.0
2025-03-03 13:20:00-05:00,0.0
2025-03-03 13:25:00-05:00,0.0
2025-03-03 13:30:00-05:00,0.0
2025-03-03 13:35:00-05:00,0.0
2025-03-03 13:40:00-05:00,0.0
2025-03-03 13:45:00-05:00,0.0
2025-03-03 13:50:00-05:00,0.0
2025-03-03 13:55:00-05:00,0.0
2025-03-03 14:00:00-05:00,-0.5
2025-03-03 14:05:00-05:00,-28.625
2025-03-03 14:10:00-05:00,-26.125
2025-03-03 14:15:00-05:00,-4.875
2025-03-03 14:20:00-05:00,10.125
2025-03-03 14:25:00-05:00,30.125
2025-03-03 14:30:00-05:00,-17.375
2025-03-03 14:35:00-05:00,-12.375
2025-03-03 14:40:00-05:00,-31.0
2025-03-03 14:45:00-05:00,-31.0
2025-03-03 14:50:00-05:00,-31.5
2025-03-03 14:55:00-05:00,-34.0
2025-03-03 15:00:00-05:00,43.5
2025-03-03 15:05:00-05:00,111.0
2025-03-03 15:10:00-05:00,153.5
2025-03-03 15:15:00-05:00,154.75
2025-03-03 15:20:00-05:00,194.75
2025-03-03 15:25:00-05:00,236.0
2025-03-03 15:30:00-05:00,223.5
2025-03-03 15:35:00-05:00,264.75
2025-03-03 15:40:00-05:00,306.0
2025-03-03 15:45:00-05:00,233.5
2025-03-03 15:50:00-05:00,226.0
2025-03-03 15:55:00-05:00,141.0
2025-03-04 09:30:00-05:00,-0.5
2025-03-04 09:35:00-05:00,-31.0
2025-03-04 09:40:00-05:00,-31.5
2025-03-04 09:45:00-05:00,-62.0
2025-03-04 09:50:00-05:00,-62.5
2025-03-04 09:55:00-05:00,-79.6875
2025-03-04 10:00:00-05:00,-0.9375
2025-03-04 10:05:00-05:00,5.3125
2025-03-04 10:10:00-05:00,39.0625
2025-03-04 10:15:00-05:00,72.8125
2025-03-04 10:20:00-05:00,127.8125
2025-03-04 10:25:00-05:00,57.8125
2025-03-04 10:30:00-05:00,4.0625
2025-03-04 10:35:00-05:00,12.8125
2025-03-04 10:40:00-05:00,34.0625
2025-03-04 10:45:00-05:00,20.3125
2025-03-04 10:50:00-05:00,51.5625
2025-03-04 10:55:00-05:00,95.3125
2025-03-04 11:00:00-05:00,76.5625
2025-03-04 11:05:00-05:00,112.8125
2025-03-04 11:10:00-05:00,69.0625
2025-03-04 11:15:00-05:00,52.8125
2025-03-04 11:20:00-05:00,87.8125
2025-03-04 11:25:00-05:00,139.0625
2025-03-04 11:30:00-05:00,97.8125
2025-03-04 11:35:00-05:00,89.0625
2025-03-04 11:40:00-05:00,36.5625
2025-03-04 11:45:00-05:00,15.3125
2025-03-04 11:50:00-05:00,22.9375
2025-03-04 11:55:00-05:00,22.9375
2025-03-04 12:00:00-05:00,22.9375
2025-03-04 12:05:00-05:00,22.9375
2025-03-04 12:10:00-05:00,22.9375
2025-03-04 12:15:00-05:00,22.9375
2025-03-04 12:20:00-05:00,22.9375
2025-03-04 12:25:00-05:00,22.9375
2025-03-04 12:30:00-05:00,22.9375
2025-03-04 12:35:00-05:00,22.9375
2025-03-04 12:40:00-05:00,22.9375
2025-03-04 12:45:00-05:00,22.9375
2025-03-04 12:50:00-05:00,22.9375
2025-03-04 12:55:00-05:00,22.9375
2025-03-04 13:00:00-05:00,22.9375
2025-03-04 13:05:00-05:00,22.9375
2025-03-04 13:10:00-05:00,22.9375
2025-03-04 13:15:00-05:00,22.9375
2025-03-04 13:20:00-05:00,22.9375
2025-03-04 13:25:00-05:00,22.9375
2025-03-04 13:30:00-05:00,22.9375
2025-03-04 13:35:00-05:00,22.9375
2025-03-04 13:40:00-05:00,22.9375
2025-03-04 13:45:00-05:00,22.9375
2025-03-04 13:50:00-05:00,22.9375
2025-03-04 13:55:00-05:00,22.9375
2025-03-04 14:00:00-05:00,22.9375
2025-03-04 14:05:00-05:00,22.9375
2025-03-04 14:10:00-05:00,22.9375
2025-03-04 14:15:00-05:00,22.9375
2025-03-04 14:20:00-05:00,22.9375
2025-03-04 14:25:00-05:00,22.9375
2025-03-04 14:30:00-05:00,22.9375
2025-03-04 14:35:00-05:00,22.9375
2025-03-04 14:40:00-05:00,22.9375
2025-03-04 14:45:00-05:00,22.9375
2025-03-04 14:50:00-05:00,22.9375
2025-03-04 14:55:00-05:00,22.9375
2025-03-04 15:00:00-05:00,22.9375
2025-03-04 15:05:00-05:00,22.9375
2025-03-04 15:10:00-05:00,22.9375
2025-03-04 15:15:00-05:00,22.9375
2025-03-04 15:20:00-05:00,22.9375
2025-03-04 15:25:00-05:00,22.9375
2025-03-04 15:30:00-05:00,22.9375
2025-03-04 15:35:00-05:00,22.9375
2025-03-04 15:40:00-05:00,22.9375
2025-03-04 15:45:00-05:00,22.9375
2025-03-04 15:50:00-05:00,22.9375
2025-03-04 15:55:00-05:00,22.9375
2025-03-05 09:30:00-05:00,0.0
2025-03-05 09:35:00-05:00,0.0
2025-03-05 09:40:00-05:00,0.0
2025-03-05 09:45:00-05:00,0.0
2025-03-05 09:50:00-05:00,0.0
2025-03-05 09:55:00-05:00,0.0
2025-03-05 10:00:00-05:00,-0.5
2025-03-05 10:05:00-05:00,-31.0
2025-03-05 10:10:00-05:00,-31.5
2025-03-05 10:15:00-05:00,-28.0625
2025-03-05 10:20:00-05:00,33.1875
2025-03-05 10:25:00-05:00,68.1875
2025-03-05 10:30:00-05:00,41.9375
2025-03-05 10:35:00-05:00,-23.0625
2025-03-05 10:40:00-05:00,-4.3125
2025-03-05 10:45:00-05:00,-4.3125
2025-03-05 10:50:00-05:00,20.6875
2025-03-05 10:55:00-05:00,1.9375
2025-03-05 11:00:00-05:00,53.1875
2025-03-05 11:05:00-05:00,85.6875
2025-03-05 11:10:00-05:00,120.6875
2025-03-05 11:15:00-05:00,141.9375
2025-03-05 11:20:00-05:00,153.1875
2025-03-05 11:25:00-05:00,145.6875
2025-03-05 11:30:00-05:00,155.6875
2025-03-05 11:35:00-05:00,156.9375
2025-03-05 11:40:00-05:00,175.6875
2025-03-05 11:45:00-05:00,194.4375
2025-03-05 11:50:00-05:00,186.9375
2025-03-05 11:55:00-05:00,56.9375
2025-03-05 12:00:00-05:00,14.4375
2025-03-05 12:05:00-05:00,55.6875
2025-03-05 12:10:00-05:00,35.6875
2025-03-05 12:15:00-05:00,21.9375
2025-03-05 12:20:00-05:00,18.9375
2025-03-05 12:25:00-05:00,18.9375
2025-03-05 12:30:00-05:00,18.9375
2025-03-05 12:35:00-05:00,18.9375
2025-03-05 12:40:00-05:00,18.9375
2025-03-05 12:45:00-05:00,18.9375
2025-03-05 12:50:00-05:00,18.9375
2025-03-05 12:55:00-05:00,18.9375
2025-03-05 13:00:00-05:00,18.9375
2025-03-05 13:05:00-05:00,18.9375
2025-03-05 13:10:00-05:00,18.9375
2025-03-05 13:15:00-05:00,18.9375
2025-03-05 13:20:00-05:00,18.9375
2025-03-05 13:25:00-05:00,18.9375
2025-03-05 13:30:00-05:00,18.9375
2025-03-05 13:35:00-05:00,18.9375
2025-03-05 13:40:00-05:00,18.9375
2025-03-05 13:45:00-05:00,18.9375
2025-03-05 13:50:00-05:00,18.9375
2025-03-05 13:55:00-05:00,18.9375
2025-03-05 14:00:00-05:00,18.9375
2025-03-05 14:05:00-05:00,18.9375
2025-03-05 14:10:00-05:00,18.9375
2025-03-05 14:15:00-05:00,18.9375
2025-03-05 14:20:00-05:00,18.9375
2025-03-05 14:25:00-05:00,18.9375
2025-03-05 14:30:00-05:00,18.9375
2025-03-05 14:35:00-05:00,18.9375
2025-03-05 14:40:00-05:00,18.9375
2025-03-05 14:45:00-05:00,18.9375
2025-03-05 14:50:00-05:00,18.9375
2025-03-05 14:55:00-05:00,18.9375
2025-03-05 15:00:00-05:00,18.9375
2025-03-05 15:05:00-05:00,18.9375
2025-03-05 15:10:00-05:00,18.9375
2025-03-05 15:15:00-05:00,18.9375
2025-03-05 15:20:00-05:00,18.9375
2025-03-05 15:25:00-05:00,18.9375
2025-03-05 15:30:00-05:00,18.9375
2025-03-05 15:35:00-05:00,18.9375
2025-03-05 15:40:00-05:00,18.9375
2025-03-05 15:45:00-05:00,18.9375
2025-03-05 15:50:00-05:00,18.9375
2025-03-05 15:55:00-05:00,18.9375
2025-03-06 09:30:00-05:00,0.0
2025-03-06 09:35:00-05:00,0.0
2025-03-06 09:40:00-05:00,0.0
2025-03-06 09:45:00-05:00,0.0
2025-03-06 09:50:00-05:00,0.0
2025-03-06 09:55:00-05:00,0.0
2025-03-06 10:00:00-05:00,-0.5
2025-03-06 10:05:00-05:00,-31.0
2025-03-06 10:10:00-05:00,-31.5
2025-03-06 10:15:00-05:00,-62.0
2025-03-06 10:20:00-05:00,-62.5
2025-03-06 10:25:00-05:00,-87.1875
2025-03-06 10:30:00-05:00,-87.1875
2025-03-06 10:35:00-05:00,-93.0
2025-03-06 10:40:00-05:00,-93.5
2025-03-06 10:45:00-05:00,-113.5
2025-03-06 10:50:00-05:00,-34.9375
2025-03-06 10:55:00-05:00,-34.9375
2025-03-06 11:00:00-05:00,-34.9375
2025-03-06 11:05:00-05:00,-34.9375
2025-03-06 11:10:00-05:00,-34.9375
2025-03-06 11:15:00-05:00,-34.9375
2025-03-06 11:20:00-05:00,-34.9375
2025-03-06 11:25:00-05:00,-34.9375
2025-03-06 11:30:00-05:00,-34.9375
2025-03-06 11:35:00-05:00,-34.9375
2025-03-06 11:40:00-05:00,-34.9375
2025-03-06 11:45:00-05:00,-35.4375
2025-03-06 11:50:00-05:00,-22.625
2025-03-06 11:55:00-05:00,29.875
2025-03-06 12:00:00-05:00,44.875
2025-03-06 12:05:00-05:00,101.125
2025-03-06 12:10:00-05:00,102.375
2025-03-06 12:15:00-05:00,111.125
2025-03-06 12:20:00-05:00,69.875
2025-03-06 12:25:00-05:00,127.375
2025-03-06 12:30:00-05:00,108.625
2025-03-06 12:35:00-05:00,144.875
2025-03-06 12:40:00-05:00,121.125
2025-03-06 12:45:00-05:00,163.625
2025-03-06 12:50:00-05:00,196.125
2025-03-06 12:55:00-05:00,117.375
2025-03-06 13:00:00-05:00,133.625
2025-03-06 13:05:00-05:00,141.125
2025-03-06 13:10:00-05:00,142.375
2025-03-06 13:15:00-05:00,98.625
2025-03-06 13:20:00-05:00,88.625
2025-03-06 13:25:00-05:00,92.375
2025-03-06 13:30:00-05:00,138.625
2025-03-06 13:35:00-05:00,156.125
2025-03-06 13:40:00-05:00,232.375
2025-03-06 13:45:00-05:00,184.875
2025-03-06 13:50:00-05:00,156.125
2025-03-06 13:55:00-05:00,169.875
2025-03-06 14:00:00-05:00,179.875
2025-03-06 14:05:00-05:00,209.875
2025-03-06 14:10:00-05:00,176.125
2025-03-06 14:15:00-05:00,194.875
2025-03-06 14:20:00-05:00,229.875
2025-03-06 14:25:00-05:00,233.625
2025-03-06 14:30:00-05:00,238.625
2025-03-06 14:35:00-05:00,227.375
2025-03-06 14:40:00-05:00,182.375
2025-03-06 14:45:00-05:00,84.875
2025-03-06 14:50:00-05:00,47.375
2025-03-06 14:55:00-05:00,103.625
2025-03-06 15:00:00-05:00,174.875
2025-03-06 15:05:00-05:00,176.5625
2025-03-06 15:10:00-05:00,176.5625
2025-03-06 15:15:00-05:00,176.5625
2025-03-06 15:20:00-05:00,176.5625
2025-03-06 15:25:00-05:00,176.5625
2025-03-06 15:30:00-05:00,176.5625
2025-03-06 15:35:00-05:00,176.5625
2025-03-06 15:40:00-05:00,176.5625
2025-03-06 15:45:00-05:00,176.5625
2025-03-06 15:50:00-05:00,176.5625
2025-03-06 15:55:00-05:00,176.5625
2025-03-07 09:30:00-05:00,0.0
2025-03-07 09:35:00-05:00,0.0
2025-03-07 09:40:00-05:00,0.0
2025-03-07 09:45:00-05:00,0.0
2025-03-07 09:50:00-05:00,0.0
2025-03-07 09:55:00-05:00,0.0
2025-03-07 10:00:00-05:00,0.0
2025-03-07 10:05:00-05:00,0.0
2025-03-07 10:10:00-05:00,0.0
2025-03-07 10:15:00-05:00,0.0
2025-03-07 10:20:00-05:00,0.0
2025-03-07 10:25:00-05:00,0.0
2025-03-07 10:30:00-05:00,-0.5
2025-03-07 10:35:00-05:00,49.8125
2025-03-07 10:40:00-05:00,61.0625
2025-03-07 10:45:00-05:00,-31.0
2025-03-07 10:50:00-05:00,-31.5
2025-03-07 10:55:00-05:00,-47.75
2025-03-07 11:00:00-05:00,-29.0
2025-03-07 11:05:00-05:00,-36.5
2025-03-07 11:10:00-05:00,-16.5
2025-03-07 11:15:00-05:00,3.5
2025-03-07 11:20:00-05:00,61.0
2025-03-07 11:25:00-05:00,93.5
2025-03-07 11:30:00-05:00,126.0
2025-03-07 11:35:00-05:00,141.0
2025-03-07 11:40:00-05:00,167.25
2025-03-07 11:45:00-05:00,159.75
2025-03-07 11:50:00-05:00,192.25
2025-03-07 11:55:00-05:00,167.25
2025-03-07 12:00:00-05:00,94.75
2025-03-07 12:05:00-05:00,129.75
2025-03-07 12:10:00-05:00,162.25
2025-03-07 12:15:00-05:00,172.25
2025-03-07 12:20:00-05:00,144.75
2025-03-07 12:25:00-05:00,123.5
2025-03-07 12:30:00-05:00,42.25
2025-03-07 12:35:00-05:00,4.75
2025-03-07 12:40:00-05:00,10.1875
2025-03-07 12:45:00-05:00,10.1875
2025-03-07 12:50:00-05:00,10.1875
2025-03-07 12:55:00-05:00,10.1875
2025-03-07 13:00:00-05:00,10.1875
2025-03-07 13:05:00-05:00,10.1875
2025-03-07 13:10:00-05:00,10.1875
2025-03-07 13:15:00-05:00,10.1875
2025-03-07 13:20:00-05:00,10.1875
2025-03-07 13:25:00-05:00,10.1875
2025-03-07 13:30:00-05:00,10.1875
2025-03-07 13:35:00-05:00,10.1875
2025-03-07 13:40:00-05:00,10.1875
2025-03-07 13:45:00-05:00,10.1875
2025-03-07 13:50:00-05:00,10.1875
2025-03-07 13:55:00-05:00,10.1875
2025-03-07 14:00:00-05:00,10.1875
2025-03-07 14:05:00-05:00,10.1875
2025-03-07 14:10:00-05:00,10.1875
2025-03-07 14:15:00-05:00,10.1875
2025-03-07 14:20:00-05:00,10.1875
2025-03-07 14:25:00-05:00,10.1875
2025-03-07 14:30:00-05:00,10.1875
2025-03-07 14:35:00-05:00,10.1875
2025-03-07 14:40:00-05:00,10.1875
2025-03-07 14:45:00-05:00,10.1875
2025-03-07 14:50:00-05:00,10.1875
2025-03-07 14:55:00-05:00,10.1875
2025-03-07 15:00:00-05:00,10.1875
2025-03-07 15:05:00-05:00,10.1875
2025-03-07 15:10:00-05:00,10.1875
2025-03-07 15:15:00-05:00,10.1875
2025-03-07 15:20:00-05:00,10.1875
2025-03-07 15:25:00-05:00,10.1875
2025-03-07 15:30:00-05:00,10.1875
2025-03-07 15:35:00-05:00,10.1875
2025-03-07 15:40:00-05:00,10.1875
2025-03-07 15:45:00-05:00,10.1875
2025-03-07 15:50:00-05:00,10.1875
2025-03-07 15:55:00-05:00,10.1875
2025-03-10 09:30:00-04:00,0.0
2025-03-10 09:35:00-04:00,0.0
2025-03-10 09:40:00-04:00,0.0
2025-03-10 09:45:00-04:00,0.0
2025-03-10 09:50:00-04:00,0.0
2025-03-10 09:55:00-04:00,0.0
2025-03-10 10:00:00-04:00,-0.5
2025-03-10 10:05:00-04:00,4.5
2025-03-10 10:10:00-04:00,-10.5
2025-03-10 10:15:00-04:00,-24.25
2025-03-10 10:20:00-04:00,-0.5
2025-03-10 10:25:00-04:00,-4.25
2025-03-10 10:30:00-04:00,23.25
2025-03-10 10:35:00-04:00,45.75
2025-03-10 10:40:00-04:00,67.0
2025-03-10 10:45:00-04:00,60.75
2025-03-10 10:50:00-04:00,85.75
2025-03-10 10:55:00-04:00,122.0
2025-03-10 11:00:00-04:00,69.5
2025-03-10 11:05:00-04:00,55.75
2025-03-10 11:10:00-04:00,50.75
2025-03-10 11:15:00-04:00,59.5
2025-03-10 11:20:00-04:00,63.25
2025-03-10 11:25:00-04:00,62.0
2025-03-10 11:30:00-04:00,15.75
2025-03-10 11:35:00-04:00,-4.25
2025-03-10 11:40:00-04:00,42.0
2025-03-10 11:45:00-04:00,64.5
2025-03-10 11:50:00-04:00,68.25
2025-03-10 11:55:00-04:00,88.25
2025-03-10 12:00:00-04:00,98.25
2025-03-10 12:05:00-04:00,124.5
2025-03-10 12:10:00-04:00,100.75
2025-03-10 12:15:00-04:00,99.5
2025-03-10 12:20:00-04:00,163.25
2025-03-10 12:25:00-04:00,138.25
2025-03-10 12:30:00-04:00,70.75
2025-03-10 12:35:00-04:00,78.25
2025-03-10 12:40:00-04:00,150.75
2025-03-10 12:45:00-04:00,144.5
2025-03-10 12:50:00-04:00,138.25
2025-03-10 12:55:00-04:00,137.0
2025-03-10 13:00:00-04:00,168.25
2025-03-10 13:05:00-04:00,202.0
2025-03-10 13:10:00-04:00,223.25
2025-03-10 13:15:00-04:00,205.75
2025-03-10 13:20:00-04:00,174.5
2025-03-10 13:25:00-04:00,193.25
2025-03-10 13:30:00-04:00,228.25
2025-03-10 13:35:00-04:00,248.25
2025-03-10 13:40:00-04:00,265.75
2025-03-10 13:45:00-04:00,253.25
2025-03-10 13:50:00-04:00,272.0
2025-03-10 13:55:00-04:00,270.75
2025-03-10 14:00:00-04:00,292.0
2025-03-10 14:05:00-04:00,315.75
2025-03-10 14:10:00-04:00,250.75
2025-03-10 14:15:00-04:00,273.25
2025-03-10 14:20:00-04:00,297.0
2025-03-10 14:25:00-04:00,305.75
2025-03-10 14:30:00-04:00,302.0
2025-03-10 14:35:00-04:00,333.25
2025-03-10 14:40:00-04:00,350.75
2025-03-10 14:45:00-04:00,349.5
2025-03-10 14:50:00-04:00,363.25
2025-03-10 14:55:00-04:00,413.25
2025-03-10 15:00:00-04:00,438.25
2025-03-10 15:05:00-04:00,468.25
2025-03-10 15:10:00-04:00,439.5
2025-03-10 15:15:00-04:00,379.5
2025-03-10 15:20:00-04:00,328.25
2025-03-10 15:25:00-04:00,260.75
2025-03-10 15:30:00-04:00,214.5
2025-03-10 15:35:00-04:00,200.75
2025-03-10 15:40:00-04:00,248.25
2025-03-10 15:45:00-04:00,333.375
2025-03-10 15:50:00-04:00,333.375
2025-03-10 15:55:00-04:00,333.375
2025-03-11 09:30:00-04:00,0.0
2025-03-11 09:35:00-04:00,0.0
2025-03-11 09:40:00-04:00,0.0
2025-03-11 09:45:00-04:00,0.0
2025-03-11 09:50:00-04:00,0.0
2025-03-11 09:55:00-04:00,0.0
2025-03-11 10:00:00-04:00,0.0
2025-03-11 10:05:00-04:00,0.0
2025-03-11 10:10:00-04:00,0.0
2025-03-11 10:15:00-04:00,-0.5
2025-03-11 10:20:00-04:00,-29.875
2025-03-11 10:25:00-04:00,36.375
2025-03-11 10:30:00-04:00,36.375
2025-03-11 10:35:00-04:00,71.375
2025-03-11 10:40:00-04:00,103.875
2025-03-11 10:45:00-04:00,92.625
2025-03-11 10:50:00-04:00,46.375
2025-03-11 10:55:00-04:00,46.375
2025-03-11 11:00:00-04:00,105.125
2025-03-11 11:05:00-04:00,-12.375
2025-03-11 11:10:00-04:00,-31.0
2025-03-11 11:15:00-04:00,-31.5
2025-03-11 11:20:00-04:00,-62.0
2025-03-11 11:25:00-04:00,-62.5
2025-03-11 11:30:00-04:00,-93.0
2025-03-11 11:35:00-04:00,-93.0
2025-03-11 11:40:00-04:00,-93.0
2025-03-11 11:45:00-04:00,-93.0
2025-03-11 11:50:00-04:00,-93.0
2025-03-11 11:55:00-04:00,-93.0
2025-03-11 12:00:00-04:00,-93.0
2025-03-11 12:05:00-04:00,-93.0
2025-03-11 12:10:00-04:00,-93.0
2025-03-11 12:15:00-04:00,-93.0
2025-03-11 12:20:00-04:00,-93.0
2025-03-11 12:25:00-04:00,-93.5
2025-03-11 12:30:00-04:00,-124.0
2025-03-11 12:35:00-04:00,-124.5
2025-03-11 12:40:00-04:00,-155.0
2025-03-11 12:45:00-04:00,-155.5
2025-03-11 12:50:00-04:00,-173.625
2025-03-11 12:55:00-04:00,-134.875
2025-03-11 13:00:00-04:00,-101.125
2025-03-11 13:05:00-04:00,-82.375
2025-03-11 13:10:00-04:00,-84.875
2025-03-11 13:15:00-04:00,-98.625
2025-03-11 13:20:00-04:00,-79.875
2025-03-11 13:25:00-04:00,-34.875
2025-03-11 13:30:00-04:00,-49.875
2025-03-11 13:35:00-04:00,-33.625
2025-03-11 13:40:00-04:00,-77.375
2025-03-11 13:45:00-04:00,-153.625
2025-03-11 13:50:00-04:00,-149.875
2025-03-11 13:55:00-04:00,-127.375
2025-03-11 14:00:00-04:00,-186.0
2025-03-11 14:05:00-04:00,-186.5
2025-03-11 14:10:00-04:00,-217.0
2025-03-11 14:15:00-04:00,-217.0
2025-03-11 14:20:00-04:00,-217.0
2025-03-11 14:25:00-04:00,-217.0
2025-03-11 14:30:00-04:00,-217.0
2025-03-11 14:35:00-04:00,-217.0
2025-03-11 14:40:00-04:00,-217.0
2025-03-11 14:45:00-04:00,-217.0
2025-03-11 14:50:00-04:00,-217.0
2025-03-11 14:55:00-04:00,-217.0
2025-03-11 15:00:00-04:00,-217.0
2025-03-11 15:05:00-04:00,-217.0
2025-03-11 15:10:00-04:00,-217.0
2025-03-11 15:15:00-04:00,-217.0
2025-03-11 15:20:00-04:00,-217.0
2025-03-11 15:25:00-04:00,-217.0
2025-03-11 15:30:00-04:00,-217.0
2025-03-11 15:35:00-04:00,-217.0
2025-03-11 15:40:00-04:00,-217.0
2025-03-11 15:45:00-04:00,-217.0
2025-03-11 15:50:00-04:00,-217.0
2025-03-11 15:55:00-04:00,-217.0
2025-03-12 09:30:00-04:00,0.0
2025-03-12 09:35:00-04:00,0.0
2025-03-12 09:40:00-04:00,0.0
2025-03-12 09:45:00-04:00,0.0
2025-03-12 09:50:00-04:00,0.0
2025-03-12 09:55:00-04:00,0.0
2025-03-12 10:00:00-04:00,0.0
2025-03-12 10:05:00-04:00,0.0
2025-03-12 10:10:00-04:00,0.0
2025-03-12 10:15:00-04:00,0.0
2025-03-12 10:20:00-04:00,0.0
2025-03-12 10:25:00-04:00,0.0
2025-03-12 10:30:00-04:00,0.0
2025-03-12 10:35:00-04:00,0.0
2025-03-12 10:40:00-04:00,0.0
2025-03-12 10:45:00-04:00,0.0
2025-03-12 10:50:00-04:00,0.0
2025-03-12 10:55:00-04:00,0.0
2025-03-12 11:00:00-04:00,-0.5
2025-03-12 11:05:00-04:00,-2.0625
2025-03-12 11:10:00-04:00,4.1875
2025-03-12 11:15:00-04:00,-31.0
2025-03-12 11:20:00-04:00,-31.5
2025-03-12 11:25:00-04:00,-62.0
2025-03-12 11:30:00-04:00,-62.5
2025-03-12 11:35:00-04:00,-93.0
2025-03-12 11:40:00-04:00,-93.5
2025-03-12 11:45:00-04:00,-124.0
2025-03-12 11:50:00-04:00,-124.0
2025-03-12 11:55:00-04:00,-124.0
2025-03-12 12:00:00-04:00,-124.0
2025-03-12 12:05:00-04:00,-124.0
2025-03-12 12:10:00-04:00,-124.0
2025-03-12 12:15:00-04:00,-124.0
2025-03-12 12:20:00-04:00,-124.0
2025-03-12 12:25:00-04:00,-124.0
2025-03-12 12:30:00-04:00,-124.0
2025-03-12 12:35:00-04:00,-124.0
2025-03-12 12:40:00-04:00,-124.0
2025-03-12 12:45:00-04:00,-124.0
2025-03-12 12:50:00-04:00,-124.0
2025-03-12 12:55:00-04:00,-124.0
2025-03-12 13:00:00-04:00,-124.0
2025-03-12 13:05:00-04:00,-124.0
2025-03-12 13:10:00-04:00,-124.0
2025-03-12 13:15:00-04:00,-124.0
2025-03-12 13:20:00-04:00,-124.0
2025-03-12 13:25:00-04:00,-124.0
2025-03-12 13:30:00-04:00,-124.0
2025-03-12 13:35:00-04:00,-124.0
2025-03-12 13:40:00-04:00,-124.0
2025-03-12 13:45:00-04:00,-124.0
2025-03-12 13:50:00-04:00,-124.0
2025-03-12 13:55:00-04:00,-124.0
2025-03-12 14:00:00-04:00,-124.0
2025-03-12 14:05:00-04:00,-124.0
2025-03-12 14:10:00-04:00,-124.0
2025-03-12 14:15:00-04:00,-124.0
2025-03-12 14:20:00-04:00,-124.0
2025-03-12 14:25:00-04:00,-124.0
2025-03-12 14:30:00-04:00,-124.0
2025-03-12 14:35:00-04:00,-124.0
2025-03-12 14:40:00-04:00,-124.0
2025-03-12 14:45:00-04:00,-124.0
2025-03-12 14:50:00-04:00,-124.0
2025-03-12 14:55:00-04:00,-124.0
2025-03-12 15:00:00-04:00,-124.0
2025-03-12 15:05:00-04:00,-124.0
2025-03-12 15:10:00-04:00,-124.0
2025-03-12 15:15:00-04:00,-124.0
2025-03-12 15:20:00-04:00,-124.0
2025-03-12 15:25:00-04:00,-124.0
2025-03-12 15:30:00-04:00,-124.0
2025-03-12 15:35:00-04:00,-124.0
2025-03-12 15:40:00-04:00,-124.0
2025-03-12 15:45:00-04:00,-124.0
2025-03-12 15:50:00-04:00,-124.0
2025-03-12 15:55:00-04:00,-124.0
2025-03-13 09:30:00-04:00,0.0
2025-03-13 09:35:00-04:00,0.0
2025-03-13 09:40:00-04:00,0.0
2025-03-13 09:45:00-04:00,0.0
2025-03-13 09:50:00-04:00,0.0
2025-03-13 09:55:00-04:00,0.0
2025-03-13 10:00:00-04:00,-0.5
2025-03-13 10:05:00-04:00,-31.0
2025-03-13 10:10:00-04:00,-31.5
2025-03-13 10:15:00-04:00,-62.0
2025-03-13 10:20:00-04:00,-62.5
2025-03-13 10:25:00-04:00,-93.0
2025-03-13 10:30:00-04:00,-93.5
2025-03-13 10:35:00-04:00,-103.8125
2025-03-13 10:40:00-04:00,-51.3125
2025-03-13 10:45:00-04:00,-66.3125
2025-03-13 10:50:00-04:00,-92.5625
2025-03-13 10:55:00-04:00,-60.0625
2025-03-13 11:00:00-04:00,-67.5625
2025-03-13 11:05:00-04:00,-71.3125
2025-03-13 11:10:00-04:00,-1.3125
2025-03-13 11:15:00-04:00,13.6875
2025-03-13 11:20:00-04:00,16.1875
2025-03-13 11:25:00-04:00,7.4375
2025-03-13 11:30:00-04:00,36.1875
2025-03-13 11:35:00-04:00,58.6875
2025-03-13 11:40:00-04:00,21.1875
2025-03-13 11:45:00-04:00,48.6875
2025-03-13 11:50:00-04:00,62.4375
2025-03-13 11:55:00-04:00,119.9375
2025-03-13 12:00:00-04:00,103.6875
2025-03-13 12:05:00-04:00,72.4375
2025-03-13 12:10:00-04:00,82.4375
2025-03-13 12:15:00-04:00,116.1875
2025-03-13 12:20:00-04:00,112.4375
2025-03-13 12:25:00-04:00,131.1875
2025-03-13 12:30:00-04:00,82.4375
2025-03-13 12:35:00-04:00,52.4375
2025-03-13 12:40:00-04:00,47.4375
2025-03-13 12:45:00-04:00,107.4375
2025-03-13 12:50:00-04:00,127.4375
2025-03-13 12:55:00-04:00,144.9375
2025-03-13 13:00:00-04:00,128.6875
2025-03-13 13:05:00-04:00,109.9375
2025-03-13 13:10:00-04:00,169.9375
2025-03-13 13:15:00-04:00,198.6875
2025-03-13 13:20:00-04:00,207.4375
2025-03-13 13:25:00-04:00,209.9375
2025-03-13 13:30:00-04:00,217.4375
2025-03-13 13:35:00-04:00,246.1875
2025-03-13 13:40:00-04:00,243.6875
2025-03-13 13:45:00-04:00,268.6875
2025-03-13 13:50:00-04:00,232.4375
2025-03-13 13:55:00-04:00,233.6875
2025-03-13 14:00:00-04:00,193.6875
2025-03-13 14:05:00-04:00,166.1875
2025-03-13 14:10:00-04:00,116.1875
2025-03-13 14:15:00-04:00,134.9375
2025-03-13 14:20:00-04:00,138.6875
2025-03-13 14:25:00-04:00,138.5
2025-03-13 14:30:00-04:00,138.5
2025-03-13 14:35:00-04:00,138.5
2025-03-13 14:40:00-04:00,138.5
2025-03-13 14:45:00-04:00,138.5
2025-03-13 14:50:00-04:00,138.5
2025-03-13 14:55:00-04:00,138.5
2025-03-13 15:00:00-04:00,138.5
2025-03-13 15:05:00-04:00,138.5
2025-03-13 15:10:00-04:00,138.5
2025-03-13 15:15:00-04:00,138.5
2025-03-13 15:20:00-04:00,138.5
2025-03-13 15:25:00-04:00,138.5
2025-03-13 15:30:00-04:00,138.5
2025-03-13 15:35:00-04:00,138.0
2025-03-13 15:40:00-04:00,130.5
2025-03-13 15:45:00-04:00,119.25
2025-03-13 15:50:00-04:00,131.75
2025-03-13 15:55:00-04:00,107.5
2025-03-14 09:30:00-04:00,0.0
2025-03-14 09:35:00-04:00,0.0
2025-03-14 09:40:00-04:00,0.0
2025-03-14 09:45:00-04:00,0.0
2025-03-14 09:50:00-04:00,0.0
2025-03-14 09:55:00-04:00,0.0
2025-03-14 10:00:00-04:00,0.0
2025-03-14 10:05:00-04:00,0.0
2025-03-14 10:10:00-04:00,0.0
2025-03-14 10:15:00-04:00,0.0
2025-03-14 10:20:00-04:00,0.0
2025-03-14 10:25:00-04:00,0.0
2025-03-14 10:30:00-04:00,0.0
2025-03-14 10:35:00-04:00,0.0
2025-03-14 10:40:00-04:00,0.0
2025-03-14 10:45:00-04:00,0.0
2025-03-14 10:50:00-04:00,0.0
2025-03-14 10:55:00-04:00,0.0
2025-03-14 11:00:00-04:00,0.0
2025-03-14 11:05:00-04:00,0.0
2025-03-14 11:10:00-04:00,0.0
2025-03-14 11:15:00-04:00,0.0
2025-03-14 11:20:00-04:00,0.0
2025-03-14 11:25:00-04:00,0.0
2025-03-14 11:30:00-04:00,0.0
2025-03-14 11:35:00-04:00,0.0
2025-03-14 11:40:00-04:00,0.0
2025-03-14 11:45:00-04:00,0.0
2025-03-14 11:50:00-04:00,0.0
2025-03-14 11:55:00-04:00,0.0
2025-03-14 12:00:00-04:00,0.0
2025-03-14 12:05:00-04:00,0.0
2025-03-14 12:10:00-04:00,0.0
2025-03-14 12:15:00-04:00,0.0
2025-03-14 12:20:00-04:00,0.0
2025-03-14 12:25:00-04:00,0.0
2025-03-14 12:30:00-04:00,0.0
2025-03-14 12:35:00-04:00,0.0
2025-03-14 12:40:00-04:00,0.0
2025-03-14 12:45:00-04:00,0.0
2025-03-14 12:50:00-04:00,0.0
2025-03-14 12:55:00-04:00,0.0
2025-03-14 13:00:00-04:00,0.0
2025-03-14 13:05:00-04:00,-0.5
2025-03-14 13:10:00-04:00,-28.3125
2025-03-14 13:15:00-04:00,-31.0
2025-03-14 13:20:00-04:00,-31.5
2025-03-14 13:25:00-04:00,-62.0
2025-03-14 13:30:00-04:00,-62.5
2025-03-14 13:35:00-04:00,-93.0
2025-03-14 13:40:00-04:00,-93.5
2025-03-14 13:45:00-04:00,-124.0
2025-03-14 13:50:00-04:00,-124.5
2025-03-14 13:55:00-04:00,-133.125
2025-03-14 14:00:00-04:00,-133.125
2025-03-14 14:05:00-04:00,-133.125
2025-03-14 14:10:00-04:00,-133.125
2025-03-14 14:15:00-04:00,-133.125
2025-03-14 14:20:00-04:00,-133.125
2025-03-14 14:25:00-04:00,-133.125
2025-03-14 14:30:00-04:00,-133.125
2025-03-14 14:35:00-04:00,-133.125
2025-03-14 14:40:00-04:00,-133.125
2025-03-14 14:45:00-04:00,-133.625
2025-03-14 14:50:00-04:00,-158.3125
2025-03-14 14:55:00-04:00,-164.125
2025-03-14 15:00:00-04:00,-164.625
2025-03-14 15:05:00-04:00,-160.25
2025-03-14 15:10:00-04:00,-155.25
2025-03-14 15:15:00-04:00,-154.0
2025-03-14 15:20:00-04:00,-171.5
2025-03-14 15:25:00-04:00,-175.25
2025-03-14 15:30:00-04:00,-170.25
2025-03-14 15:35:00-04:00,-184.0
2025-03-14 15:40:00-04:00,-194.0
2025-03-14 15:45:00-04:00,-174.0
2025-03-14 15:50:00-04:00,-171.5
2025-03-14 15:55:00-04:00,-127.75
2025-03-17 09:30:00-04:00,-0.5
2025-03-17 09:35:00-04:00,39.1875
2025-03-17 09:40:00-04:00,96.6875
2025-03-17 09:45:00-04:00,60.4375
2025-03-17 09:50:00-04:00,42.9375
2025-03-17 09:55:00-04:00,97.9375
2025-03-17 10:00:00-04:00,40.4375
2025-03-17 10:05:00-04:00,42.9375
2025-03-17 10:10:00-04:00,82.9375
2025-03-17 10:15:00-04:00,97.9375
2025-03-17 10:20:00-04:00,101.6875
2025-03-17 10:25:00-04:00,52.9375
2025-03-17 10:30:00-04:00,30.4375
2025-03-17 10:35:00-04:00,21.6875
2025-03-17 10:40:00-04:00,70.4375
2025-03-17 10:45:00-04:00,72.9375
2025-03-17 10:50:00-04:00,44.1875
2025-03-17 10:55:00-04:00,9.1875
2025-03-17 11:00:00-04:00,24.625
2025-03-17 11:05:00-04:00,24.625
2025-03-17 11:10:00-04:00,24.625
2025-03-17 11:15:00-04:00,24.625
2025-03-17 11:20:00-04:00,24.625
2025-03-17 11:25:00-04:00,24.625
2025-03-17 11:30:00-04:00,24.625
2025-03-17 11:35:00-04:00,24.625
2025-03-17 11:40:00-04:00,24.625
2025-03-17 11:45:00-04:00,24.625
2025-03-17 11:50:00-04:00,24.625
2025-03-17 11:55:00-04:00,24.625
2025-03-17 12:00:00-04:00,24.625
2025-03-17 12:05:00-04:00,24.625
2025-03-17 12:10:00-04:00,24.625
2025-03-17 12:15:00-04:00,24.625
2025-03-17 12:20:00-04:00,24.625
2025-03-17 12:25:00-04:00,24.125
2025-03-17 12:30:00-04:00,8.1875
2025-03-17 12:35:00-04:00,20.6875
2025-03-17 12:40:00-04:00,24.5625
2025-03-17 12:45:00-04:00,24.5625
2025-03-17 12:50:00-04:00,24.0625
2025-03-17 12:55:00-04:00,18.75
2025-03-17 13:00:00-04:00,-5.0
2025-03-17 13:05:00-04:00,1.25
2025-03-17 13:10:00-04:00,30.0
2025-03-17 13:15:00-04:00,40.0
2025-03-17 13:20:00-04:00,36.25
2025-03-17 13:25:00-04:00,70.0
2025-03-17 13:30:00-04:00,80.0
2025-03-17 13:35:00-04:00,100.0
2025-03-17 13:40:00-04:00,131.25
2025-03-17 13:45:00-04:00,122.5
2025-03-17 13:50:00-04:00,147.5
2025-03-17 13:55:00-04:00,151.25
2025-03-17 14:00:00-04:00,153.75
2025-03-17 14:05:00-04:00,161.25
2025-03-17 14:10:00-04:00,177.5
2025-03-17 14:15:00-04:00,207.5
2025-03-17 14:20:00-04:00,205.0
2025-03-17 14:25:00-04:00,222.5
2025-03-17 14:30:00-04:00,225.0
2025-03-17 14:35:00-04:00,228.75
2025-03-17 14:40:00-04:00,236.25
2025-03-17 14:45:00-04:00,243.75
2025-03-17 14:50:00-04:00,262.5
2025-03-17 14:55:00-04:00,258.75
2025-03-17 15:00:00-04:00,236.25
2025-03-17 15:05:00-04:00,233.75
2025-03-17 15:10:00-04:00,221.25
2025-03-17 15:15:00-04:00,218.75
2025-03-17 15:20:00-04:00,232.5
2025-03-17 15:25:00-04:00,221.25
2025-03-17 15:30:00-04:00,231.25
2025-03-17 15:35:00-04:00,225.0
2025-03-17 15:40:00-04:00,225.0
2025-03-17 15:45:00-04:00,223.75
2025-03-17 15:50:00-04:00,214.1875
2025-03-17 15:55:00-04:00,214.1875
2025-03-18 09:30:00-04:00,0.0
2025-03-18 09:35:00-04:00,0.0
2025-03-18 09:40:00-04:00,0.0
2025-03-18 09:45:00-04:00,0.0
2025-03-18 09:50:00-04:00,0.0
2025-03-18 09:55:00-04:00,0.0
2025-03-18 10:00:00-04:00,0.0
2025-03-18 10:05:00-04:00,0.0
2025-03-18 10:10:00-04:00,0.0
2025-03-18 10:15:00-04:00,0.0
2025-03-18 10:20:00-04:00,0.0
2025-03-18 10:25:00-04:00,0.0
2025-03-18 10:30:00-04:00,0.0
2025-03-18 10:35:00-04:00,0.0
2025-03-18 10:40:00-04:00,0.0
2025-03-18 10:45:00-04:00,0.0
2025-03-18 10:50:00-04:00,0.0
2025-03-18 10:55:00-04:00,0.0
2025-03-18 11:00:00-04:00,0.0
2025-03-18 11:05:00-04:00,0.0
2025-03-18 11:10:00-04:00,0.0
2025-03-18 11:15:00-04:00,0.0
2025-03-18 11:20:00-04:00,0.0
2025-03-18 11:25:00-04:00,0.0
2025-03-18 11:30:00-04:00,0.0
2025-03-18 11:35:00-04:00,0.0
2025-03-18 11:40:00-04:00,0.0
2025-03-18 11:45:00-04:00,0.0
2025-03-18 11:50:00-04:00,0.0
2025-03-18 11:55:00-04:00,0.0
2025-03-18 12:00:00-04:00,0.0
2025-03-18 12:05:00-04:00,0.0
2025-03-18 12:10:00-04:00,0.0
2025-03-18 12:15:00-04:00,0.0
2025-03-18 12:20:00-04:00,0.0
2025-03-18 12:25:00-04:00,0.0
2025-03-18 12:30:00-04:00,0.0
2025-03-18 12:35:00-04:00,0.0
2025-03-18 12:40:00-04:00,0.0
2025-03-18 12:45:00-04:00,0.0
2025-03-18 12:50:00-04:00,0.0
2025-03-18 12:55:00-04:00,0.0
2025-03-18 13:00:00-04:00,0.0
2025-03-18 13:05:00-04:00,0.0
2025-03-18 13:10:00-04:00,0.0
2025-03-18 13:15:00-04:00,0.0
2025-03-18 13:20:00-04:00,0.0
2025-03-18 13:25:00-04:00,0.0
2025-03-18 13:30:00-04:00,0.0
2025-03-18 13:35:00-04:00,0.0
2025-03-18 13:40:00-04:00,0.0
2025-03-18 13:45:00-04:00,0.0
2025-03-18 13:50:00-04:00,0.0
2025-03-18 13:55:00-04:00,0.0
2025-03-18 14:00:00-04:00,-0.5
2025-03-18 14:05:00-04:00,6.5
2025-03-18 14:10:00-04:00,6.5
2025-03-18 14:15:00-04:00,6.5
2025-03-18 14:20:00-04:00,6.5
2025-03-18 14:25:00-04:00,6.0
2025-03-18 14:30:00-04:00,-19.3125
2025-03-18 14:35:00-04:00,-23.0625
2025-03-18 14:40:00-04:00,-18.0625
2025-03-18 14:45:00-04:00,-24.5
2025-03-18 14:50:00-04:00,-24.5
2025-03-18 14:55:00-04:00,-24.5
2025-03-18 15:00:00-04:00,-24.5
2025-03-18 15:05:00-04:00,-24.5
2025-03-18 15:10:00-04:00,-24.5
2025-03-18 15:15:00-04:00,-24.5
2025-03-18 15:20:00-04:00,-24.5
2025-03-18 15:25:00-04:00,-24.5
2025-03-18 15:30:00-04:00,-24.5
2025-03-18 15:35:00-04:00,-24.5
2025-03-18 15:40:00-04:00,-24.5
2025-03-18 15:45:00-04:00,-24.5
2025-03-18 15:50:00-04:00,-24.5
2025-03-18 15:55:00-04:00,-25.0
2025-03-19 09:30:00-04:00,0.0
2025-03-19 09:35:00-04:00,0.0
2025-03-19 09:40:00-04:00,0.0
2025-03-19 09:45:00-04:00,0.0
2025-03-19 09:50:00-04:00,0.0
2025-03-19 09:55:00-04:00,0.0
2025-03-19 10:00:00-04:00,-0.5
2025-03-19 10:05:00-04:00,7.0
2025-03-19 10:10:00-04:00,14.5
2025-03-19 10:15:00-04:00,14.5
2025-03-19 10:20:00-04:00,24.5
2025-03-19 10:25:00-04:00,3.25
2025-03-19 10:30:00-04:00,-1.75
2025-03-19 10:35:00-04:00,-4.25
2025-03-19 10:40:00-04:00,-31.0
2025-03-19 10:45:00-04:00,-31.5
2025-03-19 10:50:00-04:00,-62.0
2025-03-19 10:55:00-04:00,-62.5
2025-03-19 11:00:00-04:00,-73.75
2025-03-19 11:05:00-04:00,-52.5
2025-03-19 11:10:00-04:00,-18.75
2025-03-19 11:15:00-04:00,-33.0
2025-03-19 11:20:00-04:00,-33.0
2025-03-19 11:25:00-04:00,-33.0
2025-03-19 11:30:00-04:00,-33.0
2025-03-19 11:35:00-04:00,-33.0
2025-03-19 11:40:00-04:00,-33.5
2025-03-19 11:45:00-04:00,-36.3125
2025-03-19 11:50:00-04:00,-13.8125
2025-03-19 11:55:00-04:00,-10.0625
2025-03-19 12:00:00-04:00,-5.0625
2025-03-19 12:05:00-04:00,-1.3125
2025-03-19 12:10:00-04:00,-26.3125
2025-03-19 12:15:00-04:00,-33.8125
2025-03-19 12:20:00-04:00,-35.0625
2025-03-19 12:25:00-04:00,-32.5625
2025-03-19 12:30:00-04:00,-42.5625
2025-03-19 12:35:00-04:00,-40.0625
2025-03-19 12:40:00-04:00,-42.5625
2025-03-19 12:45:00-04:00,-41.3125
2025-03-19 12:50:00-04:00,-47.5625
2025-03-19 12:55:00-04:00,-53.8125
2025-03-19 13:00:00-04:00,-45.25
2025-03-19 13:05:00-04:00,-45.25
2025-03-19 13:10:00-04:00,-45.25
2025-03-19 13:15:00-04:00,-45.25
2025-03-19 13:20:00-04:00,-45.25
2025-03-19 13:25:00-04:00,-45.25
2025-03-19 13:30:00-04:00,-45.25
2025-03-19 13:35:00-04:00,-45.25
2025-03-19 13:40:00-04:00,-45.25
2025-03-19 13:45:00-04:00,-45.25
2025-03-19 13:50:00-04:00,-45.25
2025-03-19 13:55:00-04:00,-45.25
2025-03-19 14:00:00-04:00,-45.25
2025-03-19 14:05:00-04:00,-45.25
2025-03-19 14:10:00-04:00,-45.25
2025-03-19 14:15:00-04:00,-45.25
2025-03-19 14:20:00-04:00,-45.25
2025-03-19 14:25:00-04:00,-45.75
2025-03-19 14:30:00-04:00,-60.75
2025-03-19 14:35:00-04:00,-24.5
2025-03-19 14:40:00-04:00,-30.75
2025-03-19 14:45:00-04:00,31.75
2025-03-19 14:50:00-04:00,35.5
2025-03-19 14:55:00-04:00,78.0
2025-03-19 15:00:00-04:00,123.0
2025-03-19 15:05:00-04:00,151.75
2025-03-19 15:10:00-04:00,184.25
2025-03-19 15:15:00-04:00,178.0
2025-03-19 15:20:00-04:00,114.25
2025-03-19 15:25:00-04:00,43.0
2025-03-19 15:30:00-04:00,60.5
2025-03-19 15:35:00-04:00,78.0
2025-03-19 15:40:00-04:00,123.0
2025-03-19 15:45:00-04:00,120.5
2025-03-19 15:50:00-04:00,58.0
2025-03-19 15:55:00-04:00,48.0
2025-03-20 09:30:00-04:00,-0.5
2025-03-20 09:35:00-04:00,34.625
2025-03-20 09:40:00-04:00,34.625
2025-03-20 09:45:00-04:00,34.625
2025-03-20 09:50:00-04:00,34.625
2025-03-20 09:55:00-04:00,34.625
2025-03-20 10:00:00-04:00,34.625
2025-03-20 10:05:00-04:00,34.625
2025-03-20 10:10:00-04:00,34.625
2025-03-20 10:15:00-04:00,34.625
2025-03-20 10:20:00-04:00,34.625
2025-03-20 10:25:00-04:00,34.125
2025-03-20 10:30:00-04:00,4.4375
2025-03-20 10:35:00-04:00,3.625
2025-03-20 10:40:00-04:00,3.125
2025-03-20 10:45:00-04:00,10.625
2025-03-20 10:50:00-04:00,-18.125
2025-03-20 10:55:00-04:00,-27.375
2025-03-20 11:00:00-04:00,-27.875
2025-03-20 11:05:00-04:00,-47.25
2025-03-20 11:10:00-04:00,-26.0
2025-03-20 11:15:00-04:00,-52.25
2025-03-20 11:20:00-04:00,-58.375
2025-03-20 11:25:00-04:00,-58.875
2025-03-20 11:30:00-04:00,-89.375
2025-03-20 11:35:00-04:00,-89.875
2025-03-20 11:40:00-04:00,-64.125
2025-03-20 11:45:00-04:00,-64.125
2025-03-20 11:50:00-04:00,-64.125
2025-03-20 11:55:00-04:00,-64.125
2025-03-20 12:00:00-04:00,-64.125
2025-03-20 12:05:00-04:00,-64.125
2025-03-20 12:10:00-04:00,-64.125
2025-03-20 12:15:00-04:00,-64.125
2025-03-20 12:20:00-04:00,-64.125
2025-03-20 12:25:00-04:00,-64.125
2025-03-20 12:30:00-04:00,-64.125
2025-03-20 12:35:00-04:00,-64.125
2025-03-20 12:40:00-04:00,-64.125
2025-03-20 12:45:00-04:00,-64.125
2025-03-20 12:50:00-04:00,-64.125
2025-03-20 12:55:00-04:00,-64.125
2025-03-20 13:00:00-04:00,-64.125
2025-03-20 13:05:00-04:00,-64.125
2025-03-20 13:10:00-04:00,-64.125
2025-03-20 13:15:00-04:00,-64.125
2025-03-20 13:20:00-04:00,-64.125
2025-03-20 13:25:00-04:00,-64.125
2025-03-20 13:30:00-04:00,-64.125
2025-03-20 13:35:00-04:00,-64.125
2025-03-20 13:40:00-04:00,-64.125
2025-03-20 13:45:00-04:00,-64.125
2025-03-20 13:50:00-04:00,-64.125
2025-03-20 13:55:00-04:00,-64.125
2025-03-20 14:00:00-04:00,-64.125
2025-03-20 14:05:00-04:00,-64.125
2025-03-20 14:10:00-04:00,-64.125
2025-03-20 14:15:00-04:00,-64.125
2025-03-20 14:20:00-04:00,-64.125
2025-03-20 14:25:00-04:00,-64.125
2025-03-20 14:30:00-04:00,-64.125
2025-03-20 14:35:00-04:00,-64.125
2025-03-20 14:40:00-04:00,-64.125
2025-03-20 14:45:00-04:00,-64.125
2025-03-20 14:50:00-04:00,-64.125
2025-03-20 14:55:00-04:00,-64.125
2025-03-20 15:00:00-04:00,-64.125
2025-03-20 15:05:00-04:00,-64.125
2025-03-20 15:10:00-04:00,-64.125
2025-03-20 15:15:00-04:00,-64.125
2025-03-20 15:20:00-04:00,-64.125
2025-03-20 15:25:00-04:00,-64.125
2025-03-20 15:30:00-04:00,-64.125
2025-03-20 15:35:00-04:00,-64.125
2025-03-20 15:40:00-04:00,-64.125
2025-03-20 15:45:00-04:00,-64.125
2025-03-20 15:50:00-04:00,-64.125
2025-03-20 15:55:00-04:00,-64.125
2025-03-21 09:30:00-04:00,0.0
2025-03-21 09:35:00-04:00,0.0
2025-03-21 09:40:00-04:00,0.0
2025-03-21 09:45:00-04:00,0.0
2025-03-21 09:50:00-04:00,0.0
2025-03-21 09:55:00-04:00,0.0
2025-03-21 10:00:00-04:00,0.0
2025-03-21 10:05:00-04:00,0.0
2025-03-21 10:10:00-04:00,0.0
2025-03-21 10:15:00-04:00,0.0
2025-03-21 10:20:00-04:00,0.0
2025-03-21 10:25:00-04:00,0.0
2025-03-21 10:30:00-04:00,0.0
2025-03-21 10:35:00-04:00,0.0
2025-03-21 10:40:00-04:00,0.0
2025-03-21 10:45:00-04:00,0.0
2025-03-21 10:50:00-04:00,0.0
2025-03-21 10:55:00-04:00,0.0
2025-03-21 11:00:00-04:00,0.0
2025-03-21 11:05:00-04:00,0.0
2025-03-21 11:10:00-04:00,0.0
2025-03-21 11:15:00-04:00,0.0
2025-03-21 11:20:00-04:00,0.0
2025-03-21 11:25:00-04:00,0.0
2025-03-21 11:30:00-04:00,0.0
2025-03-21 11:35:00-04:00,0.0
2025-03-21 11:40:00-04:00,0.0
2025-03-21 11:45:00-04:00,0.0
2025-03-21 11:50:00-04:00,0.0
2025-03-21 11:55:00-04:00,0.0
2025-03-21 12:00:00-04:00,0.0
2025-03-21 12:05:00-04:00,0.0
2025-03-21 12:10:00-04:00,0.0
2025-03-21 12:15:00-04:00,0.0
2025-03-21 12:20:00-04:00,0.0
2025-03-21 12:25:00-04:00,0.0
2025-03-21 12:30:00-04:00,0.0
2025-03-21 12:35:00-04:00,0.0
2025-03-21 12:40:00-04:00,0.0
2025-03-21 12:45:00-04:00,0.0
2025-03-21 12:50:00-04:00,0.0
2025-03-21 12:55:00-04:00,0.0
2025-03-21 13:00:00-04:00,0.0
2025-03-21 13:05:00-04:00,0.0
2025-03-21 13:10:00-04:00,0.0
2025-03-21 13:15:00-04:00,0.0
2025-03-21 13:20:00-04:00,0.0
2025-03-21 13:25:00-04:00,0.0
2025-03-21 13:30:00-04:00,0.0
2025-03-21 13:35:00-04:00,0.0
2025-03-21 13:40:00-04:00,0.0
2025-03-21 13:45:00-04:00,0.0
2025-03-21 13:50:00-04:00,0.0
2025-03-21 13:55:00-04:00,0.0
2025-03-21 14:00:00-04:00,-0.5
2025-03-21 14:05:00-04:00,-31.0
2025-03-21 14:10:00-04:00,-31.5
2025-03-21 14:15:00-04:00,-44.625
2025-03-21 14:20:00-04:00,-57.125
2025-03-21 14:25:00-04:00,-62.0
2025-03-21 14:30:00-04:00,-62.0
2025-03-21 14:35:00-04:00,-62.0
2025-03-21 14:40:00-04:00,-62.5
2025-03-21 14:45:00-04:00,-93.0
2025-03-21 14:50:00-04:00,-93.5
2025-03-21 14:55:00-04:00,-95.5625
2025-03-21 15:00:00-04:00,-95.5625
2025-03-21 15:05:00-04:00,-95.5625
2025-03-21 15:10:00-04:00,-95.5625
2025-03-21 15:15:00-04:00,-95.5625
2025-03-21 15:20:00-04:00,-95.5625
2025-03-21 15:25:00-04:00,-95.5625
2025-03-21 15:30:00-04:00,-95.5625
2025-03-21 15:35:00-04:00,-95.5625
2025-03-21 15:40:00-04:00,-95.5625
2025-03-21 15:45:00-04:00,-95.5625
2025-03-21 15:50:00-04:00,-95.5625
2025-03-21 15:55:00-04:00,-96.0625
2025-03-24 09:30:00-04:00,-0.5
2025-03-24 09:35:00-04:00,2.3125
2025-03-24 09:40:00-04:00,44.8125
2025-03-24 09:45:00-04:00,48.5625
2025-03-24 09:50:00-04:00,79.8125
2025-03-24 09:55:00-04:00,93.5625
2025-03-24 10:00:00-04:00,83.5625
2025-03-24 10:05:00-04:00,63.5625
2025-03-24 10:10:00-04:00,68.5625
2025-03-24 10:15:00-04:00,98.5625
2025-03-24 10:20:00-04:00,107.3125
2025-03-24 10:25:00-04:00,112.3125
2025-03-24 10:30:00-04:00,102.3125
2025-03-24 10:35:00-04:00,96.0625
2025-03-24 10:40:00-04:00,98.5625
2025-03-24 10:45:00-04:00,103.5625
2025-03-24 10:50:00-04:00,137.3125
2025-03-24 10:55:00-04:00,132.3125
2025-03-24 11:00:00-04:00,118.5625
2025-03-24 11:05:00-04:00,142.3125
2025-03-24 11:10:00-04:00,147.3125
2025-03-24 11:15:00-04:00,151.0625
2025-03-24 11:20:00-04:00,149.8125
2025-03-24 11:25:00-04:00,138.5625
2025-03-24 11:30:00-04:00,134.8125
2025-03-24 11:35:00-04:00,126.0625
2025-03-24 11:40:00-04:00,122.3125
2025-03-24 11:45:00-04:00,126.0625
2025-03-24 11:50:00-04:00,127.3125
2025-03-24 11:55:00-04:00,152.3125
2025-03-24 12:00:00-04:00,152.3125
2025-03-24 12:05:00-04:00,164.8125
2025-03-24 12:10:00-04:00,168.5625
2025-03-24 12:15:00-04:00,156.0625
2025-03-24 12:20:00-04:00,154.8125
2025-03-24 12:25:00-04:00,127.3125
2025-03-24 12:30:00-04:00,112.3125
2025-03-24 12:35:00-04:00,119.8125
2025-03-24 12:40:00-04:00,103.5625
2025-03-24 12:45:00-04:00,129.625
2025-03-24 12:50:00-04:00,129.625
2025-03-24 12:55:00-04:00,129.625
2025-03-24 13:00:00-04:00,129.625
2025-03-24 13:05:00-04:00,129.625
2025-03-24 13:10:00-04:00,129.625
2025-03-24 13:15:00-04:00,129.625
2025-03-24 13:20:00-04:00,129.625
2025-03-24 13:25:00-04:00,129.625
2025-03-24 13:30:00-04:00,129.625
2025-03-24 13:35:00-04:00,129.625
2025-03-24 13:40:00-04:00,129.625
2025-03-24 13:45:00-04:00,129.625
2025-03-24 13:50:00-04:00,129.625
2025-03-24 13:55:00-04:00,129.625
2025-03-24 14:00:00-04:00,129.625
2025-03-24 14:05:00-04:00,129.625
2025-03-24 14:10:00-04:00,129.625
2025-03-24 14:15:00-04:00,129.625
2025-03-24 14:20:00-04:00,129.625
2025-03-24 14:25:00-04:00,129.625
2025-03-24 14:30:00-04:00,129.625
2025-03-24 14:35:00-04:00,129.625
2025-03-24 14:40:00-04:00,129.625
2025-03-24 14:45:00-04:00,129.625
2025-03-24 14:50:00-04:00,129.625
2025-03-24 14:55:00-04:00,129.125
2025-03-24 15:00:00-04:00,121.0
2025-03-24 15:05:00-04:00,141.0
2025-03-24 15:10:00-04:00,133.5
2025-03-24 15:15:00-04:00,136.0
2025-03-24 15:20:00-04:00,139.75
2025-03-24 15:25:00-04:00,139.75
2025-03-24 15:30:00-04:00,139.75
2025-03-24 15:35:00-04:00,141.0
2025-03-24 15:40:00-04:00,146.0
2025-03-24 15:45:00-04:00,156.0
2025-03-24 15:50:00-04:00,158.5
2025-03-24 15:55:00-04:00,141.0
2025-03-25 09:30:00-04:00,-0.5
2025-03-25 09:35:00-04:00,-31.0
2025-03-25 09:40:00-04:00,-31.5
2025-03-25 09:45:00-04:00,-60.5625
2025-03-25 09:50:00-04:00,-62.0
2025-03-25 09:55:00-04:00,-62.5
2025-03-25 10:00:00-04:00,-93.0
2025-03-25 10:05:00-04:00,-93.5
2025-03-25 10:10:00-04:00,-89.4375
2025-03-25 10:15:00-04:00,-80.6875
2025-03-25 10:20:00-04:00,-75.6875
2025-03-25 10:25:00-04:00,-69.4375
2025-03-25 10:30:00-04:00,-55.6875
2025-03-25 10:35:00-04:00,-40.6875
2025-03-25 10:40:00-04:00,-26.9375
2025-03-25 10:45:00-04:00,-24.4375
2025-03-25 10:50:00-04:00,-26.9375
2025-03-25 10:55:00-04:00,-34.4375
2025-03-25 11:00:00-04:00,-28.1875
2025-03-25 11:05:00-04:00,-24.4375
2025-03-25 11:10:00-04:00,-31.9375
2025-03-25 11:15:00-04:00,-39.4375
2025-03-25 11:20:00-04:00,-44.4375
2025-03-25 11:25:00-04:00,-39.4375
2025-03-25 11:30:00-04:00,-54.4375
2025-03-25 11:35:00-04:00,-56.9375
2025-03-25 11:40:00-04:00,-59.4375
2025-03-25 11:45:00-04:00,-65.6875
2025-03-25 11:50:00-04:00,-73.0625
2025-03-25 11:55:00-04:00,-73.0625
2025-03-25 12:00:00-04:00,-73.0625
2025-03-25 12:05:00-04:00,-73.0625
2025-03-25 12:10:00-04:00,-73.0625
2025-03-25 12:15:00-04:00,-73.0625
2025-03-25 12:20:00-04:00,-73.0625
2025-03-25 12:25:00-04:00,-73.0625
2025-03-25 12:30:00-04:00,-73.0625
2025-03-25 12:35:00-04:00,-73.0625
2025-03-25 12:40:00-04:00,-73.0625
2025-03-25 12:45:00-04:00,-73.0625
2025-03-25 12:50:00-04:00,-73.0625
2025-03-25 12:55:00-04:00,-73.0625
2025-03-25 13:00:00-04:00,-73.0625
2025-03-25 13:05:00-04:00,-73.0625
2025-03-25 13:10:00-04:00,-73.0625
2025-03-25 13:15:00-04:00,-73.0625
2025-03-25 13:20:00-04:00,-73.0625
2025-03-25 13:25:00-04:00,-73.0625
2025-03-25 13:30:00-04:00,-73.0625
2025-03-25 13:35:00-04:00,-73.0625
2025-03-25 13:40:00-04:00,-73.0625
2025-03-25 13:45:00-04:00,-73.0625
2025-03-25 13:50:00-04:00,-73.0625
2025-03-25 13:55:00-04:00,-73.0625
2025-03-25 14:00:00-04:00,-73.0625
2025-03-25 14:05:00-04:00,-73.0625
2025-03-25 14:10:00-04:00,-73.0625
2025-03-25 14:15:00-04:00,-73.0625
2025-03-25 14:20:00-04:00,-73.0625
2025-03-25 14:25:00-04:00,-73.0625
2025-03-25 14:30:00-04:00,-73.0625
2025-03-25 14:35:00-04:00,-73.0625
2025-03-25 14:40:00-04:00,-73.0625
2025-03-25 14:45:00-04:00,-73.0625
2025-03-25 14:50:00-04:00,-73.0625
2025-03-25 14:55:00-04:00,-73.0625
2025-03-25 15:00:00-04:00,-73.0625
2025-03-25 15:05:00-04:00,-73.0625
2025-03-25 15:10:00-04:00,-73.0625
2025-03-25 15:15:00-04:00,-73.0625
2025-03-25 15:20:00-04:00,-73.0625
2025-03-25 15:25:00-04:00,-73.0625
2025-03-25 15:30:00-04:00,-73.0625
2025-03-25 15:35:00-04:00,-73.0625
2025-03-25 15:40:00-04:00,-73.0625
2025-03-25 15:45:00-04:00,-73.0625
2025-03-25 15:50:00-04:00,-73.0625
2025-03-25 15:55:00-04:00,-73.0625
2025-03-26 09:30:00-04:00,-0.5
2025-03-26 09:35:00-04:00,-10.1875
2025-03-26 09:40:00-04:00,13.5625
2025-03-26 09:45:00-04:00,-20.1875
2025-03-26 09:50:00-04:00,-31.0
2025-03-26 09:55:00-04:00,-31.0
2025-03-26 10:00:00-04:00,-31.0
2025-03-26 10:05:00-04:00,-31.0
2025-03-26 10:10:00-04:00,-31.0
2025-03-26 10:15:00-04:00,-31.0
2025-03-26 10:20:00-04:00,-31.0
2025-03-26 10:25:00-04:00,-31.0
2025-03-26 10:30:00-04:00,-31.0
2025-03-26 10:35:00-04:00,-31.0
2025-03-26 10:40:00-04:00,-31.0
2025-03-26 10:45:00-04:00,-31.0
2025-03-26 10:50:00-04:00,-31.0
2025-03-26 10:55:00-04:00,-31.0
2025-03-26 11:00:00-04:00,-31.0
2025-03-26 11:05:00-04:00,-31.0
2025-03-26 11:10:00-04:00,-31.0
2025-03-26 11:15:00-04:00,-31.0
2025-03-26 11:20:00-04:00,-31.0
2025-03-26 11:25:00-04:00,-31.0
2025-03-26 11:30:00-04:00,-31.0
2025-03-26 11:35:00-04:00,-31.0
2025-03-26 11:40:00-04:00,-31.0
2025-03-26 11:45:00-04:00,-31.0
2025-03-26 11:50:00-04:00,-31.0
2025-03-26 11:55:00-04:00,-31.0
2025-03-26 12:00:00-04:00,-31.0
2025-03-26 12:05:00-04:00,-31.0
2025-03-26 12:10:00-04:00,-31.0
2025-03-26 12:15:00-04:00,-31.0
2025-03-26 12:20:00-04:00,-31.0
2025-03-26 12:25:00-04:00,-31.0
2025-03-26 12:30:00-04:00,-31.0
2025-03-26 12:35:00-04:00,-31.0
2025-03-26 12:40:00-04:00,-31.0
2025-03-26 12:45:00-04:00,-31.0
2025-03-26 12:50:00-04:00,-31.0
2025-03-26 12:55:00-04:00,-31.0
2025-03-26 13:00:00-04:00,-31.0
2025-03-26 13:05:00-04:00,-31.0
2025-03-26 13:10:00-04:00,-31.0
2025-03-26 13:15:00-04:00,-31.0
2025-03-26 13:20:00-04:00,-31.0
2025-03-26 13:25:00-04:00,-31.0
2025-03-26 13:30:00-04:00,-31.0
2025-03-26 13:35:00-04:00,-31.0
2025-03-26 13:40:00-04:00,-31.0
2025-03-26 13:45:00-04:00,-31.0
2025-03-26 13:50:00-04:00,-31.0
2025-03-26 13:55:00-04:00,-31.0
2025-03-26 14:00:00-04:00,-31.5
2025-03-26 14:05:00-04:00,-52.125
2025-03-26 14:10:00-04:00,-62.0
2025-03-26 14:15:00-04:00,-62.5
2025-03-26 14:20:00-04:00,-79.0625
2025-03-26 14:25:00-04:00,-89.0625
2025-03-26 14:30:00-04:00,-87.8125
2025-03-26 14:35:00-04:00,-61.5625
2025-03-26 14:40:00-04:00,-57.8125
2025-03-26 14:45:00-04:00,-31.5625
2025-03-26 14:50:00-04:00,-0.3125
2025-03-26 14:55:00-04:00,7.1875
2025-03-26 15:00:00-04:00,-14.0625
2025-03-26 15:05:00-04:00,3.4375
2025-03-26 15:10:00-04:00,8.4375
2025-03-26 15:15:00-04:00,-27.8125
2025-03-26 15:20:00-04:00,-50.3125
2025-03-26 15:25:00-04:00,-29.0625
2025-03-26 15:30:00-04:00,-19.0625
2025-03-26 15:35:00-04:00,-20.3125
2025-03-26 15:40:00-04:00,-46.5625
2025-03-26 15:45:00-04:00,-61.5625
2025-03-26 15:50:00-04:00,-93.0
2025-03-26 15:55:00-04:00,-93.0
2025-03-27 09:30:00-04:00,-0.5
2025-03-27 09:35:00-04:00,13.875
2025-03-27 09:40:00-04:00,48.875
2025-03-27 09:45:00-04:00,-3.625
2025-03-27 09:50:00-04:00,-31.0
2025-03-27 09:55:00-04:00,-31.0
2025-03-27 10:00:00-04:00,-31.0
2025-03-27 10:05:00-04:00,-31.0
2025-03-27 10:10:00-04:00,-31.0
2025-03-27 10:15:00-04:00,-31.0
2025-03-27 10:20:00-04:00,-31.0
2025-03-27 10:25:00-04:00,-31.0
2025-03-27 10:30:00-04:00,-31.0
2025-03-27 10:35:00-04:00,-31.0
2025-03-27 10:40:00-04:00,-31.0
2025-03-27 10:45:00-04:00,-31.0
2025-03-27 10:50:00-04:00,-31.0
2025-03-27 10:55:00-04:00,-31.0
2025-03-27 11:00:00-04:00,-31.0
2025-03-27 11:05:00-04:00,-31.0
2025-03-27 11:10:00-04:00,-31.0
2025-03-27 11:15:00-04:00,-31.0
2025-03-27 11:20:00-04:00,-31.0
2025-03-27 11:25:00-04:00,-31.0
2025-03-27 11:30:00-04:00,-31.0
2025-03-27 11:35:00-04:00,-31.0
2025-03-27 11:40:00-04:00,-31.0
2025-03-27 11:45:00-04:00,-31.0
2025-03-27 11:50:00-04:00,-31.0
2025-03-27 11:55:00-04:00,-31.0
2025-03-27 12:00:00-04:00,-31.5
2025-03-27 12:05:00-04:00,-62.0
2025-03-27 12:10:00-04:00,-62.5
2025-03-27 12:15:00-04:00,-93.0
2025-03-27 12:20:00-04:00,-93.5
2025-03-27 12:25:00-04:00,-84.125
2025-03-27 12:30:00-04:00,-86.625
2025-03-27 12:35:00-04:00,-64.125
2025-03-27 12:40:00-04:00,-69.125
2025-03-27 12:45:00-04:00,-65.375
2025-03-27 12:50:00-04:00,-1.625
2025-03-27 12:55:00-04:00,9.625
2025-03-27 13:00:00-04:00,17.125
2025-03-27 13:05:00-04:00,-1.625
2025-03-27 13:10:00-04:00,-24.125
2025-03-27 13:15:00-04:00,-30.375
2025-03-27 13:20:00-04:00,-17.875
2025-03-27 13:25:00-04:00,-5.375
2025-03-27 13:30:00-04:00,5.875
2025-03-27 13:35:00-04:00,17.125
2025-03-27 13:40:00-04:00,19.625
2025-03-27 13:45:00-04:00,3.375
2025-03-27 13:50:00-04:00,-10.375
2025-03-27 13:55:00-04:00,38.375
2025-03-27 14:00:00-04:00,9.625
2025-03-27 14:05:00-04:00,-27.875
2025-03-27 14:10:00-04:00,-46.625
2025-03-27 14:15:00-04:00,-56.625
2025-03-27 14:20:00-04:00,-28.0625
2025-03-27 14:25:00-04:00,-28.0625
2025-03-27 14:30:00-04:00,-28.0625
2025-03-27 14:35:00-04:00,-28.0625
2025-03-27 14:40:00-04:00,-28.0625
2025-03-27 14:45:00-04:00,-28.0625
2025-03-27 14:50:00-04:00,-28.0625
2025-03-27 14:55:00-04:00,-28.0625
2025-03-27 15:00:00-04:00,-28.0625
2025-03-27 15:05:00-04:00,-28.0625
2025-03-27 15:10:00-04:00,-28.0625
2025-03-27 15:15:00-04:00,-28.0625
2025-03-27 15:20:00-04:00,-28.0625
2025-03-27 15:25:00-04:00,-28.0625
2025-03-27 15:30:00-04:00,-28.0625
2025-03-27 15:35:00-04:00,-28.0625
2025-03-27 15:40:00-04:00,-28.0625
2025-03-27 15:45:00-04:00,-28.0625
2025-03-27 15:50:00-04:00,-28.0625
2025-03-27 15:55:00-04:00,-28.0625
2025-03-28 09:30:00-04:00,-0.5
2025-03-28 09:35:00-04:00,-31.0
2025-03-28 09:40:00-04:00,-31.5
2025-03-28 09:45:00-04:00,-32.125
2025-03-28 09:50:00-04:00,-24.625
2025-03-28 09:55:00-04:00,25.375
2025-03-28 10:00:00-04:00,30.375
2025-03-28 10:05:00-04:00,59.125
2025-03-28 10:10:00-04:00,124.125
2025-03-28 10:15:00-04:00,171.625
2025-03-28 10:20:00-04:00,200.375
2025-03-28 10:25:00-04:00,219.125
2025-03-28 10:30:00-04:00,240.375
2025-03-28 10:35:00-04:00,276.625
2025-03-28 10:40:00-04:00,260.375
2025-03-28 10:45:00-04:00,266.625
2025-03-28 10:50:00-04:00,277.875
2025-03-28 10:55:00-04:00,292.875
2025-03-28 11:00:00-04:00,309.125
2025-03-28 11:05:00-04:00,324.125
2025-03-28 11:10:00-04:00,281.625
2025-03-28 11:15:00-04:00,289.125
2025-03-28 11:20:00-04:00,306.625
2025-03-28 11:25:00-04:00,297.875
2025-03-28 11:30:00-04:00,269.125
2025-03-28 11:35:00-04:00,260.375
2025-03-28 11:40:00-04:00,264.125
2025-03-28 11:45:00-04:00,285.375
2025-03-28 11:50:00-04:00,286.625
2025-03-28 11:55:00-04:00,320.375
2025-03-28 12:00:00-04:00,327.875
2025-03-28 12:05:00-04:00,311.625
2025-03-28 12:10:00-04:00,316.625
2025-03-28 12:15:00-04:00,341.625
2025-03-28 12:20:00-04:00,389.125
2025-03-28 12:25:00-04:00,397.875
2025-03-28 12:30:00-04:00,386.625
2025-03-28 12:35:00-04:00,377.875
2025-03-28 12:40:00-04:00,377.875
2025-03-28 12:45:00-04:00,374.125
2025-03-28 12:50:00-04:00,372.875
2025-03-28 12:55:00-04:00,382.875
2025-03-28 13:00:00-04:00,426.625
2025-03-28 13:05:00-04:00,439.125
2025-03-28 13:10:00-04:00,452.875
2025-03-28 13:15:00-04:00,421.625
2025-03-28 13:20:00-04:00,436.625
2025-03-28 13:25:00-04:00,461.625
2025-03-28 13:30:00-04:00,462.875
2025-03-28 13:35:00-04:00,462.875
2025-03-28 13:40:00-04:00,446.625
2025-03-28 13:45:00-04:00,442.875
2025-03-28 13:50:00-04:00,464.125
2025-03-28 13:55:00-04:00,430.375
2025-03-28 14:00:00-04:00,417.875
2025-03-28 14:05:00-04:00,420.375
2025-03-28 14:10:00-04:00,404.125
2025-03-28 14:15:00-04:00,417.875
2025-03-28 14:20:00-04:00,424.125
2025-03-28 14:25:00-04:00,441.625
2025-03-28 14:30:00-04:00,447.6875
2025-03-28 14:35:00-04:00,447.6875
2025-03-28 14:40:00-04:00,447.6875
2025-03-28 14:45:00-04:00,447.6875
2025-03-28 14:50:00-04:00,447.6875
2025-03-28 14:55:00-04:00,447.1875
2025-03-28 15:00:00-04:00,424.375
2025-03-28 15:05:00-04:00,416.6875
2025-03-28 15:10:00-04:00,416.1875
2025-03-28 15:15:00-04:00,409.9375
2025-03-28 15:20:00-04:00,408.6875
2025-03-28 15:25:00-04:00,422.4375
2025-03-28 15:30:00-04:00,437.4375
2025-03-28 15:35:00-04:00,447.4375
2025-03-28 15:40:00-04:00,447.4375
2025-03-28 15:45:00-04:00,427.4375
2025-03-28 15:50:00-04:00,409.9375
2025-03-28 15:55:00-04:00,406.1875
2025-03-31 09:30:00-04:00,-0.5
2025-03-31 09:35:00-04:00,-17.375
2025-03-31 09:40:00-04:00,10.125
2025-03-31 09:45:00-04:00,73.875
2025-03-31 09:50:00-04:00,-4.875
2025-03-31 09:55:00-04:00,-31.0
2025-03-31 10:00:00-04:00,-31.5
2025-03-31 10:05:00-04:00,-62.0
2025-03-31 10:10:00-04:00,-62.5
2025-03-31 10:15:00-04:00,-67.8125
2025-03-31 10:20:00-04:00,-24.0625
2025-03-31 10:25:00-04:00,-12.8125
2025-03-31 10:30:00-04:00,-93.0
2025-03-31 10:35:00-04:00,-93.5
2025-03-31 10:40:00-04:00,-111.9375
2025-03-31 10:45:00-04:00,-124.0
2025-03-31 10:50:00-04:00,-124.5
2025-03-31 10:55:00-04:00,-142.3125
2025-03-31 11:00:00-04:00,-155.0
2025-03-31 11:05:00-04:00,-155.0
2025-03-31 11:10:00-04:00,-155.0
2025-03-31 11:15:00-04:00,-155.0
2025-03-31 11:20:00-04:00,-155.0
2025-03-31 11:25:00-04:00,-155.0
2025-03-31 11:30:00-04:00,-155.0
2025-03-31 11:35:00-04:00,-155.0
2025-03-31 11:40:00-04:00,-155.0
2025-03-31 11:45:00-04:00,-155.0
2025-03-31 11:50:00-04:00,-155.0
2025-03-31 11:55:00-04:00,-155.0
2025-03-31 12:00:00-04:00,-155.0
2025-03-31 12:05:00-04:00,-155.0
2025-03-31 12:10:00-04:00,-155.0
2025-03-31 12:15:00-04:00,-155.0
2025-03-31 12:20:00-04:00,-155.0
2025-03-31 12:25:00-04:00,-155.0
2025-03-31 12:30:00-04:00,-155.0
2025-03-31 12:35:00-04:00,-155.0
2025-03-31 12:40:00-04:00,-155.0
2025-03-31 12:45:00-04:00,-155.0
2025-03-31 12:50:00-04:00,-155.0
2025-03-31 12:55:00-04:00,-155.0
2025-03-31 13:00:00-04:00,-155.0
2025-03-31 13:05:00-04:00,-155.0
2025-03-31 13:10:00-04:00,-155.0
2025-03-31 13:15:00-04:00,-155.0
2025-03-31 13:20:00-04:00,-155.0
2025-03-31 13:25:00-04:00,-155.0
2025-03-31 13:30:00-04:00,-155.0
2025-03-31 13:35:00-04:00,-155.0
2025-03-31 13:40:00-04:00,-155.0
2025-03-31 13:45:00-04:00,-155.0
2025-03-31 13:50:00-04:00,-155.0
2025-03-31 13:55:00-04:00,-155.0
2025-03-31 14:00:00-04:00,-155.0
2025-03-31 14:05:00-04:00,-155.0
2025-03-31 14:10:00-04:00,-155.0
2025-03-31 14:15:00-04:00,-155.0
2025-03-31 14:20:00-04:00,-155.0
2025-03-31 14:25:00-04:00,-155.0
2025-03-31 14:30:00-04:00,-155.0
2025-03-31 14:35:00-04:00,-155.0
2025-03-31 14:40:00-04:00,-155.0
2025-03-31 14:45:00-04:00,-155.0
2025-03-31 14:50:00-04:00,-155.0
2025-03-31 14:55:00-04:00,-155.0
2025-03-31 15:00:00-04:00,-155.0
2025-03-31 15:05:00-04:00,-155.0
2025-03-31 15:10:00-04:00,-155.0
2025-03-31 15:15:00-04:00,-155.0
2025-03-31 15:20:00-04:00,-155.0
2025-03-31 15:25:00-04:00,-155.0
2025-03-31 15:30:00-04:00,-155.0
2025-03-31 15:35:00-04:00,-155.0
2025-03-31 15:40:00-04:00,-155.0
2025-03-31 15:45:00-04:00,-155.0
2025-03-31 15:50:00-04:00,-155.0
2025-03-31 15:55:00-04:00,-155.0
2025-04-01 09:30:00-04:00,0.0
2025-04-01 09:35:00-04:00,0.0
2025-04-01 09:40:00-04:00,0.0
2025-04-01 09:45:00-04:00,0.0
2025-04-01 09:50:00-04:00,0.0
2025-04-01 09:55:00-04:00,0.0
2025-04-01 10:00:00-04:00,0.0
2025-04-01 10:05:00-04:00,0.0
2025-04-01 10:10:00-04:00,0.0
2025-04-01 10:15:00-04:00,0.0
2025-04-01 10:20:00-04:00,0.0
2025-04-01 10:25:00-04:00,0.0
2025-04-01 10:30:00-04:00,0.0
2025-04-01 10:35:00-04:00,0.0
2025-04-01 10:40:00-04:00,0.0
2025-04-01 10:45:00-04:00,0.0
2025-04-01 10:50:00-04:00,0.0
2025-04-01 10:55:00-04:00,0.0
2025-04-01 11:00:00-04:00,0.0
2025-04-01 11:05:00-04:00,0.0
2025-04-01 11:10:00-04:00,0.0
2025-04-01 11:15:00-04:00,0.0
2025-04-01 11:20:00-04:00,0.0
2025-04-01 11:25:00-04:00,0.0
2025-04-01 11:30:00-04:00,0.0
2025-04-01 11:35:00-04:00,0.0
2025-04-01 11:40:00-04:00,0.0
2025-04-01 11:45:00-04:00,0.0
2025-04-01 11:50:00-04:00,0.0
2025-04-01 11:55:00-04:00,0.0
2025-04-01 12:00:00-04:00,0.0
2025-04-01 12:05:00-04:00,0.0
2025-04-01 12:10:00-04:00,0.0
2025-04-01 12:15:00-04:00,0.0
2025-04-01 12:20:00-04:00,0.0
2025-04-01 12:25:00-04:00,0.0
2025-04-01 12:30:00-04:00,0.0
2025-04-01 12:35:00-04:00,0.0
2025-04-01 12:40:00-04:00,0.0
2025-04-01 12:45:00-04:00,0.0
2025-04-01 12:50:00-04:00,0.0
2025-04-01 12:55:00-04:00,0.0
2025-04-01 13:00:00-04:00,0.0
2025-04-01 13:05:00-04:00,0.0
2025-04-01 13:10:00-04:00,0.0
2025-04-01 13:15:00-04:00,0.0
2025-04-01 13:20:00-04:00,0.0
2025-04-01 13:25:00-04:00,0.0
2025-04-01 13:30:00-04:00,0.0
2025-04-01 13:35:00-04:00,0.0
2025-04-01 13:40:00-04:00,0.0
2025-04-01 13:45:00-04:00,0.0
2025-04-01 13:50:00-04:00,0.0
2025-04-01 13:55:00-04:00,0.0
2025-04-01 14:00:00-04:00,0.0
2025-04-01 14:05:00-04:00,0.0
2025-04-01 14:10:00-04:00,0.0
2025-04-01 14:15:00-04:00,0.0
2025-04-01 14:20:00-04:00,0.0
2025-04-01 14:25:00-04:00,0.0
2025-04-01 14:30:00-04:00,0.0
2025-04-01 14:35:00-04:00,0.0
2025-04-01 14:40:00-04:00,0.0
2025-04-01 14:45:00-04:00,0.0
2025-04-01 14:50:00-04:00,0.0
2025-04-01 14:55:00-04:00,0.0
2025-04-01 15:00:00-04:00,-0.5
2025-04-01 15:05:00-04:00,-31.0
2025-04-01 15:10:00-04:00,-31.5
2025-04-01 15:15:00-04:00,-62.0
2025-04-01 15:20:00-04:00,-62.5
2025-04-01 15:25:00-04:00,-73.625
2025-04-01 15:30:00-04:00,-73.625
2025-04-01 15:35:00-04:00,-73.625
2025-04-01 15:40:00-04:00,-73.625
2025-04-01 15:45:00-04:00,-73.625
2025-04-01 15:50:00-04:00,-73.625
2025-04-01 15:55:00-04:00,-73.625
2025-04-02 09:30:00-04:00,0.0
2025-04-02 09:35:00-04:00,0.0
2025-04-02 09:40:00-04:00,0.0
2025-04-02 09:45:00-04:00,0.0
2025-04-02 09:50:00-04:00,0.0
2025-04-02 09:55:00-04:00,0.0
2025-04-02 10:00:00-04:00,-0.5
2025-04-02 10:05:00-04:00,-31.0
2025-04-02 10:10:00-04:00,-31.5
2025-04-02 10:15:00-04:00,-39.9375
2025-04-02 10:20:00-04:00,-1.1875
2025-04-02 10:25:00-04:00,6.3125
2025-04-02 10:30:00-04:00,47.5625
2025-04-02 10:35:00-04:00,33.8125
2025-04-02 10:40:00-04:00,38.8125
2025-04-02 10:45:00-04:00,52.5625
2025-04-02 10:50:00-04:00,75.0625
2025-04-02 10:55:00-04:00,71.3125
2025-04-02 11:00:00-04:00,82.5625
2025-04-02 11:05:00-04:00,98.8125
2025-04-02 11:10:00-04:00,72.5625
2025-04-02 11:15:00-04:00,61.3125
2025-04-02 11:20:00-04:00,106.3125
2025-04-02 11:25:00-04:00,156.3125
2025-04-02 11:30:00-04:00,172.5625
2025-04-02 11:35:00-04:00,173.8125
2025-04-02 11:40:00-04:00,132.5625
2025-04-02 11:45:00-04:00,91.3125
2025-04-02 11:50:00-04:00,71.3125
2025-04-02 11:55:00-04:00,101.3125
2025-04-02 12:00:00-04:00,121.3125
2025-04-02 12:05:00-04:00,127.5625
2025-04-02 12:10:00-04:00,146.3125
2025-04-02 12:15:00-04:00,185.0625
2025-04-02 12:20:00-04:00,190.0625
2025-04-02 12:25:00-04:00,190.0625
2025-04-02 12:30:00-04:00,220.0625
2025-04-02 12:35:00-04:00,197.5625
2025-04-02 12:40:00-04:00,202.5625
2025-04-02 12:45:00-04:00,230.0625
2025-04-02 12:50:00-04:00,280.0625
2025-04-02 12:55:00-04:00,276.3125
2025-04-02 13:00:00-04:00,302.5625
2025-04-02 13:05:00-04:00,321.3125
2025-04-02 13:10:00-04:00,340.0625
2025-04-02 13:15:00-04:00,343.8125
2025-04-02 13:20:00-04:00,316.3125
2025-04-02 13:25:00-04:00,322.5625
2025-04-02 13:30:00-04:00,280.0625
2025-04-02 13:35:00-04:00,260.0625
2025-04-02 13:40:00-04:00,227.5625
2025-04-02 13:45:00-04:00,196.3125
2025-04-02 13:50:00-04:00,180.0625
2025-04-02 13:55:00-04:00,203.8125
2025-04-02 14:00:00-04:00,210.8125
2025-04-02 14:05:00-04:00,210.8125
2025-04-02 14:10:00-04:00,210.8125
2025-04-02 14:15:00-04:00,210.8125
2025-04-02 14:20:00-04:00,210.8125
2025-04-02 14:25:00-04:00,210.8125
2025-04-02 14:30:00-04:00,210.8125
2025-04-02 14:35:00-04:00,210.8125
2025-04-02 14:40:00-04:00,210.8125
2025-04-02 14:45:00-04:00,210.8125
2025-04-02 14:50:00-04:00,210.8125
2025-04-02 14:55:00-04:00,210.8125
2025-04-02 15:00:00-04:00,210.8125
2025-04-02 15:05:00-04:00,210.8125
2025-04-02 15:10:00-04:00,210.8125
2025-04-02 15:15:00-04:00,210.8125
2025-04-02 15:20:00-04:00,210.8125
2025-04-02 15:25:00-04:00,210.8125
2025-04-02 15:30:00-04:00,210.8125
2025-04-02 15:35:00-04:00,210.8125
2025-04-02 15:40:00-04:00,210.3125
2025-04-02 15:45:00-04:00,224.6875
2025-04-02 15:50:00-04:00,229.6875
2025-04-02 15:55:00-04:00,214.6875
2025-04-03 09:30:00-04:00,0.0
2025-04-03 09:35:00-04:00,0.0
2025-04-03 09:40:00-04:00,0.0
2025-04-03 09:45:00-04:00,0.0
2025-04-03 09:50:00-04:00,0.0
2025-04-03 09:55:00-04:00,0.0
2025-04-03 10:00:00-04:00,-0.5
2025-04-03 10:05:00-04:00,3.875
2025-04-03 10:10:00-04:00,46.375
2025-04-03 10:15:00-04:00,31.375
2025-04-03 10:20:00-04:00,78.875
2025-04-03 10:25:00-04:00,18.875
2025-04-03 10:30:00-04:00,10.125
2025-04-03 10:35:00-04:00,53.875
2025-04-03 10:40:00-04:00,62.625
2025-04-03 10:45:00-04:00,93.875
2025-04-03 10:50:00-04:00,157.625
2025-04-03 10:55:00-04:00,158.875
2025-04-03 11:00:00-04:00,170.125
2025-04-03 11:05:00-04:00,168.875
2025-04-03 11:10:00-04:00,95.125
2025-04-03 11:15:00-04:00,83.875
2025-04-03 11:20:00-04:00,87.625
2025-04-03 11:25:00-04:00,67.625
2025-04-03 11:30:00-04:00,53.875
2025-04-03 11:35:00-04:00,30.125
2025-04-03 11:40:00-04:00,15.25
2025-04-03 11:45:00-04:00,15.25
2025-04-03 11:50:00-04:00,15.25
2025-04-03 11:55:00-04:00,15.25
2025-04-03 12:00:00-04:00,15.25
2025-04-03 12:05:00-04:00,15.25
2025-04-03 12:10:00-04:00,15.25
2025-04-03 12:15:00-04:00,15.25
2025-04-03 12:20:00-04:00,15.25
2025-04-03 12:25:00-04:00,15.25
2025-04-03 12:30:00-04:00,15.25
2025-04-03 12:35:00-04:00,15.25
2025-04-03 12:40:00-04:00,15.25
2025-04-03 12:45:00-04:00,15.25
2025-04-03 12:50:00-04:00,15.25
2025-04-03 12:55:00-04:00,15.25
2025-04-03 13:00:00-04:00,15.25
2025-04-03 13:05:00-04:00,15.25
2025-04-03 13:10:00-04:00,15.25
2025-04-03 13:15:00-04:00,14.75
2025-04-03 13:20:00-04:00,-1.5
2025-04-03 13:25:00-04:00,41.0
2025-04-03 13:30:00-04:00,46.0
2025-04-03 13:35:00-04:00,2.25
2025-04-03 13:40:00-04:00,-1.5
2025-04-03 13:45:00-04:00,-11.5
2025-04-03 13:50:00-04:00,24.75
2025-04-03 13:55:00-04:00,46.0
2025-04-03 14:00:00-04:00,51.0
2025-04-03 14:05:00-04:00,84.75
2025-04-03 14:10:00-04:00,96.0
2025-04-03 14:15:00-04:00,122.25
2025-04-03 14:20:00-04:00,109.75
2025-04-03 14:25:00-04:00,128.5
2025-04-03 14:30:00-04:00,101.0
2025-04-03 14:35:00-04:00,104.75
2025-04-03 14:40:00-04:00,73.5
2025-04-03 14:45:00-04:00,66.0
2025-04-03 14:50:00-04:00,61.0
2025-04-03 14:55:00-04:00,76.0
2025-04-03 15:00:00-04:00,81.0
2025-04-03 15:05:00-04:00,78.5
2025-04-03 15:10:00-04:00,92.25
2025-04-03 15:15:00-04:00,132.25
2025-04-03 15:20:00-04:00,177.25
2025-04-03 15:25:00-04:00,183.5
2025-04-03 15:30:00-04:00,218.5
2025-04-03 15:35:00-04:00,243.5
2025-04-03 15:40:00-04:00,199.75
2025-04-03 15:45:00-04:00,202.25
2025-04-03 15:50:00-04:00,254.75
2025-04-03 15:55:00-04:00,254.75
2025-04-04 09:30:00-04:00,-0.5
2025-04-04 09:35:00-04:00,-16.75
2025-04-04 09:40:00-04:00,102.0
2025-04-04 09:45:00-04:00,37.0
2025-04-04 09:50:00-04:00,28.25
2025-04-04 09:55:00-04:00,-28.0
2025-04-04 10:00:00-04:00,32.0
2025-04-04 10:05:00-04:00,69.5
2025-04-04 10:10:00-04:00,207.0
2025-04-04 10:15:00-04:00,244.5
2025-04-04 10:20:00-04:00,225.75
2025-04-04 10:25:00-04:00,297.0
2025-04-04 10:30:00-04:00,324.5
2025-04-04 10:35:00-04:00,387.0
2025-04-04 10:40:00-04:00,394.5
2025-04-04 10:45:00-04:00,465.75
2025-04-04 10:50:00-04:00,450.75
2025-04-04 10:55:00-04:00,382.0
2025-04-04 11:00:00-04:00,306.8125
2025-04-04 11:05:00-04:00,306.3125
2025-04-04 11:10:00-04:00,275.8125
2025-04-04 11:15:00-04:00,275.8125
2025-04-04 11:20:00-04:00,275.8125
2025-04-04 11:25:00-04:00,275.3125
2025-04-04 11:30:00-04:00,381.6875
2025-04-04 11:35:00-04:00,381.6875
2025-04-04 11:40:00-04:00,381.6875
2025-04-04 11:45:00-04:00,381.6875
2025-04-04 11:50:00-04:00,381.6875
2025-04-04 11:55:00-04:00,381.6875
2025-04-04 12:00:00-04:00,381.6875
2025-04-04 12:05:00-04:00,381.6875
2025-04-04 12:10:00-04:00,381.6875
2025-04-04 12:15:00-04:00,381.1875
2025-04-04 12:20:00-04:00,447.125
2025-04-04 12:25:00-04:00,472.125
2025-04-04 12:30:00-04:00,497.125
2025-04-04 12:35:00-04:00,429.625
2025-04-04 12:40:00-04:00,413.375
2025-04-04 12:45:00-04:00,515.875
2025-04-04 12:50:00-04:00,487.125
2025-04-04 12:55:00-04:00,477.125
2025-04-04 13:00:00-04:00,453.375
2025-04-04 13:05:00-04:00,489.625
2025-04-04 13:10:00-04:00,552.125
2025-04-04 13:15:00-04:00,649.625
2025-04-04 13:20:00-04:00,590.875
2025-04-04 13:25:00-04:00,532.125
2025-04-04 13:30:00-04:00,525.875
2025-04-04 13:35:00-04:00,435.875
2025-04-04 13:40:00-04:00,432.125
2025-04-04 13:45:00-04:00,400.875
2025-04-04 13:50:00-04:00,404.625
2025-04-04 13:55:00-04:00,446.0
2025-04-04 14:00:00-04:00,446.0
2025-04-04 14:05:00-04:00,446.0
2025-04-04 14:10:00-04:00,446.0
2025-04-04 14:15:00-04:00,446.0
2025-04-04 14:20:00-04:00,446.0
2025-04-04 14:25:00-04:00,445.5
2025-04-04 14:30:00-04:00,432.6875
2025-04-04 14:35:00-04:00,446.4375
2025-04-04 14:40:00-04:00,531.4375
2025-04-04 14:45:00-04:00,493.9375
2025-04-04 14:50:00-04:00,451.4375
2025-04-04 14:55:00-04:00,462.6875
2025-04-04 15:00:00-04:00,473.9375
2025-04-04 15:05:00-04:00,497.6875
2025-04-04 15:10:00-04:00,415.0
2025-04-04 15:15:00-04:00,414.5
2025-04-04 15:20:00-04:00,384.0
2025-04-04 15:25:00-04:00,383.5
2025-04-04 15:30:00-04:00,353.0
2025-04-04 15:35:00-04:00,352.5
2025-04-04 15:40:00-04:00,379.8125
2025-04-04 15:45:00-04:00,379.8125
2025-04-04 15:50:00-04:00,379.8125
2025-04-04 15:55:00-04:00,379.8125
2025-04-07 09:30:00-04:00,-0.5
2025-04-07 09:35:00-04:00,11.0625
2025-04-07 09:40:00-04:00,81.0625
2025-04-07 09:45:00-04:00,-31.0
2025-04-07 09:50:00-04:00,-31.5
2025-04-07 09:55:00-04:00,-62.0
2025-04-07 10:00:00-04:00,-62.5
2025-04-07 10:05:00-04:00,-93.0
2025-04-07 10:10:00-04:00,-93.0
2025-04-07 10:15:00-04:00,-93.0
2025-04-07 10:20:00-04:00,-93.0
2025-04-07 10:25:00-04:00,-93.0
2025-04-07 10:30:00-04:00,-93.0
2025-04-07 10:35:00-04:00,-93.5
2025-04-07 10:40:00-04:00,-124.0
2025-04-07 10:45:00-04:00,-124.0
2025-04-07 10:50:00-04:00,-124.0
2025-04-07 10:55:00-04:00,-124.0
2025-04-07 11:00:00-04:00,-124.0
2025-04-07 11:05:00-04:00,-124.0
2025-04-07 11:10:00-04:00,-124.0
2025-04-07 11:15:00-04:00,-124.0
2025-04-07 11:20:00-04:00,-124.0
2025-04-07 11:25:00-04:00,-124.0
2025-04-07 11:30:00-04:00,-124.0
2025-04-07 11:35:00-04:00,-124.0
2025-04-07 11:40:00-04:00,-124.0
2025-04-07 11:45:00-04:00,-124.0
2025-04-07 11:50:00-04:00,-124.0
2025-04-07 11:55:00-04:00,-124.0
2025-04-07 12:00:00-04:00,-124.0
2025-04-07 12:05:00-04:00,-124.5
2025-04-07 12:10:00-04:00,-155.0
2025-04-07 12:15:00-04:00,-155.5
2025-04-07 12:20:00-04:00,-186.0
2025-04-07 12:25:00-04:00,-186.0
2025-04-07 12:30:00-04:00,-186.0
2025-04-07 12:35:00-04:00,-186.0
2025-04-07 12:40:00-04:00,-186.0
2025-04-07 12:45:00-04:00,-186.0
2025-04-07 12:50:00-04:00,-186.0
2025-04-07 12:55:00-04:00,-186.0
2025-04-07 13:00:00-04:00,-186.5
2025-04-07 13:05:00-04:00,-206.1875
2025-04-07 13:10:00-04:00,-217.0
2025-04-07 13:15:00-04:00,-217.0
2025-04-07 13:20:00-04:00,-217.0
2025-04-07 13:25:00-04:00,-217.0
2025-04-07 13:30:00-04:00,-217.0
2025-04-07 13:35:00-04:00,-217.0
2025-04-07 13:40:00-04:00,-217.0
2025-04-07 13:45:00-04:00,-217.0
2025-04-07 13:50:00-04:00,-217.0
2025-04-07 13:55:00-04:00,-217.0
2025-04-07 14:00:00-04:00,-217.0
2025-04-07 14:05:00-04:00,-217.0
2025-04-07 14:10:00-04:00,-217.0
2025-04-07 14:15:00-04:00,-217.0
2025-04-07 14:20:00-04:00,-217.0
2025-04-07 14:25:00-04:00,-217.0
2025-04-07 14:30:00-04:00,-217.0
2025-04-07 14:35:00-04:00,-217.0
2025-04-07 14:40:00-04:00,-217.0
2025-04-07 14:45:00-04:00,-217.0
2025-04-07 14:50:00-04:00,-217.0
2025-04-07 14:55:00-04:00,-217.0
2025-04-07 15:00:00-04:00,-217.0
2025-04-07 15:05:00-04:00,-217.0
2025-04-07 15:10:00-04:00,-217.0
2025-04-07 15:15:00-04:00,-217.0
2025-04-07 15:20:00-04:00,-217.0
2025-04-07 15:25:00-04:00,-217.0
2025-04-07 15:30:00-04:00,-217.0
2025-04-07 15:35:00-04:00,-217.0
2025-04-07 15:40:00-04:00,-217.0
2025-04-07 15:45:00-04:00,-217.0
2025-04-07 15:50:00-04:00,-217.0
2025-04-07 15:55:00-04:00,-217.0
2025-04-08 09:30:00-04:00,0.0
2025-04-08 09:35:00-04:00,0.0
2025-04-08 09:40:00-04:00,0.0
2025-04-08 09:45:00-04:00,0.0
2025-04-08 09:50:00-04:00,0.0
2025-04-08 09:55:00-04:00,0.0
2025-04-08 10:00:00-04:00,0.0
2025-04-08 10:05:00-04:00,0.0
2025-04-08 10:10:00-04:00,0.0
2025-04-08 10:15:00-04:00,0.0
2025-04-08 10:20:00-04:00,0.0
2025-04-08 10:25:00-04:00,0.0
2025-04-08 10:30:00-04:00,0.0
2025-04-08 10:35:00-04:00,0.0
2025-04-08 10:40:00-04:00,0.0
2025-04-08 10:45:00-04:00,0.0
2025-04-08 10:50:00-04:00,0.0
2025-04-08 10:55:00-04:00,0.0
2025-04-08 11:00:00-04:00,0.0
2025-04-08 11:05:00-04:00,0.0
2025-04-08 11:10:00-04:00,0.0
2025-04-08 11:15:00-04:00,0.0
2025-04-08 11:20:00-04:00,0.0
2025-04-08 11:25:00-04:00,0.0
2025-04-08 11:30:00-04:00,0.0
2025-04-08 11:35:00-04:00,0.0
2025-04-08 11:40:00-04:00,0.0
2025-04-08 11:45:00-04:00,0.0
2025-04-08 11:50:00-04:00,0.0
2025-04-08 11:55:00-04:00,0.0
2025-04-08 12:00:00-04:00,0.0
2025-04-08 12:05:00-04:00,0.0
2025-04-08 12:10:00-04:00,0.0
2025-04-08 12:15:00-04:00,0.0
2025-04-08 12:20:00-04:00,0.0
2025-04-08 12:25:00-04:00,0.0
2025-04-08 12:30:00-04:00,0.0
2025-04-08 12:35:00-04:00,0.0
2025-04-08 12:40:00-04:00,0.0
2025-04-08 12:45:00-04:00,0.0
2025-04-08 12:50:00-04:00,0.0
2025-04-08 12:55:00-04:00,0.0
2025-04-08 13:00:00-04:00,-0.5
2025-04-08 13:05:00-04:00,-31.0
2025-04-08 13:10:00-04:00,-31.5
2025-04-08 13:15:00-04:00,-62.0
2025-04-08 13:20:00-04:00,-62.5
2025-04-08 13:25:00-04:00,-77.8125
2025-04-08 13:30:00-04:00,-12.8125
2025-04-08 13:35:00-04:00,-93.0
2025-04-08 13:40:00-04:00,-93.5
2025-04-08 13:45:00-04:00,-124.0
2025-04-08 13:50:00-04:00,-124.5
2025-04-08 13:55:00-04:00,-155.0
2025-04-08 14:00:00-04:00,-155.5
2025-04-08 14:05:00-04:00,-141.75
2025-04-08 14:10:00-04:00,-85.5
2025-04-08 14:15:00-04:00,-148.0
2025-04-08 14:20:00-04:00,-140.5
2025-04-08 14:25:00-04:00,-91.75
2025-04-08 14:30:00-04:00,-186.0
2025-04-08 14:35:00-04:00,-186.5
2025-04-08 14:40:00-04:00,-188.6875
2025-04-08 14:45:00-04:00,-217.0
2025-04-08 14:50:00-04:00,-217.5
2025-04-08 14:55:00-04:00,-213.75
2025-04-08 15:00:00-04:00,-165.0
2025-04-08 15:05:00-04:00,-95.0
2025-04-08 15:10:00-04:00,17.5
2025-04-08 15:15:00-04:00,97.5
2025-04-08 15:20:00-04:00,87.5
2025-04-08 15:25:00-04:00,13.75
2025-04-08 15:30:00-04:00,65.0
2025-04-08 15:35:00-04:00,180.0
2025-04-08 15:40:00-04:00,258.75
2025-04-08 15:45:00-04:00,367.5
2025-04-08 15:50:00-04:00,127.5
2025-04-08 15:55:00-04:00,71.25
2025-04-09 09:30:00-04:00,-0.5
2025-04-09 09:35:00-04:00,-31.0
2025-04-09 09:40:00-04:00,-31.0
2025-04-09 09:45:00-04:00,-31.0
2025-04-09 09:50:00-04:00,-31.0
2025-04-09 09:55:00-04:00,-31.0
2025-04-09 10:00:00-04:00,-31.0
2025-04-09 10:05:00-04:00,-31.0
2025-04-09 10:10:00-04:00,-31.0
2025-04-09 10:15:00-04:00,-31.0
2025-04-09 10:20:00-04:00,-31.0
2025-04-09 10:25:00-04:00,-31.0
2025-04-09 10:30:00-04:00,-31.0
2025-04-09 10:35:00-04:00,-31.0
2025-04-09 10:40:00-04:00,-31.0
2025-04-09 10:45:00-04:00,-31.0
2025-04-09 10:50:00-04:00,-31.0
2025-04-09 10:55:00-04:00,-31.0
2025-04-09 11:00:00-04:00,-31.5
2025-04-09 11:05:00-04:00,-62.0
2025-04-09 11:10:00-04:00,-62.5
2025-04-09 11:15:00-04:00,-93.0
2025-04-09 11:20:00-04:00,-93.0
2025-04-09 11:25:00-04:00,-93.0
2025-04-09 11:30:00-04:00,-93.5
2025-04-09 11:35:00-04:00,-96.625
2025-04-09 11:40:00-04:00,-19.125
2025-04-09 11:45:00-04:00,-124.0
2025-04-09 11:50:00-04:00,-124.5
2025-04-09 11:55:00-04:00,-111.0625
2025-04-09 12:00:00-04:00,-91.0625
2025-04-09 12:05:00-04:00,-151.0625
2025-04-09 12:10:00-04:00,-155.0
2025-04-09 12:15:00-04:00,-155.0
2025-04-09 12:20:00-04:00,-155.0
2025-04-09 12:25:00-04:00,-155.0
2025-04-09 12:30:00-04:00,-155.0
2025-04-09 12:35:00-04:00,-155.0
2025-04-09 12:40:00-04:00,-155.0
2025-04-09 12:45:00-04:00,-155.0
2025-04-09 12:50:00-04:00,-155.0
2025-04-09 12:55:00-04:00,-155.0
2025-04-09 13:00:00-04:00,-155.0
2025-04-09 13:05:00-04:00,-155.0
2025-04-09 13:10:00-04:00,-155.0
2025-04-09 13:15:00-04:00,-155.0
2025-04-09 13:20:00-04:00,-155.0
2025-04-09 13:25:00-04:00,-155.0
2025-04-09 13:30:00-04:00,-155.0
2025-04-09 13:35:00-04:00,-155.0
2025-04-09 13:40:00-04:00,-155.0
2025-04-09 13:45:00-04:00,-155.0
2025-04-09 13:50:00-04:00,-155.0
2025-04-09 13:55:00-04:00,-155.0
2025-04-09 14:00:00-04:00,-155.5
2025-04-09 14:05:00-04:00,-186.0
2025-04-09 14:10:00-04:00,-186.5
2025-04-09 14:15:00-04:00,-217.0
2025-04-09 14:20:00-04:00,-217.5
2025-04-09 14:25:00-04:00,-185.3125
2025-04-09 14:30:00-04:00,-248.0
2025-04-09 14:35:00-04:00,-248.5
2025-04-09 14:40:00-04:00,-279.0
2025-04-09 14:45:00-04:00,-279.5
2025-04-09 14:50:00-04:00,-310.0
2025-04-09 14:55:00-04:00,-310.5
2025-04-09 15:00:00-04:00,-341.0
2025-04-09 15:05:00-04:00,-341.5
2025-04-09 15:10:00-04:00,-324.3125
2025-04-09 15:15:00-04:00,-275.5625
2025-04-09 15:20:00-04:00,-163.0625
2025-04-09 15:25:00-04:00,-98.0625
2025-04-09 15:30:00-04:00,-38.0625
2025-04-09 15:35:00-04:00,-84.3125
2025-04-09 15:40:00-04:00,-19.3125
2025-04-09 15:45:00-04:00,-41.8125
2025-04-09 15:50:00-04:00,90.6875
2025-04-09 15:55:00-04:00,28.1875
2025-04-10 09:30:00-04:00,0.0
2025-04-10 09:35:00-04:00,0.0
2025-04-10 09:40:00-04:00,0.0
2025-04-10 09:45:00-04:00,-0.5
2025-04-10 09:50:00-04:00,-31.0
2025-04-10 09:55:00-04:00,-31.0
2025-04-10 10:00:00-04:00,-31.0
2025-04-10 10:05:00-04:00,-31.0
2025-04-10 10:10:00-04:00,-31.0
2025-04-10 10:15:00-04:00,-31.0
2025-04-10 10:20:00-04:00,-31.0
2025-04-10 10:25:00-04:00,-31.0
2025-04-10 10:30:00-04:00,-31.0
2025-04-10 10:35:00-04:00,-31.0
2025-04-10 10:40:00-04:00,-31.0
2025-04-10 10:45:00-04:00,-31.0
2025-04-10 10:50:00-04:00,-31.0
2025-04-10 10:55:00-04:00,-31.0
2025-04-10 11:00:00-04:00,-31.0
2025-04-10 11:05:00-04:00,-31.0
2025-04-10 11:10:00-04:00,-31.0
2025-04-10 11:15:00-04:00,-31.0
2025-04-10 11:20:00-04:00,-31.0
2025-04-10 11:25:00-04:00,-31.0
2025-04-10 11:30:00-04:00,-31.0
2025-04-10 11:35:00-04:00,-31.0
2025-04-10 11:40:00-04:00,-31.0
2025-04-10 11:45:00-04:00,-31.0
2025-04-10 11:50:00-04:00,-31.0
2025-04-10 11:55:00-04:00,-31.0
2025-04-10 12:00:00-04:00,-31.0
2025-04-10 12:05:00-04:00,-31.0
2025-04-10 12:10:00-04:00,-31.0
2025-04-10 12:15:00-04:00,-31.0
2025-04-10 12:20:00-04:00,-31.0
2025-04-10 12:25:00-04:00,-31.0
2025-04-10 12:30:00-04:00,-31.0
2025-04-10 12:35:00-04:00,-31.0
2025-04-10 12:40:00-04:00,-31.0
2025-04-10 12:45:00-04:00,-31.0
2025-04-10 12:50:00-04:00,-31.0
2025-04-10 12:55:00-04:00,-31.0
2025-04-10 13:00:00-04:00,-31.0
2025-04-10 13:05:00-04:00,-31.0
2025-04-10 13:10:00-04:00,-31.0
2025-04-10 13:15:00-04:00,-31.0
2025-04-10 13:20:00-04:00,-31.0
2025-04-10 13:25:00-04:00,-31.0
2025-04-10 13:30:00-04:00,-31.0
2025-04-10 13:35:00-04:00,-31.0
2025-04-10 13:40:00-04:00,-31.0
2025-04-10 13:45:00-04:00,-31.0
2025-04-10 13:50:00-04:00,-31.0
2025-04-10 13:55:00-04:00,-31.0
2025-04-10 14:00:00-04:00,-31.0
2025-04-10 14:05:00-04:00,-31.0
2025-04-10 14:10:00-04:00,-31.0
2025-04-10 14:15:00-04:00,-31.0
2025-04-10 14:20:00-04:00,-31.0
2025-04-10 14:25:00-04:00,-31.0
2025-04-10 14:30:00-04:00,-31.0
2025-04-10 14:35:00-04:00,-31.0
2025-04-10 14:40:00-04:00,-31.0
2025-04-10 14:45:00-04:00,-31.0
2025-04-10 14:50:00-04:00,-31.0
2025-04-10 14:55:00-04:00,-31.0
2025-04-10 15:00:00-04:00,-31.5
2025-04-10 15:05:00-04:00,-62.0
2025-04-10 15:10:00-04:00,-62.5
2025-04-10 15:15:00-04:00,-93.0
2025-04-10 15:20:00-04:00,-93.5
2025-04-10 15:25:00-04:00,-124.0
2025-04-10 15:30:00-04:00,-124.5
2025-04-10 15:35:00-04:00,-155.0
2025-04-10 15:40:00-04:00,-155.0
2025-04-10 15:45:00-04:00,-155.0
2025-04-10 15:50:00-04:00,-155.0
2025-04-10 15:55:00-04:00,-155.0
2025-04-11 09:30:00-04:00,0.0
2025-04-11 09:35:00-04:00,0.0
2025-04-11 09:40:00-04:00,0.0
2025-04-11 09:45:00-04:00,0.0
2025-04-11 09:50:00-04:00,0.0
2025-04-11 09:55:00-04:00,-0.5
2025-04-11 10:00:00-04:00,-31.0
2025-04-11 10:05:00-04:00,-31.5
2025-04-11 10:10:00-04:00,-62.0
2025-04-11 10:15:00-04:00,-62.5
2025-04-11 10:20:00-04:00,-93.0
2025-04-11 10:25:00-04:00,-93.5
2025-04-11 10:30:00-04:00,-124.0
2025-04-11 10:35:00-04:00,-124.5
2025-04-11 10:40:00-04:00,-155.0
2025-04-11 10:45:00-04:00,-155.5
2025-04-11 10:50:00-04:00,-186.0
2025-04-11 10:55:00-04:00,-186.0
2025-04-11 11:00:00-04:00,-186.0
2025-04-11 11:05:00-04:00,-186.0
2025-04-11 11:10:00-04:00,-186.0
2025-04-11 11:15:00-04:00,-186.0
2025-04-11 11:20:00-04:00,-186.0
2025-04-11 11:25:00-04:00,-186.0
2025-04-11 11:30:00-04:00,-186.0
2025-04-11 11:35:00-04:00,-186.0
2025-04-11 11:40:00-04:00,-186.0
2025-04-11 11:45:00-04:00,-186.0
2025-04-11 11:50:00-04:00,-186.0
2025-04-11 11:55:00-04:00,-186.0
2025-04-11 12:00:00-04:00,-186.5
2025-04-11 12:05:00-04:00,-183.6875
2025-04-11 12:10:00-04:00,-179.9375
2025-04-11 12:15:00-04:00,-157.4375
2025-04-11 12:20:00-04:00,-162.4375
2025-04-11 12:25:00-04:00,-207.4375
2025-04-11 12:30:00-04:00,-156.1875
2025-04-11 12:35:00-04:00,-38.6875
2025-04-11 12:40:00-04:00,6.3125
2025-04-11 12:45:00-04:00,23.8125
2025-04-11 12:50:00-04:00,56.3125
2025-04-11 12:55:00-04:00,53.8125
2025-04-11 13:00:00-04:00,5.0625
2025-04-11 13:05:00-04:00,40.0625
2025-04-11 13:10:00-04:00,10.0625
2025-04-11 13:15:00-04:00,-41.1875
2025-04-11 13:20:00-04:00,-42.4375
2025-04-11 13:25:00-04:00,-48.6875
2025-04-11 13:30:00-04:00,-83.6875
2025-04-11 13:35:00-04:00,-66.1875
2025-04-11 13:40:00-04:00,110.0625
2025-04-11 13:45:00-04:00,137.5625
2025-04-11 13:50:00-04:00,186.3125
2025-04-11 13:55:00-04:00,186.3125
2025-04-11 14:00:00-04:00,162.5625
2025-04-11 14:05:00-04:00,120.0625
2025-04-11 14:10:00-04:00,112.5625
2025-04-11 14:15:00-04:00,73.8125
2025-04-11 14:20:00-04:00,53.8125
2025-04-11 14:25:00-04:00,67.5625
2025-04-11 14:30:00-04:00,106.3125
2025-04-11 14:35:00-04:00,95.0625
2025-04-11 14:40:00-04:00,137.5625
2025-04-11 14:45:00-04:00,152.5625
2025-04-11 14:50:00-04:00,75.0625
2025-04-11 14:55:00-04:00,78.8125
2025-04-11 15:00:00-04:00,81.3125
2025-04-11 15:05:00-04:00,131.3125
2025-04-11 15:10:00-04:00,186.3125
2025-04-11 15:15:00-04:00,157.5625
2025-04-11 15:20:00-04:00,201.3125
2025-04-11 15:25:00-04:00,195.0625
2025-04-11 15:30:00-04:00,172.5625
2025-04-11 15:35:00-04:00,148.8125
2025-04-11 15:40:00-04:00,188.8125
2025-04-11 15:45:00-04:00,178.8125
2025-04-11 15:50:00-04:00,173.8125
2025-04-11 15:55:00-04:00,158.8125
2025-04-14 09:30:00-04:00,-0.5
2025-04-14 09:35:00-04:00,-31.0
2025-04-14 09:40:00-04:00,-31.5
2025-04-14 09:45:00-04:00,-62.0
2025-04-14 09:50:00-04:00,-62.5
2025-04-14 09:55:00-04:00,-93.0
2025-04-14 10:00:00-04:00,-93.5
2025-04-14 10:05:00-04:00,-74.4375
2025-04-14 10:10:00-04:00,-124.0
2025-04-14 10:15:00-04:00,-124.5
2025-04-14 10:20:00-04:00,-155.0
2025-04-14 10:25:00-04:00,-155.5
2025-04-14 10:30:00-04:00,-157.375
2025-04-14 10:35:00-04:00,-151.125
2025-04-14 10:40:00-04:00,-138.625
2025-04-14 10:45:00-04:00,-142.375
2025-04-14 10:50:00-04:00,-91.125
2025-04-14 10:55:00-04:00,-128.625
2025-04-14 11:00:00-04:00,-158.625
2025-04-14 11:05:00-04:00,-186.0
2025-04-14 11:10:00-04:00,-186.5
2025-04-14 11:15:00-04:00,-217.0
2025-04-14 11:20:00-04:00,-217.0
2025-04-14 11:25:00-04:00,-217.0
2025-04-14 11:30:00-04:00,-217.0
2025-04-14 11:35:00-04:00,-217.0
2025-04-14 11:40:00-04:00,-217.0
2025-04-14 11:45:00-04:00,-217.0
2025-04-14 11:50:00-04:00,-217.0
2025-04-14 11:55:00-04:00,-217.0
2025-04-14 12:00:00-04:00,-217.0
2025-04-14 12:05:00-04:00,-217.0
2025-04-14 12:10:00-04:00,-217.0
2025-04-14 12:15:00-04:00,-217.0
2025-04-14 12:20:00-04:00,-217.0
2025-04-14 12:25:00-04:00,-217.0
2025-04-14 12:30:00-04:00,-217.0
2025-04-14 12:35:00-04:00,-217.0
2025-04-14 12:40:00-04:00,-217.0
2025-04-14 12:45:00-04:00,-217.0
2025-04-14 12:50:00-04:00,-217.0
2025-04-14 12:55:00-04:00,-217.0
2025-04-14 13:00:00-04:00,-217.0
2025-04-14 13:05:00-04:00,-217.0
2025-04-14 13:10:00-04:00,-217.0
2025-04-14 13:15:00-04:00,-217.0
2025-04-14 13:20:00-04:00,-217.0
2025-04-14 13:25:00-04:00,-217.0
2025-04-14 13:30:00-04:00,-217.0
2025-04-14 13:35:00-04:00,-217.0
2025-04-14 13:40:00-04:00,-217.0
2025-04-14 13:45:00-04:00,-217.0
2025-04-14 13:50:00-04:00,-217.0
2025-04-14 13:55:00-04:00,-217.0
2025-04-14 14:00:00-04:00,-217.5
2025-04-14 14:05:00-04:00,-233.4375
2025-04-14 14:10:00-04:00,-242.1875
2025-04-14 14:15:00-04:00,-233.4375
2025-04-14 14:20:00-04:00,-200.9375
2025-04-14 14:25:00-04:00,-187.1875
2025-04-14 14:30:00-04:00,-177.1875
2025-04-14 14:35:00-04:00,-162.1875
2025-04-14 14:40:00-04:00,-150.9375
2025-04-14 14:45:00-04:00,-162.1875
2025-04-14 14:50:00-04:00,-157.1875
2025-04-14 14:55:00-04:00,-158.4375
2025-04-14 15:00:00-04:00,-148.4375
2025-04-14 15:05:00-04:00,-115.9375
2025-04-14 15:10:00-04:00,-92.1875
2025-04-14 15:15:00-04:00,-113.4375
2025-04-14 15:20:00-04:00,-118.4375
2025-04-14 15:25:00-04:00,-130.9375
2025-04-14 15:30:00-04:00,-147.1875
2025-04-14 15:35:00-04:00,-137.1875
2025-04-14 15:40:00-04:00,-123.4375
2025-04-14 15:45:00-04:00,-162.1875
2025-04-14 15:50:00-04:00,-223.4375
2025-04-14 15:55:00-04:00,-248.0
2025-04-15 09:30:00-04:00,0.0
2025-04-15 09:35:00-04:00,0.0
2025-04-15 09:40:00-04:00,0.0
2025-04-15 09:45:00-04:00,0.0
2025-04-15 09:50:00-04:00,0.0
2025-04-15 09:55:00-04:00,0.0
2025-04-15 10:00:00-04:00,0.0
2025-04-15 10:05:00-04:00,0.0
2025-04-15 10:10:00-04:00,-0.5
2025-04-15 10:15:00-04:00,-31.0
2025-04-15 10:20:00-04:00,-31.0
2025-04-15 10:25:00-04:00,-31.0
2025-04-15 10:30:00-04:00,-31.0
2025-04-15 10:35:00-04:00,-31.0
2025-04-15 10:40:00-04:00,-31.0
2025-04-15 10:45:00-04:00,-31.0
2025-04-15 10:50:00-04:00,-31.0
2025-04-15 10:55:00-04:00,-31.0
2025-04-15 11:00:00-04:00,-31.0
2025-04-15 11:05:00-04:00,-31.0
2025-04-15 11:10:00-04:00,-31.0
2025-04-15 11:15:00-04:00,-31.0
2025-04-15 11:20:00-04:00,-31.5
2025-04-15 11:25:00-04:00,-62.0
2025-04-15 11:30:00-04:00,-62.0
2025-04-15 11:35:00-04:00,-62.5
2025-04-15 11:40:00-04:00,-85.9375
2025-04-15 11:45:00-04:00,-93.0
2025-04-15 11:50:00-04:00,-93.5
2025-04-15 11:55:00-04:00,-105.6875
2025-04-15 12:00:00-04:00,-69.4375
2025-04-15 12:05:00-04:00,-64.0
2025-04-15 12:10:00-04:00,-64.0
2025-04-15 12:15:00-04:00,-64.0
2025-04-15 12:20:00-04:00,-64.0
2025-04-15 12:25:00-04:00,-64.0
2025-04-15 12:30:00-04:00,-64.0
2025-04-15 12:35:00-04:00,-64.0
2025-04-15 12:40:00-04:00,-64.0
2025-04-15 12:45:00-04:00,-64.0
2025-04-15 12:50:00-04:00,-64.0
2025-04-15 12:55:00-04:00,-64.0
2025-04-15 13:00:00-04:00,-64.0
2025-04-15 13:05:00-04:00,-64.0
2025-04-15 13:10:00-04:00,-64.0
2025-04-15 13:15:00-04:00,-64.0
2025-04-15 13:20:00-04:00,-64.0
2025-04-15 13:25:00-04:00,-64.0
2025-04-15 13:30:00-04:00,-64.0
2025-04-15 13:35:00-04:00,-64.0
2025-04-15 13:40:00-04:00,-64.0
2025-04-15 13:45:00-04:00,-64.0
2025-04-15 13:50:00-04:00,-64.0
2025-04-15 13:55:00-04:00,-64.0
2025-04-15 14:00:00-04:00,-64.0
2025-04-15 14:05:00-04:00,-64.0
2025-04-15 14:10:00-04:00,-64.0
2025-04-15 14:15:00-04:00,-64.0
2025-04-15 14:20:00-04:00,-64.0
2025-04-15 14:25:00-04:00,-64.0
2025-04-15 14:30:00-04:00,-64.0
2025-04-15 14:35:00-04:00,-64.0
2025-04-15 14:40:00-04:00,-64.0
2025-04-15 14:45:00-04:00,-64.0
2025-04-15 14:50:00-04:00,-64.0
2025-04-15 14:55:00-04:00,-64.0
2025-04-15 15:00:00-04:00,-64.0
2025-04-15 15:05:00-04:00,-64.0
2025-04-15 15:10:00-04:00,-64.0
2025-04-15 15:15:00-04:00,-64.0
2025-04-15 15:20:00-04:00,-64.0
2025-04-15 15:25:00-04:00,-64.0
2025-04-15 15:30:00-04:00,-64.0
2025-04-15 15:35:00-04:00,-64.0
2025-04-15 15:40:00-04:00,-64.0
2025-04-15 15:45:00-04:00,-64.0
2025-04-15 15:50:00-04:00,-64.0
2025-04-15 15:55:00-04:00,-64.0
2025-04-16 09:30:00-04:00,0.0
2025-04-16 09:35:00-04:00,0.0
2025-04-16 09:40:00-04:00,0.0
2025-04-16 09:45:00-04:00,0.0
2025-04-16 09:50:00-04:00,0.0
2025-04-16 09:55:00-04:00,0.0
2025-04-16 10:00:00-04:00,0.0
2025-04-16 10:05:00-04:00,0.0
2025-04-16 10:10:00-04:00,0.0
2025-04-16 10:15:00-04:00,0.0
2025-04-16 10:20:00-04:00,0.0
2025-04-16 10:25:00-04:00,0.0
2025-04-16 10:30:00-04:00,0.0
2025-04-16 10:35:00-04:00,0.0
2025-04-16 10:40:00-04:00,0.0
2025-04-16 10:45:00-04:00,0.0
2025-04-16 10:50:00-04:00,0.0
2025-04-16 10:55:00-04:00,0.0
2025-04-16 11:00:00-04:00,0.0
2025-04-16 11:05:00-04:00,0.0
2025-04-16 11:10:00-04:00,0.0
2025-04-16 11:15:00-04:00,0.0
2025-04-16 11:20:00-04:00,0.0
2025-04-16 11:25:00-04:00,0.0
2025-04-16 11:30:00-04:00,0.0
2025-04-16 11:35:00-04:00,0.0
2025-04-16 11:40:00-04:00,0.0
2025-04-16 11:45:00-04:00,0.0
2025-04-16 11:50:00-04:00,0.0
2025-04-16 11:55:00-04:00,0.0
2025-04-16 12:00:00-04:00,0.0
2025-04-16 12:05:00-04:00,0.0
2025-04-16 12:10:00-04:00,-0.5
2025-04-16 12:15:00-04:00,-15.8125
2025-04-16 12:20:00-04:00,-4.5625
2025-04-16 12:25:00-04:00,-17.0625
2025-04-16 12:30:00-04:00,-31.0
2025-04-16 12:35:00-04:00,-31.5
2025-04-16 12:40:00-04:00,-37.4375
2025-04-16 12:45:00-04:00,-37.4375
2025-04-16 12:50:00-04:00,-18.6875
2025-04-16 12:55:00-04:00,-22.4375
2025-04-16 13:00:00-04:00,-24.9375
2025-04-16 13:05:00-04:00,-22.4375
2025-04-16 13:10:00-04:00,0.0625
2025-04-16 13:15:00-04:00,-37.4375
2025-04-16 13:20:00-04:00,-46.1875
2025-04-16 13:25:00-04:00,-39.9375
2025-04-16 13:30:00-04:00,-41.1875
2025-04-16 13:35:00-04:00,72.5625
2025-04-16 13:40:00-04:00,127.5625
2025-04-16 13:45:00-04:00,182.5625
2025-04-16 13:50:00-04:00,207.5625
2025-04-16 13:55:00-04:00,241.3125
2025-04-16 14:00:00-04:00,251.3125
2025-04-16 14:05:00-04:00,241.3125
2025-04-16 14:10:00-04:00,227.5625
2025-04-16 14:15:00-04:00,227.5625
2025-04-16 14:20:00-04:00,215.0625
2025-04-16 14:25:00-04:00,201.3125
2025-04-16 14:30:00-04:00,233.8125
2025-04-16 14:35:00-04:00,267.5625
2025-04-16 14:40:00-04:00,316.3125
2025-04-16 14:45:00-04:00,328.8125
2025-04-16 14:50:00-04:00,350.0625
2025-04-16 14:55:00-04:00,355.0625
2025-04-16 15:00:00-04:00,380.0625
2025-04-16 15:05:00-04:00,411.3125
2025-04-16 15:10:00-04:00,417.5625
2025-04-16 15:15:00-04:00,425.0625
2025-04-16 15:20:00-04:00,471.3125
2025-04-16 15:25:00-04:00,497.5625
2025-04-16 15:30:00-04:00,430.0625
2025-04-16 15:35:00-04:00,430.0625
2025-04-16 15:40:00-04:00,393.8125
2025-04-16 15:45:00-04:00,388.8125
2025-04-16 15:50:00-04:00,250.0625
2025-04-16 15:55:00-04:00,233.8125
2025-04-17 09:30:00-04:00,-0.5
2025-04-17 09:35:00-04:00,17.75
2025-04-17 09:40:00-04:00,17.75
2025-04-17 09:45:00-04:00,17.75
2025-04-17 09:50:00-04:00,17.75
2025-04-17 09:55:00-04:00,17.75
2025-04-17 10:00:00-04:00,17.75
2025-04-17 10:05:00-04:00,17.75
2025-04-17 10:10:00-04:00,17.75
2025-04-17 10:15:00-04:00,17.75
2025-04-17 10:20:00-04:00,17.75
2025-04-17 10:25:00-04:00,17.75
2025-04-17 10:30:00-04:00,17.75
2025-04-17 10:35:00-04:00,17.75
2025-04-17 10:40:00-04:00,17.75
2025-04-17 10:45:00-04:00,17.75
2025-04-17 10:50:00-04:00,17.25
2025-04-17 10:55:00-04:00,9.125
2025-04-17 11:00:00-04:00,10.375
2025-04-17 11:05:00-04:00,-13.25
2025-04-17 11:10:00-04:00,-13.25
2025-04-17 11:15:00-04:00,-13.25
2025-04-17 11:20:00-04:00,-13.25
2025-04-17 11:25:00-04:00,-13.75
2025-04-17 11:30:00-04:00,-44.25
2025-04-17 11:35:00-04:00,-44.25
2025-04-17 11:40:00-04:00,-44.25
2025-04-17 11:45:00-04:00,-44.25
2025-04-17 11:50:00-04:00,-44.25
2025-04-17 11:55:00-04:00,-44.25
2025-04-17 12:00:00-04:00,-44.25
2025-04-17 12:05:00-04:00,-44.25
2025-04-17 12:10:00-04:00,-44.25
2025-04-17 12:15:00-04:00,-44.25
2025-04-17 12:20:00-04:00,-44.25
2025-04-17 12:25:00-04:00,-44.25
2025-04-17 12:30:00-04:00,-44.25
2025-04-17 12:35:00-04:00,-44.25
2025-04-17 12:40:00-04:00,-44.25
2025-04-17 12:45:00-04:00,-44.25
2025-04-17 12:50:00-04:00,-44.25
2025-04-17 12:55:00-04:00,-44.25
2025-04-17 13:00:00-04:00,-44.25
2025-04-17 13:05:00-04:00,-44.25
2025-04-17 13:10:00-04:00,-44.25
2025-04-17 13:15:00-04:00,-44.25
2025-04-17 13:20:00-04:00,-44.25
2025-04-17 13:25:00-04:00,-44.25
2025-04-17 13:30:00-04:00,-44.25
2025-04-17 13:35:00-04:00,-44.25
2025-04-17 13:40:00-04:00,-44.25
2025-04-17 13:45:00-04:00,-44.25
2025-04-17 13:50:00-04:00,-44.25
2025-04-17 13:55:00-04:00,-44.25
2025-04-17 14:00:00-04:00,-44.25
2025-04-17 14:05:00-04:00,-44.25
2025-04-17 14:10:00-04:00,-44.25
2025-04-17 14:15:00-04:00,-44.25
2025-04-17 14:20:00-04:00,-44.25
2025-04-17 14:25:00-04:00,-44.25
2025-04-17 14:30:00-04:00,-44.25
2025-04-17 14:35:00-04:00,-44.25
2025-04-17 14:40:00-04:00,-44.25
2025-04-17 14:45:00-04:00,-44.25
2025-04-17 14:50:00-04:00,-44.25
2025-04-17 14:55:00-04:00,-44.25
2025-04-17 15:00:00-04:00,-44.25
2025-04-17 15:05:00-04:00,-44.25
2025-04-17 15:10:00-04:00,-44.25
2025-04-17 15:15:00-04:00,-44.25
2025-04-17 15:20:00-04:00,-44.25
2025-04-17 15:25:00-04:00,-44.25
2025-04-17 15:30:00-04:00,-44.25
2025-04-17 15:35:00-04:00,-44.25
2025-04-17 15:40:00-04:00,-44.25
2025-04-17 15:45:00-04:00,-44.25
2025-04-17 15:50:00-04:00,-44.25
2025-04-17 15:55:00-04:00,-44.25
2025-04-21 09:30:00-04:00,-0.5
2025-04-21 09:35:00-04:00,7.0
2025-04-21 09:40:00-04:00,37.0
2025-04-21 09:45:00-04:00,35.75
2025-04-21 09:50:00-04:00,43.25
2025-04-21 09:55:00-04:00,102.0
2025-04-21 10:00:00-04:00,167.0
2025-04-21 10:05:00-04:00,199.5
2025-04-21 10:10:00-04:00,197.0
2025-04-21 10:15:00-04:00,198.25
2025-04-21 10:20:00-04:00,248.25
2025-04-21 10:25:00-04:00,252.0
2025-04-21 10:30:00-04:00,252.0
2025-04-21 10:35:00-04:00,220.75
2025-04-21 10:40:00-04:00,202.0
2025-04-21 10:45:00-04:00,244.5
2025-04-21 10:50:00-04:00,289.5
2025-04-21 10:55:00-04:00,298.25
2025-04-21 11:00:00-04:00,294.5
2025-04-21 11:05:00-04:00,315.75
2025-04-21 11:10:00-04:00,304.5
2025-04-21 11:15:00-04:00,332.0
2025-04-21 11:20:00-04:00,330.75
2025-04-21 11:25:00-04:00,364.5
2025-04-21 11:30:00-04:00,382.0
2025-04-21 11:35:00-04:00,424.5
2025-04-21 11:40:00-04:00,424.5
2025-04-21 11:45:00-04:00,453.25
2025-04-21 11:50:00-04:00,477.0
2025-04-21 11:55:00-04:00,487.0
2025-04-21 12:00:00-04:00,465.75
2025-04-21 12:05:00-04:00,449.5
2025-04-21 12:10:00-04:00,437.0
2025-04-21 12:15:00-04:00,442.0
2025-04-21 12:20:00-04:00,448.25
2025-04-21 12:25:00-04:00,448.25
2025-04-21 12:30:00-04:00,419.5
2025-04-21 12:35:00-04:00,405.75
2025-04-21 12:40:00-04:00,387.0
2025-04-21 12:45:00-04:00,394.5
2025-04-21 12:50:00-04:00,433.25
2025-04-21 12:55:00-04:00,470.75
2025-04-21 13:00:00-04:00,463.25
2025-04-21 13:05:00-04:00,534.5
2025-04-21 13:10:00-04:00,545.75
2025-04-21 13:15:00-04:00,532.0
2025-04-21 13:20:00-04:00,514.5
2025-04-21 13:25:00-04:00,530.75
2025-04-21 13:30:00-04:00,525.75
2025-04-21 13:35:00-04:00,528.25
2025-04-21 13:40:00-04:00,540.75
2025-04-21 13:45:00-04:00,560.75
2025-04-21 13:50:00-04:00,570.75
2025-04-21 13:55:00-04:00,583.25
2025-04-21 14:00:00-04:00,600.75
2025-04-21 14:05:00-04:00,592.0
2025-04-21 14:10:00-04:00,595.75
2025-04-21 14:15:00-04:00,563.25
2025-04-21 14:20:00-04:00,573.25
2025-04-21 14:25:00-04:00,554.5
2025-04-21 14:30:00-04:00,520.75
2025-04-21 14:35:00-04:00,530.75
2025-04-21 14:40:00-04:00,540.75
2025-04-21 14:45:00-04:00,572.0
2025-04-21 14:50:00-04:00,580.75
2025-04-21 14:55:00-04:00,600.75
2025-04-21 15:00:00-04:00,555.75
2025-04-21 15:05:00-04:00,540.75
2025-04-21 15:10:00-04:00,550.5625
2025-04-21 15:15:00-04:00,550.5625
2025-04-21 15:20:00-04:00,550.5625
2025-04-21 15:25:00-04:00,550.5625
2025-04-21 15:30:00-04:00,550.5625
2025-04-21 15:35:00-04:00,550.5625
2025-04-21 15:40:00-04:00,550.5625
2025-04-21 15:45:00-04:00,550.5625
2025-04-21 15:50:00-04:00,550.5625
2025-04-21 15:55:00-04:00,550.5625
2025-04-22 09:30:00-04:00,0.0
2025-04-22 09:35:00-04:00,0.0
2025-04-22 09:40:00-04:00,0.0
2025-04-22 09:45:00-04:00,0.0
2025-04-22 09:50:00-04:00,0.0
2025-04-22 09:55:00-04:00,0.0
2025-04-22 10:00:00-04:00,0.0
2025-04-22 10:05:00-04:00,0.0
2025-04-22 10:10:00-04:00,0.0
2025-04-22 10:15:00-04:00,0.0
2025-04-22 10:20:00-04:00,0.0
2025-04-22 10:25:00-04:00,0.0
2025-04-22 10:30:00-04:00,0.0
2025-04-22 10:35:00-04:00,0.0
2025-04-22 10:40:00-04:00,0.0
2025-04-22 10:45:00-04:00,0.0
2025-04-22 10:50:00-04:00,0.0
2025-04-22 10:55:00-04:00,0.0
2025-04-22 11:00:00-04:00,0.0
2025-04-22 11:05:00-04:00,0.0
2025-04-22 11:10:00-04:00,0.0
2025-04-22 11:15:00-04:00,0.0
2025-04-22 11:20:00-04:00,0.0
2025-04-22 11:25:00-04:00,0.0
2025-04-22 11:30:00-04:00,0.0
2025-04-22 11:35:00-04:00,0.0
2025-04-22 11:40:00-04:00,0.0
2025-04-22 11:45:00-04:00,0.0
2025-04-22 11:50:00-04:00,0.0
2025-04-22 11:55:00-04:00,0.0
2025-04-22 12:00:00-04:00,0.0
2025-04-22 12:05:00-04:00,0.0
2025-04-22 12:10:00-04:00,0.0
2025-04-22 12:15:00-04:00,0.0
2025-04-22 12:20:00-04:00,0.0
2025-04-22 12:25:00-04:00,0.0
2025-04-22 12:30:00-04:00,0.0
2025-04-22 12:35:00-04:00,0.0
2025-04-22 12:40:00-04:00,0.0
2025-04-22 12:45:00-04:00,0.0
2025-04-22 12:50:00-04:00,0.0
2025-04-22 12:55:00-04:00,0.0
2025-04-22 13:00:00-04:00,0.0
2025-04-22 13:05:00-04:00,0.0
2025-04-22 13:10:00-04:00,0.0
2025-04-22 13:15:00-04:00,0.0
2025-04-22 13:20:00-04:00,0.0
2025-04-22 13:25:00-04:00,0.0
2025-04-22 13:30:00-04:00,0.0
2025-04-22 13:35:00-04:00,0.0
2025-04-22 13:40:00-04:00,0.0
2025-04-22 13:45:00-04:00,0.0
2025-04-22 13:50:00-04:00,0.0
2025-04-22 13:55:00-04:00,0.0
2025-04-22 14:00:00-04:00,0.0
2025-04-22 14:05:00-04:00,0.0
2025-04-22 14:10:00-04:00,0.0
2025-04-22 14:15:00-04:00,0.0
2025-04-22 14:20:00-04:00,0.0
2025-04-22 14:25:00-04:00,0.0
2025-04-22 14:30:00-04:00,0.0
2025-04-22 14:35:00-04:00,0.0
2025-04-22 14:40:00-04:00,0.0
2025-04-22 14:45:00-04:00,0.0
2025-04-22 14:50:00-04:00,0.0
2025-04-22 14:55:00-04:00,0.0
2025-04-22 15:00:00-04:00,-0.5
2025-04-22 15:05:00-04:00,-31.0
2025-04-22 15:10:00-04:00,-31.5
2025-04-22 15:15:00-04:00,-62.0
2025-04-22 15:20:00-04:00,-62.5
2025-04-22 15:25:00-04:00,-85.3125
2025-04-22 15:30:00-04:00,-91.5625
2025-04-22 15:35:00-04:00,-93.0
2025-04-22 15:40:00-04:00,-93.5
2025-04-22 15:45:00-04:00,-27.75
2025-04-22 15:50:00-04:00,-27.75
2025-04-22 15:55:00-04:00,-27.75
2025-04-23 09:30:00-04:00,-0.5
2025-04-23 09:35:00-04:00,-31.0
2025-04-23 09:40:00-04:00,-31.5
2025-04-23 09:45:00-04:00,-30.875
2025-04-23 09:50:00-04:00,-24.625
2025-04-23 09:55:00-04:00,-58.375
2025-04-23 10:00:00-04:00,-62.0
2025-04-23 10:05:00-04:00,-62.5
2025-04-23 10:10:00-04:00,-93.0
2025-04-23 10:15:00-04:00,-93.5
2025-04-23 10:20:00-04:00,-124.0
2025-04-23 10:25:00-04:00,-124.5
2025-04-23 10:30:00-04:00,-115.125
2025-04-23 10:35:00-04:00,-95.125
2025-04-23 10:40:00-04:00,-125.125
2025-04-23 10:45:00-04:00,-115.125
2025-04-23 10:50:00-04:00,-155.0
2025-04-23 10:55:00-04:00,-155.5
2025-04-23 11:00:00-04:00,-186.0
2025-04-23 11:05:00-04:00,-186.5
2025-04-23 11:10:00-04:00,-217.0
2025-04-23 11:15:00-04:00,-217.0
2025-04-23 11:20:00-04:00,-217.0
2025-04-23 11:25:00-04:00,-217.0
2025-04-23 11:30:00-04:00,-217.0
2025-04-23 11:35:00-04:00,-217.0
2025-04-23 11:40:00-04:00,-217.0
2025-04-23 11:45:00-04:00,-217.0
2025-04-23 11:50:00-04:00,-217.0
2025-04-23 11:55:00-04:00,-217.0
2025-04-23 12:00:00-04:00,-217.0
2025-04-23 12:05:00-04:00,-217.0
2025-04-23 12:10:00-04:00,-217.0
2025-04-23 12:15:00-04:00,-217.0
2025-04-23 12:20:00-04:00,-217.0
2025-04-23 12:25:00-04:00,-217.0
2025-04-23 12:30:00-04:00,-217.0
2025-04-23 12:35:00-04:00,-217.0
2025-04-23 12:40:00-04:00,-217.0
2025-04-23 12:45:00-04:00,-217.0
2025-04-23 12:50:00-04:00,-217.0
2025-04-23 12:55:00-04:00,-217.0
2025-04-23 13:00:00-04:00,-217.0
2025-04-23 13:05:00-04:00,-217.5
2025-04-23 13:10:00-04:00,-229.6875
2025-04-23 13:15:00-04:00,-218.4375
2025-04-23 13:20:00-04:00,-222.1875
2025-04-23 13:25:00-04:00,-247.1875
2025-04-23 13:30:00-04:00,-248.0
2025-04-23 13:35:00-04:00,-248.5
2025-04-23 13:40:00-04:00,-279.0
2025-04-23 13:45:00-04:00,-279.5
2025-04-23 13:50:00-04:00,-306.0625
2025-04-23 13:55:00-04:00,-233.5625
2025-04-23 14:00:00-04:00,-291.0625
2025-04-23 14:05:00-04:00,-249.0625
2025-04-23 14:10:00-04:00,-249.0625
2025-04-23 14:15:00-04:00,-249.0625
2025-04-23 14:20:00-04:00,-249.0625
2025-04-23 14:25:00-04:00,-249.0625
2025-04-23 14:30:00-04:00,-249.0625
2025-04-23 14:35:00-04:00,-249.0625
2025-04-23 14:40:00-04:00,-249.0625
2025-04-23 14:45:00-04:00,-249.0625
2025-04-23 14:50:00-04:00,-249.0625
2025-04-23 14:55:00-04:00,-249.0625
2025-04-23 15:00:00-04:00,-249.0625
2025-04-23 15:05:00-04:00,-249.0625
2025-04-23 15:10:00-04:00,-249.0625
2025-04-23 15:15:00-04:00,-249.0625
2025-04-23 15:20:00-04:00,-249.0625
2025-04-23 15:25:00-04:00,-249.0625
2025-04-23 15:30:00-04:00,-249.0625
2025-04-23 15:35:00-04:00,-249.0625
2025-04-23 15:40:00-04:00,-249.0625
2025-04-23 15:45:00-04:00,-249.0625
2025-04-23 15:50:00-04:00,-249.0625
2025-04-23 15:55:00-04:00,-249.0625
2025-04-24 09:30:00-04:00,0.0
2025-04-24 09:35:00-04:00,0.0
2025-04-24 09:40:00-04:00,0.0
2025-04-24 09:45:00-04:00,0.0
2025-04-24 09:50:00-04:00,0.0
2025-04-24 09:55:00-04:00,0.0
2025-04-24 10:00:00-04:00,-0.5
2025-04-24 10:05:00-04:00,2.625
2025-04-24 10:10:00-04:00,-9.875
2025-04-24 10:15:00-04:00,-3.625
2025-04-24 10:20:00-04:00,51.375
2025-04-24 10:25:00-04:00,77.625
2025-04-24 10:30:00-04:00,123.875
2025-04-24 10:35:00-04:00,147.625
2025-04-24 10:40:00-04:00,106.375
2025-04-24 10:45:00-04:00,76.375
2025-04-24 10:50:00-04:00,92.625
2025-04-24 10:55:00-04:00,131.375
2025-04-24 11:00:00-04:00,120.125
2025-04-24 11:05:00-04:00,151.375
2025-04-24 11:10:00-04:00,162.625
2025-04-24 11:15:00-04:00,175.125
2025-04-24 11:20:00-04:00,155.125
2025-04-24 11:25:00-04:00,127.625
2025-04-24 11:30:00-04:00,115.125
2025-04-24 11:35:00-04:00,151.375
2025-04-24 11:40:00-04:00,142.625
2025-04-24 11:45:00-04:00,135.125
2025-04-24 11:50:00-04:00,148.875
2025-04-24 11:55:00-04:00,147.625
2025-04-24 12:00:00-04:00,143.875
2025-04-24 12:05:00-04:00,136.375
2025-04-24 12:10:00-04:00,140.125
2025-04-24 12:15:00-04:00,188.875
2025-04-24 12:20:00-04:00,215.125
2025-04-24 12:25:00-04:00,203.875
2025-04-24 12:30:00-04:00,237.625
2025-04-24 12:35:00-04:00,267.625
2025-04-24 12:40:00-04:00,255.125
2025-04-24 12:45:00-04:00,240.125
2025-04-24 12:50:00-04:00,253.875
2025-04-24 12:55:00-04:00,272.625
2025-04-24 13:00:00-04:00,263.875
2025-04-24 13:05:00-04:00,258.875
2025-04-24 13:10:00-04:00,261.375
2025-04-24 13:15:00-04:00,226.375
2025-04-24 13:20:00-04:00,227.625
2025-04-24 13:25:00-04:00,265.125
2025-04-24 13:30:00-04:00,258.875
2025-04-24 13:35:00-04:00,252.625
2025-04-24 13:40:00-04:00,243.875
2025-04-24 13:45:00-04:00,243.875
2025-04-24 13:50:00-04:00,263.875
2025-04-24 13:55:00-04:00,281.375
2025-04-24 14:00:00-04:00,286.375
2025-04-24 14:05:00-04:00,300.125
2025-04-24 14:10:00-04:00,292.625
2025-04-24 14:15:00-04:00,278.875
2025-04-24 14:20:00-04:00,272.625
2025-04-24 14:25:00-04:00,293.875
2025-04-24 14:30:00-04:00,296.375
2025-04-24 14:35:00-04:00,328.875
2025-04-24 14:40:00-04:00,331.375
2025-04-24 14:45:00-04:00,331.375
2025-04-24 14:50:00-04:00,343.875
2025-04-24 14:55:00-04:00,328.875
2025-04-24 15:00:00-04:00,281.375
2025-04-24 15:05:00-04:00,275.125
2025-04-24 15:10:00-04:00,238.875
2025-04-24 15:15:00-04:00,261.375
2025-04-24 15:20:00-04:00,287.625
2025-04-24 15:25:00-04:00,284.625
2025-04-24 15:30:00-04:00,284.625
2025-04-24 15:35:00-04:00,284.625
2025-04-24 15:40:00-04:00,284.625
2025-04-24 15:45:00-04:00,284.125
2025-04-24 15:50:00-04:00,253.625
2025-04-24 15:55:00-04:00,253.125
2025-04-25 09:30:00-04:00,-0.5
2025-04-25 09:35:00-04:00,8.875
2025-04-25 09:40:00-04:00,-22.375
2025-04-25 09:45:00-04:00,-31.0
2025-04-25 09:50:00-04:00,-31.5
2025-04-25 09:55:00-04:00,-62.0
2025-04-25 10:00:00-04:00,-62.5
2025-04-25 10:05:00-04:00,-65.3125
2025-04-25 10:10:00-04:00,12.1875
2025-04-25 10:15:00-04:00,-7.8125
2025-04-25 10:20:00-04:00,-93.0
2025-04-25 10:25:00-04:00,-93.0
2025-04-25 10:30:00-04:00,-93.0
2025-04-25 10:35:00-04:00,-93.0
2025-04-25 10:40:00-04:00,-93.0
2025-04-25 10:45:00-04:00,-93.0
2025-04-25 10:50:00-04:00,-93.0
2025-04-25 10:55:00-04:00,-93.0
2025-04-25 11:00:00-04:00,-93.0
2025-04-25 11:05:00-04:00,-93.5
2025-04-25 11:10:00-04:00,-100.6875
2025-04-25 11:15:00-04:00,-120.6875
2025-04-25 11:20:00-04:00,-88.1875
2025-04-25 11:25:00-04:00,-111.9375
2025-04-25 11:30:00-04:00,-119.4375
2025-04-25 11:35:00-04:00,-124.0
2025-04-25 11:40:00-04:00,-124.5
2025-04-25 11:45:00-04:00,-152.0
2025-04-25 11:50:00-04:00,-119.5
2025-04-25 11:55:00-04:00,-95.75
2025-04-25 12:00:00-04:00,-87.0
2025-04-25 12:05:00-04:00,-87.0
2025-04-25 12:10:00-04:00,-73.25
2025-04-25 12:15:00-04:00,-67.0
2025-04-25 12:20:00-04:00,-57.0
2025-04-25 12:25:00-04:00,-23.25
2025-04-25 12:30:00-04:00,-28.25
2025-04-25 12:35:00-04:00,-9.5
2025-04-25 12:40:00-04:00,-3.25
2025-04-25 12:45:00-04:00,-37.0
2025-04-25 12:50:00-04:00,-25.75
2025-04-25 12:55:00-04:00,6.75
2025-04-25 13:00:00-04:00,5.5
2025-04-25 13:05:00-04:00,19.25
2025-04-25 13:10:00-04:00,45.5
2025-04-25 13:15:00-04:00,49.25
2025-04-25 13:20:00-04:00,75.5
2025-04-25 13:25:00-04:00,88.0
2025-04-25 13:30:00-04:00,78.0
2025-04-25 13:35:00-04:00,1.75
2025-04-25 13:40:00-04:00,-12.0
2025-04-25 13:45:00-04:00,-47.0
2025-04-25 13:50:00-04:00,-67.0
2025-04-25 13:55:00-04:00,-97.0
2025-04-25 14:00:00-04:00,-57.0
2025-04-25 14:05:00-04:00,6.875
2025-04-25 14:10:00-04:00,6.875
2025-04-25 14:15:00-04:00,6.875
2025-04-25 14:20:00-04:00,6.875
2025-04-25 14:25:00-04:00,6.875
2025-04-25 14:30:00-04:00,6.875
2025-04-25 14:35:00-04:00,6.875
2025-04-25 14:40:00-04:00,6.875
2025-04-25 14:45:00-04:00,6.375
2025-04-25 14:50:00-04:00,-24.125
2025-04-25 14:55:00-04:00,-24.625
2025-04-25 15:00:00-04:00,-46.8125
2025-04-25 15:05:00-04:00,-21.8125
2025-04-25 15:10:00-04:00,-46.8125
2025-04-25 15:15:00-04:00,-54.3125
2025-04-25 15:20:00-04:00,-39.3125
2025-04-25 15:25:00-04:00,-53.0625
2025-04-25 15:30:00-04:00,-55.125
2025-04-25 15:35:00-04:00,-55.625
2025-04-25 15:40:00-04:00,-86.125
2025-04-25 15:45:00-04:00,-86.125
2025-04-25 15:50:00-04:00,-86.125
2025-04-25 15:55:00-04:00,-86.125
2025-04-28 09:30:00-04:00,0.0
2025-04-28 09:35:00-04:00,0.0
2025-04-28 09:40:00-04:00,-0.5
2025-04-28 09:45:00-04:00,-25.1875
2025-04-28 09:50:00-04:00,-31.0
2025-04-28 09:55:00-04:00,-31.5
2025-04-28 10:00:00-04:00,-62.0
2025-04-28 10:05:00-04:00,-62.5
2025-04-28 10:10:00-04:00,-88.4375
2025-04-28 10:15:00-04:00,-77.1875
2025-04-28 10:20:00-04:00,-68.4375
2025-04-28 10:25:00-04:00,-78.4375
2025-04-28 10:30:00-04:00,-93.0
2025-04-28 10:35:00-04:00,-93.5
2025-04-28 10:40:00-04:00,-124.0
2025-04-28 10:45:00-04:00,-124.5
2025-04-28 10:50:00-04:00,-155.0
2025-04-28 10:55:00-04:00,-155.0
2025-04-28 11:00:00-04:00,-155.0
2025-04-28 11:05:00-04:00,-155.0
2025-04-28 11:10:00-04:00,-155.0
2025-04-28 11:15:00-04:00,-155.0
2025-04-28 11:20:00-04:00,-155.0
2025-04-28 11:25:00-04:00,-155.0
2025-04-28 11:30:00-04:00,-155.0
2025-04-28 11:35:00-04:00,-155.0
2025-04-28 11:40:00-04:00,-155.0
2025-04-28 11:45:00-04:00,-155.0
2025-04-28 11:50:00-04:00,-155.0
2025-04-28 11:55:00-04:00,-155.0
2025-04-28 12:00:00-04:00,-155.0
2025-04-28 12:05:00-04:00,-155.0
2025-04-28 12:10:00-04:00,-155.0
2025-04-28 12:15:00-04:00,-155.0
2025-04-28 12:20:00-04:00,-155.0
2025-04-28 12:25:00-04:00,-155.0
2025-04-28 12:30:00-04:00,-155.0
2025-04-28 12:35:00-04:00,-155.0
2025-04-28 12:40:00-04:00,-155.0
2025-04-28 12:45:00-04:00,-155.0
2025-04-28 12:50:00-04:00,-155.0
2025-04-28 12:55:00-04:00,-155.0
2025-04-28 13:00:00-04:00,-155.0
2025-04-28 13:05:00-04:00,-155.0
2025-04-28 13:10:00-04:00,-155.0
2025-04-28 13:15:00-04:00,-155.0
2025-04-28 13:20:00-04:00,-155.0
2025-04-28 13:25:00-04:00,-155.0
2025-04-28 13:30:00-04:00,-155.0
2025-04-28 13:35:00-04:00,-155.0
2025-04-28 13:40:00-04:00,-155.0
2025-04-28 13:45:00-04:00,-155.0
2025-04-28 13:50:00-04:00,-155.0
2025-04-28 13:55:00-04:00,-155.0
2025-04-28 14:00:00-04:00,-155.0
2025-04-28 14:05:00-04:00,-155.0
2025-04-28 14:10:00-04:00,-155.0
2025-04-28 14:15:00-04:00,-155.0
2025-04-28 14:20:00-04:00,-155.0
2025-04-28 14:25:00-04:00,-155.0
2025-04-28 14:30:00-04:00,-155.0
2025-04-28 14:35:00-04:00,-155.0
2025-04-28 14:40:00-04:00,-155.0
2025-04-28 14:45:00-04:00,-155.0
2025-04-28 14:50:00-04:00,-155.0
2025-04-28 14:55:00-04:00,-155.0
2025-04-28 15:00:00-04:00,-155.5
2025-04-28 15:05:00-04:00,-149.875
2025-04-28 15:10:00-04:00,-142.375
2025-04-28 15:15:00-04:00,-124.875
2025-04-28 15:20:00-04:00,-109.875
2025-04-28 15:25:00-04:00,-87.375
2025-04-28 15:30:00-04:00,-92.375
2025-04-28 15:35:00-04:00,-109.875
2025-04-28 15:40:00-04:00,-96.125
2025-04-28 15:45:00-04:00,-73.625
2025-04-28 15:50:00-04:00,-53.625
2025-04-28 15:55:00-04:00,-68.625
2025-04-29 09:30:00-04:00,-0.5
2025-04-29 09:35:00-04:00,-17.6875
2025-04-29 09:40:00-04:00,-1.4375
2025-04-29 09:45:00-04:00,48.5625
2025-04-29 09:50:00-04:00,67.3125
2025-04-29 09:55:00-04:00,57.3125
2025-04-29 10:00:00-04:00,11.0625
2025-04-29 10:05:00-04:00,98.5625
2025-04-29 10:10:00-04:00,103.5625
2025-04-29 10:15:00-04:00,84.8125
2025-04-29 10:20:00-04:00,32.3125
2025-04-29 10:25:00-04:00,6.0625
2025-04-29 10:30:00-04:00,27.3125
2025-04-29 10:35:00-04:00,71.0625
2025-04-29 10:40:00-04:00,98.5625
2025-04-29 10:45:00-04:00,106.0625
2025-04-29 10:50:00-04:00,112.3125
2025-04-29 10:55:00-04:00,156.0625
2025-04-29 11:00:00-04:00,146.0625
2025-04-29 11:05:00-04:00,141.0625
2025-04-29 11:10:00-04:00,133.5625
2025-04-29 11:15:00-04:00,106.0625
2025-04-29 11:20:00-04:00,89.8125
2025-04-29 11:25:00-04:00,103.5625
2025-04-29 11:30:00-04:00,89.8125
2025-04-29 11:35:00-04:00,81.0625
2025-04-29 11:40:00-04:00,124.8125
2025-04-29 11:45:00-04:00,143.5625
2025-04-29 11:50:00-04:00,134.8125
2025-04-29 11:55:00-04:00,114.8125
2025-04-29 12:00:00-04:00,122.3125
2025-04-29 12:05:00-04:00,169.8125
2025-04-29 12:10:00-04:00,192.3125
2025-04-29 12:15:00-04:00,164.8125
2025-04-29 12:20:00-04:00,159.8125
2025-04-29 12:25:00-04:00,161.0625
2025-04-29 12:30:00-04:00,162.3125
2025-04-29 12:35:00-04:00,149.8125
2025-04-29 12:40:00-04:00,157.3125
2025-04-29 12:45:00-04:00,86.0625
2025-04-29 12:50:00-04:00,94.8125
2025-04-29 12:55:00-04:00,62.3125
2025-04-29 13:00:00-04:00,95.5625
2025-04-29 13:05:00-04:00,95.5625
2025-04-29 13:10:00-04:00,95.5625
2025-04-29 13:15:00-04:00,95.5625
2025-04-29 13:20:00-04:00,95.5625
2025-04-29 13:25:00-04:00,95.5625
2025-04-29 13:30:00-04:00,95.5625
2025-04-29 13:35:00-04:00,95.5625
2025-04-29 13:40:00-04:00,95.5625
2025-04-29 13:45:00-04:00,95.0625
2025-04-29 13:50:00-04:00,93.5
2025-04-29 13:55:00-04:00,107.25
2025-04-29 14:00:00-04:00,108.5
2025-04-29 14:05:00-04:00,102.25
2025-04-29 14:10:00-04:00,97.25
2025-04-29 14:15:00-04:00,108.5
2025-04-29 14:20:00-04:00,79.75
2025-04-29 14:25:00-04:00,91.0
2025-04-29 14:30:00-04:00,94.75
2025-04-29 14:35:00-04:00,112.25
2025-04-29 14:40:00-04:00,112.25
2025-04-29 14:45:00-04:00,101.0
2025-04-29 14:50:00-04:00,81.0
2025-04-29 14:55:00-04:00,84.75
2025-04-29 15:00:00-04:00,87.25
2025-04-29 15:05:00-04:00,86.0
2025-04-29 15:10:00-04:00,101.0
2025-04-29 15:15:00-04:00,91.0
2025-04-29 15:20:00-04:00,106.125
2025-04-29 15:25:00-04:00,106.125
2025-04-29 15:30:00-04:00,106.125
2025-04-29 15:35:00-04:00,106.125
2025-04-29 15:40:00-04:00,106.125
2025-04-29 15:45:00-04:00,106.125
2025-04-29 15:50:00-04:00,106.125
2025-04-29 15:55:00-04:00,106.125
2025-04-30 09:30:00-04:00,0.0
2025-04-30 09:35:00-04:00,0.0
2025-04-30 09:40:00-04:00,0.0
2025-04-30 09:45:00-04:00,0.0
2025-04-30 09:50:00-04:00,0.0
2025-04-30 09:55:00-04:00,0.0
2025-04-30 10:00:00-04:00,0.0
2025-04-30 10:05:00-04:00,0.0
2025-04-30 10:10:00-04:00,0.0
2025-04-30 10:15:00-04:00,0.0
2025-04-30 10:20:00-04:00,0.0
2025-04-30 10:25:00-04:00,0.0
2025-04-30 10:30:00-04:00,0.0
2025-04-30 10:35:00-04:00,0.0
2025-04-30 10:40:00-04:00,0.0
2025-04-30 10:45:00-04:00,0.0
2025-04-30 10:50:00-04:00,0.0
2025-04-30 10:55:00-04:00,0.0
2025-04-30 11:00:00-04:00,0.0
2025-04-30 11:05:00-04:00,0.0
2025-04-30 11:10:00-04:00,0.0
2025-04-30 11:15:00-04:00,0.0
2025-04-30 11:20:00-04:00,0.0
2025-04-30 11:25:00-04:00,0.0
2025-04-30 11:30:00-04:00,0.0
2025-04-30 11:35:00-04:00,0.0
2025-04-30 11:40:00-04:00,0.0
2025-04-30 11:45:00-04:00,0.0
2025-04-30 11:50:00-04:00,0.0
2025-04-30 11:55:00-04:00,0.0
2025-04-30 12:00:00-04:00,0.0
2025-04-30 12:05:00-04:00,0.0
2025-04-30 12:10:00-04:00,0.0
2025-04-30 12:15:00-04:00,0.0
2025-04-30 12:20:00-04:00,0.0
2025-04-30 12:25:00-04:00,0.0
2025-04-30 12:30:00-04:00,0.0
2025-04-30 12:35:00-04:00,0.0
2025-04-30 12:40:00-04:00,0.0
2025-04-30 12:45:00-04:00,0.0
2025-04-30 12:50:00-04:00,0.0
2025-04-30 12:55:00-04:00,0.0
2025-04-30 13:00:00-04:00,0.0
2025-04-30 13:05:00-04:00,0.0
2025-04-30 13:10:00-04:00,0.0
2025-04-30 13:15:00-04:00,0.0
2025-04-30 13:20:00-04:00,0.0
2025-04-30 13:25:00-04:00,0.0
2025-04-30 13:30:00-04:00,0.0
2025-04-30 13:35:00-04:00,0.0
2025-04-30 13:40:00-04:00,0.0
2025-04-30 13:45:00-04:00,0.0
2025-04-30 13:50:00-04:00,0.0
2025-04-30 13:55:00-04:00,0.0
2025-04-30 14:00:00-04:00,-0.5
2025-04-30 14:05:00-04:00,-21.75
2025-04-30 14:10:00-04:00,20.75
2025-04-30 14:15:00-04:00,35.75
2025-04-30 14:20:00-04:00,33.25
2025-04-30 14:25:00-04:00,-31.0
2025-04-30 14:30:00-04:00,-31.5
2025-04-30 14:35:00-04:00,-62.0
2025-04-30 14:40:00-04:00,-62.5
2025-04-30 14:45:00-04:00,-68.75
2025-04-30 14:50:00-04:00,-31.25
2025-04-30 14:55:00-04:00,-40.1875
2025-04-30 15:00:00-04:00,-40.1875
2025-04-30 15:05:00-04:00,-40.1875
2025-04-30 15:10:00-04:00,-40.1875
2025-04-30 15:15:00-04:00,-40.1875
2025-04-30 15:20:00-04:00,-40.1875
2025-04-30 15:25:00-04:00,-40.1875
2025-04-30 15:30:00-04:00,-40.1875
2025-04-30 15:35:00-04:00,-40.1875
2025-04-30 15:40:00-04:00,-40.1875
2025-04-30 15:45:00-04:00,-40.6875
2025-04-30 15:50:00-04:00,-11.9375
2025-04-30 15:55:00-04:00,48.0625
2025-05-01 09:30:00-04:00,-0.5
2025-05-01 09:35:00-04:00,-31.0
2025-05-01 09:40:00-04:00,-31.5
2025-05-01 09:45:00-04:00,-26.1875
2025-05-01 09:50:00-04:00,0.0625
2025-05-01 09:55:00-04:00,-62.0
2025-05-01 10:00:00-04:00,-62.5
2025-05-01 10:05:00-04:00,-64.6875
2025-05-01 10:10:00-04:00,-79.6875
2025-05-01 10:15:00-04:00,-29.6875
2025-05-01 10:20:00-04:00,-15.9375
2025-05-01 10:25:00-04:00,27.8125
2025-05-01 10:30:00-04:00,9.0625
2025-05-01 10:35:00-04:00,26.5625
2025-05-01 10:40:00-04:00,61.5625
2025-05-01 10:45:00-04:00,57.8125
2025-05-01 10:50:00-04:00,74.0625
2025-05-01 10:55:00-04:00,91.5625
2025-05-01 11:00:00-04:00,86.5625
2025-05-01 11:05:00-04:00,100.3125
2025-05-01 11:10:00-04:00,112.8125
2025-05-01 11:15:00-04:00,119.0625
2025-05-01 11:20:00-04:00,120.3125
2025-05-01 11:25:00-04:00,110.3125
2025-05-01 11:30:00-04:00,70.3125
2025-05-01 11:35:00-04:00,79.0625
2025-05-01 11:40:00-04:00,54.0625
2025-05-01 11:45:00-04:00,39.0625
2025-05-01 11:50:00-04:00,29.8125
2025-05-01 11:55:00-04:00,29.8125
2025-05-01 12:00:00-04:00,29.8125
2025-05-01 12:05:00-04:00,29.8125
2025-05-01 12:10:00-04:00,29.8125
2025-05-01 12:15:00-04:00,29.8125
2025-05-01 12:20:00-04:00,29.8125
2025-05-01 12:25:00-04:00,29.8125
2025-05-01 12:30:00-04:00,29.8125
2025-05-01 12:35:00-04:00,29.8125
2025-05-01 12:40:00-04:00,29.8125
2025-05-01 12:45:00-04:00,29.8125
2025-05-01 12:50:00-04:00,29.8125
2025-05-01 12:55:00-04:00,29.8125
2025-05-01 13:00:00-04:00,29.8125
2025-05-01 13:05:00-04:00,29.8125
2025-05-01 13:10:00-04:00,29.8125
2025-05-01 13:15:00-04:00,29.8125
2025-05-01 13:20:00-04:00,29.8125
2025-05-01 13:25:00-04:00,29.3125
2025-05-01 13:30:00-04:00,11.8125
2025-05-01 13:35:00-04:00,13.0625
2025-05-01 13:40:00-04:00,-1.1875
2025-05-01 13:45:00-04:00,-1.1875
2025-05-01 13:50:00-04:00,-1.1875
2025-05-01 13:55:00-04:00,-1.1875
2025-05-01 14:00:00-04:00,-1.6875
2025-05-01 14:05:00-04:00,2.6875
2025-05-01 14:10:00-04:00,38.9375
2025-05-01 14:15:00-04:00,50.1875
2025-05-01 14:20:00-04:00,27.6875
2025-05-01 14:25:00-04:00,7.6875
2025-05-01 14:30:00-04:00,45.1875
2025-05-01 14:35:00-04:00,43.9375
2025-05-01 14:40:00-04:00,46.4375
2025-05-01 14:45:00-04:00,53.9375
2025-05-01 14:50:00-04:00,41.4375
2025-05-01 14:55:00-04:00,37.6875
2025-05-01 15:00:00-04:00,21.4375
2025-05-01 15:05:00-04:00,22.6875
2025-05-01 15:10:00-04:00,-1.0625
2025-05-01 15:15:00-04:00,23.9375
2025-05-01 15:20:00-04:00,33.9375
2025-05-01 15:25:00-04:00,35.1875
2025-05-01 15:30:00-04:00,45.1875
2025-05-01 15:35:00-04:00,37.8125
2025-05-01 15:40:00-04:00,37.8125
2025-05-01 15:45:00-04:00,37.8125
2025-05-01 15:50:00-04:00,37.8125
2025-05-01 15:55:00-04:00,37.8125
2025-05-02 09:30:00-04:00,0.0
2025-05-02 09:35:00-04:00,-0.5
2025-05-02 09:40:00-04:00,-21.4375
2025-05-02 09:45:00-04:00,-31.0
2025-05-02 09:50:00-04:00,-31.5
2025-05-02 09:55:00-04:00,-50.5625
2025-05-02 10:00:00-04:00,-36.8125
2025-05-02 10:05:00-04:00,1.9375
2025-05-02 10:10:00-04:00,21.9375
2025-05-02 10:15:00-04:00,56.9375
2025-05-02 10:20:00-04:00,31.9375
2025-05-02 10:25:00-04:00,65.6875
2025-05-02 10:30:00-04:00,65.6875
2025-05-02 10:35:00-04:00,58.1875
2025-05-02 10:40:00-04:00,49.4375
2025-05-02 10:45:00-04:00,44.4375
2025-05-02 10:50:00-04:00,39.4375
2025-05-02 10:55:00-04:00,61.9375
2025-05-02 11:00:00-04:00,69.4375
2025-05-02 11:05:00-04:00,71.9375
2025-05-02 11:10:00-04:00,65.6875
2025-05-02 11:15:00-04:00,76.9375
2025-05-02 11:20:00-04:00,53.1875
2025-05-02 11:25:00-04:00,26.9375
2025-05-02 11:30:00-04:00,25.6875
2025-05-02 11:35:00-04:00,61.9375
2025-05-02 11:40:00-04:00,85.6875
2025-05-02 11:45:00-04:00,93.1875
2025-05-02 11:50:00-04:00,81.9375
2025-05-02 11:55:00-04:00,94.4375
2025-05-02 12:00:00-04:00,111.9375
2025-05-02 12:05:00-04:00,153.1875
2025-05-02 12:10:00-04:00,150.6875
2025-05-02 12:15:00-04:00,176.9375
2025-05-02 12:20:00-04:00,171.9375
2025-05-02 12:25:00-04:00,161.9375
2025-05-02 12:30:00-04:00,163.1875
2025-05-02 12:35:00-04:00,166.9375
2025-05-02 12:40:00-04:00,176.9375
2025-05-02 12:45:00-04:00,186.9375
2025-05-02 12:50:00-04:00,168.1875
2025-05-02 12:55:00-04:00,176.9375
2025-05-02 13:00:00-04:00,165.6875
2025-05-02 13:05:00-04:00,148.1875
2025-05-02 13:10:00-04:00,133.1875
2025-05-02 13:15:00-04:00,124.4375
2025-05-02 13:20:00-04:00,129.4375
2025-05-02 13:25:00-04:00,136.75
2025-05-02 13:30:00-04:00,136.75
2025-05-02 13:35:00-04:00,136.75
2025-05-02 13:40:00-04:00,136.75
2025-05-02 13:45:00-04:00,136.75
2025-05-02 13:50:00-04:00,136.75
2025-05-02 13:55:00-04:00,136.75
2025-05-02 14:00:00-04:00,136.75
2025-05-02 14:05:00-04:00,136.75
2025-05-02 14:10:00-04:00,136.75
2025-05-02 14:15:00-04:00,136.25
2025-05-02 14:20:00-04:00,116.25
2025-05-02 14:25:00-04:00,126.25
2025-05-02 14:30:00-04:00,127.5
2025-05-02 14:35:00-04:00,137.5
2025-05-02 14:40:00-04:00,135.0
2025-05-02 14:45:00-04:00,105.75
2025-05-02 14:50:00-04:00,105.25
2025-05-02 14:55:00-04:00,100.875
2025-05-02 15:00:00-04:00,78.375
2025-05-02 15:05:00-04:00,74.75
2025-05-02 15:10:00-04:00,74.75
2025-05-02 15:15:00-04:00,74.75
2025-05-02 15:20:00-04:00,74.75
2025-05-02 15:25:00-04:00,74.75
2025-05-02 15:30:00-04:00,74.75
2025-05-02 15:35:00-04:00,74.75
2025-05-02 15:40:00-04:00,74.75
2025-05-02 15:45:00-04:00,74.75
2025-05-02 15:50:00-04:00,74.75
2025-05-02 15:55:00-04:00,74.75
2025-05-05 09:30:00-04:00,0.0
2025-05-05 09:35:00-04:00,0.0
2025-05-05 09:40:00-04:00,0.0
2025-05-05 09:45:00-04:00,0.0
2025-05-05 09:50:00-04:00,0.0
2025-05-05 09:55:00-04:00,0.0
2025-05-05 10:00:00-04:00,0.0
2025-05-05 10:05:00-04:00,0.0
2025-05-05 10:10:00-04:00,0.0
2025-05-05 10:15:00-04:00,0.0
2025-05-05 10:20:00-04:00,0.0
2025-05-05 10:25:00-04:00,0.0
2025-05-05 10:30:00-04:00,0.0
2025-05-05 10:35:00-04:00,0.0
2025-05-05 10:40:00-04:00,0.0
2025-05-05 10:45:00-04:00,0.0
2025-05-05 10:50:00-04:00,0.0
2025-05-05 10:55:00-04:00,0.0
2025-05-05 11:00:00-04:00,0.0
2025-05-05 11:05:00-04:00,0.0
2025-05-05 11:10:00-04:00,0.0
2025-05-05 11:15:00-04:00,0.0
2025-05-05 11:20:00-04:00,0.0
2025-05-05 11:25:00-04:00,0.0
2025-05-05 11:30:00-04:00,0.0
2025-05-05 11:35:00-04:00,0.0
2025-05-05 11:40:00-04:00,0.0
2025-05-05 11:45:00-04:00,0.0
2025-05-05 11:50:00-04:00,0.0
2025-05-05 11:55:00-04:00,0.0
2025-05-05 12:00:00-04:00,0.0
2025-05-05 12:05:00-04:00,0.0
2025-05-05 12:10:00-04:00,0.0
2025-05-05 12:15:00-04:00,0.0
2025-05-05 12:20:00-04:00,0.0
2025-05-05 12:25:00-04:00,0.0
2025-05-05 12:30:00-04:00,0.0
2025-05-05 12:35:00-04:00,0.0
2025-05-05 12:40:00-04:00,0.0
2025-05-05 12:45:00-04:00,0.0
2025-05-05 12:50:00-04:00,0.0
2025-05-05 12:55:00-04:00,0.0
2025-05-05 13:00:00-04:00,0.0
2025-05-05 13:05:00-04:00,0.0
2025-05-05 13:10:00-04:00,0.0
2025-05-05 13:15:00-04:00,0.0
2025-05-05 13:20:00-04:00,0.0
2025-05-05 13:25:00-04:00,0.0
2025-05-05 13:30:00-04:00,0.0
2025-05-05 13:35:00-04:00,0.0
2025-05-05 13:40:00-04:00,0.0
2025-05-05 13:45:00-04:00,0.0
2025-05-05 13:50:00-04:00,0.0
2025-05-05 13:55:00-04:00,0.0
2025-05-05 14:00:00-04:00,-0.5
2025-05-05 14:05:00-04:00,4.5
2025-05-05 14:10:00-04:00,9.5
2025-05-05 14:15:00-04:00,12.0
2025-05-05 14:20:00-04:00,12.0
2025-05-05 14:25:00-04:00,13.25
2025-05-05 14:30:00-04:00,14.5
2025-05-05 14:35:00-04:00,25.75
2025-05-05 14:40:00-04:00,32.0
2025-05-05 14:45:00-04:00,23.25
2025-05-05 14:50:00-04:00,14.5
2025-05-05 14:55:00-04:00,-4.25
2025-05-05 15:00:00-04:00,-31.0
2025-05-05 15:05:00-04:00,-31.5
2025-05-05 15:10:00-04:00,-55.875
2025-05-05 15:15:00-04:00,-45.75
2025-05-05 15:20:00-04:00,-45.75
2025-05-05 15:25:00-04:00,-45.75
2025-05-05 15:30:00-04:00,-45.75
2025-05-05 15:35:00-04:00,-45.75
2025-05-05 15:40:00-04:00,-45.75
2025-05-05 15:45:00-04:00,-45.75
2025-05-05 15:50:00-04:00,-45.75
2025-05-05 15:55:00-04:00,-45.75
2025-05-06 09:30:00-04:00,0.0
2025-05-06 09:35:00-04:00,0.0
2025-05-06 09:40:00-04:00,0.0
2025-05-06 09:45:00-04:00,0.0
2025-05-06 09:50:00-04:00,0.0
2025-05-06 09:55:00-04:00,0.0
2025-05-06 10:00:00-04:00,0.0
2025-05-06 10:05:00-04:00,0.0
2025-05-06 10:10:00-04:00,0.0
2025-05-06 10:15:00-04:00,0.0
2025-05-06 10:20:00-04:00,0.0
2025-05-06 10:25:00-04:00,0.0
2025-05-06 10:30:00-04:00,0.0
2025-05-06 10:35:00-04:00,0.0
2025-05-06 10:40:00-04:00,0.0
2025-05-06 10:45:00-04:00,0.0
2025-05-06 10:50:00-04:00,0.0
2025-05-06 10:55:00-04:00,0.0
2025-05-06 11:00:00-04:00,0.0
2025-05-06 11:05:00-04:00,0.0
2025-05-06 11:10:00-04:00,0.0
2025-05-06 11:15:00-04:00,0.0
2025-05-06 11:20:00-04:00,0.0
2025-05-06 11:25:00-04:00,0.0
2025-05-06 11:30:00-04:00,0.0
2025-05-06 11:35:00-04:00,0.0
2025-05-06 11:40:00-04:00,0.0
2025-05-06 11:45:00-04:00,0.0
2025-05-06 11:50:00-04:00,0.0
2025-05-06 11:55:00-04:00,0.0
2025-05-06 12:00:00-04:00,0.0
2025-05-06 12:05:00-04:00,0.0
2025-05-06 12:10:00-04:00,0.0
2025-05-06 12:15:00-04:00,0.0
2025-05-06 12:20:00-04:00,0.0
2025-05-06 12:25:00-04:00,0.0
2025-05-06 12:30:00-04:00,0.0
2025-05-06 12:35:00-04:00,0.0
2025-05-06 12:40:00-04:00,-0.5
2025-05-06 12:45:00-04:00,12.625
2025-05-06 12:50:00-04:00,27.625
2025-05-06 12:55:00-04:00,27.625
2025-05-06 13:00:00-04:00,10.125
2025-05-06 13:05:00-04:00,0.125
2025-05-06 13:10:00-04:00,6.375
2025-05-06 13:15:00-04:00,-3.625
2025-05-06 13:20:00-04:00,6.375
2025-05-06 13:25:00-04:00,28.875
2025-05-06 13:30:00-04:00,23.875
2025-05-06 13:35:00-04:00,20.125
2025-05-06 13:40:00-04:00,67.625
2025-05-06 13:45:00-04:00,91.375
2025-05-06 13:50:00-04:00,81.375
2025-05-06 13:55:00-04:00,90.125
2025-05-06 14:00:00-04:00,38.875
2025-05-06 14:05:00-04:00,58.875
2025-05-06 14:10:00-04:00,66.375
2025-05-06 14:15:00-04:00,40.125
2025-05-06 14:20:00-04:00,21.375
2025-05-06 14:25:00-04:00,0.125
2025-05-06 14:30:00-04:00,-3.625
2025-05-06 14:35:00-04:00,7.4375
2025-05-06 14:40:00-04:00,7.4375
2025-05-06 14:45:00-04:00,7.4375
2025-05-06 14:50:00-04:00,7.4375
2025-05-06 14:55:00-04:00,7.4375
2025-05-06 15:00:00-04:00,7.4375
2025-05-06 15:05:00-04:00,7.4375
2025-05-06 15:10:00-04:00,7.4375
2025-05-06 15:15:00-04:00,7.4375
2025-05-06 15:20:00-04:00,7.4375
2025-05-06 15:25:00-04:00,7.4375
2025-05-06 15:30:00-04:00,7.4375
2025-05-06 15:35:00-04:00,7.4375
2025-05-06 15:40:00-04:00,7.4375
2025-05-06 15:45:00-04:00,7.4375
2025-05-06 15:50:00-04:00,7.4375
2025-05-06 15:55:00-04:00,6.9375
2025-05-07 09:30:00-04:00,-0.5
2025-05-07 09:35:00-04:00,-9.5625
2025-05-07 09:40:00-04:00,-31.0
2025-05-07 09:45:00-04:00,-31.5
2025-05-07 09:50:00-04:00,-54.625
2025-05-07 09:55:00-04:00,-62.0
2025-05-07 10:00:00-04:00,-62.5
2025-05-07 10:05:00-04:00,-70.5
2025-05-07 10:10:00-04:00,-70.5
2025-05-07 10:15:00-04:00,-70.5
2025-05-07 10:20:00-04:00,-70.5
2025-05-07 10:25:00-04:00,-70.5
2025-05-07 10:30:00-04:00,-70.5
2025-05-07 10:35:00-04:00,-70.5
2025-05-07 10:40:00-04:00,-70.5
2025-05-07 10:45:00-04:00,-70.5
2025-05-07 10:50:00-04:00,-70.5
2025-05-07 10:55:00-04:00,-70.5
2025-05-07 11:00:00-04:00,-70.5
2025-05-07 11:05:00-04:00,-71.0
2025-05-07 11:10:00-04:00,-91.3125
2025-05-07 11:15:00-04:00,-73.8125
2025-05-07 11:20:00-04:00,-91.3125
2025-05-07 11:25:00-04:00,-81.3125
2025-05-07 11:30:00-04:00,-83.8125
2025-05-07 11:35:00-04:00,-91.3125
2025-05-07 11:40:00-04:00,-101.5
2025-05-07 11:45:00-04:00,-102.0
2025-05-07 11:50:00-04:00,-125.4375
2025-05-07 11:55:00-04:00,-132.5
2025-05-07 12:00:00-04:00,-133.0
2025-05-07 12:05:00-04:00,-150.8125
2025-05-07 12:10:00-04:00,-148.3125
2025-05-07 12:15:00-04:00,-146.0
2025-05-07 12:20:00-04:00,-146.0
2025-05-07 12:25:00-04:00,-146.0
2025-05-07 12:30:00-04:00,-146.0
2025-05-07 12:35:00-04:00,-146.0
2025-05-07 12:40:00-04:00,-146.0
2025-05-07 12:45:00-04:00,-146.0
2025-05-07 12:50:00-04:00,-146.0
2025-05-07 12:55:00-04:00,-146.0
2025-05-07 13:00:00-04:00,-146.0
2025-05-07 13:05:00-04:00,-146.0
2025-05-07 13:10:00-04:00,-146.0
2025-05-07 13:15:00-04:00,-146.0
2025-05-07 13:20:00-04:00,-146.0
2025-05-07 13:25:00-04:00,-146.0
2025-05-07 13:30:00-04:00,-146.0
2025-05-07 13:35:00-04:00,-146.0
2025-05-07 13:40:00-04:00,-146.0
2025-05-07 13:45:00-04:00,-146.0
2025-05-07 13:50:00-04:00,-146.0
2025-05-07 13:55:00-04:00,-146.0
2025-05-07 14:00:00-04:00,-146.5
2025-05-07 14:05:00-04:00,-152.125
2025-05-07 14:10:00-04:00,-50.875
2025-05-07 14:15:00-04:00,-38.375
2025-05-07 14:20:00-04:00,-80.875
2025-05-07 14:25:00-04:00,-92.125
2025-05-07 14:30:00-04:00,-153.375
2025-05-07 14:35:00-04:00,-177.0
2025-05-07 14:40:00-04:00,-177.5
2025-05-07 14:45:00-04:00,-186.875
2025-05-07 14:50:00-04:00,-120.625
2025-05-07 14:55:00-04:00,-208.0
2025-05-07 15:00:00-04:00,-208.0
2025-05-07 15:05:00-04:00,-208.0
2025-05-07 15:10:00-04:00,-208.0
2025-05-07 15:15:00-04:00,-208.0
2025-05-07 15:20:00-04:00,-208.0
2025-05-07 15:25:00-04:00,-208.0
2025-05-07 15:30:00-04:00,-208.0
2025-05-07 15:35:00-04:00,-208.0
2025-05-07 15:40:00-04:00,-208.0
2025-05-07 15:45:00-04:00,-208.0
2025-05-07 15:50:00-04:00,-208.0
2025-05-07 15:55:00-04:00,-208.0
2025-05-08 09:30:00-04:00,-0.5
2025-05-08 09:35:00-04:00,-31.0
2025-05-08 09:40:00-04:00,-31.5
2025-05-08 09:45:00-04:00,-62.0
2025-05-08 09:50:00-04:00,-62.5
2025-05-08 09:55:00-04:00,-67.8125
2025-05-08 10:00:00-04:00,-62.8125
2025-05-08 10:05:00-04:00,-93.0
2025-05-08 10:10:00-04:00,-93.5
2025-05-08 10:15:00-04:00,-113.5
2025-05-08 10:20:00-04:00,-79.75
2025-05-08 10:25:00-04:00,-61.0
2025-05-08 10:30:00-04:00,-34.75
2025-05-08 10:35:00-04:00,-67.25
2025-05-08 10:40:00-04:00,-83.5
2025-05-08 10:45:00-04:00,-89.75
2025-05-08 10:50:00-04:00,-124.0
2025-05-08 10:55:00-04:00,-124.5
2025-05-08 11:00:00-04:00,-128.75
2025-05-08 11:05:00-04:00,-128.75
2025-05-08 11:10:00-04:00,-128.75
2025-05-08 11:15:00-04:00,-128.75
2025-05-08 11:20:00-04:00,-129.25
2025-05-08 11:25:00-04:00,-100.8125
2025-05-08 11:30:00-04:00,-123.3125
2025-05-08 11:35:00-04:00,-73.3125
2025-05-08 11:40:00-04:00,-30.8125
2025-05-08 11:45:00-04:00,51.6875
2025-05-08 11:50:00-04:00,20.4375
2025-05-08 11:55:00-04:00,11.6875
2025-05-08 12:00:00-04:00,24.1875
2025-05-08 12:05:00-04:00,42.9375
2025-05-08 12:10:00-04:00,35.4375
2025-05-08 12:15:00-04:00,69.1875
2025-05-08 12:20:00-04:00,57.9375
2025-05-08 12:25:00-04:00,44.1875
2025-05-08 12:30:00-04:00,41.6875
2025-05-08 12:35:00-04:00,50.4375
2025-05-08 12:40:00-04:00,65.4375
2025-05-08 12:45:00-04:00,80.4375
2025-05-08 12:50:00-04:00,99.1875
2025-05-08 12:55:00-04:00,109.1875
2025-05-08 13:00:00-04:00,84.1875
2025-05-08 13:05:00-04:00,72.9375
2025-05-08 13:10:00-04:00,60.4375
2025-05-08 13:15:00-04:00,61.6875
2025-05-08 13:20:00-04:00,51.6875
2025-05-08 13:25:00-04:00,57.9375
2025-05-08 13:30:00-04:00,34.1875
2025-05-08 13:35:00-04:00,20.4375
2025-05-08 13:40:00-04:00,39.9375
2025-05-08 13:45:00-04:00,39.9375
2025-05-08 13:50:00-04:00,39.9375
2025-05-08 13:55:00-04:00,39.9375
2025-05-08 14:00:00-04:00,39.9375
2025-05-08 14:05:00-04:00,39.9375
2025-05-08 14:10:00-04:00,39.9375
2025-05-08 14:15:00-04:00,39.9375
2025-05-08 14:20:00-04:00,39.9375
2025-05-08 14:25:00-04:00,39.9375
2025-05-08 14:30:00-04:00,39.9375
2025-05-08 14:35:00-04:00,39.9375
2025-05-08 14:40:00-04:00,39.9375
2025-05-08 14:45:00-04:00,39.9375
2025-05-08 14:50:00-04:00,39.9375
2025-05-08 14:55:00-04:00,39.9375
2025-05-08 15:00:00-04:00,39.9375
2025-05-08 15:05:00-04:00,39.9375
2025-05-08 15:10:00-04:00,39.9375
2025-05-08 15:15:00-04:00,39.9375
2025-05-08 15:20:00-04:00,39.4375
2025-05-08 15:25:00-04:00,33.1875
2025-05-08 15:30:00-04:00,28.1875
2025-05-08 15:35:00-04:00,8.9375
2025-05-08 15:40:00-04:00,8.9375
2025-05-08 15:45:00-04:00,8.9375
2025-05-08 15:50:00-04:00,8.9375
2025-05-08 15:55:00-04:00,8.9375
2025-05-09 09:30:00-04:00,0.0
2025-05-09 09:35:00-04:00,0.0
2025-05-09 09:40:00-04:00,0.0
2025-05-09 09:45:00-04:00,0.0
2025-05-09 09:50:00-04:00,0.0
2025-05-09 09:55:00-04:00,0.0
2025-05-09 10:00:00-04:00,0.0
2025-05-09 10:05:00-04:00,0.0
2025-05-09 10:10:00-04:00,0.0
2025-05-09 10:15:00-04:00,0.0
2025-05-09 10:20:00-04:00,0.0
2025-05-09 10:25:00-04:00,0.0
2025-05-09 10:30:00-04:00,0.0
2025-05-09 10:35:00-04:00,0.0
2025-05-09 10:40:00-04:00,0.0
2025-05-09 10:45:00-04:00,0.0
2025-05-09 10:50:00-04:00,0.0
2025-05-09 10:55:00-04:00,0.0
2025-05-09 11:00:00-04:00,0.0
2025-05-09 11:05:00-04:00,0.0
2025-05-09 11:10:00-04:00,0.0
2025-05-09 11:15:00-04:00,0.0
2025-05-09 11:20:00-04:00,0.0
2025-05-09 11:25:00-04:00,0.0
2025-05-09 11:30:00-04:00,0.0
2025-05-09 11:35:00-04:00,0.0
2025-05-09 11:40:00-04:00,0.0
2025-05-09 11:45:00-04:00,0.0
2025-05-09 11:50:00-04:00,0.0
2025-05-09 11:55:00-04:00,0.0
2025-05-09 12:00:00-04:00,0.0
2025-05-09 12:05:00-04:00,0.0
2025-05-09 12:10:00-04:00,0.0
2025-05-09 12:15:00-04:00,0.0
2025-05-09 12:20:00-04:00,0.0
2025-05-09 12:25:00-04:00,0.0
2025-05-09 12:30:00-04:00,0.0
2025-05-09 12:35:00-04:00,0.0
2025-05-09 12:40:00-04:00,0.0
2025-05-09 12:45:00-04:00,0.0
2025-05-09 12:50:00-04:00,0.0
2025-05-09 12:55:00-04:00,0.0
2025-05-09 13:00:00-04:00,0.0
2025-05-09 13:05:00-04:00,0.0
2025-05-09 13:10:00-04:00,0.0
2025-05-09 13:15:00-04:00,0.0
2025-05-09 13:20:00-04:00,0.0
2025-05-09 13:25:00-04:00,0.0
2025-05-09 13:30:00-04:00,0.0
2025-05-09 13:35:00-04:00,0.0
2025-05-09 13:40:00-04:00,0.0
2025-05-09 13:45:00-04:00,0.0
2025-05-09 13:50:00-04:00,0.0
2025-05-09 13:55:00-04:00,0.0
2025-05-09 14:00:00-04:00,0.0
2025-05-09 14:05:00-04:00,0.0
2025-05-09 14:10:00-04:00,0.0
2025-05-09 14:15:00-04:00,0.0
2025-05-09 14:20:00-04:00,0.0
2025-05-09 14:25:00-04:00,0.0
2025-05-09 14:30:00-04:00,0.0
2025-05-09 14:35:00-04:00,0.0
2025-05-09 14:40:00-04:00,0.0
2025-05-09 14:45:00-04:00,0.0
2025-05-09 14:50:00-04:00,0.0
2025-05-09 14:55:00-04:00,0.0
2025-05-09 15:00:00-04:00,0.0
2025-05-09 15:05:00-04:00,0.0
2025-05-09 15:10:00-04:00,0.0
2025-05-09 15:15:00-04:00,0.0
2025-05-09 15:20:00-04:00,0.0
2025-05-09 15:25:00-04:00,0.0
2025-05-09 15:30:00-04:00,0.0
2025-05-09 15:35:00-04:00,0.0
2025-05-09 15:40:00-04:00,0.0
2025-05-09 15:45:00-04:00,0.0
2025-05-09 15:50:00-04:00,0.0
2025-05-09 15:55:00-04:00,0.0
2025-05-12 09:30:00-04:00,0.0
2025-05-12 09:35:00-04:00,0.0
2025-05-12 09:40:00-04:00,0.0
2025-05-12 09:45:00-04:00,0.0
2025-05-12 09:50:00-04:00,0.0
2025-05-12 09:55:00-04:00,0.0
2025-05-12 10:00:00-04:00,-0.5
2025-05-12 10:05:00-04:00,-8.9375
2025-05-12 10:10:00-04:00,-6.4375
2025-05-12 10:15:00-04:00,36.0625
2025-05-12 10:20:00-04:00,8.5625
2025-05-12 10:25:00-04:00,-31.0
2025-05-12 10:30:00-04:00,-31.5
2025-05-12 10:35:00-04:00,-52.4375
2025-05-12 10:40:00-04:00,-17.4375
2025-05-12 10:45:00-04:00,32.5625
2025-05-12 10:50:00-04:00,43.8125
2025-05-12 10:55:00-04:00,22.5625
2025-05-12 11:00:00-04:00,20.0625
2025-05-12 11:05:00-04:00,21.3125
2025-05-12 11:10:00-04:00,20.0625
2025-05-12 11:15:00-04:00,22.5625
2025-05-12 11:20:00-04:00,15.8125
2025-05-12 11:25:00-04:00,15.8125
2025-05-12 11:30:00-04:00,15.8125
2025-05-12 11:35:00-04:00,15.8125
2025-05-12 11:40:00-04:00,15.8125
2025-05-12 11:45:00-04:00,15.8125
2025-05-12 11:50:00-04:00,15.8125
2025-05-12 11:55:00-04:00,15.8125
2025-05-12 12:00:00-04:00,15.8125
2025-05-12 12:05:00-04:00,15.8125
2025-05-12 12:10:00-04:00,15.8125
2025-05-12 12:15:00-04:00,15.8125
2025-05-12 12:20:00-04:00,15.8125
2025-05-12 12:25:00-04:00,15.8125
2025-05-12 12:30:00-04:00,15.3125
2025-05-12 12:35:00-04:00,21.25
2025-05-12 12:40:00-04:00,23.75
2025-05-12 12:45:00-04:00,47.5
2025-05-12 12:50:00-04:00,70.0
2025-05-12 12:55:00-04:00,80.0
2025-05-12 13:00:00-04:00,88.75
2025-05-12 13:05:00-04:00,103.75
2025-05-12 13:10:00-04:00,125.0
2025-05-12 13:15:00-04:00,121.25
2025-05-12 13:20:00-04:00,92.5
2025-05-12 13:25:00-04:00,97.5
2025-05-12 13:30:00-04:00,106.25
2025-05-12 13:35:00-04:00,98.75
2025-05-12 13:40:00-04:00,107.5
2025-05-12 13:45:00-04:00,115.0
2025-05-12 13:50:00-04:00,121.25
2025-05-12 13:55:00-04:00,115.0
2025-05-12 14:00:00-04:00,112.5
2025-05-12 14:05:00-04:00,127.5
2025-05-12 14:10:00-04:00,106.25
2025-05-12 14:15:00-04:00,118.75
2025-05-12 14:20:00-04:00,132.5
2025-05-12 14:25:00-04:00,126.25
2025-05-12 14:30:00-04:00,141.25
2025-05-12 14:35:00-04:00,140.0
2025-05-12 14:40:00-04:00,146.25
2025-05-12 14:45:00-04:00,135.0
2025-05-12 14:50:00-04:00,116.25
2025-05-12 14:55:00-04:00,115.0
2025-05-12 15:00:00-04:00,98.75
2025-05-12 15:05:00-04:00,131.25
2025-05-12 15:10:00-04:00,120.0
2025-05-12 15:15:00-04:00,112.5
2025-05-12 15:20:00-04:00,121.25
2025-05-12 15:25:00-04:00,116.375
2025-05-12 15:30:00-04:00,116.375
2025-05-12 15:35:00-04:00,116.375
2025-05-12 15:40:00-04:00,116.375
2025-05-12 15:45:00-04:00,116.375
2025-05-12 15:50:00-04:00,116.375
2025-05-12 15:55:00-04:00,116.375
2025-05-13 09:30:00-04:00,-0.5
2025-05-13 09:35:00-04:00,-2.6875
2025-05-13 09:40:00-04:00,23.5625
2025-05-13 09:45:00-04:00,32.3125
2025-05-13 09:50:00-04:00,37.3125
2025-05-13 09:55:00-04:00,64.8125
2025-05-13 10:00:00-04:00,93.5625
2025-05-13 10:05:00-04:00,107.3125
2025-05-13 10:10:00-04:00,126.0625
2025-05-13 10:15:00-04:00,178.5625
2025-05-13 10:20:00-04:00,172.3125
2025-05-13 10:25:00-04:00,171.0625
2025-05-13 10:30:00-04:00,157.3125
2025-05-13 10:35:00-04:00,172.3125
2025-05-13 10:40:00-04:00,139.8125
2025-05-13 10:45:00-04:00,138.5625
2025-05-13 10:50:00-04:00,153.5625
2025-05-13 10:55:00-04:00,178.5625
2025-05-13 11:00:00-04:00,174.8125
2025-05-13 11:05:00-04:00,168.5625
2025-05-13 11:10:00-04:00,181.0625
2025-05-13 11:15:00-04:00,181.0625
2025-05-13 11:20:00-04:00,192.3125
2025-05-13 11:25:00-04:00,203.5625
2025-05-13 11:30:00-04:00,213.5625
2025-05-13 11:35:00-04:00,217.3125
2025-05-13 11:40:00-04:00,226.0625
2025-05-13 11:45:00-04:00,218.5625
2025-05-13 11:50:00-04:00,201.0625
2025-05-13 11:55:00-04:00,207.3125
2025-05-13 12:00:00-04:00,183.5625
2025-05-13 12:05:00-04:00,181.0625
2025-05-13 12:10:00-04:00,181.0625
2025-05-13 12:15:00-04:00,184.8125
2025-05-13 12:20:00-04:00,174.8125
2025-05-13 12:25:00-04:00,197.3125
2025-05-13 12:30:00-04:00,197.3125
2025-05-13 12:35:00-04:00,209.8125
2025-05-13 12:40:00-04:00,226.0625
2025-05-13 12:45:00-04:00,234.8125
2025-05-13 12:50:00-04:00,229.8125
2025-05-13 12:55:00-04:00,229.8125
2025-05-13 13:00:00-04:00,221.0625
2025-05-13 13:05:00-04:00,218.5625
2025-05-13 13:10:00-04:00,217.3125
2025-05-13 13:15:00-04:00,218.5625
2025-05-13 13:20:00-04:00,234.8125
2025-05-13 13:25:00-04:00,242.3125
2025-05-13 13:30:00-04:00,249.8125
2025-05-13 13:35:00-04:00,259.8125
2025-05-13 13:40:00-04:00,252.3125
2025-05-13 13:45:00-04:00,252.3125
2025-05-13 13:50:00-04:00,239.8125
2025-05-13 13:55:00-04:00,227.3125
2025-05-13 14:00:00-04:00,206.0625
2025-05-13 14:05:00-04:00,226.0625
2025-05-13 14:10:00-04:00,228.5625
2025-05-13 14:15:00-04:00,226.0625
2025-05-13 14:20:00-04:00,234.8125
2025-05-13 14:25:00-04:00,233.6875
2025-05-13 14:30:00-04:00,233.6875
2025-05-13 14:35:00-04:00,233.6875
2025-05-13 14:40:00-04:00,233.6875
2025-05-13 14:45:00-04:00,233.6875
2025-05-13 14:50:00-04:00,233.6875
2025-05-13 14:55:00-04:00,233.6875
2025-05-13 15:00:00-04:00,233.6875
2025-05-13 15:05:00-04:00,233.6875
2025-05-13 15:10:00-04:00,233.6875
2025-05-13 15:15:00-04:00,233.1875
2025-05-13 15:20:00-04:00,207.875
2025-05-13 15:25:00-04:00,210.375
2025-05-13 15:30:00-04:00,215.375
2025-05-13 15:35:00-04:00,220.375
2025-05-13 15:40:00-04:00,222.875
2025-05-13 15:45:00-04:00,202.6875
2025-05-13 15:50:00-04:00,202.1875
2025-05-13 15:55:00-04:00,171.6875
2025-05-14 09:30:00-04:00,-0.5
2025-05-14 09:35:00-04:00,10.875
2025-05-14 09:40:00-04:00,10.875
2025-05-14 09:45:00-04:00,10.875
2025-05-14 09:50:00-04:00,10.875
2025-05-14 09:55:00-04:00,10.875
2025-05-14 10:00:00-04:00,10.875
2025-05-14 10:05:00-04:00,10.875
2025-05-14 10:10:00-04:00,10.875
2025-05-14 10:15:00-04:00,10.875
2025-05-14 10:20:00-04:00,10.875
2025-05-14 10:25:00-04:00,10.875
2025-05-14 10:30:00-04:00,10.875
2025-05-14 10:35:00-04:00,10.875
2025-05-14 10:40:00-04:00,10.875
2025-05-14 10:45:00-04:00,10.875
2025-05-14 10:50:00-04:00,10.875
2025-05-14 10:55:00-04:00,10.875
2025-05-14 11:00:00-04:00,10.875
2025-05-14 11:05:00-04:00,10.875
2025-05-14 11:10:00-04:00,10.875
2025-05-14 11:15:00-04:00,10.875
2025-05-14 11:20:00-04:00,10.875
2025-05-14 11:25:00-04:00,10.875
2025-05-14 11:30:00-04:00,10.375
2025-05-14 11:35:00-04:00,8.5
2025-05-14 11:40:00-04:00,8.5
2025-05-14 11:45:00-04:00,1.0
2025-05-14 11:50:00-04:00,-5.25
2025-05-14 11:55:00-04:00,-5.25
2025-05-14 12:00:00-04:00,3.5
2025-05-14 12:05:00-04:00,14.75
2025-05-14 12:10:00-04:00,8.5
2025-05-14 12:15:00-04:00,1.0
2025-05-14 12:20:00-04:00,-5.25
2025-05-14 12:25:00-04:00,2.25
2025-05-14 12:30:00-04:00,6.0
2025-05-14 12:35:00-04:00,-9.0
2025-05-14 12:40:00-04:00,-20.125
2025-05-14 12:45:00-04:00,-20.625
2025-05-14 12:50:00-04:00,-20.5
2025-05-14 12:55:00-04:00,-20.5
2025-05-14 13:00:00-04:00,-20.5
2025-05-14 13:05:00-04:00,-20.5
2025-05-14 13:10:00-04:00,-20.5
2025-05-14 13:15:00-04:00,-20.5
2025-05-14 13:20:00-04:00,-20.5
2025-05-14 13:25:00-04:00,-20.5
2025-05-14 13:30:00-04:00,-20.5
2025-05-14 13:35:00-04:00,-20.5
2025-05-14 13:40:00-04:00,-20.5
2025-05-14 13:45:00-04:00,-20.5
2025-05-14 13:50:00-04:00,-20.5
2025-05-14 13:55:00-04:00,-20.5
2025-05-14 14:00:00-04:00,-20.5
2025-05-14 14:05:00-04:00,-20.5
2025-05-14 14:10:00-04:00,-20.5
2025-05-14 14:15:00-04:00,-20.5
2025-05-14 14:20:00-04:00,-20.5
2025-05-14 14:25:00-04:00,-20.5
2025-05-14 14:30:00-04:00,-20.5
2025-05-14 14:35:00-04:00,-20.5
2025-05-14 14:40:00-04:00,-20.5
2025-05-14 14:45:00-04:00,-20.5
2025-05-14 14:50:00-04:00,-20.5
2025-05-14 14:55:00-04:00,-20.5
2025-05-14 15:00:00-04:00,-21.0
2025-05-14 15:05:00-04:00,-41.625
2025-05-14 15:10:00-04:00,-27.875
2025-05-14 15:15:00-04:00,-22.875
2025-05-14 15:20:00-04:00,-51.5
2025-05-14 15:25:00-04:00,-51.5
2025-05-14 15:30:00-04:00,-51.5
2025-05-14 15:35:00-04:00,-51.5
2025-05-14 15:40:00-04:00,-51.5
2025-05-14 15:45:00-04:00,-51.5
2025-05-14 15:50:00-04:00,-51.5
2025-05-14 15:55:00-04:00,-51.5
2025-05-15 09:30:00-04:00,0.0
2025-05-15 09:35:00-04:00,0.0
2025-05-15 09:40:00-04:00,0.0
2025-05-15 09:45:00-04:00,0.0
2025-05-15 09:50:00-04:00,0.0
2025-05-15 09:55:00-04:00,0.0
2025-05-15 10:00:00-04:00,0.0
2025-05-15 10:05:00-04:00,0.0
2025-05-15 10:10:00-04:00,0.0
2025-05-15 10:15:00-04:00,0.0
2025-05-15 10:20:00-04:00,0.0
2025-05-15 10:25:00-04:00,0.0
2025-05-15 10:30:00-04:00,0.0
2025-05-15 10:35:00-04:00,0.0
2025-05-15 10:40:00-04:00,0.0
2025-05-15 10:45:00-04:00,0.0
2025-05-15 10:50:00-04:00,0.0
2025-05-15 10:55:00-04:00,0.0
2025-05-15 11:00:00-04:00,0.0
2025-05-15 11:05:00-04:00,0.0
2025-05-15 11:10:00-04:00,0.0
2025-05-15 11:15:00-04:00,0.0
2025-05-15 11:20:00-04:00,0.0
2025-05-15 11:25:00-04:00,0.0
2025-05-15 11:30:00-04:00,0.0
2025-05-15 11:35:00-04:00,0.0
2025-05-15 11:40:00-04:00,0.0
2025-05-15 11:45:00-04:00,0.0
2025-05-15 11:50:00-04:00,0.0
2025-05-15 11:55:00-04:00,0.0
2025-05-15 12:00:00-04:00,-0.5
2025-05-15 12:05:00-04:00,3.25
2025-05-15 12:10:00-04:00,5.75
2025-05-15 12:15:00-04:00,-3.0
2025-05-15 12:20:00-04:00,-10.5
2025-05-15 12:25:00-04:00,-20.5
2025-05-15 12:30:00-04:00,-15.5
2025-05-15 12:35:00-04:00,-14.25
2025-05-15 12:40:00-04:00,8.25
2025-05-15 12:45:00-04:00,19.5
2025-05-15 12:50:00-04:00,29.5
2025-05-15 12:55:00-04:00,28.25
2025-05-15 13:00:00-04:00,43.25
2025-05-15 13:05:00-04:00,50.75
2025-05-15 13:10:00-04:00,42.0
2025-05-15 13:15:00-04:00,52.0
2025-05-15 13:20:00-04:00,70.75
2025-05-15 13:25:00-04:00,62.0
2025-05-15 13:30:00-04:00,43.25
2025-05-15 13:35:00-04:00,32.0
2025-05-15 13:40:00-04:00,40.75
2025-05-15 13:45:00-04:00,44.5
2025-05-15 13:50:00-04:00,42.0
2025-05-15 13:55:00-04:00,27.0
2025-05-15 14:00:00-04:00,12.0
2025-05-15 14:05:00-04:00,8.25
2025-05-15 14:10:00-04:00,11.8125
2025-05-15 14:15:00-04:00,11.8125
2025-05-15 14:20:00-04:00,11.8125
2025-05-15 14:25:00-04:00,11.8125
2025-05-15 14:30:00-04:00,11.8125
2025-05-15 14:35:00-04:00,11.8125
2025-05-15 14:40:00-04:00,11.8125
2025-05-15 14:45:00-04:00,11.8125
2025-05-15 14:50:00-04:00,11.8125
2025-05-15 14:55:00-04:00,11.8125
2025-05-15 15:00:00-04:00,11.8125
2025-05-15 15:05:00-04:00,11.8125
2025-05-15 15:10:00-04:00,11.8125
2025-05-15 15:15:00-04:00,11.8125
2025-05-15 15:20:00-04:00,11.8125
2025-05-15 15:25:00-04:00,11.8125
2025-05-15 15:30:00-04:00,11.8125
2025-05-15 15:35:00-04:00,11.8125
2025-05-15 15:40:00-04:00,11.8125
2025-05-15 15:45:00-04:00,11.8125
2025-05-15 15:50:00-04:00,11.8125
2025-05-15 15:55:00-04:00,11.8125
2025-05-16 09:30:00-04:00,0.0
2025-05-16 09:35:00-04:00,0.0
2025-05-16 09:40:00-04:00,-0.5
2025-05-16 09:45:00-04:00,-13.3125
2025-05-16 09:50:00-04:00,4.1875
2025-05-16 09:55:00-04:00,9.1875
2025-05-16 10:00:00-04:00,-25.8125
2025-05-16 10:05:00-04:00,-4.5625
2025-05-16 10:10:00-04:00,-9.5625
2025-05-16 10:15:00-04:00,1.6875
2025-05-16 10:20:00-04:00,24.1875
2025-05-16 10:25:00-04:00,12.9375
2025-05-16 10:30:00-04:00,-9.5625
2025-05-16 10:35:00-04:00,-17.0625
2025-05-16 10:40:00-04:00,-31.0
2025-05-16 10:45:00-04:00,-31.5
2025-05-16 10:50:00-04:00,-13.6875
2025-05-16 10:55:00-04:00,2.375
2025-05-16 11:00:00-04:00,2.375
2025-05-16 11:05:00-04:00,2.375
2025-05-16 11:10:00-04:00,2.375
2025-05-16 11:15:00-04:00,2.375
2025-05-16 11:20:00-04:00,2.375
2025-05-16 11:25:00-04:00,2.375
2025-05-16 11:30:00-04:00,2.375
2025-05-16 11:35:00-04:00,1.875
2025-05-16 11:40:00-04:00,-3.4375
2025-05-16 11:45:00-04:00,-7.1875
2025-05-16 11:50:00-04:00,-17.1875
2025-05-16 11:55:00-04:00,-14.6875
2025-05-16 12:00:00-04:00,-18.4375
2025-05-16 12:05:00-04:00,9.0625
2025-05-16 12:10:00-04:00,9.0625
2025-05-16 12:15:00-04:00,29.0625
2025-05-16 12:20:00-04:00,31.5625
2025-05-16 12:25:00-04:00,32.8125
2025-05-16 12:30:00-04:00,31.5625
2025-05-16 12:35:00-04:00,32.8125
2025-05-16 12:40:00-04:00,30.3125
2025-05-16 12:45:00-04:00,25.3125
2025-05-16 12:50:00-04:00,25.3125
2025-05-16 12:55:00-04:00,47.8125
2025-05-16 13:00:00-04:00,41.5625
2025-05-16 13:05:00-04:00,59.0625
2025-05-16 13:10:00-04:00,56.5625
2025-05-16 13:15:00-04:00,72.8125
2025-05-16 13:20:00-04:00,81.5625
2025-05-16 13:25:00-04:00,87.8125
2025-05-16 13:30:00-04:00,92.8125
2025-05-16 13:35:00-04:00,91.5625
2025-05-16 13:40:00-04:00,82.8125
2025-05-16 13:45:00-04:00,85.3125
2025-05-16 13:50:00-04:00,70.3125
2025-05-16 13:55:00-04:00,65.3125
2025-05-16 14:00:00-04:00,70.3125
2025-05-16 14:05:00-04:00,70.3125
2025-05-16 14:10:00-04:00,70.3125
2025-05-16 14:15:00-04:00,82.8125
2025-05-16 14:20:00-04:00,89.0625
2025-05-16 14:25:00-04:00,92.8125
2025-05-16 14:30:00-04:00,95.3125
2025-05-16 14:35:00-04:00,97.8125
2025-05-16 14:40:00-04:00,106.5625
2025-05-16 14:45:00-04:00,120.3125
2025-05-16 14:50:00-04:00,119.0625
2025-05-16 14:55:00-04:00,114.0625
2025-05-16 15:00:00-04:00,115.3125
2025-05-16 15:05:00-04:00,130.3125
2025-05-16 15:10:00-04:00,136.5625
2025-05-16 15:15:00-04:00,129.0625
2025-05-16 15:20:00-04:00,126.5625
2025-05-16 15:25:00-04:00,121.5625
2025-05-16 15:30:00-04:00,115.3125
2025-05-16 15:35:00-04:00,106.5625
2025-05-16 15:40:00-04:00,101.5625
2025-05-16 15:45:00-04:00,94.0625
2025-05-16 15:50:00-04:00,124.0625
2025-05-16 15:55:00-04:00,129.0625
2025-05-19 09:30:00-04:00,0.0
2025-05-19 09:35:00-04:00,0.0
2025-05-19 09:40:00-04:00,0.0
2025-05-19 09:45:00-04:00,0.0
2025-05-19 09:50:00-04:00,0.0
2025-05-19 09:55:00-04:00,0.0
2025-05-19 10:00:00-04:00,0.0
2025-05-19 10:05:00-04:00,0.0
2025-05-19 10:10:00-04:00,0.0
2025-05-19 10:15:00-04:00,0.0
2025-05-19 10:20:00-04:00,0.0
2025-05-19 10:25:00-04:00,0.0
2025-05-19 10:30:00-04:00,0.0
2025-05-19 10:35:00-04:00,0.0
2025-05-19 10:40:00-04:00,-0.5
2025-05-19 10:45:00-04:00,-31.0
2025-05-19 10:50:00-04:00,-31.5
2025-05-19 10:55:00-04:00,-42.4375
2025-05-19 11:00:00-04:00,-37.4375
2025-05-19 11:05:00-04:00,-34.9375
2025-05-19 11:10:00-04:00,-17.4375
2025-05-19 11:15:00-04:00,-12.4375
2025-05-19 11:20:00-04:00,-14.9375
2025-05-19 11:25:00-04:00,-24.9375
2025-05-19 11:30:00-04:00,-23.6875
2025-05-19 11:35:00-04:00,-8.6875
2025-05-19 11:40:00-04:00,23.8125
2025-05-19 11:45:00-04:00,3.8125
2025-05-19 11:50:00-04:00,-4.9375
2025-05-19 11:55:00-04:00,2.5625
2025-05-19 12:00:00-04:00,11.3125
2025-05-19 12:05:00-04:00,16.3125
2025-05-19 12:10:00-04:00,20.0625
2025-05-19 12:15:00-04:00,22.5625
2025-05-19 12:20:00-04:00,21.3125
2025-05-19 12:25:00-04:00,41.3125
2025-05-19 12:30:00-04:00,42.5625
2025-05-19 12:35:00-04:00,47.5625
2025-05-19 12:40:00-04:00,43.8125
2025-05-19 12:45:00-04:00,46.3125
2025-05-19 12:50:00-04:00,58.8125
2025-05-19 12:55:00-04:00,76.3125
2025-05-19 13:00:00-04:00,88.8125
2025-05-19 13:05:00-04:00,110.0625
2025-05-19 13:10:00-04:00,125.0625
2025-05-19 13:15:00-04:00,116.3125
2025-05-19 13:20:00-04:00,113.8125
2025-05-19 13:25:00-04:00,121.3125
2025-05-19 13:30:00-04:00,105.0625
2025-05-19 13:35:00-04:00,118.8125
2025-05-19 13:40:00-04:00,108.8125
2025-05-19 13:45:00-04:00,92.5625
2025-05-19 13:50:00-04:00,86.3125
2025-05-19 13:55:00-04:00,82.5625
2025-05-19 14:00:00-04:00,75.0625
2025-05-19 14:05:00-04:00,75.0625
2025-05-19 14:10:00-04:00,62.5625
2025-05-19 14:15:00-04:00,53.9375
2025-05-19 14:20:00-04:00,53.9375
2025-05-19 14:25:00-04:00,53.9375
2025-05-19 14:30:00-04:00,53.9375
2025-05-19 14:35:00-04:00,53.9375
2025-05-19 14:40:00-04:00,53.9375
2025-05-19 14:45:00-04:00,53.9375
2025-05-19 14:50:00-04:00,53.9375
2025-05-19 14:55:00-04:00,53.9375
2025-05-19 15:00:00-04:00,53.9375
2025-05-19 15:05:00-04:00,53.9375
2025-05-19 15:10:00-04:00,53.9375
2025-05-19 15:15:00-04:00,53.9375
2025-05-19 15:20:00-04:00,53.9375
2025-05-19 15:25:00-04:00,53.9375
2025-05-19 15:30:00-04:00,53.9375
2025-05-19 15:35:00-04:00,53.9375
2025-05-19 15:40:00-04:00,53.9375
2025-05-19 15:45:00-04:00,53.9375
2025-05-19 15:50:00-04:00,53.9375
2025-05-19 15:55:00-04:00,53.4375
2025-05-20 09:30:00-04:00,0.0
2025-05-20 09:35:00-04:00,0.0
2025-05-20 09:40:00-04:00,0.0
2025-05-20 09:45:00-04:00,0.0
2025-05-20 09:50:00-04:00,0.0
2025-05-20 09:55:00-04:00,0.0
2025-05-20 10:00:00-04:00,0.0
2025-05-20 10:05:00-04:00,0.0
2025-05-20 10:10:00-04:00,0.0
2025-05-20 10:15:00-04:00,0.0
2025-05-20 10:20:00-04:00,0.0
2025-05-20 10:25:00-04:00,0.0
2025-05-20 10:30:00-04:00,0.0
2025-05-20 10:35:00-04:00,0.0
2025-05-20 10:40:00-04:00,0.0
2025-05-20 10:45:00-04:00,0.0
2025-05-20 10:50:00-04:00,0.0
2025-05-20 10:55:00-04:00,0.0
2025-05-20 11:00:00-04:00,0.0
2025-05-20 11:05:00-04:00,0.0
2025-05-20 11:10:00-04:00,0.0
2025-05-20 11:15:00-04:00,0.0
2025-05-20 11:20:00-04:00,0.0
2025-05-20 11:25:00-04:00,0.0
2025-05-20 11:30:00-04:00,0.0
2025-05-20 11:35:00-04:00,0.0
2025-05-20 11:40:00-04:00,0.0
2025-05-20 11:45:00-04:00,0.0
2025-05-20 11:50:00-04:00,0.0
2025-05-20 11:55:00-04:00,0.0
2025-05-20 12:00:00-04:00,0.0
2025-05-20 12:05:00-04:00,0.0
2025-05-20 12:10:00-04:00,0.0
2025-05-20 12:15:00-04:00,0.0
2025-05-20 12:20:00-04:00,0.0
2025-05-20 12:25:00-04:00,0.0
2025-05-20 12:30:00-04:00,0.0
2025-05-20 12:35:00-04:00,0.0
2025-05-20 12:40:00-04:00,0.0
2025-05-20 12:45:00-04:00,0.0
2025-05-20 12:50:00-04:00,0.0
2025-05-20 12:55:00-04:00,0.0
2025-05-20 13:00:00-04:00,0.0
2025-05-20 13:05:00-04:00,0.0
2025-05-20 13:10:00-04:00,0.0
2025-05-20 13:15:00-04:00,0.0
2025-05-20 13:20:00-04:00,0.0
2025-05-20 13:25:00-04:00,0.0
2025-05-20 13:30:00-04:00,0.0
2025-05-20 13:35:00-04:00,0.0
2025-05-20 13:40:00-04:00,0.0
2025-05-20 13:45:00-04:00,0.0
2025-05-20 13:50:00-04:00,0.0
2025-05-20 13:55:00-04:00,0.0
2025-05-20 14:00:00-04:00,0.0
2025-05-20 14:05:00-04:00,0.0
2025-05-20 14:10:00-04:00,0.0
2025-05-20 14:15:00-04:00,0.0
2025-05-20 14:20:00-04:00,0.0
2025-05-20 14:25:00-04:00,0.0
2025-05-20 14:30:00-04:00,0.0
2025-05-20 14:35:00-04:00,0.0
2025-05-20 14:40:00-04:00,0.0
2025-05-20 14:45:00-04:00,0.0
2025-05-20 14:50:00-04:00,0.0
2025-05-20 14:55:00-04:00,0.0
2025-05-20 15:00:00-04:00,0.0
2025-05-20 15:05:00-04:00,0.0
2025-05-20 15:10:00-04:00,0.0
2025-05-20 15:15:00-04:00,0.0
2025-05-20 15:20:00-04:00,0.0
2025-05-20 15:25:00-04:00,0.0
2025-05-20 15:30:00-04:00,0.0
2025-05-20 15:35:00-04:00,0.0
2025-05-20 15:40:00-04:00,0.0
2025-05-20 15:45:00-04:00,0.0
2025-05-20 15:50:00-04:00,0.0
2025-05-20 15:55:00-04:00,0.0
2025-05-21 09:30:00-04:00,0.0
2025-05-21 09:35:00-04:00,0.0
2025-05-21 09:40:00-04:00,0.0
2025-05-21 09:45:00-04:00,0.0
2025-05-21 09:50:00-04:00,0.0
2025-05-21 09:55:00-04:00,0.0
2025-05-21 10:00:00-04:00,-0.5
2025-05-21 10:05:00-04:00,-29.25
2025-05-21 10:10:00-04:00,-11.75
2025-05-21 10:15:00-04:00,3.25
2025-05-21 10:20:00-04:00,-10.5
2025-05-21 10:25:00-04:00,4.5
2025-05-21 10:30:00-04:00,15.75
2025-05-21 10:35:00-04:00,23.25
2025-05-21 10:40:00-04:00,10.75
2025-05-21 10:45:00-04:00,42.0
2025-05-21 10:50:00-04:00,20.75
2025-05-21 10:55:00-04:00,-16.75
2025-05-21 11:00:00-04:00,-31.0
2025-05-21 11:05:00-04:00,-31.0
2025-05-21 11:10:00-04:00,-31.0
2025-05-21 11:15:00-04:00,-31.0
2025-05-21 11:20:00-04:00,-31.0
2025-05-21 11:25:00-04:00,-31.0
2025-05-21 11:30:00-04:00,-31.0
2025-05-21 11:35:00-04:00,-31.0
2025-05-21 11:40:00-04:00,-31.0
2025-05-21 11:45:00-04:00,-31.0
2025-05-21 11:50:00-04:00,-31.0
2025-05-21 11:55:00-04:00,-31.0
2025-05-21 12:00:00-04:00,-31.0
2025-05-21 12:05:00-04:00,-31.0
2025-05-21 12:10:00-04:00,-31.0
2025-05-21 12:15:00-04:00,-31.0
2025-05-21 12:20:00-04:00,-31.0
2025-05-21 12:25:00-04:00,-31.0
2025-05-21 12:30:00-04:00,-31.0
2025-05-21 12:35:00-04:00,-31.0
2025-05-21 12:40:00-04:00,-31.0
2025-05-21 12:45:00-04:00,-31.0
2025-05-21 12:50:00-04:00,-31.0
2025-05-21 12:55:00-04:00,-31.0
2025-05-21 13:00:00-04:00,-31.0
2025-05-21 13:05:00-04:00,-31.5
2025-05-21 13:10:00-04:00,-12.125
2025-05-21 13:15:00-04:00,10.375
2025-05-21 13:20:00-04:00,106.625
2025-05-21 13:25:00-04:00,210.375
2025-05-21 13:30:00-04:00,192.875
2025-05-21 13:35:00-04:00,131.625
2025-05-21 13:40:00-04:00,135.375
2025-05-21 13:45:00-04:00,161.625
2025-05-21 13:50:00-04:00,169.125
2025-05-21 13:55:00-04:00,209.125
2025-05-21 14:00:00-04:00,201.625
2025-05-21 14:05:00-04:00,207.875
2025-05-21 14:10:00-04:00,205.375
2025-05-21 14:15:00-04:00,231.625
2025-05-21 14:20:00-04:00,265.375
2025-05-21 14:25:00-04:00,240.375
2025-05-21 14:30:00-04:00,222.875
2025-05-21 14:35:00-04:00,207.875
2025-05-21 14:40:00-04:00,220.375
2025-05-21 14:45:00-04:00,220.375
2025-05-21 14:50:00-04:00,271.625
2025-05-21 14:55:00-04:00,287.875
2025-05-21 15:00:00-04:00,291.625
2025-05-21 15:05:00-04:00,294.125
2025-05-21 15:10:00-04:00,339.125
2025-05-21 15:15:00-04:00,337.875
2025-05-21 15:20:00-04:00,359.125
2025-05-21 15:25:00-04:00,390.375
2025-05-21 15:30:00-04:00,340.375
2025-05-21 15:35:00-04:00,306.625
2025-05-21 15:40:00-04:00,290.375
2025-05-21 15:45:00-04:00,292.875
2025-05-21 15:50:00-04:00,291.625
2025-05-21 15:55:00-04:00,326.625
2025-05-22 09:30:00-04:00,-0.5
2025-05-22 09:35:00-04:00,-13.0
2025-05-22 09:40:00-04:00,-31.0
2025-05-22 09:45:00-04:00,-31.5
2025-05-22 09:50:00-04:00,-62.0
2025-05-22 09:55:00-04:00,-62.5
2025-05-22 10:00:00-04:00,-93.0
2025-05-22 10:05:00-04:00,-93.0
2025-05-22 10:10:00-04:00,-93.0
2025-05-22 10:15:00-04:00,-93.0
2025-05-22 10:20:00-04:00,-93.0
2025-05-22 10:25:00-04:00,-93.0
2025-05-22 10:30:00-04:00,-93.0
2025-05-22 10:35:00-04:00,-93.5
2025-05-22 10:40:00-04:00,-124.0
2025-05-22 10:45:00-04:00,-124.5
2025-05-22 10:50:00-04:00,-144.1875
2025-05-22 10:55:00-04:00,-154.1875
2025-05-22 11:00:00-04:00,-155.0
2025-05-22 11:05:00-04:00,-155.5
2025-05-22 11:10:00-04:00,-170.5
2025-05-22 11:15:00-04:00,-141.75
2025-05-22 11:20:00-04:00,-179.25
2025-05-22 11:25:00-04:00,-183.0
2025-05-22 11:30:00-04:00,-158.0
2025-05-22 11:35:00-04:00,-186.0
2025-05-22 11:40:00-04:00,-186.0
2025-05-22 11:45:00-04:00,-186.0
2025-05-22 11:50:00-04:00,-186.0
2025-05-22 11:55:00-04:00,-186.0
2025-05-22 12:00:00-04:00,-186.0
2025-05-22 12:05:00-04:00,-186.0
2025-05-22 12:10:00-04:00,-186.0
2025-05-22 12:15:00-04:00,-186.0
2025-05-22 12:20:00-04:00,-186.0
2025-05-22 12:25:00-04:00,-186.0
2025-05-22 12:30:00-04:00,-186.0
2025-05-22 12:35:00-04:00,-186.0
2025-05-22 12:40:00-04:00,-186.0
2025-05-22 12:45:00-04:00,-186.0
2025-05-22 12:50:00-04:00,-186.0
2025-05-22 12:55:00-04:00,-186.0
2025-05-22 13:00:00-04:00,-186.5
2025-05-22 13:05:00-04:00,-195.875
2025-05-22 13:10:00-04:00,-190.875
2025-05-22 13:15:00-04:00,-217.0
2025-05-22 13:20:00-04:00,-217.5
2025-05-22 13:25:00-04:00,-248.0
2025-05-22 13:30:00-04:00,-248.0
2025-05-22 13:35:00-04:00,-248.0
2025-05-22 13:40:00-04:00,-248.0
2025-05-22 13:45:00-04:00,-248.0
2025-05-22 13:50:00-04:00,-248.0
2025-05-22 13:55:00-04:00,-248.0
2025-05-22 14:00:00-04:00,-248.0
2025-05-22 14:05:00-04:00,-248.0
2025-05-22 14:10:00-04:00,-248.0
2025-05-22 14:15:00-04:00,-248.0
2025-05-22 14:20:00-04:00,-248.0
2025-05-22 14:25:00-04:00,-248.0
2025-05-22 14:30:00-04:00,-248.0
2025-05-22 14:35:00-04:00,-248.0
2025-05-22 14:40:00-04:00,-248.0
2025-05-22 14:45:00-04:00,-248.0
2025-05-22 14:50:00-04:00,-248.0
2025-05-22 14:55:00-04:00,-248.0
2025-05-22 15:00:00-04:00,-248.0
2025-05-22 15:05:00-04:00,-248.0
2025-05-22 15:10:00-04:00,-248.0
2025-05-22 15:15:00-04:00,-248.0
2025-05-22 15:20:00-04:00,-248.0
2025-05-22 15:25:00-04:00,-248.0
2025-05-22 15:30:00-04:00,-248.0
2025-05-22 15:35:00-04:00,-248.0
2025-05-22 15:40:00-04:00,-248.0
2025-05-22 15:45:00-04:00,-248.0
2025-05-22 15:50:00-04:00,-248.0
2025-05-22 15:55:00-04:00,-248.0
2025-05-23 09:30:00-04:00,0.0
2025-05-23 09:35:00-04:00,0.0
2025-05-23 09:40:00-04:00,0.0
2025-05-23 09:45:00-04:00,0.0
2025-05-23 09:50:00-04:00,0.0
2025-05-23 09:55:00-04:00,0.0
2025-05-23 10:00:00-04:00,-0.5
2025-05-23 10:05:00-04:00,-31.0
2025-05-23 10:10:00-04:00,-31.5
2025-05-23 10:15:00-04:00,-62.0
2025-05-23 10:20:00-04:00,-62.5
2025-05-23 10:25:00-04:00,-93.0
2025-05-23 10:30:00-04:00,-93.5
2025-05-23 10:35:00-04:00,-123.1875
2025-05-23 10:40:00-04:00,-124.0
2025-05-23 10:45:00-04:00,-124.5
2025-05-23 10:50:00-04:00,-127.3125
2025-05-23 10:55:00-04:00,-79.8125
2025-05-23 11:00:00-04:00,-103.5625
2025-05-23 11:05:00-04:00,-72.5
2025-05-23 11:10:00-04:00,-72.5
2025-05-23 11:15:00-04:00,-72.5
2025-05-23 11:20:00-04:00,-72.5
2025-05-23 11:25:00-04:00,-72.5
2025-05-23 11:30:00-04:00,-72.5
2025-05-23 11:35:00-04:00,-72.5
2025-05-23 11:40:00-04:00,-72.5
2025-05-23 11:45:00-04:00,-72.5
2025-05-23 11:50:00-04:00,-72.5
2025-05-23 11:55:00-04:00,-72.5
2025-05-23 12:00:00-04:00,-72.5
2025-05-23 12:05:00-04:00,-72.5
2025-05-23 12:10:00-04:00,-72.5
2025-05-23 12:15:00-04:00,-72.5
2025-05-23 12:20:00-04:00,-72.5
2025-05-23 12:25:00-04:00,-72.5
2025-05-23 12:30:00-04:00,-72.5
2025-05-23 12:35:00-04:00,-72.5
2025-05-23 12:40:00-04:00,-72.5
2025-05-23 12:45:00-04:00,-72.5
2025-05-23 12:50:00-04:00,-72.5
2025-05-23 12:55:00-04:00,-72.5
2025-05-23 13:00:00-04:00,-72.5
2025-05-23 13:05:00-04:00,-72.5
2025-05-23 13:10:00-04:00,-72.5
2025-05-23 13:15:00-04:00,-72.5
2025-05-23 13:20:00-04:00,-72.5
2025-05-23 13:25:00-04:00,-72.5
2025-05-23 13:30:00-04:00,-72.5
2025-05-23 13:35:00-04:00,-72.5
2025-05-23 13:40:00-04:00,-72.5
2025-05-23 13:45:00-04:00,-72.5
2025-05-23 13:50:00-04:00,-72.5
2025-05-23 13:55:00-04:00,-72.5
2025-05-23 14:00:00-04:00,-72.5
2025-05-23 14:05:00-04:00,-72.5
2025-05-23 14:10:00-04:00,-72.5
2025-05-23 14:15:00-04:00,-72.5
2025-05-23 14:20:00-04:00,-72.5
2025-05-23 14:25:00-04:00,-72.5
2025-05-23 14:30:00-04:00,-72.5
2025-05-23 14:35:00-04:00,-72.5
2025-05-23 14:40:00-04:00,-72.5
2025-05-23 14:45:00-04:00,-72.5
2025-05-23 14:50:00-04:00,-72.5
2025-05-23 14:55:00-04:00,-72.5
2025-05-23 15:00:00-04:00,-72.5
2025-05-23 15:05:00-04:00,-72.5
2025-05-23 15:10:00-04:00,-72.5
2025-05-23 15:15:00-04:00,-72.5
2025-05-23 15:20:00-04:00,-72.5
2025-05-23 15:25:00-04:00,-72.5
2025-05-23 15:30:00-04:00,-72.5
2025-05-23 15:35:00-04:00,-72.5
2025-05-23 15:40:00-04:00,-72.5
2025-05-23 15:45:00-04:00,-72.5
2025-05-23 15:50:00-04:00,-72.5
2025-05-23 15:55:00-04:00,-72.5
2025-05-26 09:30:00-04:00,0.0
2025-05-26 09:35:00-04:00,0.0
2025-05-26 09:40:00-04:00,0.0
2025-05-26 09:45:00-04:00,0.0
2025-05-26 09:50:00-04:00,0.0
2025-05-26 09:55:00-04:00,0.0
2025-05-26 10:00:00-04:00,0.0
2025-05-26 10:05:00-04:00,0.0
2025-05-26 10:10:00-04:00,0.0
2025-05-26 10:15:00-04:00,0.0
2025-05-26 10:20:00-04:00,0.0
2025-05-26 10:25:00-04:00,0.0
2025-05-26 10:30:00-04:00,0.0
2025-05-26 10:35:00-04:00,0.0
2025-05-26 10:40:00-04:00,0.0
2025-05-26 10:45:00-04:00,0.0
2025-05-26 10:50:00-04:00,0.0
2025-05-26 10:55:00-04:00,0.0
2025-05-26 11:00:00-04:00,0.0
2025-05-26 11:05:00-04:00,0.0
2025-05-26 11:10:00-04:00,0.0
2025-05-26 11:15:00-04:00,0.0
2025-05-26 11:20:00-04:00,0.0
2025-05-26 11:25:00-04:00,0.0
2025-05-26 11:30:00-04:00,0.0
2025-05-26 11:35:00-04:00,0.0
2025-05-26 11:40:00-04:00,0.0
2025-05-26 11:45:00-04:00,0.0
2025-05-26 11:50:00-04:00,0.0
2025-05-26 11:55:00-04:00,0.0
2025-05-26 12:00:00-04:00,0.0
2025-05-26 12:05:00-04:00,0.0
2025-05-26 12:10:00-04:00,0.0
2025-05-26 12:15:00-04:00,0.0
2025-05-26 12:20:00-04:00,0.0
2025-05-26 12:25:00-04:00,0.0
2025-05-26 12:30:00-04:00,0.0
2025-05-26 12:35:00-04:00,0.0
2025-05-26 12:40:00-04:00,0.0
2025-05-26 12:45:00-04:00,0.0
2025-05-26 12:50:00-04:00,0.0
2025-05-26 12:55:00-04:00,0.0
2025-05-27 09:30:00-04:00,0.0
2025-05-27 09:35:00-04:00,0.0
2025-05-27 09:40:00-04:00,0.0
2025-05-27 09:45:00-04:00,0.0
2025-05-27 09:50:00-04:00,0.0
2025-05-27 09:55:00-04:00,0.0
2025-05-27 10:00:00-04:00,0.0
2025-05-27 10:05:00-04:00,0.0
2025-05-27 10:10:00-04:00,-0.5
2025-05-27 10:15:00-04:00,-8.625
2025-05-27 10:20:00-04:00,23.875
2025-05-27 10:25:00-04:00,32.625
2025-05-27 10:30:00-04:00,36.375
2025-05-27 10:35:00-04:00,26.375
2025-05-27 10:40:00-04:00,40.125
2025-05-27 10:45:00-04:00,47.625
2025-05-27 10:50:00-04:00,57.625
2025-05-27 10:55:00-04:00,41.375
2025-05-27 11:00:00-04:00,43.875
2025-05-27 11:05:00-04:00,43.875
2025-05-27 11:10:00-04:00,46.375
2025-05-27 11:15:00-04:00,58.875
2025-05-27 11:20:00-04:00,50.125
2025-05-27 11:25:00-04:00,68.875
2025-05-27 11:30:00-04:00,73.875
2025-05-27 11:35:00-04:00,76.375
2025-05-27 11:40:00-04:00,70.125
2025-05-27 11:45:00-04:00,82.625
2025-05-27 11:50:00-04:00,80.125
2025-05-27 11:55:00-04:00,85.125
2025-05-27 12:00:00-04:00,90.125
2025-05-27 12:05:00-04:00,108.875
2025-05-27 12:10:00-04:00,116.375
2025-05-27 12:15:00-04:00,108.875
2025-05-27 12:20:00-04:00,110.125
2025-05-27 12:25:00-04:00,111.375
2025-05-27 12:30:00-04:00,113.875
2025-05-27 12:35:00-04:00,121.375
2025-05-27 12:40:00-04:00,157.625
2025-05-27 12:45:00-04:00,136.375
2025-05-27 12:50:00-04:00,142.625
2025-05-27 12:55:00-04:00,137.625
2025-05-27 13:00:00-04:00,141.375
2025-05-27 13:05:00-04:00,150.125
2025-05-27 13:10:00-04:00,141.375
2025-05-27 13:15:00-04:00,145.125
2025-05-27 13:20:00-04:00,156.375
2025-05-27 13:25:00-04:00,150.125
2025-05-27 13:30:00-04:00,146.375
2025-05-27 13:35:00-04:00,147.625
2025-05-27 13:40:00-04:00,150.125
2025-05-27 13:45:00-04:00,156.375
2025-05-27 13:50:00-04:00,172.625
2025-05-27 13:55:00-04:00,180.125
2025-05-27 14:00:00-04:00,187.625
2025-05-27 14:05:00-04:00,183.875
2025-05-27 14:10:00-04:00,188.875
2025-05-27 14:15:00-04:00,186.375
2025-05-27 14:20:00-04:00,172.625
2025-05-27 14:25:00-04:00,178.875
2025-05-27 14:30:00-04:00,180.125
2025-05-27 14:35:00-04:00,182.625
2025-05-27 14:40:00-04:00,171.375
2025-05-27 14:45:00-04:00,176.375
2025-05-27 14:50:00-04:00,172.625
2025-05-27 14:55:00-04:00,165.125
2025-05-27 15:00:00-04:00,156.375
2025-05-27 15:05:00-04:00,168.875
2025-05-27 15:10:00-04:00,170.25
2025-05-27 15:15:00-04:00,170.25
2025-05-27 15:20:00-04:00,170.25
2025-05-27 15:25:00-04:00,170.25
2025-05-27 15:30:00-04:00,170.25
2025-05-27 15:35:00-04:00,170.25
2025-05-27 15:40:00-04:00,170.25
2025-05-27 15:45:00-04:00,170.25
2025-05-27 15:50:00-04:00,170.25
2025-05-27 15:55:00-04:00,170.25
2025-05-28 09:30:00-04:00,-0.5
2025-05-28 09:35:00-04:00,0.4375
2025-05-28 09:40:00-04:00,27.9375
2025-05-28 09:45:00-04:00,-28.3125
2025-05-28 09:50:00-04:00,-31.0
2025-05-28 09:55:00-04:00,-31.0
2025-05-28 10:00:00-04:00,-31.0
2025-05-28 10:05:00-04:00,-31.0
2025-05-28 10:10:00-04:00,-31.0
2025-05-28 10:15:00-04:00,-31.0
2025-05-28 10:20:00-04:00,-31.0
2025-05-28 10:25:00-04:00,-31.0
2025-05-28 10:30:00-04:00,-31.0
2025-05-28 10:35:00-04:00,-31.0
2025-05-28 10:40:00-04:00,-31.0
2025-05-28 10:45:00-04:00,-31.0
2025-05-28 10:50:00-04:00,-31.0
2025-05-28 10:55:00-04:00,-31.0
2025-05-28 11:00:00-04:00,-31.0
2025-05-28 11:05:00-04:00,-31.0
2025-05-28 11:10:00-04:00,-31.0
2025-05-28 11:15:00-04:00,-31.0
2025-05-28 11:20:00-04:00,-31.0
2025-05-28 11:25:00-04:00,-31.0
2025-05-28 11:30:00-04:00,-31.0
2025-05-28 11:35:00-04:00,-31.0
2025-05-28 11:40:00-04:00,-31.0
2025-05-28 11:45:00-04:00,-31.0
2025-05-28 11:50:00-04:00,-31.0
2025-05-28 11:55:00-04:00,-31.0
2025-05-28 12:00:00-04:00,-31.0
2025-05-28 12:05:00-04:00,-31.0
2025-05-28 12:10:00-04:00,-31.0
2025-05-28 12:15:00-04:00,-31.0
2025-05-28 12:20:00-04:00,-31.0
2025-05-28 12:25:00-04:00,-31.0
2025-05-28 12:30:00-04:00,-31.0
2025-05-28 12:35:00-04:00,-31.0
2025-05-28 12:40:00-04:00,-31.0
2025-05-28 12:45:00-04:00,-31.0
2025-05-28 12:50:00-04:00,-31.0
2025-05-28 12:55:00-04:00,-31.0
2025-05-28 13:00:00-04:00,-31.0
2025-05-28 13:05:00-04:00,-31.0
2025-05-28 13:10:00-04:00,-31.0
2025-05-28 13:15:00-04:00,-31.5
2025-05-28 13:20:00-04:00,-33.5625
2025-05-28 13:25:00-04:00,-33.5625
2025-05-28 13:30:00-04:00,-33.5625
2025-05-28 13:35:00-04:00,-33.5625
2025-05-28 13:40:00-04:00,-33.5625
2025-05-28 13:45:00-04:00,-33.5625
2025-05-28 13:50:00-04:00,-33.5625
2025-05-28 13:55:00-04:00,-33.5625
2025-05-28 14:00:00-04:00,-33.5625
2025-05-28 14:05:00-04:00,-33.5625
2025-05-28 14:10:00-04:00,-33.5625
2025-05-28 14:15:00-04:00,-33.5625
2025-05-28 14:20:00-04:00,-33.5625
2025-05-28 14:25:00-04:00,-33.5625
2025-05-28 14:30:00-04:00,-33.5625
2025-05-28 14:35:00-04:00,-33.5625
2025-05-28 14:40:00-04:00,-33.5625
2025-05-28 14:45:00-04:00,-33.5625
2025-05-28 14:50:00-04:00,-33.5625
2025-05-28 14:55:00-04:00,-33.5625
2025-05-28 15:00:00-04:00,-33.5625
2025-05-28 15:05:00-04:00,-34.0625
2025-05-28 15:10:00-04:00,-64.5625
2025-05-28 15:15:00-04:00,-64.5625
2025-05-28 15:20:00-04:00,-64.5625
2025-05-28 15:25:00-04:00,-64.5625
2025-05-28 15:30:00-04:00,-64.5625
2025-05-28 15:35:00-04:00,-64.5625
2025-05-28 15:40:00-04:00,-64.5625
2025-05-28 15:45:00-04:00,-64.5625
2025-05-28 15:50:00-04:00,-64.5625
2025-05-28 15:55:00-04:00,-64.5625
2025-05-29 09:30:00-04:00,0.0
2025-05-29 09:35:00-04:00,0.0
2025-05-29 09:40:00-04:00,0.0
2025-05-29 09:45:00-04:00,0.0
2025-05-29 09:50:00-04:00,0.0
2025-05-29 09:55:00-04:00,0.0
2025-05-29 10:00:00-04:00,-0.5
2025-05-29 10:05:00-04:00,-31.0
2025-05-29 10:10:00-04:00,-31.5
2025-05-29 10:15:00-04:00,-62.0
2025-05-29 10:20:00-04:00,-62.5
2025-05-29 10:25:00-04:00,-56.875
2025-05-29 10:30:00-04:00,-46.875
2025-05-29 10:35:00-04:00,-27.6875
2025-05-29 10:40:00-04:00,-27.6875
2025-05-29 10:45:00-04:00,-27.6875
2025-05-29 10:50:00-04:00,-27.6875
2025-05-29 10:55:00-04:00,-28.1875
2025-05-29 11:00:00-04:00,-58.6875
2025-05-29 11:05:00-04:00,-58.6875
2025-05-29 11:10:00-04:00,-58.6875
2025-05-29 11:15:00-04:00,-58.6875
2025-05-29 11:20:00-04:00,-58.6875
2025-05-29 11:25:00-04:00,-59.1875
2025-05-29 11:30:00-04:00,-89.6875
2025-05-29 11:35:00-04:00,-90.1875
2025-05-29 11:40:00-04:00,-97.25
2025-05-29 11:45:00-04:00,-97.25
2025-05-29 11:50:00-04:00,-97.25
2025-05-29 11:55:00-04:00,-97.25
2025-05-29 12:00:00-04:00,-97.25
2025-05-29 12:05:00-04:00,-97.25
2025-05-29 12:10:00-04:00,-97.25
2025-05-29 12:15:00-04:00,-97.25
2025-05-29 12:20:00-04:00,-97.25
2025-05-29 12:25:00-04:00,-97.25
2025-05-29 12:30:00-04:00,-97.25
2025-05-29 12:35:00-04:00,-97.25
2025-05-29 12:40:00-04:00,-97.25
2025-05-29 12:45:00-04:00,-97.25
2025-05-29 12:50:00-04:00,-97.25
2025-05-29 12:55:00-04:00,-97.25
2025-05-29 13:00:00-04:00,-97.25
2025-05-29 13:05:00-04:00,-97.25
2025-05-29 13:10:00-04:00,-97.25
2025-05-29 13:15:00-04:00,-97.25
2025-05-29 13:20:00-04:00,-97.25
2025-05-29 13:25:00-04:00,-97.25
2025-05-29 13:30:00-04:00,-97.25
2025-05-29 13:35:00-04:00,-97.25
2025-05-29 13:40:00-04:00,-97.25
2025-05-29 13:45:00-04:00,-97.25
2025-05-29 13:50:00-04:00,-97.25
2025-05-29 13:55:00-04:00,-97.25
2025-05-29 14:00:00-04:00,-97.25
2025-05-29 14:05:00-04:00,-97.25
2025-05-29 14:10:00-04:00,-97.25
2025-05-29 14:15:00-04:00,-97.25
2025-05-29 14:20:00-04:00,-97.25
2025-05-29 14:25:00-04:00,-97.25
2025-05-29 14:30:00-04:00,-97.25
2025-05-29 14:35:00-04:00,-97.25
2025-05-29 14:40:00-04:00,-97.25
2025-05-29 14:45:00-04:00,-97.25
2025-05-29 14:50:00-04:00,-97.25
2025-05-29 14:55:00-04:00,-97.25
2025-05-29 15:00:00-04:00,-97.25
2025-05-29 15:05:00-04:00,-97.25
2025-05-29 15:10:00-04:00,-97.25
2025-05-29 15:15:00-04:00,-97.25
2025-05-29 15:20:00-04:00,-97.25
2025-05-29 15:25:00-04:00,-97.25
2025-05-29 15:30:00-04:00,-97.25
2025-05-29 15:35:00-04:00,-97.25
2025-05-29 15:40:00-04:00,-97.25
2025-05-29 15:45:00-04:00,-97.25
2025-05-29 15:50:00-04:00,-97.25
2025-05-29 15:55:00-04:00,-97.25
2025-05-30 09:30:00-04:00,0.0
2025-05-30 09:35:00-04:00,0.0
2025-05-30 09:40:00-04:00,0.0
2025-05-30 09:45:00-04:00,0.0
2025-05-30 09:50:00-04:00,0.0
2025-05-30 09:55:00-04:00,0.0
2025-05-30 10:00:00-04:00,0.0
2025-05-30 10:05:00-04:00,0.0
2025-05-30 10:10:00-04:00,0.0
2025-05-30 10:15:00-04:00,0.0
2025-05-30 10:20:00-04:00,0.0
2025-05-30 10:25:00-04:00,0.0
2025-05-30 10:30:00-04:00,0.0
2025-05-30 10:35:00-04:00,0.0
2025-05-30 10:40:00-04:00,0.0
2025-05-30 10:45:00-04:00,0.0
2025-05-30 10:50:00-04:00,0.0
2025-05-30 10:55:00-04:00,0.0
2025-05-30 11:00:00-04:00,0.0
2025-05-30 11:05:00-04:00,0.0
2025-05-30 11:10:00-04:00,0.0
2025-05-30 11:15:00-04:00,0.0
2025-05-30 11:20:00-04:00,0.0
2025-05-30 11:25:00-04:00,0.0
2025-05-30 11:30:00-04:00,-0.5
2025-05-30 11:35:00-04:00,9.8125
2025-05-30 11:40:00-04:00,24.8125
2025-05-30 11:45:00-04:00,18.5625
2025-05-30 11:50:00-04:00,9.8125
2025-05-30 11:55:00-04:00,1.0625
2025-05-30 12:00:00-04:00,24.8125
2025-05-30 12:05:00-04:00,1.0625
2025-05-30 12:10:00-04:00,-3.9375
2025-05-30 12:15:00-04:00,8.5625
2025-05-30 12:20:00-04:00,53.5625
2025-05-30 12:25:00-04:00,78.5625
2025-05-30 12:30:00-04:00,171.0625
2025-05-30 12:35:00-04:00,164.8125
2025-05-30 12:40:00-04:00,154.8125
2025-05-30 12:45:00-04:00,189.8125
2025-05-30 12:50:00-04:00,206.0625
2025-05-30 12:55:00-04:00,208.5625
2025-05-30 13:00:00-04:00,174.8125
2025-05-30 13:05:00-04:00,126.0625
2025-05-30 13:10:00-04:00,133.5625
2025-05-30 13:15:00-04:00,137.3125
2025-05-30 13:20:00-04:00,129.8125
2025-05-30 13:25:00-04:00,133.5625
2025-05-30 13:30:00-04:00,119.8125
2025-05-30 13:35:00-04:00,104.8125
2025-05-30 13:40:00-04:00,108.5625
2025-05-30 13:45:00-04:00,119.8125
2025-05-30 13:50:00-04:00,110.25
2025-05-30 13:55:00-04:00,110.25
2025-05-30 14:00:00-04:00,110.25
2025-05-30 14:05:00-04:00,110.25
2025-05-30 14:10:00-04:00,110.25
2025-05-30 14:15:00-04:00,110.25
2025-05-30 14:20:00-04:00,110.25
2025-05-30 14:25:00-04:00,110.25
2025-05-30 14:30:00-04:00,110.25
2025-05-30 14:35:00-04:00,110.25
2025-05-30 14:40:00-04:00,110.25
2025-05-30 14:45:00-04:00,110.25
2025-05-30 14:50:00-04:00,110.25
2025-05-30 14:55:00-04:00,110.25
2025-05-30 15:00:00-04:00,110.25
2025-05-30 15:05:00-04:00,110.25
2025-05-30 15:10:00-04:00,110.25
2025-05-30 15:15:00-04:00,110.25
2025-05-30 15:20:00-04:00,110.25
2025-05-30 15:25:00-04:00,110.25
2025-05-30 15:30:00-04:00,110.25
2025-05-30 15:35:00-04:00,110.25
2025-05-30 15:40:00-04:00,110.25
2025-05-30 15:45:00-04:00,110.25
2025-05-30 15:50:00-04:00,110.25
2025-05-30 15:55:00-04:00,110.25
2025-06-02 09:30:00-04:00,0.0
2025-06-02 09:35:00-04:00,0.0
2025-06-02 09:40:00-04:00,0.0
2025-06-02 09:45:00-04:00,0.0
2025-06-02 09:50:00-04:00,0.0
2025-06-02 09:55:00-04:00,0.0
2025-06-02 10:00:00-04:00,0.0
2025-06-02 10:05:00-04:00,0.0
2025-06-02 10:10:00-04:00,0.0
2025-06-02 10:15:00-04:00,0.0
2025-06-02 10:20:00-04:00,0.0
2025-06-02 10:25:00-04:00,0.0
2025-06-02 10:30:00-04:00,0.0
2025-06-02 10:35:00-04:00,0.0
2025-06-02 10:40:00-04:00,0.0
2025-06-02 10:45:00-04:00,0.0
2025-06-02 10:50:00-04:00,0.0
2025-06-02 10:55:00-04:00,0.0
2025-06-02 11:00:00-04:00,-0.5
2025-06-02 11:05:00-04:00,-29.25
2025-06-02 11:10:00-04:00,-31.0
2025-06-02 11:15:00-04:00,-31.5
2025-06-02 11:20:00-04:00,-46.5
2025-06-02 11:25:00-04:00,-62.0
2025-06-02 11:30:00-04:00,-62.5
2025-06-02 11:35:00-04:00,-77.8125
2025-06-02 11:40:00-04:00,-71.5625
2025-06-02 11:45:00-04:00,-40.3125
2025-06-02 11:50:00-04:00,-24.0625
2025-06-02 11:55:00-04:00,-6.5625
2025-06-02 12:00:00-04:00,-25.3125
2025-06-02 12:05:00-04:00,-21.5625
2025-06-02 12:10:00-04:00,-9.0625
2025-06-02 12:15:00-04:00,-20.3125
2025-06-02 12:20:00-04:00,-10.3125
2025-06-02 12:25:00-04:00,-35.3125
2025-06-02 12:30:00-04:00,-22.8125
2025-06-02 12:35:00-04:00,-24.0625
2025-06-02 12:40:00-04:00,-32.8125
2025-06-02 12:45:00-04:00,-27.8125
2025-06-02 12:50:00-04:00,-25.3125
2025-06-02 12:55:00-04:00,10.9375
2025-06-02 13:00:00-04:00,13.4375
2025-06-02 13:05:00-04:00,22.1875
2025-06-02 13:10:00-04:00,18.4375
2025-06-02 13:15:00-04:00,19.6875
2025-06-02 13:20:00-04:00,5.9375
2025-06-02 13:25:00-04:00,0.9375
2025-06-02 13:30:00-04:00,5.9375
2025-06-02 13:35:00-04:00,2.1875
2025-06-02 13:40:00-04:00,2.1875
2025-06-02 13:45:00-04:00,-2.8125
2025-06-02 13:50:00-04:00,-9.0625
2025-06-02 13:55:00-04:00,-4.0625
2025-06-02 14:00:00-04:00,7.1875
2025-06-02 14:05:00-04:00,-7.8125
2025-06-02 14:10:00-04:00,4.6875
2025-06-02 14:15:00-04:00,30.9375
2025-06-02 14:20:00-04:00,54.6875
2025-06-02 14:25:00-04:00,78.4375
2025-06-02 14:30:00-04:00,83.4375
2025-06-02 14:35:00-04:00,74.6875
2025-06-02 14:40:00-04:00,75.9375
2025-06-02 14:45:00-04:00,88.4375
2025-06-02 14:50:00-04:00,82.1875
2025-06-02 14:55:00-04:00,94.6875
2025-06-02 15:00:00-04:00,108.4375
2025-06-02 15:05:00-04:00,103.4375
2025-06-02 15:10:00-04:00,105.9375
2025-06-02 15:15:00-04:00,104.6875
2025-06-02 15:20:00-04:00,105.9375
2025-06-02 15:25:00-04:00,130.9375
2025-06-02 15:30:00-04:00,112.1875
2025-06-02 15:35:00-04:00,108.4375
2025-06-02 15:40:00-04:00,104.6875
2025-06-02 15:45:00-04:00,107.1875
2025-06-02 15:50:00-04:00,98.4375
2025-06-02 15:55:00-04:00,104.6875
2025-06-03 09:30:00-04:00,-0.5
2025-06-03 09:35:00-04:00,-27.0625
2025-06-03 09:40:00-04:00,-18.3125
2025-06-03 09:45:00-04:00,9.1875
2025-06-03 09:50:00-04:00,-0.8125
2025-06-03 09:55:00-04:00,-22.0625
2025-06-03 10:00:00-04:00,-7.0625
2025-06-03 10:05:00-04:00,-31.0
2025-06-03 10:10:00-04:00,-31.5
2025-06-03 10:15:00-04:00,-27.4375
2025-06-03 10:20:00-04:00,-12.4375
2025-06-03 10:25:00-04:00,-16.1875
2025-06-03 10:30:00-04:00,-7.4375
2025-06-03 10:35:00-04:00,-12.4375
2025-06-03 10:40:00-04:00,0.0625
2025-06-03 10:45:00-04:00,11.3125
2025-06-03 10:50:00-04:00,17.5625
2025-06-03 10:55:00-04:00,27.5625
2025-06-03 11:00:00-04:00,47.5625
2025-06-03 11:05:00-04:00,47.5625
2025-06-03 11:10:00-04:00,52.5625
2025-06-03 11:15:00-04:00,53.8125
2025-06-03 11:20:00-04:00,63.8125
2025-06-03 11:25:00-04:00,72.5625
2025-06-03 11:30:00-04:00,71.3125
2025-06-03 11:35:00-04:00,80.0625
2025-06-03 11:40:00-04:00,87.5625
2025-06-03 11:45:00-04:00,88.8125
2025-06-03 11:50:00-04:00,81.3125
2025-06-03 11:55:00-04:00,90.0625
2025-06-03 12:00:00-04:00,101.3125
2025-06-03 12:05:00-04:00,92.5625
2025-06-03 12:10:00-04:00,95.0625
2025-06-03 12:15:00-04:00,113.8125
2025-06-03 12:20:00-04:00,117.5625
2025-06-03 12:25:00-04:00,126.3125
2025-06-03 12:30:00-04:00,131.3125
2025-06-03 12:35:00-04:00,147.5625
2025-06-03 12:40:00-04:00,143.8125
2025-06-03 12:45:00-04:00,143.8125
2025-06-03 12:50:00-04:00,150.0625
2025-06-03 12:55:00-04:00,151.3125
2025-06-03 13:00:00-04:00,142.5625
2025-06-03 13:05:00-04:00,152.5625
2025-06-03 13:10:00-04:00,160.0625
2025-06-03 13:15:00-04:00,167.5625
2025-06-03 13:20:00-04:00,170.0625
2025-06-03 13:25:00-04:00,165.0625
2025-06-03 13:30:00-04:00,156.3125
2025-06-03 13:35:00-04:00,161.3125
2025-06-03 13:40:00-04:00,152.5625
2025-06-03 13:45:00-04:00,150.0625
2025-06-03 13:50:00-04:00,138.8125
2025-06-03 13:55:00-04:00,132.5625
2025-06-03 14:00:00-04:00,78.8125
2025-06-03 14:05:00-04:00,110.8125
2025-06-03 14:10:00-04:00,110.8125
2025-06-03 14:15:00-04:00,110.8125
2025-06-03 14:20:00-04:00,110.8125
2025-06-03 14:25:00-04:00,110.8125
2025-06-03 14:30:00-04:00,110.8125
2025-06-03 14:35:00-04:00,110.8125
2025-06-03 14:40:00-04:00,110.8125
2025-06-03 14:45:00-04:00,110.8125
2025-06-03 14:50:00-04:00,110.8125
2025-06-03 14:55:00-04:00,110.8125
2025-06-03 15:00:00-04:00,110.8125
2025-06-03 15:05:00-04:00,110.8125
2025-06-03 15:10:00-04:00,110.8125
2025-06-03 15:15:00-04:00,110.3125
2025-06-03 15:20:00-04:00,99.0625
2025-06-03 15:25:00-04:00,91.5625
2025-06-03 15:30:00-04:00,104.0625
2025-06-03 15:35:00-04:00,112.8125
2025-06-03 15:40:00-04:00,91.5625
2025-06-03 15:45:00-04:00,79.8125
2025-06-03 15:50:00-04:00,79.8125
2025-06-03 15:55:00-04:00,79.8125
2025-06-04 09:30:00-04:00,-0.5
2025-06-04 09:35:00-04:00,3.875
2025-06-04 09:40:00-04:00,1.375
2025-06-04 09:45:00-04:00,1.375
2025-06-04 09:50:00-04:00,-6.125
2025-06-04 09:55:00-04:00,-6.125
2025-06-04 10:00:00-04:00,-31.0
2025-06-04 10:05:00-04:00,-31.5
2025-06-04 10:10:00-04:00,-32.75
2025-06-04 10:15:00-04:00,-17.75
2025-06-04 10:20:00-04:00,-11.5
2025-06-04 10:25:00-04:00,4.75
2025-06-04 10:30:00-04:00,21.0
2025-06-04 10:35:00-04:00,3.5
2025-06-04 10:40:00-04:00,-10.25
2025-06-04 10:45:00-04:00,-20.25
2025-06-04 10:50:00-04:00,-16.5
2025-06-04 10:55:00-04:00,-2.75
2025-06-04 11:00:00-04:00,17.25
2025-06-04 11:05:00-04:00,22.25
2025-06-04 11:10:00-04:00,24.75
2025-06-04 11:15:00-04:00,11.0
2025-06-04 11:20:00-04:00,6.0
2025-06-04 11:25:00-04:00,-1.5
2025-06-04 11:30:00-04:00,-11.5
2025-06-04 11:35:00-04:00,-10.25
2025-06-04 11:40:00-04:00,-30.25
2025-06-04 11:45:00-04:00,-11.6875
2025-06-04 11:50:00-04:00,-11.6875
2025-06-04 11:55:00-04:00,-11.6875
2025-06-04 12:00:00-04:00,-11.6875
2025-06-04 12:05:00-04:00,-11.6875
2025-06-04 12:10:00-04:00,-11.6875
2025-06-04 12:15:00-04:00,-11.6875
2025-06-04 12:20:00-04:00,-11.6875
2025-06-04 12:25:00-04:00,-11.6875
2025-06-04 12:30:00-04:00,-11.6875
2025-06-04 12:35:00-04:00,-11.6875
2025-06-04 12:40:00-04:00,-11.6875
2025-06-04 12:45:00-04:00,-11.6875
2025-06-04 12:50:00-04:00,-11.6875
2025-06-04 12:55:00-04:00,-11.6875
2025-06-04 13:00:00-04:00,-11.6875
2025-06-04 13:05:00-04:00,-11.6875
2025-06-04 13:10:00-04:00,-12.1875
2025-06-04 13:15:00-04:00,-20.3125
2025-06-04 13:20:00-04:00,-16.5625
2025-06-04 13:25:00-04:00,-14.0625
2025-06-04 13:30:00-04:00,-19.0625
2025-06-04 13:35:00-04:00,-11.5625
2025-06-04 13:40:00-04:00,-24.0625
2025-06-04 13:45:00-04:00,-10.3125
2025-06-04 13:50:00-04:00,-6.5625
2025-06-04 13:55:00-04:00,-2.8125
2025-06-04 14:00:00-04:00,3.4375
2025-06-04 14:05:00-04:00,-1.5625
2025-06-04 14:10:00-04:00,-6.5625
2025-06-04 14:15:00-04:00,-4.0625
2025-06-04 14:20:00-04:00,0.9375
2025-06-04 14:25:00-04:00,-10.3125
2025-06-04 14:30:00-04:00,-12.8125
2025-06-04 14:35:00-04:00,-15.3125
2025-06-04 14:40:00-04:00,-10.3125
2025-06-04 14:45:00-04:00,-20.3125
2025-06-04 14:50:00-04:00,-34.0625
2025-06-04 14:55:00-04:00,-23.3125
2025-06-04 15:00:00-04:00,-23.3125
2025-06-04 15:05:00-04:00,-23.3125
2025-06-04 15:10:00-04:00,-23.3125
2025-06-04 15:15:00-04:00,-23.3125
2025-06-04 15:20:00-04:00,-23.3125
2025-06-04 15:25:00-04:00,-23.3125
2025-06-04 15:30:00-04:00,-23.3125
2025-06-04 15:35:00-04:00,-23.3125
2025-06-04 15:40:00-04:00,-23.3125
2025-06-04 15:45:00-04:00,-23.3125
2025-06-04 15:50:00-04:00,-23.3125
2025-06-04 15:55:00-04:00,-23.3125
2025-06-05 09:30:00-04:00,0.0
2025-06-05 09:35:00-04:00,0.0
2025-06-05 09:40:00-04:00,0.0
2025-06-05 09:45:00-04:00,0.0
2025-06-05 09:50:00-04:00,0.0
2025-06-05 09:55:00-04:00,0.0
2025-06-05 10:00:00-04:00,0.0
2025-06-05 10:05:00-04:00,0.0
2025-06-05 10:10:00-04:00,0.0
2025-06-05 10:15:00-04:00,0.0
2025-06-05 10:20:00-04:00,0.0
2025-06-05 10:25:00-04:00,0.0
2025-06-05 10:30:00-04:00,0.0
2025-06-05 10:35:00-04:00,0.0
2025-06-05 10:40:00-04:00,0.0
2025-06-05 10:45:00-04:00,0.0
2025-06-05 10:50:00-04:00,0.0
2025-06-05 10:55:00-04:00,0.0
2025-06-05 11:00:00-04:00,0.0
2025-06-05 11:05:00-04:00,0.0
2025-06-05 11:10:00-04:00,0.0
2025-06-05 11:15:00-04:00,0.0
2025-06-05 11:20:00-04:00,0.0
2025-06-05 11:25:00-04:00,0.0
2025-06-05 11:30:00-04:00,0.0
2025-06-05 11:35:00-04:00,0.0
2025-06-05 11:40:00-04:00,0.0
2025-06-05 11:45:00-04:00,0.0
2025-06-05 11:50:00-04:00,0.0
2025-06-05 11:55:00-04:00,0.0
2025-06-05 12:00:00-04:00,-0.5
2025-06-05 12:05:00-04:00,-26.75
2025-06-05 12:10:00-04:00,-31.0
2025-06-05 12:15:00-04:00,-31.5
2025-06-05 12:20:00-04:00,-47.125
2025-06-05 12:25:00-04:00,-48.375
2025-06-05 12:30:00-04:00,-40.875
2025-06-05 12:35:00-04:00,-62.0
2025-06-05 12:40:00-04:00,-62.0
2025-06-05 12:45:00-04:00,-62.0
2025-06-05 12:50:00-04:00,-62.0
2025-06-05 12:55:00-04:00,-62.0
2025-06-05 13:00:00-04:00,-62.0
2025-06-05 13:05:00-04:00,-62.0
2025-06-05 13:10:00-04:00,-62.0
2025-06-05 13:15:00-04:00,-62.0
2025-06-05 13:20:00-04:00,-62.0
2025-06-05 13:25:00-04:00,-62.0
2025-06-05 13:30:00-04:00,-62.0
2025-06-05 13:35:00-04:00,-62.0
2025-06-05 13:40:00-04:00,-62.0
2025-06-05 13:45:00-04:00,-62.0
2025-06-05 13:50:00-04:00,-62.0
2025-06-05 13:55:00-04:00,-62.0
2025-06-05 14:00:00-04:00,-62.0
2025-06-05 14:05:00-04:00,-62.0
2025-06-05 14:10:00-04:00,-62.0
2025-06-05 14:15:00-04:00,-62.0
2025-06-05 14:20:00-04:00,-62.0
2025-06-05 14:25:00-04:00,-62.0
2025-06-05 14:30:00-04:00,-62.0
2025-06-05 14:35:00-04:00,-62.0
2025-06-05 14:40:00-04:00,-62.0
2025-06-05 14:45:00-04:00,-62.0
2025-06-05 14:50:00-04:00,-62.0
2025-06-05 14:55:00-04:00,-62.0
2025-06-05 15:00:00-04:00,-62.0
2025-06-05 15:05:00-04:00,-62.0
2025-06-05 15:10:00-04:00,-62.0
2025-06-05 15:15:00-04:00,-62.0
2025-06-05 15:20:00-04:00,-62.0
2025-06-05 15:25:00-04:00,-62.0
2025-06-05 15:30:00-04:00,-62.0
2025-06-05 15:35:00-04:00,-62.0
2025-06-05 15:40:00-04:00,-62.0
2025-06-05 15:45:00-04:00,-62.0
2025-06-05 15:50:00-04:00,-62.0
2025-06-05 15:55:00-04:00,-62.0
2025-06-06 09:30:00-04:00,0.0
2025-06-06 09:35:00-04:00,0.0
2025-06-06 09:40:00-04:00,0.0
2025-06-06 09:45:00-04:00,0.0
2025-06-06 09:50:00-04:00,0.0
2025-06-06 09:55:00-04:00,0.0
2025-06-06 10:00:00-04:00,-0.5
2025-06-06 10:05:00-04:00,-17.0625
2025-06-06 10:10:00-04:00,-31.0
2025-06-06 10:15:00-04:00,-31.5
2025-06-06 10:20:00-04:00,-47.4375
2025-06-06 10:25:00-04:00,-62.0
2025-06-06 10:30:00-04:00,-62.5
2025-06-06 10:35:00-04:00,-65.625
2025-06-06 10:40:00-04:00,-41.875
2025-06-06 10:45:00-04:00,-50.625
2025-06-06 10:50:00-04:00,-38.125
2025-06-06 10:55:00-04:00,-59.375
2025-06-06 11:00:00-04:00,-55.625
2025-06-06 11:05:00-04:00,-38.125
2025-06-06 11:10:00-04:00,-25.1875
2025-06-06 11:15:00-04:00,-25.1875
2025-06-06 11:20:00-04:00,-25.1875
2025-06-06 11:25:00-04:00,-25.1875
2025-06-06 11:30:00-04:00,-25.1875
2025-06-06 11:35:00-04:00,-25.1875
2025-06-06 11:40:00-04:00,-25.1875
2025-06-06 11:45:00-04:00,-25.1875
2025-06-06 11:50:00-04:00,-25.1875
2025-06-06 11:55:00-04:00,-25.1875
2025-06-06 12:00:00-04:00,-25.1875
2025-06-06 12:05:00-04:00,-25.1875
2025-06-06 12:10:00-04:00,-25.1875
2025-06-06 12:15:00-04:00,-25.1875
2025-06-06 12:20:00-04:00,-25.1875
2025-06-06 12:25:00-04:00,-25.1875
2025-06-06 12:30:00-04:00,-25.1875
2025-06-06 12:35:00-04:00,-25.1875
2025-06-06 12:40:00-04:00,-25.1875
2025-06-06 12:45:00-04:00,-25.1875
2025-06-06 12:50:00-04:00,-25.1875
2025-06-06 12:55:00-04:00,-25.1875
2025-06-06 13:00:00-04:00,-25.1875
2025-06-06 13:05:00-04:00,-25.1875
2025-06-06 13:10:00-04:00,-25.1875
2025-06-06 13:15:00-04:00,-25.1875
2025-06-06 13:20:00-04:00,-25.1875
2025-06-06 13:25:00-04:00,-25.1875
2025-06-06 13:30:00-04:00,-25.1875
2025-06-06 13:35:00-04:00,-25.1875
2025-06-06 13:40:00-04:00,-25.1875
2025-06-06 13:45:00-04:00,-25.1875
2025-06-06 13:50:00-04:00,-25.1875
2025-06-06 13:55:00-04:00,-25.1875
2025-06-06 14:00:00-04:00,-25.6875
2025-06-06 14:05:00-04:00,-18.8125
2025-06-06 14:10:00-04:00,-12.5625
2025-06-06 14:15:00-04:00,-10.0625
2025-06-06 14:20:00-04:00,-10.0625
2025-06-06 14:25:00-04:00,-18.8125
2025-06-06 14:30:00-04:00,-16.3125
2025-06-06 14:35:00-04:00,-2.5625
2025-06-06 14:40:00-04:00,-15.0625
2025-06-06 14:45:00-04:00,-17.5625
2025-06-06 14:50:00-04:00,-23.8125
2025-06-06 14:55:00-04:00,-8.8125
2025-06-06 15:00:00-04:00,-12.5625
2025-06-06 15:05:00-04:00,-12.5625
2025-06-06 15:10:00-04:00,-20.0625
2025-06-06 15:15:00-04:00,-23.8125
2025-06-06 15:20:00-04:00,-36.3125
2025-06-06 15:25:00-04:00,-31.3125
2025-06-06 15:30:00-04:00,-28.375
2025-06-06 15:35:00-04:00,-28.375
2025-06-06 15:40:00-04:00,-28.375
2025-06-06 15:45:00-04:00,-28.375
2025-06-06 15:50:00-04:00,-28.375
2025-06-06 15:55:00-04:00,-28.375
2025-06-09 09:30:00-04:00,0.0
2025-06-09 09:35:00-04:00,0.0
2025-06-09 09:40:00-04:00,0.0
2025-06-09 09:45:00-04:00,0.0
2025-06-09 09:50:00-04:00,0.0
2025-06-09 09:55:00-04:00,0.0
2025-06-09 10:00:00-04:00,0.0
2025-06-09 10:05:00-04:00,0.0
2025-06-09 10:10:00-04:00,0.0
2025-06-09 10:15:00-04:00,0.0
2025-06-09 10:20:00-04:00,0.0
2025-06-09 10:25:00-04:00,-0.5
2025-06-09 10:30:00-04:00,-12.375
2025-06-09 10:35:00-04:00,-7.375
2025-06-09 10:40:00-04:00,-21.125
2025-06-09 10:45:00-04:00,-31.0
2025-06-09 10:50:00-04:00,-31.0
2025-06-09 10:55:00-04:00,-31.5
2025-06-09 11:00:00-04:00,-28.6875
2025-06-09 11:05:00-04:00,-22.4375
2025-06-09 11:10:00-04:00,-27.4375
2025-06-09 11:15:00-04:00,-31.0625
2025-06-09 11:20:00-04:00,-31.0625
2025-06-09 11:25:00-04:00,-31.0625
2025-06-09 11:30:00-04:00,-31.0625
2025-06-09 11:35:00-04:00,-31.0625
2025-06-09 11:40:00-04:00,-31.0625
2025-06-09 11:45:00-04:00,-31.0625
2025-06-09 11:50:00-04:00,-31.0625
2025-06-09 11:55:00-04:00,-31.0625
2025-06-09 12:00:00-04:00,-31.5625
2025-06-09 12:05:00-04:00,-59.6875
2025-06-09 12:10:00-04:00,-50.9375
2025-06-09 12:15:00-04:00,-45.9375
2025-06-09 12:20:00-04:00,-39.6875
2025-06-09 12:25:00-04:00,-38.4375
2025-06-09 12:30:00-04:00,-37.1875
2025-06-09 12:35:00-04:00,-25.9375
2025-06-09 12:40:00-04:00,-23.4375
2025-06-09 12:45:00-04:00,-13.4375
2025-06-09 12:50:00-04:00,-5.9375
2025-06-09 12:55:00-04:00,1.5625
2025-06-09 13:00:00-04:00,1.5625
2025-06-09 13:05:00-04:00,12.8125
2025-06-09 13:10:00-04:00,-0.9375
2025-06-09 13:15:00-04:00,-20.9375
2025-06-09 13:20:00-04:00,-15.9375
2025-06-09 13:25:00-04:00,4.0625
2025-06-09 13:30:00-04:00,2.8125
2025-06-09 13:35:00-04:00,4.0625
2025-06-09 13:40:00-04:00,11.5625
2025-06-09 13:45:00-04:00,19.0625
2025-06-09 13:50:00-04:00,20.3125
2025-06-09 13:55:00-04:00,17.8125
2025-06-09 14:00:00-04:00,14.0625
2025-06-09 14:05:00-04:00,10.3125
2025-06-09 14:10:00-04:00,16.5625
2025-06-09 14:15:00-04:00,20.3125
2025-06-09 14:20:00-04:00,22.8125
2025-06-09 14:25:00-04:00,24.0625
2025-06-09 14:30:00-04:00,22.8125
2025-06-09 14:35:00-04:00,-2.1875
2025-06-09 14:40:00-04:00,-8.4375
2025-06-09 14:45:00-04:00,4.0625
2025-06-09 14:50:00-04:00,10.3125
2025-06-09 14:55:00-04:00,17.8125
2025-06-09 15:00:00-04:00,22.625
2025-06-09 15:05:00-04:00,22.625
2025-06-09 15:10:00-04:00,22.625
2025-06-09 15:15:00-04:00,22.625
2025-06-09 15:20:00-04:00,22.625
2025-06-09 15:25:00-04:00,22.625
2025-06-09 15:30:00-04:00,22.625
2025-06-09 15:35:00-04:00,22.625
2025-06-09 15:40:00-04:00,22.625
2025-06-09 15:45:00-04:00,22.625
2025-06-09 15:50:00-04:00,22.625
2025-06-09 15:55:00-04:00,22.625
2025-06-10 09:30:00-04:00,0.0
2025-06-10 09:35:00-04:00,0.0
2025-06-10 09:40:00-04:00,0.0
2025-06-10 09:45:00-04:00,0.0
2025-06-10 09:50:00-04:00,0.0
2025-06-10 09:55:00-04:00,0.0
2025-06-10 10:00:00-04:00,0.0
2025-06-10 10:05:00-04:00,0.0
2025-06-10 10:10:00-04:00,-0.5
2025-06-10 10:15:00-04:00,1.375
2025-06-10 10:20:00-04:00,-1.125
2025-06-10 10:25:00-04:00,1.375
2025-06-10 10:30:00-04:00,6.375
2025-06-10 10:35:00-04:00,7.625
2025-06-10 10:40:00-04:00,13.875
2025-06-10 10:45:00-04:00,23.875
2025-06-10 10:50:00-04:00,22.625
2025-06-10 10:55:00-04:00,7.625
2025-06-10 11:00:00-04:00,1.375
2025-06-10 11:05:00-04:00,7.625
2025-06-10 11:10:00-04:00,-2.375
2025-06-10 11:15:00-04:00,11.375
2025-06-10 11:20:00-04:00,8.875
2025-06-10 11:25:00-04:00,10.125
2025-06-10 11:30:00-04:00,-31.0
2025-06-10 11:35:00-04:00,-31.0
2025-06-10 11:40:00-04:00,-31.0
2025-06-10 11:45:00-04:00,-31.0
2025-06-10 11:50:00-04:00,-31.0
2025-06-10 11:55:00-04:00,-31.0
2025-06-10 12:00:00-04:00,-31.0
2025-06-10 12:05:00-04:00,-31.0
2025-06-10 12:10:00-04:00,-31.0
2025-06-10 12:15:00-04:00,-31.5
2025-06-10 12:20:00-04:00,-35.5625
2025-06-10 12:25:00-04:00,-29.3125
2025-06-10 12:30:00-04:00,-21.8125
2025-06-10 12:35:00-04:00,-20.5625
2025-06-10 12:40:00-04:00,-25.5625
2025-06-10 12:45:00-04:00,-24.3125
2025-06-10 12:50:00-04:00,-15.5625
2025-06-10 12:55:00-04:00,-6.8125
2025-06-10 13:00:00-04:00,-21.8125
2025-06-10 13:05:00-04:00,-26.8125
2025-06-10 13:10:00-04:00,-8.0625
2025-06-10 13:15:00-04:00,-3.0625
2025-06-10 13:20:00-04:00,-3.0625
2025-06-10 13:25:00-04:00,-20.5625
2025-06-10 13:30:00-04:00,-26.8125
2025-06-10 13:35:00-04:00,-23.0625
2025-06-10 13:40:00-04:00,-34.3125
2025-06-10 13:45:00-04:00,-43.0625
2025-06-10 13:50:00-04:00,-36.8125
2025-06-10 13:55:00-04:00,-40.4375
2025-06-10 14:00:00-04:00,-40.4375
2025-06-10 14:05:00-04:00,-40.4375
2025-06-10 14:10:00-04:00,-40.4375
2025-06-10 14:15:00-04:00,-40.4375
2025-06-10 14:20:00-04:00,-40.4375
2025-06-10 14:25:00-04:00,-40.4375
2025-06-10 14:30:00-04:00,-40.4375
2025-06-10 14:35:00-04:00,-40.4375
2025-06-10 14:40:00-04:00,-40.4375
2025-06-10 14:45:00-04:00,-40.4375
2025-06-10 14:50:00-04:00,-40.4375
2025-06-10 14:55:00-04:00,-40.4375
2025-06-10 15:00:00-04:00,-40.9375
2025-06-10 15:05:00-04:00,-32.1875
2025-06-10 15:10:00-04:00,-33.4375
2025-06-10 15:15:00-04:00,-59.6875
2025-06-10 15:20:00-04:00,-50.9375
2025-06-10 15:25:00-04:00,-47.1875
2025-06-10 15:30:00-04:00,-68.4375
2025-06-10 15:35:00-04:00,-71.4375
2025-06-10 15:40:00-04:00,-71.9375
2025-06-10 15:45:00-04:00,-85.375
2025-06-10 15:50:00-04:00,-87.875
2025-06-10 15:55:00-04:00,-61.625
2025-06-11 09:30:00-04:00,-0.5
2025-06-11 09:35:00-04:00,-31.0
2025-06-11 09:40:00-04:00,-31.5
2025-06-11 09:45:00-04:00,-62.0
2025-06-11 09:50:00-04:00,-62.5
2025-06-11 09:55:00-04:00,-65.625
2025-06-11 10:00:00-04:00,-64.375
2025-06-11 10:05:00-04:00,-71.875
2025-06-11 10:10:00-04:00,-44.375
2025-06-11 10:15:00-04:00,-34.375
2025-06-11 10:20:00-04:00,-15.625
2025-06-11 10:25:00-04:00,-4.375
2025-06-11 10:30:00-04:00,-10.625
2025-06-11 10:35:00-04:00,-6.875
2025-06-11 10:40:00-04:00,-13.125
2025-06-11 10:45:00-04:00,-0.625
2025-06-11 10:50:00-04:00,-0.625
2025-06-11 10:55:00-04:00,0.625
2025-06-11 11:00:00-04:00,1.875
2025-06-11 11:05:00-04:00,-48.125
2025-06-11 11:10:00-04:00,-59.375
2025-06-11 11:15:00-04:00,-18.125
2025-06-11 11:20:00-04:00,-10.625
2025-06-11 11:25:00-04:00,-25.625
2025-06-11 11:30:00-04:00,-31.875
2025-06-11 11:35:00-04:00,-35.625
2025-06-11 11:40:00-04:00,-37.6875
2025-06-11 11:45:00-04:00,-37.6875
2025-06-11 11:50:00-04:00,-37.6875
2025-06-11 11:55:00-04:00,-37.6875
2025-06-11 12:00:00-04:00,-37.6875
2025-06-11 12:05:00-04:00,-37.6875
2025-06-11 12:10:00-04:00,-37.6875
2025-06-11 12:15:00-04:00,-37.6875
2025-06-11 12:20:00-04:00,-37.6875
2025-06-11 12:25:00-04:00,-37.6875
2025-06-11 12:30:00-04:00,-37.6875
2025-06-11 12:35:00-04:00,-37.6875
2025-06-11 12:40:00-04:00,-37.6875
2025-06-11 12:45:00-04:00,-37.6875
2025-06-11 12:50:00-04:00,-37.6875
2025-06-11 12:55:00-04:00,-37.6875
2025-06-11 13:00:00-04:00,-37.6875
2025-06-11 13:05:00-04:00,-37.6875
2025-06-11 13:10:00-04:00,-38.1875
2025-06-11 13:15:00-04:00,-56.9375
2025-06-11 13:20:00-04:00,-46.9375
2025-06-11 13:25:00-04:00,-33.1875
2025-06-11 13:30:00-04:00,-49.4375
2025-06-11 13:35:00-04:00,-61.9375
2025-06-11 13:40:00-04:00,-68.6875
2025-06-11 13:45:00-04:00,-68.6875
2025-06-11 13:50:00-04:00,-68.6875
2025-06-11 13:55:00-04:00,-68.6875
2025-06-11 14:00:00-04:00,-68.6875
2025-06-11 14:05:00-04:00,-68.6875
2025-06-11 14:10:00-04:00,-68.6875
2025-06-11 14:15:00-04:00,-68.6875
2025-06-11 14:20:00-04:00,-68.6875
2025-06-11 14:25:00-04:00,-68.6875
2025-06-11 14:30:00-04:00,-68.6875
2025-06-11 14:35:00-04:00,-68.6875
2025-06-11 14:40:00-04:00,-68.6875
2025-06-11 14:45:00-04:00,-68.6875
2025-06-11 14:50:00-04:00,-68.6875
2025-06-11 14:55:00-04:00,-68.6875
2025-06-11 15:00:00-04:00,-68.6875
2025-06-11 15:05:00-04:00,-68.6875
2025-06-11 15:10:00-04:00,-68.6875
2025-06-11 15:15:00-04:00,-68.6875
2025-06-11 15:20:00-04:00,-68.6875
2025-06-11 15:25:00-04:00,-68.6875
2025-06-11 15:30:00-04:00,-68.6875
2025-06-11 15:35:00-04:00,-68.6875
2025-06-11 15:40:00-04:00,-68.6875
2025-06-11 15:45:00-04:00,-68.6875
2025-06-11 15:50:00-04:00,-68.6875
2025-06-11 15:55:00-04:00,-68.6875
2025-06-12 09:30:00-04:00,0.0
2025-06-12 09:35:00-04:00,0.0
2025-06-12 09:40:00-04:00,0.0
2025-06-12 09:45:00-04:00,0.0
2025-06-12 09:50:00-04:00,0.0
2025-06-12 09:55:00-04:00,0.0
2025-06-12 10:00:00-04:00,0.0
2025-06-12 10:05:00-04:00,0.0
2025-06-12 10:10:00-04:00,0.0
2025-06-12 10:15:00-04:00,0.0
2025-06-12 10:20:00-04:00,0.0
2025-06-12 10:25:00-04:00,0.0
2025-06-12 10:30:00-04:00,0.0
2025-06-12 10:35:00-04:00,0.0
2025-06-12 10:40:00-04:00,0.0
2025-06-12 10:45:00-04:00,0.0
2025-06-12 10:50:00-04:00,0.0
2025-06-12 10:55:00-04:00,0.0
2025-06-12 11:00:00-04:00,-0.5
2025-06-12 11:05:00-04:00,-3.3125
2025-06-12 11:10:00-04:00,-10.8125
2025-06-12 11:15:00-04:00,-31.0
2025-06-12 11:20:00-04:00,-31.5
2025-06-12 11:25:00-04:00,-58.6875
2025-06-12 11:30:00-04:00,-47.4375
2025-06-12 11:35:00-04:00,-43.6875
2025-06-12 11:40:00-04:00,-41.1875
2025-06-12 11:45:00-04:00,-39.1875
2025-06-12 11:50:00-04:00,-39.1875
2025-06-12 11:55:00-04:00,-39.1875
2025-06-12 12:00:00-04:00,-39.1875
2025-06-12 12:05:00-04:00,-39.1875
2025-06-12 12:10:00-04:00,-39.1875
2025-06-12 12:15:00-04:00,-39.1875
2025-06-12 12:20:00-04:00,-39.1875
2025-06-12 12:25:00-04:00,-39.1875
2025-06-12 12:30:00-04:00,-39.1875
2025-06-12 12:35:00-04:00,-39.6875
2025-06-12 12:40:00-04:00,-48.75
2025-06-12 12:45:00-04:00,-55.0
2025-06-12 12:50:00-04:00,-70.1875
2025-06-12 12:55:00-04:00,-70.6875
2025-06-12 13:00:00-04:00,-79.4375
2025-06-12 13:05:00-04:00,-68.1875
2025-06-12 13:10:00-04:00,-49.4375
2025-06-12 13:15:00-04:00,-48.1875
2025-06-12 13:20:00-04:00,-48.1875
2025-06-12 13:25:00-04:00,-59.4375
2025-06-12 13:30:00-04:00,-50.6875
2025-06-12 13:35:00-04:00,-33.1875
2025-06-12 13:40:00-04:00,-34.4375
2025-06-12 13:45:00-04:00,-39.4375
2025-06-12 13:50:00-04:00,-39.4375
2025-06-12 13:55:00-04:00,-49.4375
2025-06-12 14:00:00-04:00,-46.9375
2025-06-12 14:05:00-04:00,-36.9375
2025-06-12 14:10:00-04:00,-43.1875
2025-06-12 14:15:00-04:00,-44.4375
2025-06-12 14:20:00-04:00,-54.4375
2025-06-12 14:25:00-04:00,-75.6875
2025-06-12 14:30:00-04:00,-74.4375
2025-06-12 14:35:00-04:00,-50.25
2025-06-12 14:40:00-04:00,-50.25
2025-06-12 14:45:00-04:00,-50.25
2025-06-12 14:50:00-04:00,-50.25
2025-06-12 14:55:00-04:00,-50.25
2025-06-12 15:00:00-04:00,-50.25
2025-06-12 15:05:00-04:00,-50.25
2025-06-12 15:10:00-04:00,-50.25
2025-06-12 15:15:00-04:00,-50.75
2025-06-12 15:20:00-04:00,-58.5625
2025-06-12 15:25:00-04:00,-68.5625
2025-06-12 15:30:00-04:00,-76.0625
2025-06-12 15:35:00-04:00,-71.0625
2025-06-12 15:40:00-04:00,-81.25
2025-06-12 15:45:00-04:00,-81.75
2025-06-12 15:50:00-04:00,-86.9375
2025-06-12 15:55:00-04:00,-87.4375
2025-06-13 09:30:00-04:00,0.0
2025-06-13 09:35:00-04:00,0.0
2025-06-13 09:40:00-04:00,0.0
2025-06-13 09:45:00-04:00,0.0
2025-06-13 09:50:00-04:00,0.0
2025-06-13 09:55:00-04:00,0.0
2025-06-13 10:00:00-04:00,-0.5
2025-06-13 10:05:00-04:00,-28.3125
2025-06-13 10:10:00-04:00,-9.5625
2025-06-13 10:15:00-04:00,7.9375
2025-06-13 10:20:00-04:00,14.1875
2025-06-13 10:25:00-04:00,32.9375
2025-06-13 10:30:00-04:00,39.1875
2025-06-13 10:35:00-04:00,-0.8125
2025-06-13 10:40:00-04:00,-31.0
2025-06-13 10:45:00-04:00,-31.5
2025-06-13 10:50:00-04:00,-62.0
2025-06-13 10:55:00-04:00,-62.5
2025-06-13 11:00:00-04:00,-78.75
2025-06-13 11:05:00-04:00,-93.0
2025-06-13 11:10:00-04:00,-93.0
2025-06-13 11:15:00-04:00,-93.0
2025-06-13 11:20:00-04:00,-93.0
2025-06-13 11:25:00-04:00,-93.0
2025-06-13 11:30:00-04:00,-93.0
2025-06-13 11:35:00-04:00,-93.0
2025-06-13 11:40:00-04:00,-93.0
2025-06-13 11:45:00-04:00,-93.0
2025-06-13 11:50:00-04:00,-93.0
2025-06-13 11:55:00-04:00,-93.0
2025-06-13 12:00:00-04:00,-93.0
2025-06-13 12:05:00-04:00,-93.0
2025-06-13 12:10:00-04:00,-93.0
2025-06-13 12:15:00-04:00,-93.0
2025-06-13 12:20:00-04:00,-93.0
2025-06-13 12:25:00-04:00,-93.0
2025-06-13 12:30:00-04:00,-93.0
2025-06-13 12:35:00-04:00,-93.0
2025-06-13 12:40:00-04:00,-93.0
2025-06-13 12:45:00-04:00,-93.0
2025-06-13 12:50:00-04:00,-93.0
2025-06-13 12:55:00-04:00,-93.0
2025-06-13 13:00:00-04:00,-93.0
2025-06-13 13:05:00-04:00,-93.0
2025-06-13 13:10:00-04:00,-93.0
2025-06-13 13:15:00-04:00,-93.5
2025-06-13 13:20:00-04:00,-124.0
2025-06-13 13:25:00-04:00,-124.5
2025-06-13 13:30:00-04:00,-138.875
2025-06-13 13:35:00-04:00,-120.125
2025-06-13 13:40:00-04:00,-122.625
2025-06-13 13:45:00-04:00,-120.125
2025-06-13 13:50:00-04:00,-141.375
2025-06-13 13:55:00-04:00,-135.125
2025-06-13 14:00:00-04:00,-147.625
2025-06-13 14:05:00-04:00,-122.625
2025-06-13 14:10:00-04:00,-91.375
2025-06-13 14:15:00-04:00,-67.625
2025-06-13 14:20:00-04:00,-68.875
2025-06-13 14:25:00-04:00,-46.375
2025-06-13 14:30:00-04:00,-0.125
2025-06-13 14:35:00-04:00,29.875
2025-06-13 14:40:00-04:00,36.125
2025-06-13 14:45:00-04:00,21.125
2025-06-13 14:50:00-04:00,9.875
2025-06-13 14:55:00-04:00,-0.125
2025-06-13 15:00:00-04:00,-8.875
2025-06-13 15:05:00-04:00,-13.875
2025-06-13 15:10:00-04:00,-18.875
2025-06-13 15:15:00-04:00,-13.875
2025-06-13 15:20:00-04:00,-5.125
2025-06-13 15:25:00-04:00,38.625
2025-06-13 15:30:00-04:00,24.875
2025-06-13 15:35:00-04:00,3.625
2025-06-13 15:40:00-04:00,12.375
2025-06-13 15:45:00-04:00,26.125
2025-06-13 15:50:00-04:00,28.625
2025-06-13 15:55:00-04:00,13.625
2025-06-16 09:30:00-04:00,0.0
2025-06-16 09:35:00-04:00,0.0
2025-06-16 09:40:00-04:00,0.0
2025-06-16 09:45:00-04:00,0.0
2025-06-16 09:50:00-04:00,0.0
2025-06-16 09:55:00-04:00,0.0
2025-06-16 10:00:00-04:00,0.0
2025-06-16 10:05:00-04:00,0.0
2025-06-16 10:10:00-04:00,0.0
2025-06-16 10:15:00-04:00,0.0
2025-06-16 10:20:00-04:00,0.0
2025-06-16 10:25:00-04:00,0.0
2025-06-16 10:30:00-04:00,0.0
2025-06-16 10:35:00-04:00,0.0
2025-06-16 10:40:00-04:00,0.0
2025-06-16 10:45:00-04:00,0.0
2025-06-16 10:50:00-04:00,0.0
2025-06-16 10:55:00-04:00,0.0
2025-06-16 11:00:00-04:00,-0.5
2025-06-16 11:05:00-04:00,-21.4375
2025-06-16 11:10:00-04:00,-17.6875
2025-06-16 11:15:00-04:00,-13.9375
2025-06-16 11:20:00-04:00,-7.6875
2025-06-16 11:25:00-04:00,-30.1875
2025-06-16 11:30:00-04:00,-27.6875
2025-06-16 11:35:00-04:00,-31.0
2025-06-16 11:40:00-04:00,-31.0
2025-06-16 11:45:00-04:00,-31.0
2025-06-16 11:50:00-04:00,-31.0
2025-06-16 11:55:00-04:00,-31.0
2025-06-16 12:00:00-04:00,-31.0
2025-06-16 12:05:00-04:00,-31.0
2025-06-16 12:10:00-04:00,-31.0
2025-06-16 12:15:00-04:00,-31.0
2025-06-16 12:20:00-04:00,-31.0
2025-06-16 12:25:00-04:00,-31.0
2025-06-16 12:30:00-04:00,-31.0
2025-06-16 12:35:00-04:00,-31.0
2025-06-16 12:40:00-04:00,-31.0
2025-06-16 12:45:00-04:00,-31.0
2025-06-16 12:50:00-04:00,-31.0
2025-06-16 12:55:00-04:00,-31.0
2025-06-16 13:00:00-04:00,-31.0
2025-06-16 13:05:00-04:00,-31.0
2025-06-16 13:10:00-04:00,-31.0
2025-06-16 13:15:00-04:00,-31.0
2025-06-16 13:20:00-04:00,-31.0
2025-06-16 13:25:00-04:00,-31.0
2025-06-16 13:30:00-04:00,-31.0
2025-06-16 13:35:00-04:00,-31.0
2025-06-16 13:40:00-04:00,-31.0
2025-06-16 13:45:00-04:00,-31.0
2025-06-16 13:50:00-04:00,-31.0
2025-06-16 13:55:00-04:00,-31.0
2025-06-16 14:00:00-04:00,-31.0
2025-06-16 14:05:00-04:00,-31.0
2025-06-16 14:10:00-04:00,-31.0
2025-06-16 14:15:00-04:00,-31.0
2025-06-16 14:20:00-04:00,-31.0
2025-06-16 14:25:00-04:00,-31.0
2025-06-16 14:30:00-04:00,-31.0
2025-06-16 14:35:00-04:00,-31.0
2025-06-16 14:40:00-04:00,-31.0
2025-06-16 14:45:00-04:00,-31.0
2025-06-16 14:50:00-04:00,-31.0
2025-06-16 14:55:00-04:00,-31.0
2025-06-16 15:00:00-04:00,-31.0
2025-06-16 15:05:00-04:00,-31.0
2025-06-16 15:10:00-04:00,-31.0
2025-06-16 15:15:00-04:00,-31.0
2025-06-16 15:20:00-04:00,-31.0
2025-06-16 15:25:00-04:00,-31.0
2025-06-16 15:30:00-04:00,-31.0
2025-06-16 15:35:00-04:00,-31.0
2025-06-16 15:40:00-04:00,-31.0
2025-06-16 15:45:00-04:00,-31.0
2025-06-16 15:50:00-04:00,-31.0
2025-06-16 15:55:00-04:00,-31.0
2025-06-17 09:30:00-04:00,0.0
2025-06-17 09:35:00-04:00,0.0
2025-06-17 09:40:00-04:00,0.0
2025-06-17 09:45:00-04:00,0.0
2025-06-17 09:50:00-04:00,0.0
2025-06-17 09:55:00-04:00,0.0
2025-06-17 10:00:00-04:00,-0.5
2025-06-17 10:05:00-04:00,-24.5625
2025-06-17 10:10:00-04:00,-31.0
2025-06-17 10:15:00-04:00,-31.5
2025-06-17 10:20:00-04:00,-38.0625
2025-06-17 10:25:00-04:00,-31.8125
2025-06-17 10:30:00-04:00,-35.5625
2025-06-17 10:35:00-04:00,-19.3125
2025-06-17 10:40:00-04:00,-16.8125
2025-06-17 10:45:00-04:00,-20.5625
2025-06-17 10:50:00-04:00,-25.5625
2025-06-17 10:55:00-04:00,-9.3125
2025-06-17 11:00:00-04:00,-18.0625
2025-06-17 11:05:00-04:00,-21.6875
2025-06-17 11:10:00-04:00,-21.6875
2025-06-17 11:15:00-04:00,-21.6875
2025-06-17 11:20:00-04:00,-21.6875
2025-06-17 11:25:00-04:00,-21.6875
2025-06-17 11:30:00-04:00,-22.1875
2025-06-17 11:35:00-04:00,-44.375
2025-06-17 11:40:00-04:00,-52.6875
2025-06-17 11:45:00-04:00,-53.1875
2025-06-17 11:50:00-04:00,-71.625
2025-06-17 11:55:00-04:00,-60.375
2025-06-17 12:00:00-04:00,-80.375
2025-06-17 12:05:00-04:00,-63.0625
2025-06-17 12:10:00-04:00,-63.0625
2025-06-17 12:15:00-04:00,-63.0625
2025-06-17 12:20:00-04:00,-63.0625
2025-06-17 12:25:00-04:00,-63.0625
2025-06-17 12:30:00-04:00,-63.0625
2025-06-17 12:35:00-04:00,-63.0625
2025-06-17 12:40:00-04:00,-63.0625
2025-06-17 12:45:00-04:00,-63.0625
2025-06-17 12:50:00-04:00,-63.0625
2025-06-17 12:55:00-04:00,-63.5625
2025-06-17 13:00:00-04:00,-73.875
2025-06-17 13:05:00-04:00,-66.375
2025-06-17 13:10:00-04:00,-75.125
2025-06-17 13:15:00-04:00,-65.125
2025-06-17 13:20:00-04:00,-52.625
2025-06-17 13:25:00-04:00,-38.875
2025-06-17 13:30:00-04:00,-47.625
2025-06-17 13:35:00-04:00,-60.125
2025-06-17 13:40:00-04:00,-50.125
2025-06-17 13:45:00-04:00,-16.375
2025-06-17 13:50:00-04:00,19.875
2025-06-17 13:55:00-04:00,3.625
2025-06-17 14:00:00-04:00,34.875
2025-06-17 14:05:00-04:00,37.375
2025-06-17 14:10:00-04:00,27.375
2025-06-17 14:15:00-04:00,39.875
2025-06-17 14:20:00-04:00,44.875
2025-06-17 14:25:00-04:00,57.375
2025-06-17 14:30:00-04:00,39.875
2025-06-17 14:35:00-04:00,34.875
2025-06-17 14:40:00-04:00,59.875
2025-06-17 14:45:00-04:00,47.375
2025-06-17 14:50:00-04:00,47.375
2025-06-17 14:55:00-04:00,28.625
2025-06-17 15:00:00-04:00,24.875
2025-06-17 15:05:00-04:00,43.625
2025-06-17 15:10:00-04:00,27.375
2025-06-17 15:15:00-04:00,33.625
2025-06-17 15:20:00-04:00,21.125
2025-06-17 15:25:00-04:00,21.875
2025-06-17 15:30:00-04:00,21.875
2025-06-17 15:35:00-04:00,21.875
2025-06-17 15:40:00-04:00,21.875
2025-06-17 15:45:00-04:00,21.875
2025-06-17 15:50:00-04:00,21.875
2025-06-17 15:55:00-04:00,21.875
2025-06-18 09:30:00-04:00,0.0
2025-06-18 09:35:00-04:00,0.0
2025-06-18 09:40:00-04:00,0.0
2025-06-18 09:45:00-04:00,0.0
2025-06-18 09:50:00-04:00,0.0
2025-06-18 09:55:00-04:00,0.0
2025-06-18 10:00:00-04:00,-0.5
2025-06-18 10:05:00-04:00,-0.5
2025-06-18 10:10:00-04:00,2.0
2025-06-18 10:15:00-04:00,34.5
2025-06-18 10:20:00-04:00,52.0
2025-06-18 10:25:00-04:00,72.0
2025-06-18 10:30:00-04:00,69.5
2025-06-18 10:35:00-04:00,77.0
2025-06-18 10:40:00-04:00,64.5
2025-06-18 10:45:00-04:00,65.75
2025-06-18 10:50:00-04:00,60.75
2025-06-18 10:55:00-04:00,62.0
2025-06-18 11:00:00-04:00,65.75
2025-06-18 11:05:00-04:00,52.0
2025-06-18 11:10:00-04:00,49.5
2025-06-18 11:15:00-04:00,45.75
2025-06-18 11:20:00-04:00,38.25
2025-06-18 11:25:00-04:00,28.25
2025-06-18 11:30:00-04:00,35.75
2025-06-18 11:35:00-04:00,28.25
2025-06-18 11:40:00-04:00,33.0625
2025-06-18 11:45:00-04:00,33.0625
2025-06-18 11:50:00-04:00,33.0625
2025-06-18 11:55:00-04:00,33.0625
2025-06-18 12:00:00-04:00,33.0625
2025-06-18 12:05:00-04:00,33.0625
2025-06-18 12:10:00-04:00,33.0625
2025-06-18 12:15:00-04:00,33.0625
2025-06-18 12:20:00-04:00,33.0625
2025-06-18 12:25:00-04:00,33.0625
2025-06-18 12:30:00-04:00,33.0625
2025-06-18 12:35:00-04:00,33.0625
2025-06-18 12:40:00-04:00,33.0625
2025-06-18 12:45:00-04:00,33.0625
2025-06-18 12:50:00-04:00,33.0625
2025-06-18 12:55:00-04:00,33.0625
2025-06-18 13:00:00-04:00,33.0625
2025-06-18 13:05:00-04:00,33.0625
2025-06-18 13:10:00-04:00,33.0625
2025-06-18 13:15:00-04:00,33.0625
2025-06-18 13:20:00-04:00,33.0625
2025-06-18 13:25:00-04:00,33.0625
2025-06-18 13:30:00-04:00,33.0625
2025-06-18 13:35:00-04:00,33.0625
2025-06-18 13:40:00-04:00,33.0625
2025-06-18 13:45:00-04:00,33.0625
2025-06-18 13:50:00-04:00,33.0625
2025-06-18 13:55:00-04:00,33.0625
2025-06-18 14:00:00-04:00,33.0625
2025-06-18 14:05:00-04:00,33.0625
2025-06-18 14:10:00-04:00,33.0625
2025-06-18 14:15:00-04:00,33.0625
2025-06-18 14:20:00-04:00,33.0625
2025-06-18 14:25:00-04:00,33.0625
2025-06-18 14:30:00-04:00,32.5625
2025-06-18 14:35:00-04:00,2.0625
2025-06-18 14:40:00-04:00,1.5625
2025-06-18 14:45:00-04:00,-28.9375
2025-06-18 14:50:00-04:00,-29.4375
2025-06-18 14:55:00-04:00,-59.9375
2025-06-18 15:00:00-04:00,-59.9375
2025-06-18 15:05:00-04:00,-59.9375
2025-06-18 15:10:00-04:00,-59.9375
2025-06-18 15:15:00-04:00,-59.9375
2025-06-18 15:20:00-04:00,-59.9375
2025-06-18 15:25:00-04:00,-59.9375
2025-06-18 15:30:00-04:00,-59.9375
2025-06-18 15:35:00-04:00,-59.9375
2025-06-18 15:40:00-04:00,-59.9375
2025-06-18 15:45:00-04:00,-59.9375
2025-06-18 15:50:00-04:00,-59.9375
2025-06-18 15:55:00-04:00,-59.9375
2025-06-19 09:30:00-04:00,-0.5
2025-06-19 09:35:00-04:00,11.0625
2025-06-19 09:40:00-04:00,38.5625
2025-06-19 09:45:00-04:00,42.3125
2025-06-19 09:50:00-04:00,89.8125
2025-06-19 09:55:00-04:00,76.0625
2025-06-19 10:00:00-04:00,71.0625
2025-06-19 10:05:00-04:00,56.0625
2025-06-19 10:10:00-04:00,57.3125
2025-06-19 10:15:00-04:00,54.8125
2025-06-19 10:20:00-04:00,53.5625
2025-06-19 10:25:00-04:00,49.8125
2025-06-19 10:30:00-04:00,57.3125
2025-06-19 10:35:00-04:00,59.8125
2025-06-19 10:40:00-04:00,58.5625
2025-06-19 10:45:00-04:00,63.5625
2025-06-19 10:50:00-04:00,44.8125
2025-06-19 10:55:00-04:00,41.0625
2025-06-19 11:00:00-04:00,36.0625
2025-06-19 11:05:00-04:00,34.8125
2025-06-19 11:10:00-04:00,48.0625
2025-06-19 11:15:00-04:00,48.0625
2025-06-19 11:20:00-04:00,48.0625
2025-06-19 11:25:00-04:00,48.0625
2025-06-19 11:30:00-04:00,48.0625
2025-06-19 11:35:00-04:00,48.0625
2025-06-19 11:40:00-04:00,48.0625
2025-06-19 11:45:00-04:00,48.0625
2025-06-19 11:50:00-04:00,47.5625
2025-06-19 11:55:00-04:00,40.375
2025-06-19 12:00:00-04:00,50.375
2025-06-19 12:05:00-04:00,34.125
2025-06-19 12:10:00-04:00,32.875
2025-06-19 12:15:00-04:00,29.125
2025-06-19 12:20:00-04:00,19.125
2025-06-19 12:25:00-04:00,17.0625
2025-06-19 12:30:00-04:00,16.5625
2025-06-19 12:35:00-04:00,10.625
2025-06-19 12:40:00-04:00,21.375
2025-06-19 12:45:00-04:00,21.375
2025-06-19 12:50:00-04:00,21.375
2025-06-19 12:55:00-04:00,21.375
2025-06-20 09:30:00-04:00,0.0
2025-06-20 09:35:00-04:00,0.0
2025-06-20 09:40:00-04:00,0.0
2025-06-20 09:45:00-04:00,0.0
2025-06-20 09:50:00-04:00,0.0
2025-06-20 09:55:00-04:00,0.0
2025-06-20 10:00:00-04:00,0.0
2025-06-20 10:05:00-04:00,0.0
2025-06-20 10:10:00-04:00,0.0
2025-06-20 10:15:00-04:00,0.0
2025-06-20 10:20:00-04:00,0.0
2025-06-20 10:25:00-04:00,0.0
2025-06-20 10:30:00-04:00,0.0
2025-06-20 10:35:00-04:00,0.0
2025-06-20 10:40:00-04:00,0.0
2025-06-20 10:45:00-04:00,0.0
2025-06-20 10:50:00-04:00,0.0
2025-06-20 10:55:00-04:00,0.0
2025-06-20 11:00:00-04:00,0.0
2025-06-20 11:05:00-04:00,0.0
2025-06-20 11:10:00-04:00,0.0
2025-06-20 11:15:00-04:00,0.0
2025-06-20 11:20:00-04:00,0.0
2025-06-20 11:25:00-04:00,0.0
2025-06-20 11:30:00-04:00,0.0
2025-06-20 11:35:00-04:00,0.0
2025-06-20 11:40:00-04:00,0.0
2025-06-20 11:45:00-04:00,0.0
2025-06-20 11:50:00-04:00,0.0
2025-06-20 11:55:00-04:00,0.0
2025-06-20 12:00:00-04:00,0.0
2025-06-20 12:05:00-04:00,0.0
2025-06-20 12:10:00-04:00,0.0
2025-06-20 12:15:00-04:00,0.0
2025-06-20 12:20:00-04:00,0.0
2025-06-20 12:25:00-04:00,0.0
2025-06-20 12:30:00-04:00,0.0
2025-06-20 12:35:00-04:00,0.0
2025-06-20 12:40:00-04:00,0.0
2025-06-20 12:45:00-04:00,0.0
2025-06-20 12:50:00-04:00,0.0
2025-06-20 12:55:00-04:00,0.0
2025-06-20 13:00:00-04:00,0.0
2025-06-20 13:05:00-04:00,0.0
2025-06-20 13:10:00-04:00,0.0
2025-06-20 13:15:00-04:00,0.0
2025-06-20 13:20:00-04:00,0.0
2025-06-20 13:25:00-04:00,0.0
2025-06-20 13:30:00-04:00,0.0
2025-06-20 13:35:00-04:00,0.0
2025-06-20 13:40:00-04:00,0.0
2025-06-20 13:45:00-04:00,0.0
2025-06-20 13:50:00-04:00,0.0
2025-06-20 13:55:00-04:00,0.0
2025-06-20 14:00:00-04:00,-0.5
2025-06-20 14:05:00-04:00,-14.875
2025-06-20 14:10:00-04:00,-17.375
2025-06-20 14:15:00-04:00,-31.0
2025-06-20 14:20:00-04:00,-31.5
2025-06-20 14:25:00-04:00,-34.625
2025-06-20 14:30:00-04:00,-33.375
2025-06-20 14:35:00-04:00,-18.5625
2025-06-20 14:40:00-04:00,-18.5625
2025-06-20 14:45:00-04:00,-18.5625
2025-06-20 14:50:00-04:00,-18.5625
2025-06-20 14:55:00-04:00,-18.5625
2025-06-20 15:00:00-04:00,-18.5625
2025-06-20 15:05:00-04:00,-18.5625
2025-06-20 15:10:00-04:00,-18.5625
2025-06-20 15:15:00-04:00,-19.0625
2025-06-20 15:20:00-04:00,-34.0625
2025-06-20 15:25:00-04:00,-27.8125
2025-06-20 15:30:00-04:00,-25.3125
2025-06-20 15:35:00-04:00,-31.5625
2025-06-20 15:40:00-04:00,-24.0625
2025-06-20 15:45:00-04:00,-26.5625
2025-06-20 15:50:00-04:00,-49.5625
2025-06-20 15:55:00-04:00,-50.0625
2025-06-23 09:30:00-04:00,0.0
2025-06-23 09:35:00-04:00,0.0
2025-06-23 09:40:00-04:00,0.0
2025-06-23 09:45:00-04:00,0.0
2025-06-23 09:50:00-04:00,0.0
2025-06-23 09:55:00-04:00,0.0
2025-06-23 10:00:00-04:00,-0.5
2025-06-23 10:05:00-04:00,13.25
2025-06-23 10:10:00-04:00,0.75
2025-06-23 10:15:00-04:00,18.25
2025-06-23 10:20:00-04:00,35.75
2025-06-23 10:25:00-04:00,17.0
2025-06-23 10:30:00-04:00,13.25
2025-06-23 10:35:00-04:00,8.25
2025-06-23 10:40:00-04:00,9.5
2025-06-23 10:45:00-04:00,-0.5
2025-06-23 10:50:00-04:00,-9.25
2025-06-23 10:55:00-04:00,-31.0
2025-06-23 11:00:00-04:00,-31.5
2025-06-23 11:05:00-04:00,-16.8125
2025-06-23 11:10:00-04:00,-15.5625
2025-06-23 11:15:00-04:00,-5.5625
2025-06-23 11:20:00-04:00,-21.8125
2025-06-23 11:25:00-04:00,-38.5625
2025-06-23 11:30:00-04:00,-38.5625
2025-06-23 11:35:00-04:00,-38.5625
2025-06-23 11:40:00-04:00,-38.5625
2025-06-23 11:45:00-04:00,-38.5625
2025-06-23 11:50:00-04:00,-38.5625
2025-06-23 11:55:00-04:00,-38.5625
2025-06-23 12:00:00-04:00,-38.5625
2025-06-23 12:05:00-04:00,-38.5625
2025-06-23 12:10:00-04:00,-38.5625
2025-06-23 12:15:00-04:00,-38.5625
2025-06-23 12:20:00-04:00,-38.5625
2025-06-23 12:25:00-04:00,-38.5625
2025-06-23 12:30:00-04:00,-38.5625
2025-06-23 12:35:00-04:00,-38.5625
2025-06-23 12:40:00-04:00,-38.5625
2025-06-23 12:45:00-04:00,-38.5625
2025-06-23 12:50:00-04:00,-38.5625
2025-06-23 12:55:00-04:00,-38.5625
2025-06-23 13:00:00-04:00,-38.5625
2025-06-23 13:05:00-04:00,-38.5625
2025-06-23 13:10:00-04:00,-38.5625
2025-06-23 13:15:00-04:00,-38.5625
2025-06-23 13:20:00-04:00,-38.5625
2025-06-23 13:25:00-04:00,-38.5625
2025-06-23 13:30:00-04:00,-38.5625
2025-06-23 13:35:00-04:00,-38.5625
2025-06-23 13:40:00-04:00,-38.5625
2025-06-23 13:45:00-04:00,-38.5625
2025-06-23 13:50:00-04:00,-38.5625
2025-06-23 13:55:00-04:00,-38.5625
2025-06-23 14:00:00-04:00,-39.0625
2025-06-23 14:05:00-04:00,-40.625
2025-06-23 14:10:00-04:00,-38.125
2025-06-23 14:15:00-04:00,-45.625
2025-06-23 14:20:00-04:00,-44.375
2025-06-23 14:25:00-04:00,-60.625
2025-06-23 14:30:00-04:00,-55.625
2025-06-23 14:35:00-04:00,-53.125
2025-06-23 14:40:00-04:00,-60.625
2025-06-23 14:45:00-04:00,-63.125
2025-06-23 14:50:00-04:00,-69.5625
2025-06-23 14:55:00-04:00,-70.0625
2025-06-23 15:00:00-04:00,-66.9375
2025-06-23 15:05:00-04:00,-49.4375
2025-06-23 15:10:00-04:00,-43.375
2025-06-23 15:15:00-04:00,-43.875
2025-06-23 15:20:00-04:00,-59.1875
2025-06-23 15:25:00-04:00,-39.1875
2025-06-23 15:30:00-04:00,-34.1875
2025-06-23 15:35:00-04:00,-32.9375
2025-06-23 15:40:00-04:00,-41.6875
2025-06-23 15:45:00-04:00,-40.4375
2025-06-23 15:50:00-04:00,-32.9375
2025-06-23 15:55:00-04:00,-1.6875
2025-06-24 09:30:00-04:00,-0.5
2025-06-24 09:35:00-04:00,-1.4375
2025-06-24 09:40:00-04:00,28.5625
2025-06-24 09:45:00-04:00,22.3125
2025-06-24 09:50:00-04:00,2.3125
2025-06-24 09:55:00-04:00,-31.0
2025-06-24 10:00:00-04:00,-31.5
2025-06-24 10:05:00-04:00,-62.0
2025-06-24 10:10:00-04:00,-62.5
2025-06-24 10:15:00-04:00,-67.1875
2025-06-24 10:20:00-04:00,-44.6875
2025-06-24 10:25:00-04:00,-52.1875
2025-06-24 10:30:00-04:00,-43.4375
2025-06-24 10:35:00-04:00,-32.1875
2025-06-24 10:40:00-04:00,-29.6875
2025-06-24 10:45:00-04:00,-17.1875
2025-06-24 10:50:00-04:00,-22.1875
2025-06-24 10:55:00-04:00,-39.6875
2025-06-24 11:00:00-04:00,-20.9375
2025-06-24 11:05:00-04:00,-23.4375
2025-06-24 11:10:00-04:00,-12.1875
2025-06-24 11:15:00-04:00,-3.4375
2025-06-24 11:20:00-04:00,-2.1875
2025-06-24 11:25:00-04:00,12.8125
2025-06-24 11:30:00-04:00,15.3125
2025-06-24 11:35:00-04:00,22.8125
2025-06-24 11:40:00-04:00,26.5625
2025-06-24 11:45:00-04:00,25.3125
2025-06-24 11:50:00-04:00,19.0625
2025-06-24 11:55:00-04:00,17.8125
2025-06-24 12:00:00-04:00,16.5625
2025-06-24 12:05:00-04:00,29.0625
2025-06-24 12:10:00-04:00,31.5625
2025-06-24 12:15:00-04:00,37.8125
2025-06-24 12:20:00-04:00,36.5625
2025-06-24 12:25:00-04:00,45.3125
2025-06-24 12:30:00-04:00,59.0625
2025-06-24 12:35:00-04:00,59.0625
2025-06-24 12:40:00-04:00,72.8125
2025-06-24 12:45:00-04:00,72.8125
2025-06-24 12:50:00-04:00,66.5625
2025-06-24 12:55:00-04:00,51.5625
2025-06-24 13:00:00-04:00,64.0625
2025-06-24 13:05:00-04:00,62.8125
2025-06-24 13:10:00-04:00,69.0625
2025-06-24 13:15:00-04:00,72.8125
2025-06-24 13:20:00-04:00,51.5625
2025-06-24 13:25:00-04:00,49.0625
2025-06-24 13:30:00-04:00,51.5625
2025-06-24 13:35:00-04:00,56.5625
2025-06-24 13:40:00-04:00,64.0625
2025-06-24 13:45:00-04:00,72.8125
2025-06-24 13:50:00-04:00,84.0625
2025-06-24 13:55:00-04:00,90.3125
2025-06-24 14:00:00-04:00,92.8125
2025-06-24 14:05:00-04:00,86.5625
2025-06-24 14:10:00-04:00,82.8125
2025-06-24 14:15:00-04:00,82.8125
2025-06-24 14:20:00-04:00,86.5625
2025-06-24 14:25:00-04:00,82.8125
2025-06-24 14:30:00-04:00,77.8125
2025-06-24 14:35:00-04:00,80.3125
2025-06-24 14:40:00-04:00,87.8125
2025-06-24 14:45:00-04:00,86.5625
2025-06-24 14:50:00-04:00,85.3125
2025-06-24 14:55:00-04:00,85.3125
2025-06-24 15:00:00-04:00,99.0625
2025-06-24 15:05:00-04:00,105.3125
2025-06-24 15:10:00-04:00,102.8125
2025-06-24 15:15:00-04:00,109.0625
2025-06-24 15:20:00-04:00,107.8125
2025-06-24 15:25:00-04:00,107.8125
2025-06-24 15:30:00-04:00,105.3125
2025-06-24 15:35:00-04:00,114.0625
2025-06-24 15:40:00-04:00,112.8125
2025-06-24 15:45:00-04:00,106.5625
2025-06-24 15:50:00-04:00,86.5625
2025-06-24 15:55:00-04:00,71.5625
2025-06-25 09:30:00-04:00,-0.5
2025-06-25 09:35:00-04:00,-3.0
2025-06-25 09:40:00-04:00,2.0
2025-06-25 09:45:00-04:00,-11.75
2025-06-25 09:50:00-04:00,-31.0
2025-06-25 09:55:00-04:00,-31.5
2025-06-25 10:00:00-04:00,-44.3125
2025-06-25 10:05:00-04:00,-44.3125
2025-06-25 10:10:00-04:00,-62.0
2025-06-25 10:15:00-04:00,-62.5
2025-06-25 10:20:00-04:00,-73.125
2025-06-25 10:25:00-04:00,-65.625
2025-06-25 10:30:00-04:00,-52.6875
2025-06-25 10:35:00-04:00,-52.6875
2025-06-25 10:40:00-04:00,-53.1875
2025-06-25 10:45:00-04:00,-54.75
2025-06-25 10:50:00-04:00,-58.0625
2025-06-25 10:55:00-04:00,-58.0625
2025-06-25 11:00:00-04:00,-58.0625
2025-06-25 11:05:00-04:00,-58.0625
2025-06-25 11:10:00-04:00,-58.0625
2025-06-25 11:15:00-04:00,-58.0625
2025-06-25 11:20:00-04:00,-58.0625
2025-06-25 11:25:00-04:00,-58.0625
2025-06-25 11:30:00-04:00,-58.0625
2025-06-25 11:35:00-04:00,-58.0625
2025-06-25 11:40:00-04:00,-58.0625
2025-06-25 11:45:00-04:00,-58.0625
2025-06-25 11:50:00-04:00,-58.0625
2025-06-25 11:55:00-04:00,-58.0625
2025-06-25 12:00:00-04:00,-58.0625
2025-06-25 12:05:00-04:00,-58.0625
2025-06-25 12:10:00-04:00,-58.0625
2025-06-25 12:15:00-04:00,-58.0625
2025-06-25 12:20:00-04:00,-58.0625
2025-06-25 12:25:00-04:00,-58.0625
2025-06-25 12:30:00-04:00,-58.0625
2025-06-25 12:35:00-04:00,-58.0625
2025-06-25 12:40:00-04:00,-58.0625
2025-06-25 12:45:00-04:00,-58.0625
2025-06-25 12:50:00-04:00,-58.0625
2025-06-25 12:55:00-04:00,-58.0625
2025-06-25 13:00:00-04:00,-58.0625
2025-06-25 13:05:00-04:00,-58.0625
2025-06-25 13:10:00-04:00,-58.0625
2025-06-25 13:15:00-04:00,-58.0625
2025-06-25 13:20:00-04:00,-58.0625
2025-06-25 13:25:00-04:00,-58.0625
2025-06-25 13:30:00-04:00,-58.0625
2025-06-25 13:35:00-04:00,-58.0625
2025-06-25 13:40:00-04:00,-58.0625
2025-06-25 13:45:00-04:00,-58.0625
2025-06-25 13:50:00-04:00,-58.0625
2025-06-25 13:55:00-04:00,-58.0625
2025-06-25 14:00:00-04:00,-58.0625
2025-06-25 14:05:00-04:00,-58.0625
2025-06-25 14:10:00-04:00,-58.0625
2025-06-25 14:15:00-04:00,-58.0625
2025-06-25 14:20:00-04:00,-58.0625
2025-06-25 14:25:00-04:00,-58.0625
2025-06-25 14:30:00-04:00,-58.0625
2025-06-25 14:35:00-04:00,-58.0625
2025-06-25 14:40:00-04:00,-58.0625
2025-06-25 14:45:00-04:00,-58.0625
2025-06-25 14:50:00-04:00,-58.0625
2025-06-25 14:55:00-04:00,-58.0625
2025-06-25 15:00:00-04:00,-58.0625
2025-06-25 15:05:00-04:00,-58.0625
2025-06-25 15:10:00-04:00,-58.0625
2025-06-25 15:15:00-04:00,-58.0625
2025-06-25 15:20:00-04:00,-58.0625
2025-06-25 15:25:00-04:00,-58.0625
2025-06-25 15:30:00-04:00,-58.0625
2025-06-25 15:35:00-04:00,-58.0625
2025-06-25 15:40:00-04:00,-58.0625
2025-06-25 15:45:00-04:00,-58.0625
2025-06-25 15:50:00-04:00,-58.0625
2025-06-25 15:55:00-04:00,-58.0625
2025-06-26 09:30:00-04:00,-0.5
2025-06-26 09:35:00-04:00,-24.25
2025-06-26 09:40:00-04:00,-14.25
2025-06-26 09:45:00-04:00,-31.0
2025-06-26 09:50:00-04:00,-31.5
2025-06-26 09:55:00-04:00,-33.375
2025-06-26 10:00:00-04:00,-10.875
2025-06-26 10:05:00-04:00,-13.375
2025-06-26 10:10:00-04:00,-10.875
2025-06-26 10:15:00-04:00,-3.375
2025-06-26 10:20:00-04:00,6.625
2025-06-26 10:25:00-04:00,15.375
2025-06-26 10:30:00-04:00,29.125
2025-06-26 10:35:00-04:00,42.875
2025-06-26 10:40:00-04:00,34.125
2025-06-26 10:45:00-04:00,31.625
2025-06-26 10:50:00-04:00,45.375
2025-06-26 10:55:00-04:00,49.125
2025-06-26 11:00:00-04:00,50.375
2025-06-26 11:05:00-04:00,59.125
2025-06-26 11:10:00-04:00,54.125
2025-06-26 11:15:00-04:00,57.875
2025-06-26 11:20:00-04:00,64.125
2025-06-26 11:25:00-04:00,36.625
2025-06-26 11:30:00-04:00,24.125
2025-06-26 11:35:00-04:00,50.375
2025-06-26 11:40:00-04:00,50.375
2025-06-26 11:45:00-04:00,51.625
2025-06-26 11:50:00-04:00,47.875
2025-06-26 11:55:00-04:00,50.375
2025-06-26 12:00:00-04:00,57.875
2025-06-26 12:05:00-04:00,76.625
2025-06-26 12:10:00-04:00,72.875
2025-06-26 12:15:00-04:00,77.875
2025-06-26 12:20:00-04:00,82.875
2025-06-26 12:25:00-04:00,76.625
2025-06-26 12:30:00-04:00,77.875
2025-06-26 12:35:00-04:00,74.125
2025-06-26 12:40:00-04:00,72.875
2025-06-26 12:45:00-04:00,69.125
2025-06-26 12:50:00-04:00,70.375
2025-06-26 12:55:00-04:00,69.125
2025-06-26 13:00:00-04:00,65.375
2025-06-26 13:05:00-04:00,79.125
2025-06-26 13:10:00-04:00,84.125
2025-06-26 13:15:00-04:00,79.125
2025-06-26 13:20:00-04:00,85.375
2025-06-26 13:25:00-04:00,91.625
2025-06-26 13:30:00-04:00,95.375
2025-06-26 13:35:00-04:00,101.625
2025-06-26 13:40:00-04:00,105.375
2025-06-26 13:45:00-04:00,100.375
2025-06-26 13:50:00-04:00,99.125
2025-06-26 13:55:00-04:00,97.875
2025-06-26 14:00:00-04:00,92.875
2025-06-26 14:05:00-04:00,101.625
2025-06-26 14:10:00-04:00,110.375
2025-06-26 14:15:00-04:00,126.625
2025-06-26 14:20:00-04:00,129.125
2025-06-26 14:25:00-04:00,121.625
2025-06-26 14:30:00-04:00,122.875
2025-06-26 14:35:00-04:00,112.875
2025-06-26 14:40:00-04:00,109.125
2025-06-26 14:45:00-04:00,90.375
2025-06-26 14:50:00-04:00,94.125
2025-06-26 14:55:00-04:00,96.625
2025-06-26 15:00:00-04:00,106.625
2025-06-26 15:05:00-04:00,106.625
2025-06-26 15:10:00-04:00,105.375
2025-06-26 15:15:00-04:00,97.875
2025-06-26 15:20:00-04:00,109.125
2025-06-26 15:25:00-04:00,115.375
2025-06-26 15:30:00-04:00,114.5625
2025-06-26 15:35:00-04:00,114.5625
2025-06-26 15:40:00-04:00,114.5625
2025-06-26 15:45:00-04:00,114.5625
2025-06-26 15:50:00-04:00,114.5625
2025-06-26 15:55:00-04:00,114.0625
2025-06-27 09:30:00-04:00,-0.5
2025-06-27 09:35:00-04:00,-3.9375
2025-06-27 09:40:00-04:00,13.5625
2025-06-27 09:45:00-04:00,27.3125
2025-06-27 09:50:00-04:00,34.8125
2025-06-27 09:55:00-04:00,56.0625
2025-06-27 10:00:00-04:00,66.0625
2025-06-27 10:05:00-04:00,93.5625
2025-06-27 10:10:00-04:00,101.0625
2025-06-27 10:15:00-04:00,86.0625
2025-06-27 10:20:00-04:00,87.3125
2025-06-27 10:25:00-04:00,73.5625
2025-06-27 10:30:00-04:00,76.0625
2025-06-27 10:35:00-04:00,79.8125
2025-06-27 10:40:00-04:00,102.3125
2025-06-27 10:45:00-04:00,111.0625
2025-06-27 10:50:00-04:00,84.8125
2025-06-27 10:55:00-04:00,77.3125
2025-06-27 11:00:00-04:00,76.0625
2025-06-27 11:05:00-04:00,97.3125
2025-06-27 11:10:00-04:00,104.8125
2025-06-27 11:15:00-04:00,88.5625
2025-06-27 11:20:00-04:00,88.5625
2025-06-27 11:25:00-04:00,104.8125
2025-06-27 11:30:00-04:00,112.3125
2025-06-27 11:35:00-04:00,129.8125
2025-06-27 11:40:00-04:00,137.3125
2025-06-27 11:45:00-04:00,138.5625
2025-06-27 11:50:00-04:00,139.8125
2025-06-27 11:55:00-04:00,141.0625
2025-06-27 12:00:00-04:00,132.3125
2025-06-27 12:05:00-04:00,141.0625
2025-06-27 12:10:00-04:00,147.3125
2025-06-27 12:15:00-04:00,141.0625
2025-06-27 12:20:00-04:00,141.0625
2025-06-27 12:25:00-04:00,147.3125
2025-06-27 12:30:00-04:00,158.5625
2025-06-27 12:35:00-04:00,152.3125
2025-06-27 12:40:00-04:00,142.3125
2025-06-27 12:45:00-04:00,131.0625
2025-06-27 12:50:00-04:00,129.8125
2025-06-27 12:55:00-04:00,136.0625
2025-06-27 13:00:00-04:00,123.5625
2025-06-27 13:05:00-04:00,131.0625
2025-06-27 13:10:00-04:00,139.3125
2025-06-27 13:15:00-04:00,139.3125
2025-06-27 13:20:00-04:00,139.3125
2025-06-27 13:25:00-04:00,139.3125
2025-06-27 13:30:00-04:00,139.3125
2025-06-27 13:35:00-04:00,139.3125
2025-06-27 13:40:00-04:00,139.3125
2025-06-27 13:45:00-04:00,139.3125
2025-06-27 13:50:00-04:00,139.3125
2025-06-27 13:55:00-04:00,139.3125
2025-06-27 14:00:00-04:00,139.3125
2025-06-27 14:05:00-04:00,139.3125
2025-06-27 14:10:00-04:00,139.3125
2025-06-27 14:15:00-04:00,139.3125
2025-06-27 14:20:00-04:00,139.3125
2025-06-27 14:25:00-04:00,139.3125
2025-06-27 14:30:00-04:00,139.3125
2025-06-27 14:35:00-04:00,139.3125
2025-06-27 14:40:00-04:00,139.3125
2025-06-27 14:45:00-04:00,139.3125
2025-06-27 14:50:00-04:00,139.3125
2025-06-27 14:55:00-04:00,139.3125
2025-06-27 15:00:00-04:00,139.3125
2025-06-27 15:05:00-04:00,139.3125
2025-06-27 15:10:00-04:00,139.3125
2025-06-27 15:15:00-04:00,139.3125
2025-06-27 15:20:00-04:00,139.3125
2025-06-27 15:25:00-04:00,139.3125
2025-06-27 15:30:00-04:00,139.3125
2025-06-27 15:35:00-04:00,139.3125
2025-06-27 15:40:00-04:00,139.3125
2025-06-27 15:45:00-04:00,139.3125
2025-06-27 15:50:00-04:00,139.3125
2025-06-27 15:55:00-04:00,139.3125
2025-06-30 09:30:00-04:00,0.0
2025-06-30 09:35:00-04:00,0.0
2025-06-30 09:40:00-04:00,0.0
2025-06-30 09:45:00-04:00,0.0
2025-06-30 09:50:00-04:00,0.0
2025-06-30 09:55:00-04:00,0.0
2025-06-30 10:00:00-04:00,-0.5
2025-06-30 10:05:00-04:00,-22.0625
2025-06-30 10:10:00-04:00,-8.3125
2025-06-30 10:15:00-04:00,-12.0625
2025-06-30 10:20:00-04:00,-29.5625
2025-06-30 10:25:00-04:00,-17.0625
2025-06-30 10:30:00-04:00,-9.5625
2025-06-30 10:35:00-04:00,-31.0
2025-06-30 10:40:00-04:00,-31.5
2025-06-30 10:45:00-04:00,-44.3125
2025-06-30 10:50:00-04:00,-38.0625
2025-06-30 10:55:00-04:00,-33.0625
2025-06-30 11:00:00-04:00,-25.75
2025-06-30 11:05:00-04:00,-25.75
2025-06-30 11:10:00-04:00,-25.75
2025-06-30 11:15:00-04:00,-25.75
2025-06-30 11:20:00-04:00,-25.75
2025-06-30 11:25:00-04:00,-25.75
2025-06-30 11:30:00-04:00,-25.75
2025-06-30 11:35:00-04:00,-25.75
2025-06-30 11:40:00-04:00,-26.25
2025-06-30 11:45:00-04:00,-30.3125
2025-06-30 11:50:00-04:00,-30.3125
2025-06-30 11:55:00-04:00,-44.0625
2025-06-30 12:00:00-04:00,-40.3125
2025-06-30 12:05:00-04:00,-27.8125
2025-06-30 12:10:00-04:00,-31.5625
2025-06-30 12:15:00-04:00,-56.75
2025-06-30 12:20:00-04:00,-57.25
2025-06-30 12:25:00-04:00,-62.25
2025-06-30 12:30:00-04:00,-62.25
2025-06-30 12:35:00-04:00,-43.5
2025-06-30 12:40:00-04:00,-36.0
2025-06-30 12:45:00-04:00,-24.75
2025-06-30 12:50:00-04:00,-28.5
2025-06-30 12:55:00-04:00,-43.5
2025-06-30 13:00:00-04:00,-46.0
2025-06-30 13:05:00-04:00,-54.75
2025-06-30 13:10:00-04:00,-48.5
2025-06-30 13:15:00-04:00,-51.5
2025-06-30 13:20:00-04:00,-51.5
2025-06-30 13:25:00-04:00,-51.5
2025-06-30 13:30:00-04:00,-51.5
2025-06-30 13:35:00-04:00,-51.5
2025-06-30 13:40:00-04:00,-51.5
2025-06-30 13:45:00-04:00,-51.5
2025-06-30 13:50:00-04:00,-51.5
2025-06-30 13:55:00-04:00,-51.5
2025-06-30 14:00:00-04:00,-51.5
2025-06-30 14:05:00-04:00,-51.5
2025-06-30 14:10:00-04:00,-51.5
2025-06-30 14:15:00-04:00,-51.5
2025-06-30 14:20:00-04:00,-51.5
2025-06-30 14:25:00-04:00,-51.5
2025-06-30 14:30:00-04:00,-51.5
2025-06-30 14:35:00-04:00,-51.5
2025-06-30 14:40:00-04:00,-51.5
2025-06-30 14:45:00-04:00,-51.5
2025-06-30 14:50:00-04:00,-51.5
2025-06-30 14:55:00-04:00,-51.5
2025-06-30 15:00:00-04:00,-52.0
2025-06-30 15:05:00-04:00,-58.25
2025-06-30 15:10:00-04:00,-55.75
2025-06-30 15:15:00-04:00,-60.75
2025-06-30 15:20:00-04:00,-52.0
2025-06-30 15:25:00-04:00,-22.0
2025-06-30 15:30:00-04:00,-29.5
2025-06-30 15:35:00-04:00,-42.0
2025-06-30 15:40:00-04:00,-35.75
2025-06-30 15:45:00-04:00,-25.75
2025-06-30 15:50:00-04:00,-10.75
2025-06-30 15:55:00-04:00,-24.5
2025-07-01 09:30:00-04:00,-0.5
2025-07-01 09:35:00-04:00,-5.5
2025-07-01 09:40:00-04:00,-8.0
2025-07-01 09:45:00-04:00,3.25
2025-07-01 09:50:00-04:00,34.5
2025-07-01 09:55:00-04:00,28.25
2025-07-01 10:00:00-04:00,26.5
2025-07-01 10:05:00-04:00,26.5
2025-07-01 10:10:00-04:00,26.5
2025-07-01 10:15:00-04:00,26.5
2025-07-01 10:20:00-04:00,26.5
2025-07-01 10:25:00-04:00,26.5
2025-07-01 10:30:00-04:00,26.5
2025-07-01 10:35:00-04:00,26.5
2025-07-01 10:40:00-04:00,26.5
2025-07-01 10:45:00-04:00,26.5
2025-07-01 10:50:00-04:00,26.5
2025-07-01 10:55:00-04:00,26.5
2025-07-01 11:00:00-04:00,26.5
2025-07-01 11:05:00-04:00,26.5
2025-07-01 11:10:00-04:00,26.5
2025-07-01 11:15:00-04:00,26.5
2025-07-01 11:20:00-04:00,26.5
2025-07-01 11:25:00-04:00,26.5
2025-07-01 11:30:00-04:00,26.5
2025-07-01 11:35:00-04:00,26.5
2025-07-01 11:40:00-04:00,26.5
2025-07-01 11:45:00-04:00,26.5
2025-07-01 11:50:00-04:00,26.5
2025-07-01 11:55:00-04:00,26.5
2025-07-01 12:00:00-04:00,26.5
2025-07-01 12:05:00-04:00,26.0
2025-07-01 12:10:00-04:00,29.4375
2025-07-01 12:15:00-04:00,49.4375
2025-07-01 12:20:00-04:00,35.6875
2025-07-01 12:25:00-04:00,36.9375
2025-07-01 12:30:00-04:00,29.4375
2025-07-01 12:35:00-04:00,48.1875
2025-07-01 12:40:00-04:00,40.6875
2025-07-01 12:45:00-04:00,26.9375
2025-07-01 12:50:00-04:00,50.6875
2025-07-01 12:55:00-04:00,29.4375
2025-07-01 13:00:00-04:00,23.1875
2025-07-01 13:05:00-04:00,33.1875
2025-07-01 13:10:00-04:00,54.4375
2025-07-01 13:15:00-04:00,59.4375
2025-07-01 13:20:00-04:00,60.6875
2025-07-01 13:25:00-04:00,68.1875
2025-07-01 13:30:00-04:00,64.4375
2025-07-01 13:35:00-04:00,69.4375
2025-07-01 13:40:00-04:00,74.4375
2025-07-01 13:45:00-04:00,80.6875
2025-07-01 13:50:00-04:00,84.4375
2025-07-01 13:55:00-04:00,98.1875
2025-07-01 14:00:00-04:00,89.4375
2025-07-01 14:05:00-04:00,86.9375
2025-07-01 14:10:00-04:00,90.6875
2025-07-01 14:15:00-04:00,73.1875
2025-07-01 14:20:00-04:00,76.9375
2025-07-01 14:25:00-04:00,74.4375
2025-07-01 14:30:00-04:00,74.4375
2025-07-01 14:35:00-04:00,81.9375
2025-07-01 14:40:00-04:00,86.9375
2025-07-01 14:45:00-04:00,90.6875
2025-07-01 14:50:00-04:00,90.6875
2025-07-01 14:55:00-04:00,74.4375
2025-07-01 15:00:00-04:00,52.6875
2025-07-01 15:05:00-04:00,52.6875
2025-07-01 15:10:00-04:00,52.6875
2025-07-01 15:15:00-04:00,52.6875
2025-07-01 15:20:00-04:00,52.6875
2025-07-01 15:25:00-04:00,52.6875
2025-07-01 15:30:00-04:00,52.6875
2025-07-01 15:35:00-04:00,52.6875
2025-07-01 15:40:00-04:00,52.6875
2025-07-01 15:45:00-04:00,52.6875
2025-07-01 15:50:00-04:00,52.6875
2025-07-01 15:55:00-04:00,52.1875
2025-07-02 09:30:00-04:00,0.0
2025-07-02 09:35:00-04:00,0.0
2025-07-02 09:40:00-04:00,0.0
2025-07-02 09:45:00-04:00,0.0
2025-07-02 09:50:00-04:00,0.0
2025-07-02 09:55:00-04:00,0.0
2025-07-02 10:00:00-04:00,0.0
2025-07-02 10:05:00-04:00,0.0
2025-07-02 10:10:00-04:00,0.0
2025-07-02 10:15:00-04:00,0.0
2025-07-02 10:20:00-04:00,0.0
2025-07-02 10:25:00-04:00,0.0
2025-07-02 10:30:00-04:00,-0.5
2025-07-02 10:35:00-04:00,-1.75
2025-07-02 10:40:00-04:00,-26.75
2025-07-02 10:45:00-04:00,-29.25
2025-07-02 10:50:00-04:00,2.0
2025-07-02 10:55:00-04:00,-10.5
2025-07-02 11:00:00-04:00,0.75
2025-07-02 11:05:00-04:00,0.75
2025-07-02 11:10:00-04:00,-10.5
2025-07-02 11:15:00-04:00,-5.5
2025-07-02 11:20:00-04:00,-4.25
2025-07-02 11:25:00-04:00,-3.0
2025-07-02 11:30:00-04:00,-1.75
2025-07-02 11:35:00-04:00,10.75
2025-07-02 11:40:00-04:00,13.25
2025-07-02 11:45:00-04:00,14.5
2025-07-02 11:50:00-04:00,19.5
2025-07-02 11:55:00-04:00,13.25
2025-07-02 12:00:00-04:00,4.5
2025-07-02 12:05:00-04:00,4.5
2025-07-02 12:10:00-04:00,8.25
2025-07-02 12:15:00-04:00,10.75
2025-07-02 12:20:00-04:00,14.5
2025-07-02 12:25:00-04:00,7.0
2025-07-02 12:30:00-04:00,10.75
2025-07-02 12:35:00-04:00,20.75
2025-07-02 12:40:00-04:00,29.5
2025-07-02 12:45:00-04:00,29.5
2025-07-02 12:50:00-04:00,29.5
2025-07-02 12:55:00-04:00,32.0
2025-07-02 13:00:00-04:00,33.25
2025-07-02 13:05:00-04:00,25.75
2025-07-02 13:10:00-04:00,25.75
2025-07-02 13:15:00-04:00,23.25
2025-07-02 13:20:00-04:00,17.0
2025-07-02 13:25:00-04:00,32.0
2025-07-02 13:30:00-04:00,29.5
2025-07-02 13:35:00-04:00,27.0
2025-07-02 13:40:00-04:00,25.75
2025-07-02 13:45:00-04:00,24.5
2025-07-02 13:50:00-04:00,33.25
2025-07-02 13:55:00-04:00,32.0
2025-07-02 14:00:00-04:00,22.0
2025-07-02 14:05:00-04:00,29.5
2025-07-02 14:10:00-04:00,35.75
2025-07-02 14:15:00-04:00,29.5
2025-07-02 14:20:00-04:00,35.75
2025-07-02 14:25:00-04:00,37.0
2025-07-02 14:30:00-04:00,40.75
2025-07-02 14:35:00-04:00,45.75
2025-07-02 14:40:00-04:00,49.5
2025-07-02 14:45:00-04:00,47.0
2025-07-02 14:50:00-04:00,44.5
2025-07-02 14:55:00-04:00,49.5
2025-07-02 15:00:00-04:00,53.25
2025-07-02 15:05:00-04:00,59.5
2025-07-02 15:10:00-04:00,58.25
2025-07-02 15:15:00-04:00,54.5
2025-07-02 15:20:00-04:00,54.5
2025-07-02 15:25:00-04:00,48.25
2025-07-02 15:30:00-04:00,48.25
2025-07-02 15:35:00-04:00,47.0
2025-07-02 15:40:00-04:00,42.0
2025-07-02 15:45:00-04:00,47.0
2025-07-02 15:50:00-04:00,45.75
2025-07-02 15:55:00-04:00,67.0
2025-07-03 09:30:00-04:00,-0.5
2025-07-03 09:35:00-04:00,20.125
2025-07-03 09:40:00-04:00,7.625
2025-07-03 09:45:00-04:00,26.375
2025-07-03 09:50:00-04:00,37.625
2025-07-03 09:55:00-04:00,55.125
2025-07-03 10:00:00-04:00,57.625
2025-07-03 10:05:00-04:00,93.875
2025-07-03 10:10:00-04:00,93.875
2025-07-03 10:15:00-04:00,83.875
2025-07-03 10:20:00-04:00,100.125
2025-07-03 10:25:00-04:00,101.375
2025-07-03 10:30:00-04:00,96.375
2025-07-03 10:35:00-04:00,100.125
2025-07-03 10:40:00-04:00,117.625
2025-07-03 10:45:00-04:00,121.375
2025-07-03 10:50:00-04:00,117.625
2025-07-03 10:55:00-04:00,121.375
2025-07-03 11:00:00-04:00,121.375
2025-07-03 11:05:00-04:00,130.125
2025-07-03 11:10:00-04:00,137.625
2025-07-03 11:15:00-04:00,127.625
2025-07-03 11:20:00-04:00,123.875
2025-07-03 11:25:00-04:00,118.875
2025-07-03 11:30:00-04:00,128.875
2025-07-03 11:35:00-04:00,138.875
2025-07-03 11:40:00-04:00,146.375
2025-07-03 11:45:00-04:00,155.125
2025-07-03 11:50:00-04:00,155.125
2025-07-03 11:55:00-04:00,146.375
2025-07-03 12:00:00-04:00,153.875
2025-07-03 12:05:00-04:00,152.625
2025-07-03 12:10:00-04:00,153.875
2025-07-03 12:15:00-04:00,141.375
2025-07-03 12:20:00-04:00,136.375
2025-07-03 12:25:00-04:00,141.375
2025-07-03 12:30:00-04:00,140.125
2025-07-03 12:35:00-04:00,151.375
2025-07-03 12:40:00-04:00,156.375
2025-07-03 12:45:00-04:00,143.875
2025-07-03 12:50:00-04:00,102.625
2025-07-03 12:55:00-04:00,128.0625
2025-07-03 13:00:00-04:00,128.0625
2025-07-03 13:05:00-04:00,128.0625
2025-07-03 13:10:00-04:00,128.0625
2025-07-04 09:30:00-04:00,0.0
2025-07-04 09:35:00-04:00,0.0
2025-07-04 09:40:00-04:00,0.0
2025-07-04 09:45:00-04:00,0.0
2025-07-04 09:50:00-04:00,0.0
2025-07-04 09:55:00-04:00,0.0
2025-07-04 10:00:00-04:00,0.0
2025-07-04 10:05:00-04:00,0.0
2025-07-04 10:10:00-04:00,0.0
2025-07-04 10:15:00-04:00,0.0
2025-07-04 10:20:00-04:00,0.0
2025-07-04 10:25:00-04:00,0.0
2025-07-04 10:30:00-04:00,0.0
2025-07-04 10:35:00-04:00,0.0
2025-07-04 10:40:00-04:00,0.0
2025-07-04 10:45:00-04:00,0.0
2025-07-04 10:50:00-04:00,0.0
2025-07-04 10:55:00-04:00,0.0
2025-07-04 11:00:00-04:00,0.0
2025-07-04 11:05:00-04:00,0.0
2025-07-04 11:10:00-04:00,0.0
2025-07-04 11:15:00-04:00,0.0
2025-07-04 11:20:00-04:00,0.0
2025-07-04 11:25:00-04:00,0.0
2025-07-04 11:30:00-04:00,0.0
2025-07-04 11:35:00-04:00,0.0
2025-07-04 11:40:00-04:00,0.0
2025-07-04 11:45:00-04:00,0.0
2025-07-04 11:50:00-04:00,0.0
2025-07-04 11:55:00-04:00,0.0
2025-07-04 12:00:00-04:00,0.0
2025-07-04 12:05:00-04:00,0.0
2025-07-04 12:10:00-04:00,0.0
2025-07-04 12:15:00-04:00,0.0
2025-07-04 12:20:00-04:00,0.0
2025-07-04 12:25:00-04:00,0.0
2025-07-04 12:30:00-04:00,0.0
2025-07-04 12:35:00-04:00,0.0
2025-07-04 12:40:00-04:00,0.0
2025-07-04 12:45:00-04:00,0.0
2025-07-04 12:50:00-04:00,0.0
2025-07-04 12:55:00-04:00,0.0
2025-07-07 09:30:00-04:00,0.0
2025-07-07 09:35:00-04:00,0.0
2025-07-07 09:40:00-04:00,0.0
2025-07-07 09:45:00-04:00,0.0
2025-07-07 09:50:00-04:00,0.0
2025-07-07 09:55:00-04:00,0.0
2025-07-07 10:00:00-04:00,0.0
2025-07-07 10:05:00-04:00,0.0
2025-07-07 10:10:00-04:00,0.0
2025-07-07 10:15:00-04:00,0.0
2025-07-07 10:20:00-04:00,0.0
2025-07-07 10:25:00-04:00,0.0
2025-07-07 10:30:00-04:00,0.0
2025-07-07 10:35:00-04:00,0.0
2025-07-07 10:40:00-04:00,0.0
2025-07-07 10:45:00-04:00,0.0
2025-07-07 10:50:00-04:00,0.0
2025-07-07 10:55:00-04:00,0.0
2025-07-07 11:00:00-04:00,0.0
2025-07-07 11:05:00-04:00,0.0
2025-07-07 11:10:00-04:00,0.0
2025-07-07 11:15:00-04:00,0.0
2025-07-07 11:20:00-04:00,0.0
2025-07-07 11:25:00-04:00,0.0
2025-07-07 11:30:00-04:00,0.0
2025-07-07 11:35:00-04:00,0.0
2025-07-07 11:40:00-04:00,0.0
2025-07-07 11:45:00-04:00,0.0
2025-07-07 11:50:00-04:00,0.0
2025-07-07 11:55:00-04:00,0.0
2025-07-07 12:00:00-04:00,0.0
2025-07-07 12:05:00-04:00,0.0
2025-07-07 12:10:00-04:00,0.0
2025-07-07 12:15:00-04:00,0.0
2025-07-07 12:20:00-04:00,0.0
2025-07-07 12:25:00-04:00,0.0
2025-07-07 12:30:00-04:00,0.0
2025-07-07 12:35:00-04:00,0.0
2025-07-07 12:40:00-04:00,0.0
2025-07-07 12:45:00-04:00,0.0
2025-07-07 12:50:00-04:00,0.0
2025-07-07 12:55:00-04:00,0.0
2025-07-07 13:00:00-04:00,0.0
2025-07-07 13:05:00-04:00,0.0
2025-07-07 13:10:00-04:00,0.0
2025-07-07 13:15:00-04:00,0.0
2025-07-07 13:20:00-04:00,0.0
2025-07-07 13:25:00-04:00,0.0
2025-07-07 13:30:00-04:00,0.0
2025-07-07 13:35:00-04:00,0.0
2025-07-07 13:40:00-04:00,0.0
2025-07-07 13:45:00-04:00,0.0
2025-07-07 13:50:00-04:00,0.0
2025-07-07 13:55:00-04:00,0.0
2025-07-07 14:00:00-04:00,0.0
2025-07-07 14:05:00-04:00,0.0
2025-07-07 14:10:00-04:00,0.0
2025-07-07 14:15:00-04:00,0.0
2025-07-07 14:20:00-04:00,0.0
2025-07-07 14:25:00-04:00,0.0
2025-07-07 14:30:00-04:00,0.0
2025-07-07 14:35:00-04:00,0.0
2025-07-07 14:40:00-04:00,0.0
2025-07-07 14:45:00-04:00,0.0
2025-07-07 14:50:00-04:00,0.0
2025-07-07 14:55:00-04:00,0.0
2025-07-07 15:00:00-04:00,0.0
2025-07-07 15:05:00-04:00,0.0
2025-07-07 15:10:00-04:00,0.0
2025-07-07 15:15:00-04:00,0.0
2025-07-07 15:20:00-04:00,0.0
2025-07-07 15:25:00-04:00,0.0
2025-07-07 15:30:00-04:00,0.0
2025-07-07 15:35:00-04:00,0.0
2025-07-07 15:40:00-04:00,0.0
2025-07-07 15:45:00-04:00,0.0
2025-07-07 15:50:00-04:00,0.0
2025-07-07 15:55:00-04:00,0.0
2025-07-08 09:30:00-04:00,0.0
2025-07-08 09:35:00-04:00,0.0
2025-07-08 09:40:00-04:00,0.0
2025-07-08 09:45:00-04:00,0.0
2025-07-08 09:50:00-04:00,0.0
2025-07-08 09:55:00-04:00,0.0
2025-07-08 10:00:00-04:00,0.0
2025-07-08 10:05:00-04:00,0.0
2025-07-08 10:10:00-04:00,0.0
2025-07-08 10:15:00-04:00,0.0
2025-07-08 10:20:00-04:00,0.0
2025-07-08 10:25:00-04:00,0.0
2025-07-08 10:30:00-04:00,0.0
2025-07-08 10:35:00-04:00,0.0
2025-07-08 10:40:00-04:00,0.0
2025-07-08 10:45:00-04:00,0.0
2025-07-08 10:50:00-04:00,-0.5
2025-07-08 10:55:00-04:00,-13.3125
2025-07-08 11:00:00-04:00,-28.3125
2025-07-08 11:05:00-04:00,-31.0
2025-07-08 11:10:00-04:00,-31.0
2025-07-08 11:15:00-04:00,-31.0
2025-07-08 11:20:00-04:00,-31.5
2025-07-08 11:25:00-04:00,-35.875
2025-07-08 11:30:00-04:00,-39.625
2025-07-08 11:35:00-04:00,-50.875
2025-07-08 11:40:00-04:00,-49.8125
2025-07-08 11:45:00-04:00,-49.8125
2025-07-08 11:50:00-04:00,-49.8125
2025-07-08 11:55:00-04:00,-49.8125
2025-07-08 12:00:00-04:00,-49.8125
2025-07-08 12:05:00-04:00,-49.8125
2025-07-08 12:10:00-04:00,-49.8125
2025-07-08 12:15:00-04:00,-49.8125
2025-07-08 12:20:00-04:00,-49.8125
2025-07-08 12:25:00-04:00,-49.8125
2025-07-08 12:30:00-04:00,-49.8125
2025-07-08 12:35:00-04:00,-49.8125
2025-07-08 12:40:00-04:00,-49.8125
2025-07-08 12:45:00-04:00,-49.8125
2025-07-08 12:50:00-04:00,-49.8125
2025-07-08 12:55:00-04:00,-49.8125
2025-07-08 13:00:00-04:00,-49.8125
2025-07-08 13:05:00-04:00,-49.8125
2025-07-08 13:10:00-04:00,-49.8125
2025-07-08 13:15:00-04:00,-49.8125
2025-07-08 13:20:00-04:00,-49.8125
2025-07-08 13:25:00-04:00,-49.8125
2025-07-08 13:30:00-04:00,-49.8125
2025-07-08 13:35:00-04:00,-49.8125
2025-07-08 13:40:00-04:00,-49.8125
2025-07-08 13:45:00-04:00,-49.8125
2025-07-08 13:50:00-04:00,-49.8125
2025-07-08 13:55:00-04:00,-49.8125
2025-07-08 14:00:00-04:00,-49.8125
2025-07-08 14:05:00-04:00,-49.8125
2025-07-08 14:10:00-04:00,-49.8125
2025-07-08 14:15:00-04:00,-49.8125
2025-07-08 14:20:00-04:00,-49.8125
2025-07-08 14:25:00-04:00,-49.8125
2025-07-08 14:30:00-04:00,-49.8125
2025-07-08 14:35:00-04:00,-49.8125
2025-07-08 14:40:00-04:00,-49.8125
2025-07-08 14:45:00-04:00,-49.8125
2025-07-08 14:50:00-04:00,-49.8125
2025-07-08 14:55:00-04:00,-49.8125
2025-07-08 15:00:00-04:00,-50.3125
2025-07-08 15:05:00-04:00,-56.875
2025-07-08 15:10:00-04:00,-48.125
2025-07-08 15:15:00-04:00,-45.625
2025-07-08 15:20:00-04:00,-53.125
2025-07-08 15:25:00-04:00,-54.375
2025-07-08 15:30:00-04:00,-53.125
2025-07-08 15:35:00-04:00,-50.625
2025-07-08 15:40:00-04:00,-43.125
2025-07-08 15:45:00-04:00,-58.125
2025-07-08 15:50:00-04:00,-68.125
2025-07-08 15:55:00-04:00,-56.875
2025-07-09 09:30:00-04:00,0.0
2025-07-09 09:35:00-04:00,0.0
2025-07-09 09:40:00-04:00,0.0
2025-07-09 09:45:00-04:00,0.0
2025-07-09 09:50:00-04:00,0.0
2025-07-09 09:55:00-04:00,0.0
2025-07-09 10:00:00-04:00,-0.5
2025-07-09 10:05:00-04:00,-20.1875
2025-07-09 10:10:00-04:00,-15.1875
2025-07-09 10:15:00-04:00,-13.9375
2025-07-09 10:20:00-04:00,-18.9375
2025-07-09 10:25:00-04:00,-31.0
2025-07-09 10:30:00-04:00,-31.0
2025-07-09 10:35:00-04:00,-31.0
2025-07-09 10:40:00-04:00,-31.0
2025-07-09 10:45:00-04:00,-31.0
2025-07-09 10:50:00-04:00,-31.0
2025-07-09 10:55:00-04:00,-31.0
2025-07-09 11:00:00-04:00,-31.0
2025-07-09 11:05:00-04:00,-31.0
2025-07-09 11:10:00-04:00,-31.0
2025-07-09 11:15:00-04:00,-31.0
2025-07-09 11:20:00-04:00,-31.0
2025-07-09 11:25:00-04:00,-31.0
2025-07-09 11:30:00-04:00,-31.0
2025-07-09 11:35:00-04:00,-31.0
2025-07-09 11:40:00-04:00,-31.0
2025-07-09 11:45:00-04:00,-31.0
2025-07-09 11:50:00-04:00,-31.0
2025-07-09 11:55:00-04:00,-31.0
2025-07-09 12:00:00-04:00,-31.0
2025-07-09 12:05:00-04:00,-31.0
2025-07-09 12:10:00-04:00,-31.0
2025-07-09 12:15:00-04:00,-31.0
2025-07-09 12:20:00-04:00,-31.0
2025-07-09 12:25:00-04:00,-31.0
2025-07-09 12:30:00-04:00,-31.0
2025-07-09 12:35:00-04:00,-31.0
2025-07-09 12:40:00-04:00,-31.0
2025-07-09 12:45:00-04:00,-31.0
2025-07-09 12:50:00-04:00,-31.0
2025-07-09 12:55:00-04:00,-31.0
2025-07-09 13:00:00-04:00,-31.0
2025-07-09 13:05:00-04:00,-31.0
2025-07-09 13:10:00-04:00,-31.0
2025-07-09 13:15:00-04:00,-31.0
2025-07-09 13:20:00-04:00,-31.0
2025-07-09 13:25:00-04:00,-31.0
2025-07-09 13:30:00-04:00,-31.0
2025-07-09 13:35:00-04:00,-31.0
2025-07-09 13:40:00-04:00,-31.0
2025-07-09 13:45:00-04:00,-31.0
2025-07-09 13:50:00-04:00,-31.0
2025-07-09 13:55:00-04:00,-31.0
2025-07-09 14:00:00-04:00,-31.5
2025-07-09 14:05:00-04:00,-23.0625
2025-07-09 14:10:00-04:00,-16.8125
2025-07-09 14:15:00-04:00,-24.3125
2025-07-09 14:20:00-04:00,-26.8125
2025-07-09 14:25:00-04:00,-24.3125
2025-07-09 14:30:00-04:00,-20.5625
2025-07-09 14:35:00-04:00,-18.0625
2025-07-09 14:40:00-04:00,-23.0625
2025-07-09 14:45:00-04:00,-16.8125
2025-07-09 14:50:00-04:00,-14.3125
2025-07-09 14:55:00-04:00,-0.5625
2025-07-09 15:00:00-04:00,4.4375
2025-07-09 15:05:00-04:00,-5.5625
2025-07-09 15:10:00-04:00,-8.0625
2025-07-09 15:15:00-04:00,-5.5625
2025-07-09 15:20:00-04:00,9.4375
2025-07-09 15:25:00-04:00,13.1875
2025-07-09 15:30:00-04:00,6.9375
2025-07-09 15:35:00-04:00,13.1875
2025-07-09 15:40:00-04:00,13.1875
2025-07-09 15:45:00-04:00,16.9375
2025-07-09 15:50:00-04:00,11.9375
2025-07-09 15:55:00-04:00,28.1875
2025-07-10 09:30:00-04:00,-0.5
2025-07-10 09:35:00-04:00,-22.375
2025-07-10 09:40:00-04:00,-27.375
2025-07-10 09:45:00-04:00,-31.0
2025-07-10 09:50:00-04:00,-31.5
2025-07-10 09:55:00-04:00,-54.625
2025-07-10 10:00:00-04:00,-48.5625
2025-07-10 10:05:00-04:00,-48.5625
2025-07-10 10:10:00-04:00,-48.5625
2025-07-10 10:15:00-04:00,-48.5625
2025-07-10 10:20:00-04:00,-48.5625
2025-07-10 10:25:00-04:00,-48.5625
2025-07-10 10:30:00-04:00,-48.5625
2025-07-10 10:35:00-04:00,-48.5625
2025-07-10 10:40:00-04:00,-49.0625
2025-07-10 10:45:00-04:00,-50.3125
2025-07-10 10:50:00-04:00,-40.3125
2025-07-10 10:55:00-04:00,-45.3125
2025-07-10 11:00:00-04:00,-37.8125
2025-07-10 11:05:00-04:00,-24.0625
2025-07-10 11:10:00-04:00,-35.3125
2025-07-10 11:15:00-04:00,-24.0625
2025-07-10 11:20:00-04:00,-30.3125
2025-07-10 11:25:00-04:00,-17.8125
2025-07-10 11:30:00-04:00,-10.3125
2025-07-10 11:35:00-04:00,-7.8125
2025-07-10 11:40:00-04:00,-5.3125
2025-07-10 11:45:00-04:00,0.9375
2025-07-10 11:50:00-04:00,-0.3125
2025-07-10 11:55:00-04:00,-0.3125
2025-07-10 12:00:00-04:00,-4.0625
2025-07-10 12:05:00-04:00,-6.5625
2025-07-10 12:10:00-04:00,-22.8125
2025-07-10 12:15:00-04:00,-27.8125
2025-07-10 12:20:00-04:00,-25.3125
2025-07-10 12:25:00-04:00,-7.8125
2025-07-10 12:30:00-04:00,-7.8125
2025-07-10 12:35:00-04:00,-16.5625
2025-07-10 12:40:00-04:00,-1.5625
2025-07-10 12:45:00-04:00,-5.3125
2025-07-10 12:50:00-04:00,-4.0625
2025-07-10 12:55:00-04:00,-2.8125
2025-07-10 13:00:00-04:00,-1.5625
2025-07-10 13:05:00-04:00,10.9375
2025-07-10 13:10:00-04:00,12.1875
2025-07-10 13:15:00-04:00,10.9375
2025-07-10 13:20:00-04:00,19.6875
2025-07-10 13:25:00-04:00,25.9375
2025-07-10 13:30:00-04:00,25.9375
2025-07-10 13:35:00-04:00,35.9375
2025-07-10 13:40:00-04:00,35.9375
2025-07-10 13:45:00-04:00,32.1875
2025-07-10 13:50:00-04:00,38.4375
2025-07-10 13:55:00-04:00,49.6875
2025-07-10 14:00:00-04:00,45.9375
2025-07-10 14:05:00-04:00,52.1875
2025-07-10 14:10:00-04:00,50.9375
2025-07-10 14:15:00-04:00,52.1875
2025-07-10 14:20:00-04:00,57.1875
2025-07-10 14:25:00-04:00,52.1875
2025-07-10 14:30:00-04:00,42.1875
2025-07-10 14:35:00-04:00,39.6875
2025-07-10 14:40:00-04:00,38.4375
2025-07-10 14:45:00-04:00,34.6875
2025-07-10 14:50:00-04:00,28.4375
2025-07-10 14:55:00-04:00,27.1875
2025-07-10 15:00:00-04:00,36.6875
2025-07-10 15:05:00-04:00,36.6875
2025-07-10 15:10:00-04:00,36.6875
2025-07-10 15:15:00-04:00,36.6875
2025-07-10 15:20:00-04:00,36.6875
2025-07-10 15:25:00-04:00,36.6875
2025-07-10 15:30:00-04:00,36.6875
2025-07-10 15:35:00-04:00,36.6875
2025-07-10 15:40:00-04:00,36.6875
2025-07-10 15:45:00-04:00,36.6875
2025-07-10 15:50:00-04:00,36.6875
2025-07-10 15:55:00-04:00,36.6875
2025-07-11 09:30:00-04:00,0.0
2025-07-11 09:35:00-04:00,0.0
2025-07-11 09:40:00-04:00,0.0
2025-07-11 09:45:00-04:00,0.0
2025-07-11 09:50:00-04:00,0.0
2025-07-11 09:55:00-04:00,0.0
2025-07-11 10:00:00-04:00,0.0
2025-07-11 10:05:00-04:00,0.0
2025-07-11 10:10:00-04:00,0.0
2025-07-11 10:15:00-04:00,0.0
2025-07-11 10:20:00-04:00,0.0
2025-07-11 10:25:00-04:00,0.0
2025-07-11 10:30:00-04:00,0.0
2025-07-11 10:35:00-04:00,0.0
2025-07-11 10:40:00-04:00,0.0
2025-07-11 10:45:00-04:00,0.0
2025-07-11 10:50:00-04:00,0.0
2025-07-11 10:55:00-04:00,0.0
2025-07-11 11:00:00-04:00,0.0
2025-07-11 11:05:00-04:00,0.0
2025-07-11 11:10:00-04:00,0.0
2025-07-11 11:15:00-04:00,0.0
2025-07-11 11:20:00-04:00,0.0
2025-07-11 11:25:00-04:00,0.0
2025-07-11 11:30:00-04:00,0.0
2025-07-11 11:35:00-04:00,0.0
2025-07-11 11:40:00-04:00,0.0
2025-07-11 11:45:00-04:00,0.0
2025-07-11 11:50:00-04:00,0.0
2025-07-11 11:55:00-04:00,0.0
2025-07-11 12:00:00-04:00,0.0
2025-07-11 12:05:00-04:00,0.0
2025-07-11 12:10:00-04:00,0.0
2025-07-11 12:15:00-04:00,0.0
2025-07-11 12:20:00-04:00,0.0
2025-07-11 12:25:00-04:00,0.0
2025-07-11 12:30:00-04:00,0.0
2025-07-11 12:35:00-04:00,0.0
2025-07-11 12:40:00-04:00,0.0
2025-07-11 12:45:00-04:00,0.0
2025-07-11 12:50:00-04:00,0.0
2025-07-11 12:55:00-04:00,0.0
2025-07-11 13:00:00-04:00,0.0
2025-07-11 13:05:00-04:00,0.0
2025-07-11 13:10:00-04:00,0.0
2025-07-11 13:15:00-04:00,0.0
2025-07-11 13:20:00-04:00,0.0
2025-07-11 13:25:00-04:00,0.0
2025-07-11 13:30:00-04:00,0.0
2025-07-11 13:35:00-04:00,0.0
2025-07-11 13:40:00-04:00,0.0
2025-07-11 13:45:00-04:00,0.0
2025-07-11 13:50:00-04:00,0.0
2025-07-11 13:55:00-04:00,0.0
2025-07-11 14:00:00-04:00,0.0
2025-07-11 14:05:00-04:00,0.0
2025-07-11 14:10:00-04:00,0.0
2025-07-11 14:15:00-04:00,0.0
2025-07-11 14:20:00-04:00,0.0
2025-07-11 14:25:00-04:00,0.0
2025-07-11 14:30:00-04:00,0.0
2025-07-11 14:35:00-04:00,0.0
2025-07-11 14:40:00-04:00,0.0
2025-07-11 14:45:00-04:00,0.0
2025-07-11 14:50:00-04:00,0.0
2025-07-11 14:55:00-04:00,0.0
2025-07-11 15:00:00-04:00,0.0
2025-07-11 15:05:00-04:00,0.0
2025-07-11 15:10:00-04:00,0.0
2025-07-11 15:15:00-04:00,0.0
2025-07-11 15:20:00-04:00,0.0
2025-07-11 15:25:00-04:00,0.0
2025-07-11 15:30:00-04:00,0.0
2025-07-11 15:35:00-04:00,0.0
2025-07-11 15:40:00-04:00,0.0
2025-07-11 15:45:00-04:00,0.0
2025-07-11 15:50:00-04:00,0.0
2025-07-11 15:55:00-04:00,0.0
2025-07-14 09:30:00-04:00,0.0
2025-07-14 09:35:00-04:00,0.0
2025-07-14 09:40:00-04:00,0.0
2025-07-14 09:45:00-04:00,0.0
2025-07-14 09:50:00-04:00,0.0
2025-07-14 09:55:00-04:00,0.0
2025-07-14 10:00:00-04:00,-0.5
2025-07-14 10:05:00-04:00,-19.25
2025-07-14 10:10:00-04:00,-18.0
2025-07-14 10:15:00-04:00,-31.0
2025-07-14 10:20:00-04:00,-31.5
2025-07-14 10:25:00-04:00,-39.9375
2025-07-14 10:30:00-04:00,-6.1875
2025-07-14 10:35:00-04:00,-12.4375
2025-07-14 10:40:00-04:00,-16.1875
2025-07-14 10:45:00-04:00,-21.1875
2025-07-14 10:50:00-04:00,-21.1875
2025-07-14 10:55:00-04:00,-38.6875
2025-07-14 11:00:00-04:00,-38.875
2025-07-14 11:05:00-04:00,-38.875
2025-07-14 11:10:00-04:00,-38.875
2025-07-14 11:15:00-04:00,-38.875
2025-07-14 11:20:00-04:00,-38.875
2025-07-14 11:25:00-04:00,-38.875
2025-07-14 11:30:00-04:00,-38.875
2025-07-14 11:35:00-04:00,-38.875
2025-07-14 11:40:00-04:00,-38.875
2025-07-14 11:45:00-04:00,-38.875
2025-07-14 11:50:00-04:00,-38.875
2025-07-14 11:55:00-04:00,-38.875
2025-07-14 12:00:00-04:00,-38.875
2025-07-14 12:05:00-04:00,-38.875
2025-07-14 12:10:00-04:00,-38.875
2025-07-14 12:15:00-04:00,-38.875
2025-07-14 12:20:00-04:00,-38.875
2025-07-14 12:25:00-04:00,-38.875
2025-07-14 12:30:00-04:00,-38.875
2025-07-14 12:35:00-04:00,-38.875
2025-07-14 12:40:00-04:00,-38.875
2025-07-14 12:45:00-04:00,-38.875
2025-07-14 12:50:00-04:00,-38.875
2025-07-14 12:55:00-04:00,-38.875
2025-07-14 13:00:00-04:00,-39.375
2025-07-14 13:05:00-04:00,-41.25
2025-07-14 13:10:00-04:00,-40.0
2025-07-14 13:15:00-04:00,-31.25
2025-07-14 13:20:00-04:00,-30.0
2025-07-14 13:25:00-04:00,-32.5
2025-07-14 13:30:00-04:00,-30.0
2025-07-14 13:35:00-04:00,-26.25
2025-07-14 13:40:00-04:00,-30.0
2025-07-14 13:45:00-04:00,-41.25
2025-07-14 13:50:00-04:00,-28.75
2025-07-14 13:55:00-04:00,-28.75
2025-07-14 14:00:00-04:00,-32.5
2025-07-14 14:05:00-04:00,-25.0
2025-07-14 14:10:00-04:00,-26.25
2025-07-14 14:15:00-04:00,-27.5
2025-07-14 14:20:00-04:00,-26.25
2025-07-14 14:25:00-04:00,-22.5
2025-07-14 14:30:00-04:00,-13.75
2025-07-14 14:35:00-04:00,-13.75
2025-07-14 14:40:00-04:00,-16.25
2025-07-14 14:45:00-04:00,-13.75
2025-07-14 14:50:00-04:00,-13.75
2025-07-14 14:55:00-04:00,-15.0
2025-07-14 15:00:00-04:00,-13.75
2025-07-14 15:05:00-04:00,-23.75
2025-07-14 15:10:00-04:00,-23.75
2025-07-14 15:15:00-04:00,-23.75
2025-07-14 15:20:00-04:00,-37.5
2025-07-14 15:25:00-04:00,-33.75
2025-07-14 15:30:00-04:00,-32.6875
2025-07-14 15:35:00-04:00,-32.6875
2025-07-14 15:40:00-04:00,-32.6875
2025-07-14 15:45:00-04:00,-32.6875
2025-07-14 15:50:00-04:00,-32.6875
2025-07-14 15:55:00-04:00,-32.6875
2025-07-15 09:30:00-04:00,0.0
2025-07-15 09:35:00-04:00,-0.5
2025-07-15 09:40:00-04:00,-31.0
2025-07-15 09:45:00-04:00,-31.5
2025-07-15 09:50:00-04:00,-44.0
2025-07-15 09:55:00-04:00,-62.0
2025-07-15 10:00:00-04:00,-62.0
2025-07-15 10:05:00-04:00,-62.0
2025-07-15 10:10:00-04:00,-62.0
2025-07-15 10:15:00-04:00,-62.0
2025-07-15 10:20:00-04:00,-62.0
2025-07-15 10:25:00-04:00,-62.0
2025-07-15 10:30:00-04:00,-62.0
2025-07-15 10:35:00-04:00,-62.0
2025-07-15 10:40:00-04:00,-62.0
2025-07-15 10:45:00-04:00,-62.0
2025-07-15 10:50:00-04:00,-62.0
2025-07-15 10:55:00-04:00,-62.0
2025-07-15 11:00:00-04:00,-62.0
2025-07-15 11:05:00-04:00,-62.0
2025-07-15 11:10:00-04:00,-62.0
2025-07-15 11:15:00-04:00,-62.0
2025-07-15 11:20:00-04:00,-62.0
2025-07-15 11:25:00-04:00,-62.0
2025-07-15 11:30:00-04:00,-62.0
2025-07-15 11:35:00-04:00,-62.0
2025-07-15 11:40:00-04:00,-62.0
2025-07-15 11:45:00-04:00,-62.0
2025-07-15 11:50:00-04:00,-62.0
2025-07-15 11:55:00-04:00,-62.0
2025-07-15 12:00:00-04:00,-62.0
2025-07-15 12:05:00-04:00,-62.0
2025-07-15 12:10:00-04:00,-62.0
2025-07-15 12:15:00-04:00,-62.0
2025-07-15 12:20:00-04:00,-62.0
2025-07-15 12:25:00-04:00,-62.0
2025-07-15 12:30:00-04:00,-62.0
2025-07-15 12:35:00-04:00,-62.0
2025-07-15 12:40:00-04:00,-62.0
2025-07-15 12:45:00-04:00,-62.0
2025-07-15 12:50:00-04:00,-62.0
2025-07-15 12:55:00-04:00,-62.0
2025-07-15 13:00:00-04:00,-62.0
2025-07-15 13:05:00-04:00,-62.0
2025-07-15 13:10:00-04:00,-62.0
2025-07-15 13:15:00-04:00,-62.0
2025-07-15 13:20:00-04:00,-62.0
2025-07-15 13:25:00-04:00,-62.0
2025-07-15 13:30:00-04:00,-62.0
2025-07-15 13:35:00-04:00,-62.0
2025-07-15 13:40:00-04:00,-62.0
2025-07-15 13:45:00-04:00,-62.0
2025-07-15 13:50:00-04:00,-62.0
2025-07-15 13:55:00-04:00,-62.0
2025-07-15 14:00:00-04:00,-62.0
2025-07-15 14:05:00-04:00,-62.0
2025-07-15 14:10:00-04:00,-62.0
2025-07-15 14:15:00-04:00,-62.0
2025-07-15 14:20:00-04:00,-62.0
2025-07-15 14:25:00-04:00,-62.0
2025-07-15 14:30:00-04:00,-62.0
2025-07-15 14:35:00-04:00,-62.0
2025-07-15 14:40:00-04:00,-62.0
2025-07-15 14:45:00-04:00,-62.0
2025-07-15 14:50:00-04:00,-62.0
2025-07-15 14:55:00-04:00,-62.0
2025-07-15 15:00:00-04:00,-62.5
2025-07-15 15:05:00-04:00,-72.8125
2025-07-15 15:10:00-04:00,-76.5625
2025-07-15 15:15:00-04:00,-76.5625
2025-07-15 15:20:00-04:00,-81.5625
2025-07-15 15:25:00-04:00,-69.0625
2025-07-15 15:30:00-04:00,-67.8125
2025-07-15 15:35:00-04:00,-64.0625
2025-07-15 15:40:00-04:00,-81.5625
2025-07-15 15:45:00-04:00,-77.8125
2025-07-15 15:50:00-04:00,-85.3125
2025-07-15 15:55:00-04:00,-59.0625
2025-07-16 09:30:00-04:00,-0.5
2025-07-16 09:35:00-04:00,-17.0625
2025-07-16 09:40:00-04:00,-9.5625
2025-07-16 09:45:00-04:00,19.1875
2025-07-16 09:50:00-04:00,44.1875
2025-07-16 09:55:00-04:00,49.1875
2025-07-16 10:00:00-04:00,57.9375
2025-07-16 10:05:00-04:00,55.4375
2025-07-16 10:10:00-04:00,41.6875
2025-07-16 10:15:00-04:00,45.4375
2025-07-16 10:20:00-04:00,37.9375
2025-07-16 10:25:00-04:00,45.4375
2025-07-16 10:30:00-04:00,29.1875
2025-07-16 10:35:00-04:00,46.6875
2025-07-16 10:40:00-04:00,55.4375
2025-07-16 10:45:00-04:00,31.6875
2025-07-16 10:50:00-04:00,10.4375
2025-07-16 10:55:00-04:00,42.9375
2025-07-16 11:00:00-04:00,34.1875
2025-07-16 11:05:00-04:00,26.6875
2025-07-16 11:10:00-04:00,10.4375
2025-07-16 11:15:00-04:00,10.4375
2025-07-16 11:20:00-04:00,145.4375
2025-07-16 11:25:00-04:00,101.6875
2025-07-16 11:30:00-04:00,109.1875
2025-07-16 11:35:00-04:00,212.9375
2025-07-16 11:40:00-04:00,149.1875
2025-07-16 11:45:00-04:00,140.4375
2025-07-16 11:50:00-04:00,132.9375
2025-07-16 11:55:00-04:00,51.6875
2025-07-16 12:00:00-04:00,70.4375
2025-07-16 12:05:00-04:00,66.6875
2025-07-16 12:10:00-04:00,80.4375
2025-07-16 12:15:00-04:00,82.9375
2025-07-16 12:20:00-04:00,97.9375
2025-07-16 12:25:00-04:00,104.0
2025-07-16 12:30:00-04:00,104.0
2025-07-16 12:35:00-04:00,104.0
2025-07-16 12:40:00-04:00,104.0
2025-07-16 12:45:00-04:00,104.0
2025-07-16 12:50:00-04:00,104.0
2025-07-16 12:55:00-04:00,104.0
2025-07-16 13:00:00-04:00,104.0
2025-07-16 13:05:00-04:00,104.0
2025-07-16 13:10:00-04:00,104.0
2025-07-16 13:15:00-04:00,104.0
2025-07-16 13:20:00-04:00,104.0
2025-07-16 13:25:00-04:00,104.0
2025-07-16 13:30:00-04:00,104.0
2025-07-16 13:35:00-04:00,104.0
2025-07-16 13:40:00-04:00,104.0
2025-07-16 13:45:00-04:00,104.0
2025-07-16 13:50:00-04:00,104.0
2025-07-16 13:55:00-04:00,104.0
2025-07-16 14:00:00-04:00,104.0
2025-07-16 14:05:00-04:00,104.0
2025-07-16 14:10:00-04:00,104.0
2025-07-16 14:15:00-04:00,104.0
2025-07-16 14:20:00-04:00,104.0
2025-07-16 14:25:00-04:00,104.0
2025-07-16 14:30:00-04:00,104.0
2025-07-16 14:35:00-04:00,104.0
2025-07-16 14:40:00-04:00,104.0
2025-07-16 14:45:00-04:00,104.0
2025-07-16 14:50:00-04:00,104.0
2025-07-16 14:55:00-04:00,104.0
2025-07-16 15:00:00-04:00,104.0
2025-07-16 15:05:00-04:00,104.0
2025-07-16 15:10:00-04:00,104.0
2025-07-16 15:15:00-04:00,104.0
2025-07-16 15:20:00-04:00,104.0
2025-07-16 15:25:00-04:00,104.0
2025-07-16 15:30:00-04:00,104.0
2025-07-16 15:35:00-04:00,104.0
2025-07-16 15:40:00-04:00,104.0
2025-07-16 15:45:00-04:00,104.0
2025-07-16 15:50:00-04:00,104.0
2025-07-16 15:55:00-04:00,104.0
2025-07-17 09:30:00-04:00,-0.5
2025-07-17 09:35:00-04:00,-7.6875
2025-07-17 09:40:00-04:00,4.8125
2025-07-17 09:45:00-04:00,43.5625
2025-07-17 09:50:00-04:00,63.5625
2025-07-17 09:55:00-04:00,53.5625
2025-07-17 10:00:00-04:00,59.8125
2025-07-17 10:05:00-04:00,63.5625
2025-07-17 10:10:00-04:00,61.0625
2025-07-17 10:15:00-04:00,46.0625
2025-07-17 10:20:00-04:00,13.5625
2025-07-17 10:25:00-04:00,18.5625
2025-07-17 10:30:00-04:00,41.0625
2025-07-17 10:35:00-04:00,23.5625
2025-07-17 10:40:00-04:00,31.0625
2025-07-17 10:45:00-04:00,36.0625
2025-07-17 10:50:00-04:00,57.3125
2025-07-17 10:55:00-04:00,58.5625
2025-07-17 11:00:00-04:00,62.3125
2025-07-17 11:05:00-04:00,74.8125
2025-07-17 11:10:00-04:00,86.0625
2025-07-17 11:15:00-04:00,83.5625
2025-07-17 11:20:00-04:00,82.3125
2025-07-17 11:25:00-04:00,98.5625
2025-07-17 11:30:00-04:00,102.3125
2025-07-17 11:35:00-04:00,103.5625
2025-07-17 11:40:00-04:00,121.0625
2025-07-17 11:45:00-04:00,117.3125
2025-07-17 11:50:00-04:00,116.0625
2025-07-17 11:55:00-04:00,128.5625
2025-07-17 12:00:00-04:00,129.8125
2025-07-17 12:05:00-04:00,137.3125
2025-07-17 12:10:00-04:00,133.5625
2025-07-17 12:15:00-04:00,114.8125
2025-07-17 12:20:00-04:00,114.8125
2025-07-17 12:25:00-04:00,114.8125
2025-07-17 12:30:00-04:00,111.0625
2025-07-17 12:35:00-04:00,102.3125
2025-07-17 12:40:00-04:00,101.0625
2025-07-17 12:45:00-04:00,106.0625
2025-07-17 12:50:00-04:00,104.8125
2025-07-17 12:55:00-04:00,110.5625
2025-07-17 13:00:00-04:00,110.5625
2025-07-17 13:05:00-04:00,110.5625
2025-07-17 13:10:00-04:00,110.5625
2025-07-17 13:15:00-04:00,110.5625
2025-07-17 13:20:00-04:00,110.5625
2025-07-17 13:25:00-04:00,110.5625
2025-07-17 13:30:00-04:00,110.5625
2025-07-17 13:35:00-04:00,110.5625
2025-07-17 13:40:00-04:00,110.0625
2025-07-17 13:45:00-04:00,104.4375
2025-07-17 13:50:00-04:00,105.6875
2025-07-17 13:55:00-04:00,111.9375
2025-07-17 14:00:00-04:00,111.9375
2025-07-17 14:05:00-04:00,109.4375
2025-07-17 14:10:00-04:00,101.9375
2025-07-17 14:15:00-04:00,100.6875
2025-07-17 14:20:00-04:00,115.6875
2025-07-17 14:25:00-04:00,128.1875
2025-07-17 14:30:00-04:00,128.1875
2025-07-17 14:35:00-04:00,126.9375
2025-07-17 14:40:00-04:00,131.9375
2025-07-17 14:45:00-04:00,133.1875
2025-07-17 14:50:00-04:00,138.1875
2025-07-17 14:55:00-04:00,141.9375
2025-07-17 15:00:00-04:00,143.1875
2025-07-17 15:05:00-04:00,153.1875
2025-07-17 15:10:00-04:00,151.9375
2025-07-17 15:15:00-04:00,146.9375
2025-07-17 15:20:00-04:00,145.6875
2025-07-17 15:25:00-04:00,141.9375
2025-07-17 15:30:00-04:00,143.1875
2025-07-17 15:35:00-04:00,148.1875
2025-07-17 15:40:00-04:00,136.9375
2025-07-17 15:45:00-04:00,131.9375
2025-07-17 15:50:00-04:00,126.9375
2025-07-17 15:55:00-04:00,129.4375
2025-07-18 09:30:00-04:00,-0.5
2025-07-18 09:35:00-04:00,-29.875
2025-07-18 09:40:00-04:00,-27.375
2025-07-18 09:45:00-04:00,-27.375
2025-07-18 09:50:00-04:00,-31.0
2025-07-18 09:55:00-04:00,-31.5
2025-07-18 10:00:00-04:00,-45.5625
2025-07-18 10:05:00-04:00,-51.8125
2025-07-18 10:10:00-04:00,-62.0
2025-07-18 10:15:00-04:00,-62.5
2025-07-18 10:20:00-04:00,-70.8125
2025-07-18 10:25:00-04:00,-70.8125
2025-07-18 10:30:00-04:00,-70.8125
2025-07-18 10:35:00-04:00,-70.8125
2025-07-18 10:40:00-04:00,-70.8125
2025-07-18 10:45:00-04:00,-70.8125
2025-07-18 10:50:00-04:00,-70.8125
2025-07-18 10:55:00-04:00,-70.8125
2025-07-18 11:00:00-04:00,-70.8125
2025-07-18 11:05:00-04:00,-70.8125
2025-07-18 11:10:00-04:00,-70.8125
2025-07-18 11:15:00-04:00,-70.8125
2025-07-18 11:20:00-04:00,-70.8125
2025-07-18 11:25:00-04:00,-70.8125
2025-07-18 11:30:00-04:00,-70.8125
2025-07-18 11:35:00-04:00,-70.8125
2025-07-18 11:40:00-04:00,-70.8125
2025-07-18 11:45:00-04:00,-70.8125
2025-07-18 11:50:00-04:00,-71.3125
2025-07-18 11:55:00-04:00,-82.25
2025-07-18 12:00:00-04:00,-77.75
2025-07-18 12:05:00-04:00,-77.75
2025-07-18 12:10:00-04:00,-77.75
2025-07-18 12:15:00-04:00,-77.75
2025-07-18 12:20:00-04:00,-77.75
2025-07-18 12:25:00-04:00,-77.75
2025-07-18 12:30:00-04:00,-77.75
2025-07-18 12:35:00-04:00,-77.75
2025-07-18 12:40:00-04:00,-77.75
2025-07-18 12:45:00-04:00,-77.75
2025-07-18 12:50:00-04:00,-77.75
2025-07-18 12:55:00-04:00,-77.75
2025-07-18 13:00:00-04:00,-77.75
2025-07-18 13:05:00-04:00,-77.75
2025-07-18 13:10:00-04:00,-77.75
2025-07-18 13:15:00-04:00,-77.75
2025-07-18 13:20:00-04:00,-77.75
2025-07-18 13:25:00-04:00,-77.75
2025-07-18 13:30:00-04:00,-77.75
2025-07-18 13:35:00-04:00,-77.75
2025-07-18 13:40:00-04:00,-77.75
2025-07-18 13:45:00-04:00,-77.75
2025-07-18 13:50:00-04:00,-77.75
2025-07-18 13:55:00-04:00,-77.75
2025-07-18 14:00:00-04:00,-77.75
2025-07-18 14:05:00-04:00,-77.75
2025-07-18 14:10:00-04:00,-77.75
2025-07-18 14:15:00-04:00,-77.75
2025-07-18 14:20:00-04:00,-77.75
2025-07-18 14:25:00-04:00,-77.75
2025-07-18 14:30:00-04:00,-77.75
2025-07-18 14:35:00-04:00,-77.75
2025-07-18 14:40:00-04:00,-77.75
2025-07-18 14:45:00-04:00,-77.75
2025-07-18 14:50:00-04:00,-77.75
2025-07-18 14:55:00-04:00,-77.75
2025-07-18 15:00:00-04:00,-77.75
2025-07-18 15:05:00-04:00,-77.75
2025-07-18 15:10:00-04:00,-77.75
2025-07-18 15:15:00-04:00,-77.75
2025-07-18 15:20:00-04:00,-77.75
2025-07-18 15:25:00-04:00,-77.75
2025-07-18 15:30:00-04:00,-77.75
2025-07-18 15:35:00-04:00,-77.75
2025-07-18 15:40:00-04:00,-77.75
2025-07-18 15:45:00-04:00,-77.75
2025-07-18 15:50:00-04:00,-77.75
2025-07-18 15:55:00-04:00,-77.75
2025-07-21 09:30:00-04:00,-0.5
2025-07-21 09:35:00-04:00,2.9375
2025-07-21 09:40:00-04:00,15.4375
2025-07-21 09:45:00-04:00,25.4375
2025-07-21 09:50:00-04:00,47.9375
2025-07-21 09:55:00-04:00,71.6875
2025-07-21 10:00:00-04:00,84.1875
2025-07-21 10:05:00-04:00,82.9375
2025-07-21 10:10:00-04:00,72.9375
2025-07-21 10:15:00-04:00,75.4375
2025-07-21 10:20:00-04:00,84.1875
2025-07-21 10:25:00-04:00,104.1875
2025-07-21 10:30:00-04:00,104.1875
2025-07-21 10:35:00-04:00,101.6875
2025-07-21 10:40:00-04:00,92.9375
2025-07-21 10:45:00-04:00,92.9375
2025-07-21 10:50:00-04:00,85.4375
2025-07-21 10:55:00-04:00,90.4375
2025-07-21 11:00:00-04:00,97.9375
2025-07-21 11:05:00-04:00,96.6875
2025-07-21 11:10:00-04:00,100.4375
2025-07-21 11:15:00-04:00,100.4375
2025-07-21 11:20:00-04:00,101.6875
2025-07-21 11:25:00-04:00,112.9375
2025-07-21 11:30:00-04:00,117.9375
2025-07-21 11:35:00-04:00,119.1875
2025-07-21 11:40:00-04:00,116.6875
2025-07-21 11:45:00-04:00,116.6875
2025-07-21 11:50:00-04:00,111.6875
2025-07-21 11:55:00-04:00,109.1875
2025-07-21 12:00:00-04:00,101.6875
2025-07-21 12:05:00-04:00,89.1875
2025-07-21 12:10:00-04:00,87.9375
2025-07-21 12:15:00-04:00,87.9375
2025-07-21 12:20:00-04:00,88.6875
2025-07-21 12:25:00-04:00,88.6875
2025-07-21 12:30:00-04:00,88.6875
2025-07-21 12:35:00-04:00,88.6875
2025-07-21 12:40:00-04:00,88.6875
2025-07-21 12:45:00-04:00,88.6875
2025-07-21 12:50:00-04:00,88.6875
2025-07-21 12:55:00-04:00,88.6875
2025-07-21 13:00:00-04:00,88.6875
2025-07-21 13:05:00-04:00,88.6875
2025-07-21 13:10:00-04:00,88.6875
2025-07-21 13:15:00-04:00,88.1875
2025-07-21 13:20:00-04:00,85.6875
2025-07-21 13:25:00-04:00,83.1875
2025-07-21 13:30:00-04:00,85.6875
2025-07-21 13:35:00-04:00,80.6875
2025-07-21 13:40:00-04:00,76.9375
2025-07-21 13:45:00-04:00,76.9375
2025-07-21 13:50:00-04:00,71.9375
2025-07-21 13:55:00-04:00,73.1875
2025-07-21 14:00:00-04:00,70.6875
2025-07-21 14:05:00-04:00,71.9375
2025-07-21 14:10:00-04:00,68.1875
2025-07-21 14:15:00-04:00,73.0
2025-07-21 14:20:00-04:00,73.0
2025-07-21 14:25:00-04:00,73.0
2025-07-21 14:30:00-04:00,73.0
2025-07-21 14:35:00-04:00,73.0
2025-07-21 14:40:00-04:00,73.0
2025-07-21 14:45:00-04:00,73.0
2025-07-21 14:50:00-04:00,73.0
2025-07-21 14:55:00-04:00,73.0
2025-07-21 15:00:00-04:00,73.0
2025-07-21 15:05:00-04:00,73.0
2025-07-21 15:10:00-04:00,73.0
2025-07-21 15:15:00-04:00,73.0
2025-07-21 15:20:00-04:00,73.0
2025-07-21 15:25:00-04:00,73.0
2025-07-21 15:30:00-04:00,73.0
2025-07-21 15:35:00-04:00,73.0
2025-07-21 15:40:00-04:00,73.0
2025-07-21 15:45:00-04:00,73.0
2025-07-21 15:50:00-04:00,73.0
2025-07-21 15:55:00-04:00,73.0
2025-07-22 09:30:00-04:00,0.0
2025-07-22 09:35:00-04:00,0.0
2025-07-22 09:40:00-04:00,0.0
2025-07-22 09:45:00-04:00,0.0
2025-07-22 09:50:00-04:00,0.0
2025-07-22 09:55:00-04:00,0.0
2025-07-22 10:00:00-04:00,0.0
2025-07-22 10:05:00-04:00,0.0
2025-07-22 10:10:00-04:00,0.0
2025-07-22 10:15:00-04:00,0.0
2025-07-22 10:20:00-04:00,0.0
2025-07-22 10:25:00-04:00,0.0
2025-07-22 10:30:00-04:00,0.0
2025-07-22 10:35:00-04:00,0.0
2025-07-22 10:40:00-04:00,0.0
2025-07-22 10:45:00-04:00,0.0
2025-07-22 10:50:00-04:00,0.0
2025-07-22 10:55:00-04:00,0.0
2025-07-22 11:00:00-04:00,0.0
2025-07-22 11:05:00-04:00,0.0
2025-07-22 11:10:00-04:00,0.0
2025-07-22 11:15:00-04:00,0.0
2025-07-22 11:20:00-04:00,0.0
2025-07-22 11:25:00-04:00,0.0
2025-07-22 11:30:00-04:00,0.0
2025-07-22 11:35:00-04:00,0.0
2025-07-22 11:40:00-04:00,0.0
2025-07-22 11:45:00-04:00,0.0
2025-07-22 11:50:00-04:00,0.0
2025-07-22 11:55:00-04:00,0.0
2025-07-22 12:00:00-04:00,0.0
2025-07-22 12:05:00-04:00,0.0
2025-07-22 12:10:00-04:00,0.0
2025-07-22 12:15:00-04:00,0.0
2025-07-22 12:20:00-04:00,0.0
2025-07-22 12:25:00-04:00,0.0
2025-07-22 12:30:00-04:00,0.0
2025-07-22 12:35:00-04:00,0.0
2025-07-22 12:40:00-04:00,0.0
2025-07-22 12:45:00-04:00,0.0
2025-07-22 12:50:00-04:00,0.0
2025-07-22 12:55:00-04:00,0.0
2025-07-22 13:00:00-04:00,0.0
2025-07-22 13:05:00-04:00,0.0
2025-07-22 13:10:00-04:00,0.0
2025-07-22 13:15:00-04:00,0.0
2025-07-22 13:20:00-04:00,0.0
2025-07-22 13:25:00-04:00,0.0
2025-07-22 13:30:00-04:00,0.0
2025-07-22 13:35:00-04:00,0.0
2025-07-22 13:40:00-04:00,0.0
2025-07-22 13:45:00-04:00,0.0
2025-07-22 13:50:00-04:00,0.0
2025-07-22 13:55:00-04:00,0.0
2025-07-22 14:00:00-04:00,0.0
2025-07-22 14:05:00-04:00,0.0
2025-07-22 14:10:00-04:00,0.0
2025-07-22 14:15:00-04:00,0.0
2025-07-22 14:20:00-04:00,0.0
2025-07-22 14:25:00-04:00,0.0
2025-07-22 14:30:00-04:00,0.0
2025-07-22 14:35:00-04:00,0.0
2025-07-22 14:40:00-04:00,0.0
2025-07-22 14:45:00-04:00,0.0
2025-07-22 14:50:00-04:00,0.0
2025-07-22 14:55:00-04:00,0.0
2025-07-22 15:00:00-04:00,-0.5
2025-07-22 15:05:00-04:00,-11.75
2025-07-22 15:10:00-04:00,-14.25
2025-07-22 15:15:00-04:00,-18.0
2025-07-22 15:20:00-04:00,-13.0
2025-07-22 15:25:00-04:00,-10.5
2025-07-22 15:30:00-04:00,-14.25
2025-07-22 15:35:00-04:00,-4.25
2025-07-22 15:40:00-04:00,-1.75
2025-07-22 15:45:00-04:00,-5.5
2025-07-22 15:50:00-04:00,-11.75
2025-07-22 15:55:00-04:00,-31.0
2025-07-23 09:30:00-04:00,-0.5
2025-07-23 09:35:00-04:00,-16.4375
2025-07-23 09:40:00-04:00,-31.0
2025-07-23 09:45:00-04:00,-31.5
2025-07-23 09:50:00-04:00,-54.0
2025-07-23 09:55:00-04:00,-62.0
2025-07-23 10:00:00-04:00,-62.5
2025-07-23 10:05:00-04:00,-64.375
2025-07-23 10:10:00-04:00,-66.875
2025-07-23 10:15:00-04:00,-66.875
2025-07-23 10:20:00-04:00,-55.625
2025-07-23 10:25:00-04:00,-40.625
2025-07-23 10:30:00-04:00,-56.875
2025-07-23 10:35:00-04:00,-58.125
2025-07-23 10:40:00-04:00,-50.625
2025-07-23 10:45:00-04:00,-49.375
2025-07-23 10:50:00-04:00,-49.375
2025-07-23 10:55:00-04:00,-34.375
2025-07-23 11:00:00-04:00,-39.375
2025-07-23 11:05:00-04:00,-36.875
2025-07-23 11:10:00-04:00,-41.875
2025-07-23 11:15:00-04:00,-46.875
2025-07-23 11:20:00-04:00,-40.625
2025-07-23 11:25:00-04:00,-29.375
2025-07-23 11:30:00-04:00,-26.875
2025-07-23 11:35:00-04:00,-39.375
2025-07-23 11:40:00-04:00,-38.125
2025-07-23 11:45:00-04:00,-31.875
2025-07-23 11:50:00-04:00,-19.375
2025-07-23 11:55:00-04:00,8.125
2025-07-23 12:00:00-04:00,29.375
2025-07-23 12:05:00-04:00,49.375
2025-07-23 12:10:00-04:00,26.875
2025-07-23 12:15:00-04:00,21.875
2025-07-23 12:20:00-04:00,8.125
2025-07-23 12:25:00-04:00,13.125
2025-07-23 12:30:00-04:00,6.875
2025-07-23 12:35:00-04:00,5.625
2025-07-23 12:40:00-04:00,15.625
2025-07-23 12:45:00-04:00,24.375
2025-07-23 12:50:00-04:00,25.625
2025-07-23 12:55:00-04:00,25.625
2025-07-23 13:00:00-04:00,26.875
2025-07-23 13:05:00-04:00,38.125
2025-07-23 13:10:00-04:00,21.875
2025-07-23 13:15:00-04:00,14.375
2025-07-23 13:20:00-04:00,24.375
2025-07-23 13:25:00-04:00,36.875
2025-07-23 13:30:00-04:00,41.875
2025-07-23 13:35:00-04:00,48.125
2025-07-23 13:40:00-04:00,53.125
2025-07-23 13:45:00-04:00,70.625
2025-07-23 13:50:00-04:00,26.875
2025-07-23 13:55:00-04:00,64.375
2025-07-23 14:00:00-04:00,66.875
2025-07-23 14:05:00-04:00,76.875
2025-07-23 14:10:00-04:00,84.375
2025-07-23 14:15:00-04:00,94.375
2025-07-23 14:20:00-04:00,94.375
2025-07-23 14:25:00-04:00,101.875
2025-07-23 14:30:00-04:00,95.625
2025-07-23 14:35:00-04:00,98.125
2025-07-23 14:40:00-04:00,101.875
2025-07-23 14:45:00-04:00,103.125
2025-07-23 14:50:00-04:00,103.125
2025-07-23 14:55:00-04:00,100.625
2025-07-23 15:00:00-04:00,98.125
2025-07-23 15:05:00-04:00,88.125
2025-07-23 15:10:00-04:00,98.125
2025-07-23 15:15:00-04:00,95.625
2025-07-23 15:20:00-04:00,99.375
2025-07-23 15:25:00-04:00,100.625
2025-07-23 15:30:00-04:00,95.625
2025-07-23 15:35:00-04:00,93.125
2025-07-23 15:40:00-04:00,88.125
2025-07-23 15:45:00-04:00,95.4375
2025-07-23 15:50:00-04:00,95.4375
2025-07-23 15:55:00-04:00,94.9375
2025-07-24 09:30:00-04:00,-0.5
2025-07-24 09:35:00-04:00,-26.4375
2025-07-24 09:40:00-04:00,-28.9375
2025-07-24 09:45:00-04:00,-5.1875
2025-07-24 09:50:00-04:00,2.3125
2025-07-24 09:55:00-04:00,-1.4375
2025-07-24 10:00:00-04:00,11.0625
2025-07-24 10:05:00-04:00,4.8125
2025-07-24 10:10:00-04:00,-18.9375
2025-07-24 10:15:00-04:00,-27.6875
2025-07-24 10:20:00-04:00,-5.1875
2025-07-24 10:25:00-04:00,-8.9375
2025-07-24 10:30:00-04:00,6.0625
2025-07-24 10:35:00-04:00,11.0625
2025-07-24 10:40:00-04:00,22.3125
2025-07-24 10:45:00-04:00,27.3125
2025-07-24 10:50:00-04:00,39.8125
2025-07-24 10:55:00-04:00,41.0625
2025-07-24 11:00:00-04:00,46.0625
2025-07-24 11:05:00-04:00,51.0625
2025-07-24 11:10:00-04:00,54.8125
2025-07-24 11:15:00-04:00,44.8125
2025-07-24 11:20:00-04:00,46.0625
2025-07-24 11:25:00-04:00,41.0625
2025-07-24 11:30:00-04:00,39.8125
2025-07-24 11:35:00-04:00,34.8125
2025-07-24 11:40:00-04:00,38.5625
2025-07-24 11:45:00-04:00,36.0625
2025-07-24 11:50:00-04:00,44.8125
2025-07-24 11:55:00-04:00,47.3125
2025-07-24 12:00:00-04:00,26.0625
2025-07-24 12:05:00-04:00,19.8125
2025-07-24 12:10:00-04:00,15.875
2025-07-24 12:15:00-04:00,15.875
2025-07-24 12:20:00-04:00,15.875
2025-07-24 12:25:00-04:00,15.875
2025-07-24 12:30:00-04:00,15.875
2025-07-24 12:35:00-04:00,15.875
2025-07-24 12:40:00-04:00,15.875
2025-07-24 12:45:00-04:00,15.875
2025-07-24 12:50:00-04:00,15.875
2025-07-24 12:55:00-04:00,15.875
2025-07-24 13:00:00-04:00,15.875
2025-07-24 13:05:00-04:00,15.875
2025-07-24 13:10:00-04:00,15.875
2025-07-24 13:15:00-04:00,15.375
2025-07-24 13:20:00-04:00,0.375
2025-07-24 13:25:00-04:00,-8.375
2025-07-24 13:30:00-04:00,-8.375
2025-07-24 13:35:00-04:00,-5.875
2025-07-24 13:40:00-04:00,-15.125
2025-07-24 13:45:00-04:00,-15.625
2025-07-24 13:50:00-04:00,-18.4375
2025-07-24 13:55:00-04:00,-28.4375
2025-07-24 14:00:00-04:00,-22.1875
2025-07-24 14:05:00-04:00,-7.1875
2025-07-24 14:10:00-04:00,2.8125
2025-07-24 14:15:00-04:00,5.3125
2025-07-24 14:20:00-04:00,-5.9375
2025-07-24 14:25:00-04:00,0.3125
2025-07-24 14:30:00-04:00,-3.4375
2025-07-24 14:35:00-04:00,-10.9375
2025-07-24 14:40:00-04:00,-15.9375
2025-07-24 14:45:00-04:00,-46.125
2025-07-24 14:50:00-04:00,-46.125
2025-07-24 14:55:00-04:00,-46.125
2025-07-24 15:00:00-04:00,-46.125
2025-07-24 15:05:00-04:00,-46.125
2025-07-24 15:10:00-04:00,-46.125
2025-07-24 15:15:00-04:00,-46.125
2025-07-24 15:20:00-04:00,-46.125
2025-07-24 15:25:00-04:00,-46.125
2025-07-24 15:30:00-04:00,-46.125
2025-07-24 15:35:00-04:00,-46.125
2025-07-24 15:40:00-04:00,-46.125
2025-07-24 15:45:00-04:00,-46.125
2025-07-24 15:50:00-04:00,-46.125
2025-07-24 15:55:00-04:00,-46.125
2025-07-25 09:30:00-04:00,0.0
2025-07-25 09:35:00-04:00,0.0
2025-07-25 09:40:00-04:00,0.0
2025-07-25 09:45:00-04:00,0.0
2025-07-25 09:50:00-04:00,0.0
2025-07-25 09:55:00-04:00,0.0
2025-07-25 10:00:00-04:00,0.0
2025-07-25 10:05:00-04:00,0.0
2025-07-25 10:10:00-04:00,0.0
2025-07-25 10:15:00-04:00,0.0
2025-07-25 10:20:00-04:00,0.0
2025-07-25 10:25:00-04:00,0.0
2025-07-25 10:30:00-04:00,0.0
2025-07-25 10:35:00-04:00,-0.5
2025-07-25 10:40:00-04:00,-1.4375
2025-07-25 10:45:00-04:00,7.3125
2025-07-25 10:50:00-04:00,3.5625
2025-07-25 10:55:00-04:00,-5.1875
2025-07-25 11:00:00-04:00,-1.4375
2025-07-25 11:05:00-04:00,-2.6875
2025-07-25 11:10:00-04:00,-0.1875
2025-07-25 11:15:00-04:00,7.3125
2025-07-25 11:20:00-04:00,-1.4375
2025-07-25 11:25:00-04:00,7.3125
2025-07-25 11:30:00-04:00,7.3125
2025-07-25 11:35:00-04:00,1.0625
2025-07-25 11:40:00-04:00,-5.1875
2025-07-25 11:45:00-04:00,-6.4375
2025-07-25 11:50:00-04:00,3.5625
2025-07-25 11:55:00-04:00,7.3125
2025-07-25 12:00:00-04:00,4.8125
2025-07-25 12:05:00-04:00,2.3125
2025-07-25 12:10:00-04:00,14.8125
2025-07-25 12:15:00-04:00,24.8125
2025-07-25 12:20:00-04:00,23.5625
2025-07-25 12:25:00-04:00,43.5625
2025-07-25 12:30:00-04:00,49.8125
2025-07-25 12:35:00-04:00,47.3125
2025-07-25 12:40:00-04:00,44.8125
2025-07-25 12:45:00-04:00,48.5625
2025-07-25 12:50:00-04:00,51.0625
2025-07-25 12:55:00-04:00,57.3125
2025-07-25 13:00:00-04:00,51.0625
2025-07-25 13:05:00-04:00,54.8125
2025-07-25 13:10:00-04:00,57.3125
2025-07-25 13:15:00-04:00,52.3125
2025-07-25 13:20:00-04:00,48.5625
2025-07-25 13:25:00-04:00,62.3125
2025-07-25 13:30:00-04:00,68.5625
2025-07-25 13:35:00-04:00,76.0625
2025-07-25 13:40:00-04:00,69.8125
2025-07-25 13:45:00-04:00,73.5625
2025-07-25 13:50:00-04:00,72.3125
2025-07-25 13:55:00-04:00,72.3125
2025-07-25 14:00:00-04:00,64.8125
2025-07-25 14:05:00-04:00,68.5625
2025-07-25 14:10:00-04:00,73.5625
2025-07-25 14:15:00-04:00,79.8125
2025-07-25 14:20:00-04:00,82.3125
2025-07-25 14:25:00-04:00,78.5625
2025-07-25 14:30:00-04:00,81.0625
2025-07-25 14:35:00-04:00,84.8125
2025-07-25 14:40:00-04:00,83.5625
2025-07-25 14:45:00-04:00,86.0625
2025-07-25 14:50:00-04:00,78.5625
2025-07-25 14:55:00-04:00,76.0625
2025-07-25 15:00:00-04:00,76.0625
2025-07-25 15:05:00-04:00,78.5625
2025-07-25 15:10:00-04:00,79.8125
2025-07-25 15:15:00-04:00,84.8125
2025-07-25 15:20:00-04:00,83.5625
2025-07-25 15:25:00-04:00,79.8125
2025-07-25 15:30:00-04:00,77.3125
2025-07-25 15:35:00-04:00,78.5625
2025-07-25 15:40:00-04:00,79.8125
2025-07-25 15:45:00-04:00,78.5625
2025-07-25 15:50:00-04:00,69.3125
2025-07-25 15:55:00-04:00,69.3125
2025-07-28 09:30:00-04:00,0.0
2025-07-28 09:35:00-04:00,0.0
2025-07-28 09:40:00-04:00,0.0
2025-07-28 09:45:00-04:00,0.0
2025-07-28 09:50:00-04:00,0.0
2025-07-28 09:55:00-04:00,0.0
2025-07-28 10:00:00-04:00,0.0
2025-07-28 10:05:00-04:00,0.0
2025-07-28 10:10:00-04:00,-0.5
2025-07-28 10:15:00-04:00,-5.1875
2025-07-28 10:20:00-04:00,-30.1875
2025-07-28 10:25:00-04:00,-22.6875
2025-07-28 10:30:00-04:00,-16.4375
2025-07-28 10:35:00-04:00,-25.1875
2025-07-28 10:40:00-04:00,-16.4375
2025-07-28 10:45:00-04:00,-15.1875
2025-07-28 10:50:00-04:00,-31.0
2025-07-28 10:55:00-04:00,-31.5
2025-07-28 11:00:00-04:00,-42.125
2025-07-28 11:05:00-04:00,-37.125
2025-07-28 11:10:00-04:00,-35.75
2025-07-28 11:15:00-04:00,-35.75
2025-07-28 11:20:00-04:00,-35.75
2025-07-28 11:25:00-04:00,-35.75
2025-07-28 11:30:00-04:00,-35.75
2025-07-28 11:35:00-04:00,-35.75
2025-07-28 11:40:00-04:00,-35.75
2025-07-28 11:45:00-04:00,-35.75
2025-07-28 11:50:00-04:00,-35.75
2025-07-28 11:55:00-04:00,-35.75
2025-07-28 12:00:00-04:00,-35.75
2025-07-28 12:05:00-04:00,-35.75
2025-07-28 12:10:00-04:00,-35.75
2025-07-28 12:15:00-04:00,-35.75
2025-07-28 12:20:00-04:00,-35.75
2025-07-28 12:25:00-04:00,-35.75
2025-07-28 12:30:00-04:00,-35.75
2025-07-28 12:35:00-04:00,-35.75
2025-07-28 12:40:00-04:00,-35.75
2025-07-28 12:45:00-04:00,-35.75
2025-07-28 12:50:00-04:00,-35.75
2025-07-28 12:55:00-04:00,-35.75
2025-07-28 13:00:00-04:00,-35.75
2025-07-28 13:05:00-04:00,-35.75
2025-07-28 13:10:00-04:00,-35.75
2025-07-28 13:15:00-04:00,-35.75
2025-07-28 13:20:00-04:00,-35.75
2025-07-28 13:25:00-04:00,-35.75
2025-07-28 13:30:00-04:00,-35.75
2025-07-28 13:35:00-04:00,-35.75
2025-07-28 13:40:00-04:00,-35.75
2025-07-28 13:45:00-04:00,-35.75
2025-07-28 13:50:00-04:00,-35.75
2025-07-28 13:55:00-04:00,-35.75
2025-07-28 14:00:00-04:00,-35.75
2025-07-28 14:05:00-04:00,-35.75
2025-07-28 14:10:00-04:00,-35.75
2025-07-28 14:15:00-04:00,-35.75
2025-07-28 14:20:00-04:00,-35.75
2025-07-28 14:25:00-04:00,-35.75
2025-07-28 14:30:00-04:00,-35.75
2025-07-28 14:35:00-04:00,-35.75
2025-07-28 14:40:00-04:00,-35.75
2025-07-28 14:45:00-04:00,-35.75
2025-07-28 14:50:00-04:00,-35.75
2025-07-28 14:55:00-04:00,-35.75
2025-07-28 15:00:00-04:00,-35.75
2025-07-28 15:05:00-04:00,-35.75
2025-07-28 15:10:00-04:00,-35.75
2025-07-28 15:15:00-04:00,-35.75
2025-07-28 15:20:00-04:00,-35.75
2025-07-28 15:25:00-04:00,-35.75
2025-07-28 15:30:00-04:00,-35.75
2025-07-28 15:35:00-04:00,-35.75
2025-07-28 15:40:00-04:00,-35.75
2025-07-28 15:45:00-04:00,-35.75
2025-07-28 15:50:00-04:00,-35.75
2025-07-28 15:55:00-04:00,-35.75
2025-07-29 09:30:00-04:00,0.0
2025-07-29 09:35:00-04:00,0.0
2025-07-29 09:40:00-04:00,0.0
2025-07-29 09:45:00-04:00,0.0
2025-07-29 09:50:00-04:00,0.0
2025-07-29 09:55:00-04:00,0.0
2025-07-29 10:00:00-04:00,-0.5
2025-07-29 10:05:00-04:00,-15.8125
2025-07-29 10:10:00-04:00,-15.8125
2025-07-29 10:15:00-04:00,-9.5625
2025-07-29 10:20:00-04:00,-14.5625
2025-07-29 10:25:00-04:00,-25.8125
2025-07-29 10:30:00-04:00,-22.0625
2025-07-29 10:35:00-04:00,-28.3125
2025-07-29 10:40:00-04:00,-31.0
2025-07-29 10:45:00-04:00,-31.5
2025-07-29 10:50:00-04:00,-62.0
2025-07-29 10:55:00-04:00,-62.0
2025-07-29 11:00:00-04:00,-62.0
2025-07-29 11:05:00-04:00,-62.0
2025-07-29 11:10:00-04:00,-62.0
2025-07-29 11:15:00-04:00,-62.0
2025-07-29 11:20:00-04:00,-62.0
2025-07-29 11:25:00-04:00,-62.0
2025-07-29 11:30:00-04:00,-62.0
2025-07-29 11:35:00-04:00,-62.0
2025-07-29 11:40:00-04:00,-62.0
2025-07-29 11:45:00-04:00,-62.0
2025-07-29 11:50:00-04:00,-62.0
2025-07-29 11:55:00-04:00,-62.0
2025-07-29 12:00:00-04:00,-62.0
2025-07-29 12:05:00-04:00,-62.0
2025-07-29 12:10:00-04:00,-62.0
2025-07-29 12:15:00-04:00,-62.0
2025-07-29 12:20:00-04:00,-62.0
2025-07-29 12:25:00-04:00,-62.0
2025-07-29 12:30:00-04:00,-62.0
2025-07-29 12:35:00-04:00,-62.0
2025-07-29 12:40:00-04:00,-62.0
2025-07-29 12:45:00-04:00,-62.0
2025-07-29 12:50:00-04:00,-62.0
2025-07-29 12:55:00-04:00,-62.0
2025-07-29 13:00:00-04:00,-62.0
2025-07-29 13:05:00-04:00,-62.0
2025-07-29 13:10:00-04:00,-62.0
2025-07-29 13:15:00-04:00,-62.0
2025-07-29 13:20:00-04:00,-62.0
2025-07-29 13:25:00-04:00,-62.0
2025-07-29 13:30:00-04:00,-62.0
2025-07-29 13:35:00-04:00,-62.0
2025-07-29 13:40:00-04:00,-62.0
2025-07-29 13:45:00-04:00,-62.0
2025-07-29 13:50:00-04:00,-62.0
2025-07-29 13:55:00-04:00,-62.0
2025-07-29 14:00:00-04:00,-62.0
2025-07-29 14:05:00-04:00,-62.0
2025-07-29 14:10:00-04:00,-62.0
2025-07-29 14:15:00-04:00,-62.0
2025-07-29 14:20:00-04:00,-62.0
2025-07-29 14:25:00-04:00,-62.0
2025-07-29 14:30:00-04:00,-62.0
2025-07-29 14:35:00-04:00,-62.0
2025-07-29 14:40:00-04:00,-62.0
2025-07-29 14:45:00-04:00,-62.0
2025-07-29 14:50:00-04:00,-62.0
2025-07-29 14:55:00-04:00,-62.0
2025-07-29 15:00:00-04:00,-62.0
2025-07-29 15:05:00-04:00,-62.0
2025-07-29 15:10:00-04:00,-62.0
2025-07-29 15:15:00-04:00,-62.0
2025-07-29 15:20:00-04:00,-62.0
2025-07-29 15:25:00-04:00,-62.0
2025-07-29 15:30:00-04:00,-62.0
2025-07-29 15:35:00-04:00,-62.0
2025-07-29 15:40:00-04:00,-62.0
2025-07-29 15:45:00-04:00,-62.0
2025-07-29 15:50:00-04:00,-62.0
2025-07-29 15:55:00-04:00,-62.0
2025-07-30 09:30:00-04:00,0.0
2025-07-30 09:35:00-04:00,0.0
2025-07-30 09:40:00-04:00,0.0
2025-07-30 09:45:00-04:00,0.0
2025-07-30 09:50:00-04:00,0.0
2025-07-30 09:55:00-04:00,0.0
2025-07-30 10:00:00-04:00,0.0
2025-07-30 10:05:00-04:00,0.0
2025-07-30 10:10:00-04:00,0.0
2025-07-30 10:15:00-04:00,0.0
2025-07-30 10:20:00-04:00,0.0
2025-07-30 10:25:00-04:00,0.0
2025-07-30 10:30:00-04:00,0.0
2025-07-30 10:35:00-04:00,0.0
2025-07-30 10:40:00-04:00,0.0
2025-07-30 10:45:00-04:00,0.0
2025-07-30 10:50:00-04:00,0.0
2025-07-30 10:55:00-04:00,0.0
2025-07-30 11:00:00-04:00,0.0
2025-07-30 11:05:00-04:00,0.0
2025-07-30 11:10:00-04:00,0.0
2025-07-30 11:15:00-04:00,0.0
2025-07-30 11:20:00-04:00,0.0
2025-07-30 11:25:00-04:00,0.0
2025-07-30 11:30:00-04:00,0.0
2025-07-30 11:35:00-04:00,0.0
2025-07-30 11:40:00-04:00,0.0
2025-07-30 11:45:00-04:00,0.0
2025-07-30 11:50:00-04:00,0.0
2025-07-30 11:55:00-04:00,0.0
2025-07-30 12:00:00-04:00,0.0
2025-07-30 12:05:00-04:00,0.0
2025-07-30 12:10:00-04:00,0.0
2025-07-30 12:15:00-04:00,-0.5
2025-07-30 12:20:00-04:00,1.0625
2025-07-30 12:25:00-04:00,-2.6875
2025-07-30 12:30:00-04:00,-0.1875
2025-07-30 12:35:00-04:00,-5.1875
2025-07-30 12:40:00-04:00,-10.1875
2025-07-30 12:45:00-04:00,-6.4375
2025-07-30 12:50:00-04:00,-2.6875
2025-07-30 12:55:00-04:00,-5.1875
2025-07-30 13:00:00-04:00,-1.4375
2025-07-30 13:05:00-04:00,-6.4375
2025-07-30 13:10:00-04:00,-8.9375
2025-07-30 13:15:00-04:00,-10.1875
2025-07-30 13:20:00-04:00,-13.9375
2025-07-30 13:25:00-04:00,-12.6875
2025-07-30 13:30:00-04:00,-16.4375
2025-07-30 13:35:00-04:00,-7.6875
2025-07-30 13:40:00-04:00,11.0625
2025-07-30 13:45:00-04:00,4.8125
2025-07-30 13:50:00-04:00,-0.1875
2025-07-30 13:55:00-04:00,4.8125
2025-07-30 14:00:00-04:00,3.375
2025-07-30 14:05:00-04:00,3.375
2025-07-30 14:10:00-04:00,3.375
2025-07-30 14:15:00-04:00,3.375
2025-07-30 14:20:00-04:00,3.375
2025-07-30 14:25:00-04:00,3.375
2025-07-30 14:30:00-04:00,3.375
2025-07-30 14:35:00-04:00,3.375
2025-07-30 14:40:00-04:00,3.375
2025-07-30 14:45:00-04:00,3.375
2025-07-30 14:50:00-04:00,3.375
2025-07-30 14:55:00-04:00,3.375
2025-07-30 15:00:00-04:00,2.875
2025-07-30 15:05:00-04:00,-22.125
2025-07-30 15:10:00-04:00,-27.625
2025-07-30 15:15:00-04:00,-28.125
2025-07-30 15:20:00-04:00,-35.625
2025-07-30 15:25:00-04:00,5.625
2025-07-30 15:30:00-04:00,-18.125
2025-07-30 15:35:00-04:00,-4.375
2025-07-30 15:40:00-04:00,0.625
2025-07-30 15:45:00-04:00,-24.375
2025-07-30 15:50:00-04:00,-56.875
2025-07-30 15:55:00-04:00,-58.625
2025-07-31 09:30:00-04:00,0.0
2025-07-31 09:35:00-04:00,0.0
2025-07-31 09:40:00-04:00,0.0
2025-07-31 09:45:00-04:00,0.0
2025-07-31 09:50:00-04:00,0.0
2025-07-31 09:55:00-04:00,0.0
2025-07-31 10:00:00-04:00,-0.5
2025-07-31 10:05:00-04:00,-14.25
2025-07-31 10:10:00-04:00,-31.0
2025-07-31 10:15:00-04:00,-31.5
2025-07-31 10:20:00-04:00,-62.0
2025-07-31 10:25:00-04:00,-62.5
2025-07-31 10:30:00-04:00,-87.1875
2025-07-31 10:35:00-04:00,-93.0
2025-07-31 10:40:00-04:00,-93.5
2025-07-31 10:45:00-04:00,-124.0
2025-07-31 10:50:00-04:00,-124.5
2025-07-31 10:55:00-04:00,-155.0
2025-07-31 11:00:00-04:00,-155.0
2025-07-31 11:05:00-04:00,-155.0
2025-07-31 11:10:00-04:00,-155.0
2025-07-31 11:15:00-04:00,-155.0
2025-07-31 11:20:00-04:00,-155.0
2025-07-31 11:25:00-04:00,-155.0
2025-07-31 11:30:00-04:00,-155.0
2025-07-31 11:35:00-04:00,-155.0
2025-07-31 11:40:00-04:00,-155.0
2025-07-31 11:45:00-04:00,-155.0
2025-07-31 11:50:00-04:00,-155.0
2025-07-31 11:55:00-04:00,-155.0
2025-07-31 12:00:00-04:00,-155.0
2025-07-31 12:05:00-04:00,-155.0
2025-07-31 12:10:00-04:00,-155.0
2025-07-31 12:15:00-04:00,-155.5
2025-07-31 12:20:00-04:00,-160.1875
2025-07-31 12:25:00-04:00,-153.9375
2025-07-31 12:30:00-04:00,-150.1875
2025-07-31 12:35:00-04:00,-155.1875
2025-07-31 12:40:00-04:00,-146.4375
2025-07-31 12:45:00-04:00,-173.9375
2025-07-31 12:50:00-04:00,-172.6875
2025-07-31 12:55:00-04:00,-162.6875
2025-07-31 13:00:00-04:00,-186.0
2025-07-31 13:05:00-04:00,-186.0
2025-07-31 13:10:00-04:00,-186.0
2025-07-31 13:15:00-04:00,-186.0
2025-07-31 13:20:00-04:00,-186.0
2025-07-31 13:25:00-04:00,-186.0
2025-07-31 13:30:00-04:00,-186.0
2025-07-31 13:35:00-04:00,-186.0
2025-07-31 13:40:00-04:00,-186.0
2025-07-31 13:45:00-04:00,-186.0
2025-07-31 13:50:00-04:00,-186.0
2025-07-31 13:55:00-04:00,-186.0
2025-07-31 14:00:00-04:00,-186.5
2025-07-31 14:05:00-04:00,-202.125
2025-07-31 14:10:00-04:00,-172.125
2025-07-31 14:15:00-04:00,-135.875
2025-07-31 14:20:00-04:00,-182.125
2025-07-31 14:25:00-04:00,-217.0
2025-07-31 14:30:00-04:00,-217.5
2025-07-31 14:35:00-04:00,-241.25
2025-07-31 14:40:00-04:00,-237.5
2025-07-31 14:45:00-04:00,-248.0
2025-07-31 14:50:00-04:00,-248.5
2025-07-31 14:55:00-04:00,-252.5625
2025-07-31 15:00:00-04:00,-251.3125
2025-07-31 15:05:00-04:00,-242.5625
2025-07-31 15:10:00-04:00,-235.0625
2025-07-31 15:15:00-04:00,-186.1875
2025-07-31 15:20:00-04:00,-186.1875
2025-07-31 15:25:00-04:00,-186.1875
2025-07-31 15:30:00-04:00,-186.6875
2025-07-31 15:35:00-04:00,-198.875
2025-07-31 15:40:00-04:00,-216.375
2025-07-31 15:45:00-04:00,-217.1875
2025-07-31 15:50:00-04:00,-217.6875
2025-07-31 15:55:00-04:00,-248.1875
